:020000040800F2
:10000000D87C0020E1010008597200081F66000832
:10001000ED6E0008370F00088B8A00080000000012
:10002000000000000000000000000000197D000832
:100030008D170008000000001175000809820008F3
:10004000FB010008FB010008FB010008FB010008A0
:10005000FB010008FB010008FB010008FB01000890
:10006000FB010008FB010008FB0100085515000812
:10007000FB010008FB010008FB010008FB01000870
:10008000FB010008FB010008FB010008FB01000860
:10009000FB010008FB010008FB010008493E0008C5
:1000A000FB010008FB010008FB010008FB01000840
:1000B000018300080D830008FB010008FB01000814
:1000C000FB010008FB010008FB010008FB01000820
:1000D000FB010008FB010008FB010008198800086B
:1000E000FB010008FB010008FB010008FB01000800
:1000F000FB010008FB010008FB010008FB010008F0
:10010000FB010008FB01000819830008FB0100083F
:10011000FB010008FB01000825830008FB01000823
:10012000FB010008FB010008FB010008FB010008BF
:10013000DFF810D000F048FC00480047558E00085A
:10014000AFF30080D87C0020224B19680868B0E823
:10015000F00F80F30988BFF36F8F4FF0000080F33A
:1001600011884EF00D0E7047000000000648006830
:10017000006880F3088862B661B6BFF34F8FBFF3A3
:100180006F8F00DF00BF00BF08ED00E0EFF30980D4
:10019000BFF36F8F0F4B1A6820E9F00F106008B59E
:1001A0004FF0500080F31188BFF34F8FBFF36F8F74
:1001B00009F0BAF94FF0000080F31188BDE808405B
:1001C00019680868B0E8F00F80F30988BFF36F8FF3
:1001D000704700BF30000020EFF30580704700003B
:1001E0000648804706480047FEE7FEE7FEE7FEE7D1
:1001F000FEE7FEE7FEE7FEE7FEE7FEE79B8200087C
:1002000031010008202A04DB203A21FA02F0002103
:10021000704721FA02F3D040C2F120029140084316
:100220001946704740EA01039B0703D009E008C95B
:10023000121F08C0042AFAD203E011F8013B00F8AB
:10024000013B521EF9D27047D2B201E000F8012BF7
:10025000491EFBD270470022F6E710B513460A4646
:1002600004461946FFF7F0FF204610BD30B504469E
:100270000020034600E05B1C934203D2E05CCD5CAF
:10028000401BF8D030BDF0B480EA0102D40F420028
:10029000B2EB410F02D20246084611464A0042D054
:1002A000C30DDDB2C1F3C752AD1A202D35DAC1F34B
:1002B000160141F4000204B15242C5F1200602FACF
:1002C00006F12A411044B3EBD05F23D0C4B1012D15
:1002D000A0EBC35009DCF0BC4FF0004202EAC3526D
:1002E000DBB200F5000000F0E3BA400000F18070DE
:1002F00000EBC350A0F1807040EAD170490009E0E2
:10030000490841EAC071A0EBC35000F50000400865
:1003100000EBC350F0BC00F0C2BA6142012202EB14
:100320004101001BF6E7F0BC704781F00041AAE7ED
:1003300080F00040A7E780EA010210B502F0004318
:10034000400022D04A001FD0010E01EB1261C0F321
:100350005600C2F3560240F4000042F40002A0FB33
:10036000022000047F39140400D0401C50EA1240DF
:1003700001D44000491EC2B20C0604EBD010401C50
:100380004008802A02D003E0002010BD20F00100C8
:10039000002900DA0020184310BD30B480EA0102C1
:1003A00002F0004530F0004221F0004013D090B13F
:1003B000C30DD40DC2F31601C0F31600E41A41F4C4
:1003C000000140F400027D34914201D3641C00E03E
:1003D0004900002C02DA30BC002070474FF40000C6
:1003E0000023914201D3891A034340084FEA410197
:1003F000F7D151B1914202D14FF0004105E002D254
:100400004FF0010101E06FF0010103EBC4502844FB
:1004100030BC00F044BA420005D0C0F3C75252428B
:10042000914201DC0020704700EBC15070472DE97C
:10043000FE4F804681EA0300C00F0C46009021F079
:10044000004123F00045B8EB0200A94105D2404627
:10045000214690461C460B46024623F000401043BE
:1004600047D0270DC7F30A00C3F30A510290401A80
:10047000019040286BDAC3F3130040F4801B00980E
:10048000924620B10023D2EB030A63EB0B0B0198D9
:100490005946C0F14002504600F0E0F906460D46CC
:1004A00050465946019A00F0E8F910EB0800614106
:1004B000002487EA115284EAE7731A4340D0009A75
:1004C00062B3019A012A4FEA075215DC001B61EB67
:1004D00002014FF0004202EA0752CDE90042001C3F
:1004E00041F5801132462B4600F01FFA03B0BDE8FB
:1004F000F08F40462146F9E7001B61EB0201001C2A
:1005000041F5801300185B412018A2F5001747EB56
:10051000030140EAD570B6196D4111E06D084FEA4C
:10052000360645EAC0754FEA0752001B61EB02012F
:10053000001C41F5801149084FEA30000019514173
:1005400032462B4603B0BDE8F04F00F0DFB900980B
:10055000012240000023D0EB020263EBE07300981D
:1005600021464FEAE074B8EB000061EB0401E9E7D3
:1005700083F000435BE781F0004158E72DE9FE4F2F
:1005800081EA030404F0004421F0004100944FF09C
:10059000000B23F0004350EA01045ED052EA03044A
:1005A0005BD0C3F30A54C1F30A552C44A4F2F334CC
:1005B0000194A0FB0254C1F3130141F48011C3F371
:1005C000130343F4801301FB024400FB034E840A2F
:1005D000970A44EA815447EA8357A4FB07680295C7
:1005E0008D0A05FB07854FEA932C04FB0C54270565
:1005F000029D4FEA065847EA1637B5EB08056EEB41
:10060000070C870E920E47EA811742EA8312A7FB76
:100610000201B6EB0B0164EB00042B0D43EA0C3333
:100620005E1844EB1C50DA465146E7FB0201C5F365
:1006300013044FEA0B3343EA14534FEA0432019C8C
:1006400043EA0603A4F10C040294009CCDE900B433
:1006500000F06BF903B0BDE8F08F00200146F9E728
:100660002DE9F04D81EA030404F0004B21F0004530
:1006700014464FF0000A23F0004150EA050220D052
:1006800054EA01021DD0C5F30A570246C5F313030D
:10069000C1F31300C1F30A5640F4801543F48013EC
:1006A000A7EB0608101BD64608F2FD3873EB0500D1
:1006B00002D308F1010801E092185B41B8F1000F84
:1006C00003DA00200146BDE8F08D00204FF48011D0
:1006D000064684460EE0171B73EB050705D3121B75
:1006E00063EB050306434CEA010C49084FEA30006E
:1006F00092185B4150EA0107EDD152EA030012D093
:1007000082EA040083EA0501084305D0101BAB41CF
:1007100006D20122002306E000224FF0004302E04F
:100720006FF0010253101AEB06004CEB085110EB6E
:100730000A0041EB0B01BDE8F04D00F0E7B8C10F36
:1007400080EAE0700844CA079623002100F0B0B8A0
:1007500096230022114600F0ABB80EB5C10F80EA17
:10076000E0700844CA07002140F233438DE80E00D0
:100770000A460B4600F0D9F803B000BD00F0004275
:1007800020F00040C10DC0F3160040F400007F29A6
:1007900001DA00207047962903DCC1F19601C840B8
:1007A00001E096398840002AF4D04042704720F09A
:1007B0000040C10DC0F3160040F400007F2901DAAB
:1007C00000207047962903DCC1F19601C8407047AC
:1007D00096398840704700F0004230F000400AD05F
:1007E000C10D01F56071C0F3160042EA0151C20863
:1007F00040071143704700200146704701F0004355
:1008000030B421F0004150EA010206D00A0DA2F5F1
:100810006072C1F31301002A02DC30BC0020704773
:10082000440F44EAC104C100E01830BC00EBC250E0
:1008300000F035B8002801DBC0F10040002901DBE1
:10084000C1F1004181427047002801DBC0F1004046
:10085000002901DBC1F1004188427047202A04DBF6
:10086000203A00FA02F1002070479140C2F12003C3
:1008700020FA03F3194390407047202A06DBCB1778
:10088000203A41FA02F043EAE07306E041FA02F34B
:10089000D040C2F120029140084319467047002918
:1008A000A8BF7047401C490008BF20F001007047F6
:1008B00010B4B0FA80FC00FA0CF050EA010404BF56
:1008C00010BC704749B1CCF1200421FA04F411FAAC
:1008D0000CF118BF012121430843A3EB0C01CB1DF0
:1008E0004FEA00614FEA102042BF002010BC704761
:1008F00000EBC35010440029A4BF10BC7047401C3B
:10090000490008BF20F0010010BC704710B5141E4C
:1009100073F1000408DA401C41F1000192185B41B8
:100920001A4301D120F0010010BD2DE9F04D92468F
:100930009B4611B1B1FA81F202E0B0FA80F22032A6
:100940009046FFF78BFF04460F4640EA0A0041EA53
:100950000B0153465A46084313D0114653EA01008F
:1009600019D0C8F140025046FFF74CFC05460E4630
:10097000504659464246FFF771FF084305D0012013
:1009800004E020463946BDE8F08D0020054346EAE4
:10099000E0762C4337430A986305E40AA0EB08008D
:1009A0000022FD0A44EA47540A3002D500200146DD
:1009B000E9E7010510196941DDE9084500196941B8
:1009C000BDE8F04DA2E70000064C074D06E0E068E8
:1009D00040F0010394E8070098471034AC42F6D386
:1009E000FFF7AAFBA4A00008C4A0000830B58C182B
:1009F00010F8012B12F00F0301D110F8013B12097E
:100A000006D110F8012B03E010F8015B01F8015B3F
:100A10005B1EF9D101E001F8013B521EFBD1A1425E
:100A2000E6D3002030BD00002DE9F047184803F060
:100A30007FFB0C221749164803F050FDDFF8588061
:100A40000025164F08F11809DFF854A000F068F9E6
:100A50005FF0000458F8240000F0C6F804EBC4016D
:100A600007EBC106F08359F8240000F0BDF8B0830D
:100A7000504606F04FFD641C708BE4B2B084062C27
:100A8000E8D36D1CEDB2642DE0D3BDE8F087000023
:100A9000B0070020F45100205C650020C06C0020ED
:100AA0009A99193F70B5044600688168C943C9071F
:100AB00017D1816821F00101816004F0FFF905463A
:100AC0000AE000BF04F0FAF9401B022804D92068AC
:100AD0008068C043C00706D020688068C043C00754
:100AE000F0D0002070BDA06A40F01000A062E06A63
:100AF00040F00100E062012070BD10B50146406A7F
:100B0000826A12F0500F05D0006A026BBDE81040F7
:100B100008461047816A41F4007181620168896862
:100B2000C1F3424107290CD1017B51B9816A21F4FB
:100B300080718162816AC90403D4816A41F0010134
:100B4000816203F0DFFB10BD10B5406A816A41F09D
:100B500040018162C16A41F00401C16203F0D4FB2B
:100B600010BD10B5406A03F0CEFB10BDF8B50026ED
:100B70000446009600688168C943C9072DD0816882
:100B800041F001018160164816490068B0FBF1F0A0
:100B900000E0401E00900028FBD104F08FF90546CC
:100BA00016E000BF04F08AF9401B022810D9206823
:100BB0008068C043C0070BD0A06A40F01000A0625C
:100BC000E06A40F00100E06284F824600120F8BD92
:100BD00020688068C043C007E4D10020F8BD000051
:100BE0000C00002040420F002DE9F0410746454827
:100BF000874202DA0120BDE8F0814348D0F8981618
:100C00003846FFF721FE01D20220F4E73F4C0020D6
:100C10003D4D20804FF4D37060801AE055F82010CD
:100C20003846FFF707FE0FD820886188084440083F
:100C300055F820103846FFF707FE05D22088618856
:100C400008444008208004E0208861880844400867
:100C5000608060882188411A0129DFDC2C488742A6
:100C6000208855F8201038463EDCFFF7E3FD3ED0E3
:100C7000608855F820103846FFF7DCFD40D020464C
:100C80002688408855F8261055F820000C46FFF7B6
:100C90004CFB10F0FF4F21D0054621463846FFF7A8
:100CA00044FB1C49FFF747FB1B49FFF7ECFA1B49C4
:100CB000FFF773FB2946FFF770FB0446163E06EB71
:100CC00086004000FFF73BFD2146FFF7DCFAFFF707
:100CD00055FD07E0163800EB800002E0163E06EBFB
:100CE0008600400080B286E7FFF7A4FD01D120888E
:100CF000F0E7608855F820103846FFF79BFDF6D1E5
:100D00006088E7E7B86E64446099000880000020BE
:100D1000EC51AC440000C8420000A040000020415B
:100D20002DE9F84FDFF834B100244FF0333A204674
:100D300003F046F9FFF703FD494F47F8340020461A
:100D400003F06EF9FFF7FBFC07EBC4018046486037
:100D50004548444940680090FFF7EDFAFFF73BFD36
:100D600005460E4641494046FFF7E5FA6FF00B098C
:100D70004946FFF750FBFFF72EFD52465B46FFF753
:100D80006FFC2A463346FFF752FBFFF737FD07F1AA
:100D90003001804641F8240057F834003349FFF70A
:100DA000CAFA4946FFF737FBFFF715FD52465B4687
:100DB000FFF756FC2A463346FFF739FBFFF71EFDC7
:100DC00007F14801054641F8240041460098FFF725
:100DD000ACFADFF89C90064649464046FFF7ABFA6E
:100DE0003146FFF7DAFA234F3946FFF7A4FA1C49D8
:100DF0000646903141F8240029460098FFF795FAFD
:100E0000804649462846FFF796FA4146FFF7C5FA5D
:100E10003946FFF790FA12490546A83141F82400F7
:100E2000154800EB8400416B3846FFF7B6FA0746D9
:100E30003146FFF780FA0A49783141F824003846F4
:100E40002946FFF778FA0649603141F82400641C0E
:100E5000E4B2062CFFF46BAFBDE8F88F33331B40D0
:100E6000FC6400207F526E3E8000002033335340EC
:100E70000000404000007A44706600202DE9F05FD9
:100E800092460A46DDE90A4783461E465146104609
:100E9000FFF74BFAE0603268814601461046FFF7E3
:100EA0004AFA20601BF0FF4087F0004504D0594605
:100EB0004FF07E50FFF771FA80465046216AFFF7E7
:100EC00034FA4146FFF737FA0146B06880F0004037
:100ED000FFF731FAA06128464946FFF7B5FC01D279
:100EE000284607E03946E068FFF7AEFC01D23846F5
:100EF00000E0E0687168FFF71EFA5946FFF71BFA39
:100F00006168FFF7C0F9606010F1FF4F01D3002165
:100F100006E00C99FFF798FC01D20C9900E061689B
:100F200061602068FFF7AFF9A169FFF7ACF9C4E988
:100F300008A0BDE8F09FFEE72DE9F0411F4C0746F1
:100F40004FF4000160681E4E884204DAA2688A42AB
:100F500001DA002219E010F0FF4F09D001221146FA
:100F6000304603F0A6FF38466168FFF7E1F960609C
:100F7000A56815F0FF4F1FD038462168FFF783F9A9
:100F800010492060884206DA01223046BDE8F0416F
:100F9000012103F08EBF0B490B4A494201449142A3
:100FA000D7D30A49884207DB4FF07E512846FFF726
:100FB000BCF9A06000202060BDE8F0817000002036
:100FC00000180140CDCC4C3ECDCC4C009A99993EB6
:100FD00008B508F079FB054C00902046FFF7ACFF00
:100FE0003221684608F032FBF7E70000CDCC4C3DDB
:100FF0002DE9F05F3648DFF8E0C0DFF8E0A00168D7
:101000003448DFF8DC900F1831496FEA000B35489F
:10101000D1E90432D1E902544E68674520D25946DD
:101020008E421DDD86421BDA8D4219DD854217DABC
:101030008C4215DD844213DA8B4211DD83420FDAD4
:101040005A450DDD82420BDA9AF84C1041B9012164
:10105000DFF8948089F800104FF07E51C8F8001036
:10106000674532D259468E422FDD86422DDA8D42B7
:101070002BDD854229DA8C4227DD844225DA8B423A
:1010800023DD834221DA5A451FDD82421DDA1748EB
:101090000189C06803F008FF002816D1012089F8F3
:1010A000000000218AF84C101149CAF83410CAF81F
:1010B0003810CAF83C10CAF84010CAF84410CAF8F0
:1010C000481009494FF07E500860BDE8F09F0000CD
:1010D000A4650020FF7F88BBFFFF0400706600202E
:1010E0009407002000807C4474000020A45100205C
:1010F00000007A44034C204600F006F8322008F045
:1011000055F9F8E7CDCC4C3D2DE9F047DFF8789064
:1011100099F80000002834D01C480068B0F5000F92
:101120002FDA1B4E1C4DA6F1010898F80040305DE7
:10113000401CC7B21748375550F8241055F8240002
:10114000FFF7A1F845F82400322F1AD34746134978
:10115000FFF723F9124901EB84025063002045F8A0
:1011600024003055641CE2B23A70052A09D90122E4
:1011700081F84C200C4989F800000A4808600B48A7
:101180000270BDE8F0870000940700207400002082
:101190003E070020A4650020286800200000484287
:1011A000706600200000A040780000203407002076
:1011B00070B50446184800F1180650F8245056F847
:1011C0002400A6F13001854201D9281A03E04FF628
:1011D000FF72101A284441F82400FFF7B9FA0146BB
:1011E0000E48FFF7DAF80C49303141F8240046F890
:1011F00024500B49FFF79FF84FF0FF31FFF70BF931
:10120000FFF7BCFA074904EBC40201EBC201C88036
:101210000020086170BD0000D866002000401C4618
:1012200000007042C06C00202DE9F14F00251D4CDC
:10123000DFF8748082B04FF07E594FF0020BAA465F
:1012400005EBC50704EBC7067078C8B1308C0028E1
:10125000706B00901AD0002812DD96F82700032842
:1012600016D00DE00098401E706307D186F814B0C8
:1012700001200F4904F837000C48086048F825A001
:101280006D1CEDB2062DDBD3BDE8FE8F0028F7DD27
:1012900058F825100298FEF7F6FF48F82500484553
:1012A000E0DAEDE7C06C0020546900200000A040A7
:1012B000780000202DE9F04700242E4DDFF8B8809B
:1012C0008246A14604EBC40615F83600E8B305EBE8
:1012D000C607B7F90600642846DC58F824105046C3
:1012E000FEF7D1FF48F82400B0F17E5F3CDD2349D2
:1012F00087F8019005F83690214A81F80190012184
:10130000117020494846C1F800906978012929D018
:1013100095F84910012925D095F89110012921D07F
:1013200095F8D91001291DD095F82111012919D05E
:1013300095F86911012915D0296B6963A96FE967CF
:10134000D5F8C010C5F8C41000E00DE0D5F80811BC
:10135000C5F80C11D5F85011C5F85411D5F89811ED
:10136000C5F89C1148F82400641CE4B2062CA9D3EB
:10137000BDE8F087C06C0020406800209007002086
:101380003C0700209800002070B5094C4FF4000580
:101390000646E169A94202DBFEF7CAFFE061616C23
:1013A000A94203DB3046FEF7C3FF606470BD000056
:1013B000A4510020F0B527484FF400010127406CEC
:1013C000254B884201DB1F7002E01878012840D1CC
:1013D0002248006888423CDA21494978002938D1FE
:1013E00010F0FF4F35D11F4D1F4C0E4601EBC100D1
:1013F00005EBC000B0F90420B0F908C0624507D081
:1014000004EB410C0281ACF80220027D02B10675AA
:10141000B0F91820B0F920C0624509D004EB410CA6
:101420000284ACF80E2090F827200AB180F82760DB
:10143000D0F838C0026B624504D08263426304EB8B
:101440008100C261491CC9B20629CFD30748077081
:101450001E70F0BDA45100203C0700209800002021
:1014600090070020C06C0020706600203407002028
:101470002DE9F047254C244F8246A0687E78002550
:1014800000F0FF416EB1D9B32149496CB1F5000FAD
:1014900036DA61684FF07C58894611F0FF4F06D06C
:1014A00027E00029F0D125706570A57028E041463D
:1014B000FEF73BFF1549A0600978C943C9B236B1B0
:1014C000012E04D0022E05D0032E09D00DE021708C
:1014D000657003E025706178C9436170A57004E010
:1014E00025706570A178C943A17010F0FF4F00D13D
:1014F0007D7049465046FEF7C6FE6060404500DB01
:101500006560BDE8F0870000900700209000002093
:10151000A45100202DE9F04700240D4E81464FF0E4
:101520007E57A04604EBC40006EBC0054846296977
:10153000FEF7A9FE2861B84203DBA5F80680C5F8CE
:101540001080641CE4B2062CECD3BDE8F0870000E8
:10155000C06C0020014803F0DFB80000E007002065
:1015600030B590F840500124AC40C56B6C60046805
:1015700063604368102B036803D099600068C26001
:1015800030BD9A600068C16030BD000070B5284968
:1015900000EBC00401EBC40042787AB3B0F9082034
:1015A0006AB3037D03253BB1012B0BD0022B13D073
:1015B000032B00D1828170BDB0F90C309A4209DB57
:1015C00001230375B0F90660B0F90C309E420BDDC3
:1015D00086810AE002230375B0F90660B0F90C3089
:1015E0009E420DDA86810CE0838111F834100029C7
:1015F000E1D1B0F90C1091420BDA70BD13E00AE0B2
:10160000838111F834100029F7D1B0F90C10914200
:10161000F3DC0575F1E7B0F90620B0F90C108A4249
:10162000C8DB8181E9E7002181810175E5E70000E0
:10163000C06C00202DE9F05F83460D464E4801EB5B
:10164000C50100EBC10400276178B4F91A00DFF886
:101650002C81002970D0B4F92060002E6CD048494C
:10166000484A51F82510914201DA282105E0B6F5E3
:101670002F6F01DA642100E08C21321A002A00DC8D
:10168000821B8A426BDA94F827104FF0030941B1AC
:10169000012913D0022950D0032900D1A684BDE826
:1016A000F09F864202DD4FF0010002E054DA4FF075
:1016B000020084F82700608B6085F0E7618B21854C
:1016C000608D814201D9A1842FE0B6F57A7F13D1D4
:1016D000B4F924A082450DD158F825105846FEF7DC
:1016E000D2FD294948F82500884205DD0AF10100AC
:1016F000A084608548F82570B4F924A0A6EB0A0000
:1017000014280FDC58F825105846FEF7BCFD48F8A1
:101710002500B0F1804F05DD0AF10100A08460854D
:1017200048F82570608DA0842085208D6085B4F9EF
:101730002400B04210DAB2E715E0618B2185608D9C
:10174000814201D2A18401E0A0842085208D6085A2
:10175000B4F92400B042A2DC84F827909FE784F813
:101760002770A0849BE7A0842785678584F827706D
:1017700048F8257093E70000C06C0020E065002069
:101780005C65002000800945000020417047000092
:10179000044948430921B0FBF1F000BF401EFCD2D0
:1017A000704700004019010071B54FF461754FF0AA
:1017B000E023104E009819E02C46A04200D80446C1
:1017C0009869614201EBC10110EBC10105D49A692E
:1017D000824208DA8A42FADA05E08A199969814276
:1017E000FCDD9142FADC0098001B00900028E3D158
:1017F00078BD0000401901002DE9F05F0646B0F900
:101800000C000A24B0F57A7F1DDB4FF47A7190FB4F
:10181000F1F090FBF4F104FB110010F0FF0512D081
:1018200004220621382007F009FBB6F90C006427D2
:1018300063280ADD90FBF7F090FBF4F104FB110044
:10184000C5B2294602E00622EBE70021002006F09F
:10185000A5FBB6F90C00092808DD90FBF4F090FB1D
:10186000F4F104FB1100C5B2294600E0002101207B
:1018700006F094FB01221146302007F0DFFADFF872
:1018800008B4DFF808944FF4000A9BF8000030B168
:10189000D9F84400504502DAFD48807830B3B6F9F3
:1018A0000A0098B34FF47A71884244DB90FBF1F060
:1018B00090FBF4F104FB110010F0FF053BD0012276
:1018C00011462E2007F0BAFA00220221302007F03C
:1018D000B5FAB6F90A00632834DD90FBF7F090FB07
:1018E000F4F104FB1100C5B229462CE000220121CD
:1018F0002E2007F0A3FA00220221302007F09EFAE2
:101900001221022006F04AFB12210FE0FFE700221D
:1019100001212E2007F092FA00220221302007F048
:101920008DFA0A21022006F039FB0A21032006F075
:1019300035FB00221CE0012211462E2007F07EFA22
:101940000222C2E70021022006F028FBB6F90A00B5
:10195000092808DD90FBF4F090FBF4F104FB110082
:10196000C5B2294600E00021032006F017FB012242
:1019700001212A2007F062FAB6F924004FF46178B9
:10198000002809DB4FF47A7190FBF1F090FBF4F141
:1019900004FB1100C5B209E010F1630101D340421C
:1019A000F0E700F2E730404500D20A25294604203E
:1019B00006F0F4FAB6F92400002807DB90FBF7F0F4
:1019C00090FBF4F104FB1100C5B20AE010F16301D1
:1019D00001D30A2505E000F2E731414501D240423A
:1019E000ECE72946052006F0D9FAB6F924000028CC
:1019F00008DB00BF90FBF4F090FBF4F104FB110056
:101A0000C5B209E000F16301632903D300F2E731B5
:101A1000414501D24042EDE72946062006F0BEFAD4
:101A2000B6F92400002805DB90FBF4F104FB11005B
:101A3000C5B209E000F16301632903D300F2E73185
:101A4000414501D24042EFE72946072006F0A6FAB9
:101A500001221146352007F0F1F98B48407830B16A
:101A6000D9F84400504502DA89488078E0B1B6F9E7
:101A7000220000287EDD4FF47A7190FBF1F090FB9C
:101A8000F4F104FB1100C5B22946082006F086FADD
:101A9000B6F92200002815DB90FBF7F090FBF4F17B
:101AA00004FB1100C5B218E01221082006F076FAF6
:101AB0001221092006F072FA12210A2006F06EFAAD
:101AC00012213EE010F1630101D30A2505E000F286
:101AD000E731414501D24042DEE72946092006F0C0
:101AE0005DFAB6F92200002808DB00BF90FBF4F095
:101AF00090FBF4F104FB1100C5B209E000F16301B1
:101B0000632903D300F2E731414501D24042EDE7BA
:101B100029460A2006F042FAB6F92200002805DB21
:101B200090FBF4F104FB1100C5B209E000F1630180
:101B3000632903D300F2E731414501D24042EFE788
:101B400029460B2006F02AFA042211462B2007F022
:101B500075F9B06B4FF4616B00287CD0316C48F69E
:101B6000A04091FBF0F0C1B20C2006F017FA5D46E0
:101B7000306C00E09DE090FBF5F090FBF4F104FB8D
:101B80001100C1B20D2006F009FA306C90FBF5F19E
:101B900005FB11014FF4167091FBF0F0C1B20E205D
:101BA00006F0FCF9306C90FBF5F105FB11013C20CF
:101BB00091FBF0F090FBF4F104FB1100C5B2294653
:101BC0000F2006F0EBF904221146372007F036F912
:101BD0002D48807830B1D9F84400504502DA2C48BD
:101BE0008078C8B3306BC0B3F16B48F6A04091FB6E
:101BF000F0F0C1B2102006F0D1F9F06B5D4690FB19
:101C0000F5F090FBF4F104FB1100C1B2112006F0D5
:101C1000C5F9F06B90FBF5F105FB11014FF416705F
:101C200091FBF0F0C1B2122006F0B8F9F06B90FB16
:101C3000F5F105FB11013C2091FBF0F090FBF4F174
:101C400004FB1100C5B22946132006F0A7F9202293
:101C500011462D2002E03AE048E056E007F0EEF8A9
:101C600001221146282007F0E9F802221146282017
:101C700007F0E4F840221146292007F0DFF8044875
:101C8000807890B3002205E090000020A45100204D
:101C9000900700208021292007F0D0F8F74890F91C
:101CA0000E0088B3012842D002285FD003284DD10E
:101CB00063E00A21082006F071F90A21092006F0E4
:101CC0006DF90A21084606F069F90A2139E70A2167
:101CD0000C2006F063F90A210D2006F05FF90A21B5
:101CE0000E2006F05BF90A216AE71CE012211020A1
:101CF00006F054F91221112006F050F9122108467D
:101D000006F04CF912219FE70FE00A21102006F09F
:101D100045F90A21112006F041F90A21122006F0A6
:101D20003DF90A2190E78022ADE7012200E0002280
:101D300001213A2007F082F8022202213A2007F01E
:101D40007DF801220121382007F078F8CB4890F87F
:101D50002600F0B1002204213A2007F06FF8C848AD
:101D60000168C848814216DA082215E001221146AE
:101D70003A2007F063F80022DFE7012211463A20FB
:101D800007F05CF8022211463A2007F057F80022CB
:101D9000D8E70422DFE7002208213A2007F04EF8B6
:101DA000B64890F8440030B3002280213B2007F071
:101DB00045F8B6F95400B0F57A7F1EDB4FF47A711E
:101DC00090FBF1F090FBF4F104FB110010F0FF0523
:101DD00013D004220621242007F030F8B6F954006D
:101DE00063280CDD90FBF7F090FBF4F104FB11008D
:101DF000C5B2294604E08022D7E70622EAE700219F
:101E0000142006F0CBF8B6F95400092808DD90FB41
:101E1000F4F090FBF4F104FB1100C5B2294600E098
:101E20000021152006F0BAF8012211461C2007F007
:101E300005F89548007838B1D9F84400504503DAE0
:101E400092488078012826D0B6F9520098B34FF412
:101E50007A71884244DB90FBF1F090FBF4F104FBD3
:101E6000110010F0FF053BD0012211461A2006F0A8
:101E7000E5FF002202211C2006F0E0FFB6F9520027
:101E8000632834DD90FBF7F090FBF4F104FB1100C4
:101E9000C5B229462CE0002201211A2006F0CEFF0F
:101EA000002202211C2006F0C9FF1221162006F094
:101EB00075F812210FE0FFE7002201211A2006F039
:101EC000BDFF002202211C2006F0B8FF0A211620C7
:101ED00006F064F80A21172006F060F800221CE0E2
:101EE000012211461A2006F0A9FF0222C2E70021B2
:101EF000162006F053F8B6F95200092808DD90FBC9
:101F0000F4F090FBF4F104FB1100C5B2294600E0A7
:101F10000021172006F042F801220121162006F0C8
:101F20008DFFB6F96C0000280ADB00BF4FF47A7110
:101F300090FBF1F090FBF4F104FB1100C5B209E055
:101F400010F1630101D34042F0E700F2E730404571
:101F500000D20A252946182006F020F8B6F96C00B0
:101F6000002807DB90FBF7F090FBF4F104FB110075
:101F7000C5B20AE010F1630101D30A2505E000F2C1
:101F8000E731414501D24042ECE72946192006F0ED
:101F900005F8B6F96C00002808DB00BF90FBF4F0F0
:101FA00090FBF4F104FB1100C5B209E000F16301FC
:101FB000632903D300F2E731414501D24042EDE706
:101FC00029461A2005F0EAFFB6F96C00002805DB67
:101FD00090FBF4F104FB1100C5B209E000F16301CC
:101FE000632903D300F2E731414501D24042EFE7D4
:101FF00029461B2005F0D2FF01221146212006F0C0
:102000001DFF2148407838B1D9F84400504503DA23
:102010001E48807801281DD0B6F96A0000286FDDBF
:102020004FF47A7190FBF1F090FBF4F104FB110096
:10203000C5B229461C2005F0B1FFB6F96A00002898
:1020400016DB00BF90FBF7F090FBF4F104FB1100EE
:10205000C5B223E012211C2005F0A0FF12211D2093
:1020600005F09CFF12211E2005F098FF122149E087
:1020700010F163010CD30A2510E00000C06C0020B1
:102080005C6500200080094590000020900700203A
:1020900000F2E731414501D24042D3E729461D20F5
:1020A00005F07CFFB6F96A00002807DB90FBF4F02E
:1020B00090FBF4F104FB1100C5B209E000F16301EB
:1020C000632903D300F2E731414501D24042EDE7F5
:1020D00029461E2005F062FFB6F96A00002805DBDC
:1020E00090FBF4F104FB1100C5B20AE000F16301BA
:1020F000632903D300F2E731414502D24042EFE7C2
:10210000B3E029461F2005F049FF0422114617209D
:1021100006F094FED6F88000E8B356F8881F48F61B
:10212000A04091FBF0F0C1B2202005F037FF3068ED
:102130005D4690FBF5F090FBF4F104FB1100C1B299
:10214000212005F02BFF306890FBF5F105FB110114
:102150004FF4167091FBF0F0C1B2222005F01EFF83
:1021600056F8880990FBF5F105FB11013C2091FB25
:10217000F0F090FBF4F104FB1100C5B229462320D6
:1021800005F00CFF04221146232006F057FEFA4802
:10219000807848B100E077E0D9F84400504503DA90
:1021A000F648807801287DD0B06FE8B356F8841FD8
:1021B00048F6A04091FBF0F0C1B2242005F0EEFEFD
:1021C00030685D4690FBF5F090FBF4F104FB1100E4
:1021D000C1B2252005F0E2FE306890FBF5F105FB69
:1021E00011014FF4167091FBF0F0C1B2262005F0FA
:1021F000D5FE56F8840990FBF5F105FB11013C2052
:1022000091FBF0F090FBF4F104FB1100C5B22946FC
:10221000272005F0C3FE20221146192006F00EFEED
:1022200001221146142000E04BE006F007FE0222D6
:102230001146142006F002FE40221146152006F039
:10224000FDFDCE488078012849D00022802115204C
:1022500006F0F4FDCA4890F9560088B3012842D030
:1022600002285FD003284DD163E00A211C2005F02D
:1022700095FE0A211D2005F091FE0A211E2005F081
:102280008DFE0A213EE70DE00A21202005F086FEA2
:102290000A21212005F082FE0A21222005F07EFE7F
:1022A0000A216CE71221242005F078FE1221252056
:1022B00005F074FE1221262005F070FE1221A7E71A
:1022C0000FE00A21242005F069FE0A21252005F0EF
:1022D00065FE0A21262005F061FE0A2198E780228A
:1022E000B4E7012200E000220121262006F0A6FD2D
:1022F00002220221262006F0A1FD01220121242034
:1023000006F09CFD9E4890F86E00F0B1002204217A
:10231000262006F093FD9B4841689B48814216DACF
:10232000082215E001221146262006F087FD002232
:10233000DFE701221146262006F080FD0222114629
:10234000262006F07BFD0022D8E70422DFE70022EA
:102350000821262006F072FD894890F88C0030B3E1
:1023600000228021272006F069FDB6F99C00B0F517
:102370007A7F1EDB4FF47A7190FBF1F090FBF4F161
:1023800004FB110010F0FF0513D0202260214D2026
:1023900006F054FDB6F99C0063280CDD90FBF7F0C5
:1023A00090FBF4F104FB1100C5B2294604E0802241
:1023B000D7E76022EAE70021282005F0EFFDB6F913
:1023C0009C00092808DD90FBF4F090FBF4F104FB7D
:1023D0001100C5B2294600E00021292005F0DEFDEC
:1023E00080221146452006F029FD6348007838B167
:1023F000D9F84400504503DA60488078022826D096
:10240000B6F99A0098B34FF47A71884244DB90FB96
:10241000F1F090FBF4F104FB110010F0FF053BD04C
:1024200080221146432006F009FD0022402145206C
:1024300006F004FDB6F99A00632834DD90FBF7F04E
:1024400090FBF4F104FB1100C5B229462CE00022F8
:102450008021432006F0F2FC00224021452006F0B6
:10246000EDFC12212A2005F099FD12210FE0FFE773
:1024700000228021432006F0E1FC0022402145207B
:1024800006F0DCFC0A212A2005F088FD0A212B2019
:1024900005F084FD00221CE080221146432006F056
:1024A000CDFC4022C2E700212A2005F077FDB6F9D5
:1024B0009A00092808DD90FBF4F090FBF4F104FB8E
:1024C0001100C5B2294600E000212B2005F066FD71
:1024D000802280213F2006F0B1FCB6F9B40000282C
:1024E0000ADB00BF4FF47A7190FBF1F090FBF4F13E
:1024F00004FB1100C5B209E010F1630101D34042B1
:10250000F0E700F2E730404500D20A2529462C20AA
:1025100005F044FDB6F9B400002807DB90FBF7F0A6
:1025200090FBF4F104FB1100C5B20AE010F1630165
:1025300001D30A2505E000F2E731414501D24042CE
:10254000ECE729462D2005F029FDB6F9B400002856
:1025500008DB00BF90FBF4F090FBF4F104FB1100EA
:10256000C5B213E000F16301632903D300F2E73140
:1025700041450BD24042EDE790000020900700203B
:10258000C06C00205C6500200080094529462E2093
:1025900005F004FDB6F9B400002805DB90FBF4F16A
:1025A00004FB1100C5B209E000F16301632903D304
:1025B00000F2E731414501D24042EFE729462F20A2
:1025C00005F0ECFC80221146482006F037FCFE485E
:1025D000407838B1D9F84400504503DAFB48807898
:1025E00002281DD0B6F9B20000287DDD4FF47A71C3
:1025F00090FBF1F090FBF4F104FB1100C5B2294609
:10260000302005F0CBFCB6F9B200002816DB00BF85
:1026100090FBF7F090FBF4F104FB1100C5B218E059
:102620001221302005F0BAFC1221312005F0B6FC51
:102630001221322005F0B2FC12213EE010F16301BC
:1026400001D30A2505E000F2E731414501D24042BD
:10265000DEE72946312005F0A1FCB6F9B2000028DA
:1026600008DB00BF90FBF4F090FBF4F104FB1100D9
:10267000C5B209E000F16301632903D300F2E73139
:10268000414501D24042EDE72946322005F086FC63
:10269000B6F9B200002805DB90FBF4F104FB110051
:1026A000C5B209E000F16301632903D300F2E73109
:1026B000414501D24042EFE72946332005F06EFC48
:1026C000202211463E2006F0B9FBD6F8C800E8B338
:1026D00056F8D01F48F6A04091FBF0F0C1B234206C
:1026E00005F05CFC5D4600E09CE0306890FBF5F096
:1026F00090FBF4F104FB1100C1B2352005F04EFC53
:10270000306890FBF5F105FB11014FF4167091FB59
:10271000F0F0C1B2362005F041FC56F8D00990FB2C
:10272000F5F105FB11013C2091FBF0F090FBF4F179
:1027300004FB1100C5B22946372005F02FFC2022EA
:1027400011464A2006F07AFB9F4800E078E0807846
:1027500038B1D9F84400504503DA9C488078022803
:102760007DD0D6F8C000E8B356F8CC1F48F6A0409C
:1027700091FBF0F0C1B2382005F010FC30685D46E6
:1027800090FBF5F090FBF4F104FB1100C1B239208D
:1027900005F004FC306890FBF5F105FB11014FF4E6
:1027A000167091FBF0F0C1B23A2005F0F7FB56F835
:1027B000CC0990FBF5F105FB11013C2091FBF0F0F9
:1027C00090FBF4F104FB1100C5B229463B2005F053
:1027D000E5FB04221146402006F030FB8022114622
:1027E0003D2000E04AE006F029FB402211463D2052
:1027F00006F024FB022211463C2006F01FFB734822
:102800008078022848D0002201213C2006F016FBE7
:1028100096F99E0088B3012842D002285ED0032892
:102820004DD162E00A21302005F0B8FB0A213120A9
:1028300005F0B4FB0A21322005F0B0FB0A213CE789
:102840000A21342005F0AAFB0A21352005F0A6FB59
:102850000A21362005F0A2FB0A216DE7FFE71221CD
:10286000382005F09BFB1221392005F097FB12213F
:102870003A2005F093FB1221A8E70FE00A21382047
:1028800005F08CFB0A21392005F088FB0A213A204B
:1028900005F084FB0A2199E70122B5E7802200E0D8
:1028A000002280214F2006F0C9FA402240214F200B
:1028B00006F0C4FA802280214D2006F0BFFA96F877
:1028C000B600F0B1002220214F2006F0B7FA4048B0
:1028D00081684048814216DA102215E080221146B4
:1028E0004F2006F0ABFA0022E0E7802211464F208D
:1028F00006F0A4FA402211464F2006F09FFA00226B
:10290000D9E72022DFE7002210214F2006F096FAB7
:1029100096F8D40030B3002201214E2006F08EFA42
:10292000B6F9E400B0F57A7F1EDB4FF47A7190FBC4
:10293000F1F090FBF4F104FB110010F0FF0513D04F
:1029400020226021032006F079FAB6F9E40063281A
:102950000CDD90FBF7F090FBF4F104FB1100C5B225
:10296000294604E00122D7E76022EAE700213C2063
:1029700005F014FBB6F9E400092808DD90FBF4F03B
:1029800090FBF4F104FB1100C5B2294600E00021E0
:102990003D2005F003FB802211460B2006F04EFA85
:1029A0000948007838B1D9F84400504503DA07489F
:1029B0008078032830D0B6F9E200E8B34FF47A719A
:1029C00088424EDB08E000009000002090070020C5
:1029D0005C6500200080094590FBF1F191FBF4F06B
:1029E00004FB101010F0FF053BD0802211460D2093
:1029F00006F024FA002240210B2006F01FFAB6F957
:102A0000E200632834DD90FBF7F090FBF4F104FB67
:102A10001100C5B229462CE0002280210D2006F0CD
:102A20000DFA002240210B2006F008FA12213E2068
:102A300005F0B4FA12210FE0FFE7002280210D20FB
:102A400006F0FCF9002240210B2006F0F7F90A21DC
:102A50003E2005F0A3FA0A213F2005F09FFA00224C
:102A60001CE0802211460D2006F0E8F94022C2E762
:102A700000213E2005F092FAB6F9E200092808DDAF
:102A800090FBF4F090FBF4F104FB1100C5B2294671
:102A900000E000213F2005F081FA802280211120F2
:102AA00006F0CCF9B6F9FC00002808DB4FF47A7187
:102AB00090FBF1F191FBF4F004FB10100BE010F12E
:102AC00063010AD340424FF47A7190FBF1F090FB1E
:102AD000F4F104FB1100C5B204E000F2E730404518
:102AE00000D20A252946402005F058FAB6F9FC0024
:102AF000002807DB90FBF7F090FBF4F104FB1100DA
:102B0000C5B20AE010F1630101D30A2505E000F225
:102B1000E731414501D24042ECE72946412005F02A
:102B20003DFAB6F9FC00002808DB00BF90FBF4F08A
:102B300090FBF4F104FB1100C5B209E000F1630160
:102B4000632903D300F2E731414501D24042EDE76A
:102B50002946422005F022FAB6F9FC00002805DBE0
:102B600090FBF4F104FB1100C5B209E000F1630130
:102B7000632903D300F2E731414501D24042EFE738
:102B80002946432005F00AFA80221146062006F065
:102B900055F9FE48407838B1D9F84400504503DA79
:102BA000FB48807803281DD0B6F9FA0000287DDDA7
:102BB0004FF47A7190FBF1F090FBF4F104FB1100FB
:102BC000C5B22946442005F0E9F9B6F9FA00002813
:102BD00016DB00BF90FBF7F090FBF4F104FB110053
:102BE000C5B218E01221442005F0D8F91221452081
:102BF00005F0D4F91221462005F0D0F912213EE06B
:102C000010F1630101D30A2505E000F2E7314145E7
:102C100001D24042DEE72946452005F0BFF9B6F96A
:102C2000FA00002808DB00BF90FBF4F090FBF4F101
:102C300004FB1100C5B209E000F16301632903D36D
:102C400000F2E731414501D24042EDE729464620F6
:102C500005F0A4F9B6F9FA00002805DB90FBF4F1C1
:102C600004FB1100C5B209E000F16301632903D33D
:102C700000F2E731414501D24042EFE729464720C3
:102C800005F08CF920221146102006F0D7F8D6F86E
:102C90001001E0B3D6F8181148F6A04091FBF0F00F
:102CA000C1B2482005F07AF95D4600E0A0E0D6F810
:102CB000180190FBF5F090FBF4F104FB1100C1B298
:102CC000492005F06BF9D6F8180190FBF5F105FBEA
:102CD00011014FF4167091FBF0F0C1B24A2005F0DB
:102CE0005DF9D6F8180190FBF5F105FB11013C20C8
:102CF00091FBF0F090FBF4F104FB1100C5B2294602
:102D00004B2005F04BF920221146042000E07EE024
:102D100006F094F89D48807838B1D9F844005045C1
:102D200003DA9B48807803287FD0D6F80801E8B3FF
:102D3000D6F8141148F6A04091FBF0F0C1B24C2037
:102D400005F02CF9D6F814015D4690FBF5F090FBE8
:102D5000F4F104FB1100C1B24D2005F01FF9D6F8C3
:102D6000140190FBF5F105FB11014FF4167091FB76
:102D7000F0F0C1B24E2005F011F9D6F8140190FB25
:102D8000F5F105FB11013C2091FBF0F090FBF4F113
:102D900004FB1100C5B229464F2005F0FFF80422BC
:102DA00011460E2006F04AF8802200E04CE0114661
:102DB000132006F043F840221146132006F03EF897
:102DC00002221146122006F039F871488078032853
:102DD00048D000220121122006F030F896F9E600D2
:102DE00088B3012842D002285ED003284DD162E08A
:102DF0000A21442005F0D2F80A21452005F0CEF83A
:102E00000A21462005F0CAF80A2138E70DE00A2118
:102E1000482005F0C3F80A21492005F0BFF80A212F
:102E20004A2005F0BBF80A216AE712214C2005F080
:102E3000B5F812214D2005F0B1F812214E2005F011
:102E4000ADF81221A8E70FE00A214C2005F0A6F802
:102E50000A214D2005F0A2F80A214E2005F09EF827
:102E60000A2199E70122B5E7802200E000228021B3
:102E7000012005F0E3FF40224021012005F0DEFFA4
:102E800080228021032005F0D9FF96F8FE00F0B1E2
:102E900000222021012005F0D1FF3E48C1683E48B4
:102EA000814216DA102215E080221146012005F039
:102EB000C5FF0022E0E780221146012005F0BEFF99
:102EC00040221146012005F0B9FF0022D9E7202257
:102ED000DFE700221021012005F0B0FF96F81C0169
:102EE00030B300220121002005F0A8FFB6F92C0123
:102EF000B0F57A7F1EDB4FF47A7190FBF1F090FB16
:102F0000F4F104FB110010F0FF0513D00422062198
:102F1000522005F093FFB6F92C0163280CDD90FBDD
:102F2000F7F090FBF4F104FB1100C5B2294604E070
:102F30000122D7E70622EAE70021502005F02EF80B
:102F4000B6F92C01092808DD90FBF4F090FBF4F1B0
:102F500004FB1100C5B2294600E00021512005F014
:102F60001DF8012211465A2005F068FF0748007835
:102F700038B1D9F84400504503DA05488078042870
:102F800030D0B6F92A01E8B308E000009000002034
:102F9000900700205C650020008009454FF47A719D
:102FA000884244DB90FBF1F090FBF4F104FB11004C
:102FB00010F0FF053BD0002202215A2005F03EFF11
:102FC000012211465C2005F039FFB6F92A01632879
:102FD0002FDD90FBF7F090FBF4F104FB1100C5B27C
:102FE000294627E0002202215A2005F027FF00226F
:102FF00001215C2005F022FF1221522004F0CEFFB7
:1030000012210FE0FFE7002202215A2005F016FFEF
:10301000002201215C2005F011FF0A21522004F05A
:10302000BDFF0A21532004F0B9FF002217E002225D
:10303000C2E70021522004F0B1FFB6F92A010928A5
:1030400008DD90FBF4F090FBF4F104FB1100C5B235
:10305000294600E00021532004F0A0FF01220121B5
:10306000602005F0EBFEB6F9440100280ADB00BF42
:103070004FF47A7190FBF1F090FBF4F104FB110036
:10308000C5B209E010F1630101D34042F0E700F25C
:10309000E730404500D20A252946542004F07EFF3F
:1030A000B6F94401002807DB90FBF7F090FBF4F140
:1030B00004FB1100C5B20AE010F1630101D30A2537
:1030C00005E000F2E731414501D24042ECE72946F4
:1030D000552004F063FFB6F94401002808DB00BF67
:1030E00090FBF4F090FBF4F104FB1100C5B209E091
:1030F00000F16301632903D300F2E731414501D2B6
:103100004042EDE72946562004F048FFB6F9440155
:10311000002805DB90FBF4F104FB1100C5B209E0C7
:1031200000F16301632903D300F2E731414501D285
:103130004042EFE72946572004F030FF01221146B4
:10314000572005F07BFEFE48407838B1D9F844009E
:10315000504503DAFB48807804281DD0B6F94201B7
:1031600000287DDD4FF47A7190FBF1F090FBF4F1D3
:1031700004FB1100C5B22946582004F00FFFB6F930
:103180004201002816DB00BF90FBF7F090FBF4F142
:1031900004FB1100C5B218E01221582004F0FEFE15
:1031A0001221592004F0FAFE12215A2004F0F6FEF2
:1031B00012213EE010F1630101D30A2505E000F27F
:1031C000E731414501D24042DEE72946592004F06B
:1031D000E5FEB6F94201002808DB00BF90FBF4F0E1
:1031E00090FBF4F104FB1100C5B209E000F16301AA
:1031F000632903D300F2E731414501D24042EDE7B4
:1032000029465A2004F0CAFEB6F94201002805DB1F
:1032100090FBF4F104FB1100C5B209E000F1630179
:10322000632903D300F2E731414501D24042EFE781
:1032300029465B2004F0B2FE04221146612005F00D
:10324000FDFDD6F85801E0B3D6F8601148F6A0406D
:1032500091FBF0F0C1B25C2004F0A0FE5D4600E0FE
:10326000A0E0D6F8600190FBF5F090FBF4F104FBD0
:103270001100C1B25D2004F091FED6F8600190FB10
:10328000F5F105FB11014FF4167091FBF0F0C1B29E
:103290005E2004F083FED6F8600190FBF5F105FB9B
:1032A00011013C2091FBF0F090FBF4F104FB1100C4
:1032B000C5B229465F2004F071FE04221146552054
:1032C00000E07EE005F0BAFD9D48807838B1D9F87D
:1032D0004400504503DA9B48807804287FD0D6F814
:1032E0005001E8B3D6F85C1148F6A04091FBF0F02D
:1032F000C1B2602004F052FED6F85C015D4690FB3E
:10330000F5F090FBF4F104FB1100C1B2612004F070
:1033100045FED6F85C0190FBF5F105FB11014FF479
:10332000167091FBF0F0C1B2622004F037FED6F8BF
:103330005C0190FBF5F105FB11013C2091FBF0F0E5
:1033400090FBF4F104FB1100C5B22946632004F0A0
:1033500025FE202211465F2005F070FD012200E0CD
:103360004CE01146622005F069FD02221146622000
:1033700005F064FD40221146632005F05FFD7148B1
:103380008078042848D000228021632005F056FD73
:1033900096F92E0188B3012842D002285ED0032876
:1033A0004DD162E00A21582004F0F8FD0A2159208D
:1033B00004F0F4FD0A215A2004F0F0FD0A2138E758
:1033C0000DE00A215C2004F0E9FD0A215D2004F0F3
:1033D000E5FD0A215E2004F0E1FD0A216AE71221E1
:1033E000602004F0DBFD1221612004F0D7FD1221E2
:1033F000622004F0D3FD1221A8E70FE00A2160202B
:1034000004F0CCFD0A21612004F0C8FD0A216220ED
:1034100004F0C4FD0A2199E78022B5E7012200E00B
:1034200000220121502005F009FD02220221502036
:1034300005F004FD01220121522005F0FFFC96F861
:103440004601F0B100220421502005F0F7FC3E486F
:1034500001693E48814216DA082215E00122114630
:10346000502005F0EBFC0022E0E70122114650203D
:1034700005F0E4FC02221146502005F0DFFC00229A
:10348000D9E70422DFE700220821502005F0D6FC0E
:1034900096F8640130B300228021512005F0CEFC63
:1034A000B6F97401B0F57A7F1EDB4FF47A7190FBA8
:1034B000F1F090FBF4F104FB110010F0FF0513D0C4
:1034C00004220621662005F0B9FCB6F974016328D0
:1034D0000CDD90FBF7F090FBF4F104FB1100C5B29A
:1034E000294604E08022D7E70622EAE7002164208B
:1034F00004F054FDB6F97401092808DD90FBF4F0DE
:1035000090FBF4F104FB1100C5B2294600E0002154
:10351000652004F043FD012211466E2005F08EFC6B
:103520000748007838B1D9F84400504503DA054817
:103530008078052830D0B6F97201E8B308E00000C1
:1035400090000020900700205C6500200080094565
:103550004FF47A71884244DB90FBF1F090FBF4F178
:1035600004FB110010F0FF053BD0002202216E2069
:1035700005F064FC01221146702005F05FFCB6F9ED
:10358000720163282FDD90FBF7F090FBF4F104FB50
:103590001100C5B2294627E0002202216E2005F065
:1035A0004DFC00220121702005F048FC122166200C
:1035B00004F0F4FC12210FE0FFE7002202216E204C
:1035C00005F03CFC00220121702005F037FC0A21A7
:1035D000662004F0E3FC0A21672004F0DFFC0022EF
:1035E00017E00222C2E70021662004F0D7FCB6F9FA
:1035F0007201092808DD90FBF4F090FBF4F104FB64
:103600001100C5B2294600E00021672004F0C6FC85
:1036100001220121742005F011FCB6F98C0100286B
:103620000ADB00BF4FF47A7190FBF1F090FBF4F1EC
:1036300004FB1100C5B209E010F1630101D340425F
:10364000F0E700F2E730404500D20A25294668201D
:1036500004F0A4FCB6F98C01002807DB90FBF7F01E
:1036600090FBF4F104FB1100C5B20AE010F1630114
:1036700001D30A2505E000F2E731414501D240427D
:10368000ECE72946692004F089FCB6F98C01002892
:1036900008DB00BF90FBF4F090FBF4F104FB110099
:1036A000C5B209E000F16301632903D300F2E731F9
:1036B000414501D24042EDE729466A2004F06EFC04
:1036C000B6F98C01002805DB90FBF4F104FB110036
:1036D000C5B209E000F16301632903D300F2E731C9
:1036E000414501D24042EFE729466B2004F056FCE9
:1036F000012211466B2005F0A1FBD948407838B172
:10370000D9F84400504503DAD648807805281DD002
:10371000B6F98A0100287DDD4FF47A7190FBF1F053
:1037200090FBF4F104FB1100C5B229466C2004F0B3
:1037300035FCB6F98A01002816DB00BF90FBF7F0D4
:1037400090FBF4F104FB1100C5B218E012216C20CB
:1037500004F024FC12216D2004F020FC12216E20C4
:1037600004F01CFC12213EE010F1630101D30A2594
:1037700005E000F2E731414501D24042DEE729464B
:103780006D2004F00BFCB6F98A01002808DB00BFAD
:1037900090FBF4F090FBF4F104FB1100C5B209E0DA
:1037A00000F16301632903D300F2E731414501D2FF
:1037B0004042EDE729466E2004F0F0FBB6F98A019D
:1037C000002805DB90FBF4F104FB1100C5B209E011
:1037D00000F16301632903D300F2E731414501D2CF
:1037E0004042EFE729466F2004F0D8FB042211463F
:1037F000752005F023FBD6F8A001E8B3D6F8A81190
:1038000048F6A04091FBF0F0C1B2702004F0C6FB76
:103810005D4600E09EE0D6F8A80190FBF5F090FB35
:10382000F4F104FB1100C1B2712004F0B7FBD6F82B
:10383000A80190FBF5F105FB11014FF4167091FB07
:10384000F0F0C1B2722004F0A9FBD6F8A80190FBF9
:10385000F5F105FB11013C2091FBF0F090FBF4F138
:1038600004FB1100C1B2732004F098FB042211463E
:10387000692005F0E3FA00E07BE07948807838B110
:10388000D9F84400504503DA7648807805287ED080
:10389000D6F89801F0B3D6F8A41148F6A04091FBF1
:1038A000F0F0C1B2742004F079FBD6F8A4015D46B3
:1038B00090FBF5F090FBF4F104FB1100C1B2752010
:1038C00004F06CFBD6F8A40190FBF5F105FB1101A7
:1038D0004FF4167091FBF0F0C1B2762004F05EFB5D
:1038E000D6F8A40190FBF5F105FB11013C2091FBFA
:1038F000F0F090FBF4F104FB1100C1B2772004F06A
:103900004DFB20221146732005F098FA0122114642
:10391000762000E04AE005F091FA02221146762076
:1039200005F08CFA40221146772005F087FA4D48C1
:103930008078052848D000228021772005F07EFA83
:1039400096F9760188B3012842D002285ED0032878
:103950004DD162E00A216C2004F020FB0A216D2089
:1039600004F01CFB0A216E2004F018FB0A213AE740
:103970000DE00A21702004F011FB0A21712004F0EF
:103980000DFB0A21722004F009FB0A216BE71221CA
:10399000742004F003FB1221752004F0FFFA1221B9
:1039A000762004F0FBFA1221A8E70FE00A21742028
:1039B00004F0F4FA0A21752004F0F0FA0A217620C6
:1039C00004F0ECFA0A2199E78022B5E7012200E031
:1039D00000220121642005F031FA02220221642034
:1039E00005F02CFA01220121662005F027FA96F84D
:1039F0008E01F0B100220421642005F01FFA1A485C
:103A000041691A48814216DA082215E0012211465E
:103A1000642005F013FA0022E0E701221146642039
:103A200005F00CFA02221146642005F007FA002284
:103A3000D9E70422DFE700220821642005F0FEF91F
:103A400096F8AC0148B100228021652005F0F6F916
:103A5000BDE8F05F064802F0C1BD8022F4E7000037
:103A600090000020900700205C6500200080094540
:103A7000F865002010B503F01BFB044801F0D8FEE8
:103A8000BDE81040024801F0D3BE00004409002008
:103A90008C0900202DE9F14FB94C2189E06801F033
:103AA00003FA0025B74FDFF8E092DFF8E0B24FF0FD
:103AB000804A012610B994F8250020B194F824001A
:103AC000012807D0DCE0216A0098FCF7DCFB2062CB
:103AD00084F824602189E06801F0E6F901281AD110
:103AE000A848216A40420144A94881420ED2A9480F
:103AF0008178491CC9B28170052900D9857045704B
:103B0000A5480560C4F81CA0C9F8007084F82450CA
:103B100084F825502562216A6FF07F5001449F4848
:103B200081427CD294F82500002878D199489C4A9B
:103B30009C498078DFF870E29C4B52F820C0DFF897
:103B400070828C45D2F800C047DA8C4568DAD2F82A
:103B500004C08C4564DAD2F808C08C4560DAD2F82B
:103B60000CC08C455CDAD2F810C08C4558DA52692A
:103B70008A4255DA00EBC002002143460BEBC20239
:103B800001EBC10C0BEBCC00B2F8048003EB410C51
:103B9000A0F80880ACF80280A0F80480B2F8188081
:103BA000A0F82080ACF80E80A0F81880D2F830C0C1
:103BB00003EB8108C0F838C0C8F81CC0C0F830C09A
:103BC000C0F834C092F801C0BCF1000F00D04670BC
:103BD000491CC9B20629D3D349E08C454CDDD2F843
:103BE00004C08C4548DDD2F808C08C4544DDD2F8CD
:103BF0000CC08C4540DDD2F810C08C453CDD5269CC
:103C00008A4239DD00EBC002002143460BEBC202C1
:103C100001EBC10CB2F804800BEBCC0001E02FE00B
:103C20002AE003EB410CA0F80880ACF80280A0F871
:103C30000480B2F81880A0F82080ACF80E80A0F8BC
:103C40001880D2F830C003EB8108C0F838C0C8F83B
:103C50001CC0C0F830C0C0F834C092F801C0BCF13C
:103C6000000F00D04670491CC9B20629D0D38EF887
:103C70000060C9F8007001E0C3F800A084F8256076
:103C8000218E606B01F010F910B994F84D0058B115
:103C900094F84C00012870D1218E606B01F004F97A
:103CA0000222012808D022E0A16C0098FCF7EBFA70
:103CB000A06484F84C60EFE73248A16C40420144B4
:103CC000334881420ED233484178491CC9B2417011
:103CD00001293BD0032900D945702F49C9F800704C
:103CE000C1F800A084F84C5084F84D50A564A16C34
:103CF0006FF07F500144294881423ED294F84D0034
:103D000000283AD19BF801105846012925D090F897
:103D10004910012921D090F8911001291DD090F867
:103D2000D910012919D090F82111012915D090F846
:103D30006911012911D0002101EBC10200EBC2027F
:103D4000491CC9B256700629F6D312E01249096817
:103D5000B1F5000FC1DB4270BFE7002101EBC103E9
:103D600000EBC305491C2A75C9B200F83360062967
:103D7000F4D3C9F8007084F84D60BDE8F88F0000F6
:103D8000A4510020CDCCCC3D74000020C06C00209C
:103D90003333F3019007002098000020FFFF7F00DD
:103DA0005C65002000800945340700207800002071
:103DB0007066002009488021202201804021418036
:103DC0000749416002814A15C16002858A15428512
:103DD0000A15C1620286416370470000A4510020A9
:103DE0000014014010B5094C2168FCF74CFA206022
:103DF000B0F17E5F08DB0648816941610021816185
:103E0000026CC0E90F21216010BD00007C00002081
:103E1000A451002008B505F057FC094D094C00904D
:103E2000287840B92046FFF735FE2046FFF7DAFF35
:103E30002046FDF7A9FA0A21684605F007FCEFE7DE
:103E4000940700200AD7233C10B5802000F024FFFF
:103E5000BDE810404FF4007000F01EBF10B51048D0
:103E600001F0E6FC0F4801F0E3FC00210C4801F0F2
:103E700003FF04210A4801F0FFFE0821084801F071
:103E8000FBFE0C21064801F0F7FE0821054801F071
:103E9000F3FEBDE810400C21024801F0EDBE000029
:103EA000B40800206C08002072B6FEE70649002026
:103EB000C8610648016941F004010161016941F0EE
:103EC0004001016170470000180A002000200240F4
:103ED000064A0021D16106490A6942F002020A61DC
:103EE0004861086940F0400008617047180A0020E6
:103EF00000200240044B0022DA61044A136943F0B7
:103F00000103136101807047180A0020002002405D
:103F100014480022C168CB06134904D5CA6942F08F
:103F20000202CA611022C3685B0705D5CB6943F062
:103F30000103CB6142F00402C369DB0707D0CB6900
:103F400043F00403CB61C16921F00101C161A2F515
:103F50008071013901D0C2607047C16921F001014F
:103F6000C161704700200240180A002070B5054664
:103F700000F0A4FF0646114C09E0681C07D025B1EB
:103F800000F09CFF801BA84201D9032070BDE068AF
:103F9000C007F2D1E068800601D52020E060E0682B
:103FA000C00605D4E069C00702D1E068400703D528
:103FB000FFF7AEFF012070BD002070BD0020024061
:103FC00030B5154A002132F8205000EBC00202EB58
:103FD0000013114A183202EB0312104B53F8204021
:103FE00042F82450641C43F82040642C02D1002481
:103FF00043F820405FF0000052F82030401CC0B26F
:1040000019446428F8D3D2F88C0118B1642091FBCC
:10401000F0F030BD106830BDF45100206C5B002022
:1040200030B5154A164C02EB80020021558800EB92
:10403000C00202EB0013114A02EB031254F82030C5
:1040400042F823505B1C44F82030642B02D100233B
:1040500044F820305FF0000052F82030401CC0B21D
:1040600019446428F8D3D2F88C0118B1642091FB6C
:10407000F0F030BD106830BDF4510020845B0020AA
:10408000E464002078B500220B4B4C1E10E0551C58
:10409000A54202EB03052D88ADF800509DF80050B5
:1040A000855403DC86189DF801507570921C92B2FD
:1040B0008A42ECD3012078BD000001082DE9F041CF
:1040C00086B00D46804600F05FFD00200190009014
:1040D000164F0121CDE90371694601A800F0B6FC35
:1040E000C0B900246E1E1BE0601CB04207DC08EB68
:1040F000040018F80410407801EB002003E018F8E1
:10410000040000F57F4082B20023E119012000F095
:10411000FBFC18B1002006B0BDE8F081A41CA4B2DD
:10412000AC42E1D300F0E6FC0120F4E70000010816
:10413000F8B500250446009590F8240001280BD01E
:10414000012084F824002046FCF7ACFC2046FCF754
:104150000DFD060002D050E00220F8BDA06A20F458
:10416000885040F00200A062022000F045FF25497F
:104170000968B1FBF0F0400000E0401E009000280C
:10418000FBD12068816841F00801816000F096FE53
:10419000074608E000F092FEC01B0A2803D92068F9
:1041A0008068000715D4206880680007F2D4206872
:1041B000816841F00401816000F080FE074612E052
:1041C00000F07CFEC01B0A280DD9206880684007DB
:1041D00009D5A06A20F0020040F01000A06284F827
:1041E00024500120F8BD206880684007E8D4A06A08
:1041F00020F0020040F00100A06284F82450304614
:10420000F8BD00000C000020F8B50024009490F8E0
:1042100024202546012A12D0012280F824204A6851
:104220001F23072A0DD20668776B521E02EB82020B
:1042300093409F430B6893401F43776319E002202C
:10424000F8BD06680D2A0AD2376BD21F02EB820234
:1042500093409F430B6893401F43376309E0F76A1D
:104260000D3A02EB820293409F430B6893401F4339
:10427000F7620A68072306680A2A0AD3F7680A3A27
:1042800002EB420293409F438B6893401F43F760C9
:1042900008E0376902EB420293409F438B689340EA
:1042A0001F4337610A68102A01D0112A20D1124B0E
:1042B00002689A4217D193681B0219D4936843F499
:1042C000000393600968102912D10C490C4A09684F
:1042D000B1FBF2F101EB8101490000E0491E0091C0
:1042E0000029FBD104E0816A41F0200181620124B0
:1042F00080F824502046F8BD002401400C00002026
:1043000040420F0070477047704700002DE9F041B0
:1043100004004FF000057FD0A06A002628B9E662AD
:1043200084F82460204600F081F82046FCF7BAFBB0
:10433000A16AC90600D420B1A06A40F01000A062B2
:104340006AE0A16A21F4885141F00201A162334977
:1043500023688B42E16904D1B1F5402F01D14FF4BC
:104360000021277B4FF4807C41EA470261680A43C1
:10437000A168614508D0012906D0002194F814E015
:10438000BEF1010F02D00AE06146F7E7C7B1A76AA4
:1043900047F02007A762E76A47F00107E7625F6816
:1043A00027F469470F435F60236899681C4F3940C1
:1043B00011439960A16861450BD0012909D00CE037
:1043C000DFF860E0A7690EEB47370F4347F4006161
:1043D000E5E7218A0D05A5F580152168CB6A23F450
:1043E00070032B43CB62216889680F4B19409142BF
:1043F00008D1E662A16A21F0020141F00101A16247
:10440000BDE8F081A06A20F0020040F01000A06238
:10441000E06A40F00100E0620120F1E7003C014069
:10442000FDF7E1FF00E0FFFFFE0E1FFFF0B585B0D6
:1044300000260546009601960296039600682149DB
:1044400088423DD12049886940F4007088618869BC
:1044500000F400700490886940F010008861886959
:1044600000F010000490886940F0040088618869B9
:104470003F24032700F00400CDE90047049069467B
:10448000124800F015FCCDE900476946104800F0DD
:104490000FFC114C0F48C4E900068020C4E90260FB
:1044A00040002061800060612020A0610002E06186
:1044B000204600F055FA08B1FFF7F6FC2C62656261
:1044C00005B0F0BD00240140001002400010014082
:1044D0000008014008000240E00700202DE9F047F5
:1044E000894604463B4900683B4F0E1D9046884272
:1044F00001D0B84207D1306810F4702F03D00125E5
:104500002846BDE8F08794F8240001280CD001204B
:1045100084F824002046FCF729FB05004FF000003A
:1045200004D084F82400EBE70220EAE7A16A40F611
:104530000162914341F48071A1622168B94218D1AE
:10454000326812F4702F14D0A16A41F48011A16274
:104550003168490505D5A16A21F4005141F4805123
:10456000A162A16AC9040AD5E16A21F00601E162EB
:1045700006E0A26A22F48012A2624968E9E7E062DA
:1045800084F82400216A15488862216A1448C862A8
:10459000216A1448086321686FF0020008602068EF
:1045A000816841F480718160216843464A464C31FC
:1045B000206A00F013FA20688168C1F3424107299C
:1045C000816803D041F48011816099E741F4A00132
:1045D000FAE700000024014000280140FB0A00081F
:1045E000630B0008490B00082DE9F05F90F82110DB
:1045F0000024022903D004218163012485E001689D
:104600000A6822F00E020A6001680A6822F00102BC
:104610000A603F4E3E4FB215DFF8F4C0DFF8F0906D
:10462000DFF8ECA0DFF8E8B0DFF8E4E00168783FFD
:1046300013011502ACF1640CA9F15009AAF13C0A6E
:10464000ABF1280BAEF1140E4FF48018B14227D90C
:10465000B9420ED0614512D049451DD0514518D000
:10466000594518D0714501D1424615E0294EB14255
:1046700001D1012210E0274E1436B14201D110229F
:104680000AE0244E2836B14206D0224A3C329142FA
:1046900001D11A4600E02A461E49091F0A602BE094
:1046A000B94213D0614517D0494522D051451DD09C
:1046B00059451DD0714501D142461AE0B14202D19F
:1046C0004FF0807215E0134EB14201D1012210E08B
:1046D000104E1436B14201D110220AE00D4E283698
:1046E000B14206D00B4A3C32914201D11A4600E059
:1046F0002A46074980394A60012180F821100021AB
:1047000080F82010416B01B188472046BDE8F09F3A
:1047100080000240080402402DE9F05FC16B0A6886
:1047200001680B68046C4FF0040808FA04F8844D23
:10473000844E854FDFF814C2DFF81492DFF814A21C
:10474000DFF814B2DFF814E218EA020F65D05FEA6E
:10475000437862D50A68920603D40A6822F00402FC
:104760000A60DFF8F0814FF48062016808F11408F4
:1047700013011402414524D9A9420DD0B1420FD0F2
:10478000B9421AD0614515D0494515D0514501D1DE
:10479000120312E0594501D104220EE0714501D106
:1047A00040220AE06D4D1435A94206D06B4A2832EA
:1047B000914201D11A4600E022466749091F0A606A
:1047C00029E0A94213D0B14215D0B94220D06145A9
:1047D0001BD049451BD0514502D14FF4800217E050
:1047E000414502D14FF0806212E0594501D10422C7
:1047F0000EE0714501D140220AE0584D1435A9421E
:1048000006D0564A2832914201D11A4600E022468B
:104810004B4908394A60C16A71E04FF0020808FA52
:1048200004F818EA020F70D05FEA83786DD50A6841
:10483000920606D40A6822F00A020A60012180F872
:104840002110DFF810814FF40072016808F114089C
:1048500013011402414524D9A9420DD0B1420FD011
:10486000B9421AD0614515D0494515D0514501D1FD
:10487000120312E0594501D102220EE0714501D127
:1048800020220AE0354D1435A94206D0334A283299
:10489000914201D11A4600E022462F49091F0A60C1
:1048A00029E0A94213D0B14215D0B94220D06145C8
:1048B0001BD049451BD0514502D14FF4001217E0DF
:1048C000414502D14FF0007212E0594501D1022258
:1048D0000EE0714501D120220AE0204D1435A94295
:1048E00006D01E4A2832914201D11A4600E02246E3
:1048F000134908394A60002180F82010816A002994
:104900001CD0BDE8F05F0847FFE70825A540154229
:1049100014D01A0712D50A6822F00E020A6090F825
:104920004020C36B012101FA02F25A60816380F8D2
:104930002110002180F82010016BE0E7BDE8F09F16
:10494000080002401C0002403000024044000240C7
:10495000580002406C000240080402401C0402405F
:1049600030B560B11A4B026814219A4209D2194B32
:104970001344B3FBF1F18900016417490AE00120F7
:1049800030BD134B5B421344B3FBF1F1890001646A
:104990000F490839C163022180F82110136843F6DA
:1049A000F0718B43F0E901142143D0E902452C4317
:1049B0002143046921434469214384692143194304
:1049C000116000214163012242770177084630BD22
:1049D00008040240F8FFFDBF0000024070B5044625
:1049E00090F82000002501280CD0012084F8200038
:1049F00094F821600020012E06D084F820000225C2
:104A0000284670BD022070BD022684F82160A06394
:104A10002068066826F0010606602046FCF7A0FD27
:104A2000E06A00282068016802D041F00E0106E02B
:104A300021F0040101602068016841F00A01016071
:104A40002068016841F001010160D9E72DE9F047D4
:104A5000054626480F460126017E01290FD0012177
:104A6000814601762868DFF888804CF250340228AD
:104A700008D0A2462046FFF779FAA8B131E002201B
:104A8000BDE8F0872046FFF771FA08BB0120FFF769
:104A90000DFA2046FFF76AFAD8F81010064621F002
:104AA0000401C8F810101CE04FF0FF303860AC680B
:104AB00011E02046FFF70CFA5046FFF757FAD8F8F6
:104AC0001010060021F00201C8F8101001D03C605F
:104AD00007E004F50064D5E9020100EBC120A04223
:104AE000E7D8002189F818103046C9E7180A0020D5
:104AF000002002400348016941F08001016100206B
:104B000070470000002002402DE9F05F07461C4876
:104B100088460024017E15461E46012909D0012140
:104B2000814601764CF2503A5046FFF71FFA18B111
:104B300022E00220BDE8F09F012F02D0022F00D01A
:104B40000427D346DFF83CA0220128463146FBF774
:104B500059FB81B208EB4400FFF7CCF95846FFF748
:104B600005FADAF8102022F00102CAF8102018B96C
:104B7000641CE4B2BC42E7D3002289F81820D9E7CC
:104B8000180A002000200240064900200A69120687
:104B900007D5054A4A60054A4A600969090600D5F1
:104BA000012070470020024023016745AB89EFCD0B
:104BB0002DE9F047324C0746DFF8C8802088324D97
:104BC0004FF07E59B8422DD198F80000002855D1F9
:104BD0004946A069FBF757FBA0614FF08040E061B8
:104BE0006188606800F060F9002630B16188606813
:104BF00000F05AF9012808D00EE0A878401CC0B295
:104C0000A870052808D9AE7006E0A87808B9062073
:104C1000A870C0B2401EA8701C486E701D49066086
:104C20001B480860208DB84228D198F80000002861
:104C300024D14E464946206CFBF725FBC4E91006FB
:104C4000618DE06A00F030F980B1618DE06A00F0BA
:104C50002BF9012812D1E06BFBF7A9FDC3B26A78EA
:104C6000A9780120BDE8F04703F0E0B8E06BFBF75E
:104C70009EFDC3B26A78A9780020F3E7BDE8F0870B
:104C8000A4510020940700209007002098000020E5
:104C9000CDCCCC3D74000020044910B50A68024216
:104CA00002D00860FFF784FF10BD0000140401402B
:104CB0002DE9F84FDFF8C8910024A9F1040B234631
:104CC0000F2709F1040AABF1040ED1E00125A5403C
:104CD00006EA0502AA4276D1DFF8A8C14E68A6EB23
:104CE0000C0866452BD00DDC032E34D005DC36B322
:104CF000012E19D0022E2FD11BE0112E16D0122E0C
:104D00002AD119E0B8F5881F19D006DCB8F5803F24
:104D100015D0B8F5801F1FD111E0B8F5001F0ED0D7
:104D2000B8F5041F18D10AE0CB6815E0CB681B1D4D
:104D300012E0CB6808330FE0CB680C330CE08B68D3
:104D40002BB1012B4FF0080303D0456104E004238D
:104D500002E0056100E00023FF2A01D8064601E0D9
:104D600000F104064FEA840501D9A5F12005D6F823
:104D7000008007FA05FC28EA0C0803FA05F548EA62
:104D80000508C6F800804D68ED0070D53E4DAE694F
:104D900046F00106AE61AD6924F0030605F0010599
:104DA00000953A4D06EB050CDCF80850A607360FC7
:104DB00007FA06F825EA0805DFF8D480404503D154
:104DC0004FF0000825E052E0DFF8C880404502D1EE
:104DD0004FF001081DE0DFF8C080404502D14FF0E0
:104DE000020816E0DFF8B480404502D14FF0030816
:104DF0000FE0DFF8AC80404502D14FF0040808E036
:104E0000DFF8A080404502D14FF0050801E04FF0E7
:104E1000060808FA06F848EA0508CCF808804D6844
:104E2000D9F80060ED024D4601D5164300E09643E7
:104E30002E604D68DAF80060AD02554601D5164384
:104E400000E096432E604D68DBF80060AD035D46E0
:104E500001D5164300E096432E604D68DEF80060F1
:104E6000ED03754601D5164300E096432E60641CA1
:104E70000A681646E2407FF429AFBDE8F88F0000CB
:104E80000804014000001110001002400000014021
:104E900000080140000C01400010014000140140D6
:104EA00000180140001C01408068084000D001202B
:104EB00070470AB1016170470904FBE70148806847
:104EC0007047000000000020024881680278114409
:104ED0008160704700000020074810B5016841F06C
:104EE00010010160032000F075F80F2000F006F8B3
:104EF00000F024F8002010BD0020024070B50D4DD8
:104F000004464FF47A712878B1FBF0F00A49096839
:104F1000B1FBF0F000F0AEFB48B9102C07D2002234
:104F20002146501E00F036F800206C6070BD012054
:104F300070BD0000000000200C0000200C4808B5E7
:104F4000816941F001018161816901F001010091F4
:104F5000C16941F08051C161C06900F0805000908A
:104F60000448416821F0E06141F00071416008BDF2
:104F70000010024000000140002809DB00F01F0281
:104F8000012191404009800000F1E020C0F80011AB
:104F900070470000F0B40E4B1B680C46C3F30223AD
:104FA000C3F10705042D00D90425191D072901D2D5
:104FB000002300E0DB1E012606FA05F1491E214010
:104FC00099409E40761E16403143F0BC03F0C0BEAF
:104FD0000CED00E0064900F0070208684FF6FF03F9
:104FE000184040EA0220034A10430860704700005E
:104FF0000CED00E00000FA0510B501460020284C39
:1050000004292FD00BDC012930D0022929D100F04E
:105010006BF96168C1F38131491C49001FE008291F
:1050200020D010291DD161682268D20119D51D48F0
:10503000C1F38342C903805C0AD56168194AC1F390
:105040004041921E515C184AB2FBF1F1484301E025
:10505000164948436168490203D440000321B0FB6C
:10506000F1F010BDBDE8104000F04EB9226AC2F365
:105070000121012903D1920701D5C80310BD0229DE
:1050800005D1626A920702D549F6404010BD032956
:10509000FCD121688903F9D54FF2244010BD0000EE
:1050A000001002403899000800127A0000093D0003
:1050B0002DE9F84305460078354CC00754D0E06927
:1050C0000026C00008D4E06940F08050E061E0694B
:1050D000012600F0805000902E480168C90512D4C6
:1050E0000168804641F480710160FFF7E7FE0746E2
:1050F00005E000BFFFF7E2FEC01B642823D8D8F804
:105100000000C005F6D5206A10F4407021D0A988AF
:1051100001F4407181421CD0206A1F49012220F411
:1051200040700A6000220A602062C00711D0FFF7B9
:10513000C5FE074641F2883808E000BFFFF7BEFE13
:10514000C11B414502D90320BDE8F883206A8007CE
:10515000F4D5206A696820F44070084320621EB1CB
:10516000E06920F08050E0612878800705D560680C
:10517000A96820F44040084360602878C00605D53F
:105180006068696920F48000084360600020DBE704
:105190000010024000700040400442422DE9F047F8
:1051A0000F46050061D0434E306800F00700B8425A
:1051B00009D2306820F0070038433060306800F0D2
:1051C0000700B84251D128683B4C810712D54007EF
:1051D00003D5606840F4E06060602878000703D57C
:1051E000606840F4605060606068A96820F0F0007A
:1051F000084360602878C00728D06868012810D06C
:105200002168022810D0890700292EDA616821F070
:10521000030101436160FFF751FE804641F2883986
:105220000DE021688903EFE78901EDE7FFF746FE0E
:10523000A0EB0801494502D90320BDE8F08760686A
:10524000696800F00C00B0EB810FEFD1306800F01E
:105250000700B8420BD9306820F0070038433060AF
:10526000306800F00700B84201D00120E5E7287857
:10527000400705D56068E96820F4E0600843606095
:105280002878000706D56068296920F4605040EA54
:10529000C100606000F038F86168084AC1F303118A
:1052A000515CC8400649086006480068FFF726FEC2
:1052B0000020C2E700200240001002404899000888
:1052C0000C000020040000200448054900684968DB
:1052D000044AC1F30221515CC84070470C00002011
:1052E00000100240589900080448054900684968C0
:1052F000044AC1F3C221515CC84070470C00002031
:1053000000100240589900080E4A51680E4801F0FA
:105310000C03042B11D0082B0FD10C48C1F383438D
:10532000C903C05C0AD55168084AC1F34041921EC6
:10533000515C054A5043B0FBF1F0704704494843C3
:10534000704700000010024000127A002699000801
:1053500000093D002DE9F84F040070D02078C04DC1
:10536000C00749D06868C0F38100012807D0686889
:10537000C0F38100022809D16868C00306D52868F7
:10538000800339D560680028E7D035E06068B0F563
:10539000803F0BD010B1B0F5A02F11D0286820F4B9
:1053A00080302860286820F4802002E0286840F4DB
:1053B00080302860606890B1FFF780FD06460AE003
:1053C000286840F480202860F0E700BFFFF776FDF2
:1053D000801B642873D828688003F7D50CE0FFF79A
:1053E0006DFD064605E000BFFFF768FD801B6428E1
:1053F000F0D828688003F7D420789A4E80074FF0C1
:1054000001094FF0000839D5686810F00C0F07D07B
:105410006868C0F38100022809D16868C00306D417
:105420002868800714D52069012808D110E0206978
:10543000B0B1C6F80090FFF741FD074605E00AE16C
:10544000FFF73CFDC01B0228C4D828688007F7D5A9
:105450002868616920F0F80040EAC10028600DE08A
:10546000C6F80080FFF72AFD074604E0FFF726FD97
:10547000C01B022823D828688007F7D420780007AB
:105480002CD57948A169D9B1C0F80090FFF716FD75
:10549000074604E0FFF712FDC01B02280FD8686A18
:1054A0008007F7D571484FF4FA510068B0FBF1F06E
:1054B000009000BF0098411E0091FAD20EE080E0FB
:1054C000C0F80080FFF7FAFC074604E0FFF7F6FC9F
:1054D000C01B022875D8686A8007F7D42078400777
:1054E00060D5E8690027C00008D4E86940F0805022
:1054F000E861E869012700F0805000905C4801688D
:10550000C90513D40168834641F480710160FFF737
:10551000D5FC824606E000BFFFF7D0FCA0EB0A00F6
:1055200064284ED8DBF80000C005F5D5E0680128F6
:105530000AD008B1052813D0286A20F0010028629B
:10554000286A20F0040002E0286A40F00100286286
:10555000E06841F2883B98B1FFF7B0FC82460BE06F
:10556000286A40F004002862EEE700BFFFF7A6FCBF
:10557000A0EB0A0159455AD8286A8007F6D50CE0F5
:10558000FFF79CFC824605E0FFF798FCA0EB0A01C0
:1055900059454CD8286A8007F6D41FB1E86920F035
:1055A0008050E861E06988B36968C1F3810102292C
:1055B00044D00228C6F8608004D0FFF77FFC044680
:1055C00038E034E0FFF77AFC074604E0FFF776FCAA
:1055D000C01B02282BD828688001F7D4206AB0F5B8
:1055E000803F05D16868A16820F4003008436860F6
:1055F000D4E908010843696821F47411084368601C
:10560000C6F86090FFF75AFC044606E025E000BFAC
:10561000FFF754FC001B022809D828688001F7D541
:105620001BE000BFFFF74AFC001B022802D9032041
:10563000BDE8F88F28688001F4D40EE00128F7D087
:105640006868226A00F48031914204D1616A00F4F2
:105650007010884201D00120EAE70020E8E700004E
:105660000010024000004242800442420C00002030
:105670000070004010B5401EB0F1807F01D30120C2
:1056800010BD4FF0E02460610F21601703F060FB54
:105690000020A06107202061002010BD70477047E6
:1056A00010B590F83C20012A22D0012280F83C203D
:1056B000CA688C6822F4407222434C6822F48062EB
:1056C00022430C6822F4006222430C6922F48052C7
:1056D00022434C6922F400522243C969002322F478
:1056E00080420A4301684A6480F83C30002010BDC3
:1056F000022010BD70B590F83C20012A2CD0012466
:1057000080F83C40022280F83D2003685A689D687A
:1057100022F070060A6832435A60104B02689A42BF
:105720000ED00F4B9A420BD0B2F1804F08D00D4BE8
:105730009A4205D00C4B9A4202D00C4B9A4204D1AB
:10574000496825F080031943916080F83D400021AD
:1057500080F83C10084670BD022070BD002C01404E
:10576000003401400004004000080040000C0040EC
:1057700010B5040003D094F83D0010B107E00120FB
:1057800010BD002084F83C00204600F01FF80220E5
:1057900084F83D00211D206802F0CAFD012084F834
:1057A000460084F83E0084F83F0084F8400084F806
:1057B000410084F8420084F8430084F8440084F8EF
:1057C000450084F83D00002010BD000008B5154AD2
:1057D0000168154891420ED1C16941F00801C161CB
:1057E000C069002200F00800009007213220FFF776
:1057F000D1FB322010E00D4A914211D1C16941F034
:105800001001C161C069002200F010000090062163
:105810003620FFF7BFFB3620BDE80840FFF7ACBBE2
:1058200008BD0000000C00400010024000100040C5
:1058300090F83D10012901D001207047022180F825
:105840003D100168CA6842F00102CA6000680E4952
:1058500088420ED00D4988420BD0B0F1804F08D05D
:105860000B49884205D00B49884202D00A49884238
:1058700004D1816801F00701062903D0016841F0D5
:105880000101016000207047002C014000340140FC
:105890000004004000080040000C004070B50446C1
:1058A00090F83C000025012817D0012684F83C60C0
:1058B000022084F83D002068826822F0770222F4FA
:1058C0007F4282600868502838D00DDC20284FD0F5
:1058D00005DC90B3102811D14AE0022070BD3028B9
:1058E00046D040280AD13BE060282FD070280DD048
:1058F000B0F5805F03D0B0F5005F12D0012584F8C9
:105900003D60002084F83C00284670BDCB68D1E99A
:105910000121206802F067FD2068816841F077016D
:1059200009E0CB68D1E90121206802F05CFD206824
:10593000816841F480418160E1E719E0CA68496803
:10594000206802F025FE5021206806E0CA684968F8
:10595000206802F065FE6021206802F04EFDCEE76F
:10596000CA684968206802F013FE40212068F4E705
:10597000226801461046F0E770B5044600682149E8
:10598000214D884224D1207F204E012805D1306846
:10599000406B28600020FBF70BFC207F022805D11C
:1059A0003068806B68600120FBF702FC207F0428D0
:1059B00005D13068C06BE8600320FBF7F9FB207F5E
:1059C000082805D13068006C68610520FBF7F0FB02
:1059D0002068B0F1804F14D1207F0D4E042805D1EE
:1059E0003068C06B28610420FBF7E2FB207F0828A9
:1059F00007D13068006CA860BDE870400220FBF75A
:105A0000D7BB70BD00040040D8660020B408002059
:105A10006C0800202DE9F041054690F83C00002676
:105A20000C46012810D0012085F83C0072B1042AF0
:105A30001CD0082A2CD00C2A50D00126002085F832
:105A40003C003046BDE8F0810220FBE7D4E90012BB
:105A5000E368286802F0AEFD2868816921F00C0136
:105A6000816128688169A26811430FE0D4E90012BE
:105A7000E368286802F0E6FD2868816921F4406146
:105A8000816128688169A26841EA02218161D5E7C4
:105A90002868D4E9002C277B036A016A21F480710D
:105AA0000162C16923F4007321F0030141EA0C0192
:105AB00021F0F00C39074FF400774CEA116107EA46
:105AC00002221A43C16102622868C16921F00C01F7
:105AD000C1612868C169A26811432BE02868D4E934
:105AE0000021E768036AD0F820C02CF4805CC0F87D
:105AF00020C0D0F81CC023F400532CF4407C4CEAA6
:105B0000012121F4704C4FF6FF7101EA07314FF487
:105B1000005741EA0C0107EA02321A43C1610262EE
:105B20002868C16921F44061C1612868C169A2681F
:105B300041EA0221C16181E710B5040003D094F865
:105B40003D0010B107E0012010BD002084F83C00AA
:105B5000204600F01FF8022084F83D00211D206837
:105B600002F0E6FB012084F8460084F83E0084F849
:105B70003F0084F8400084F8410084F8420084F833
:105B8000430084F8440084F8450084F83D00002078
:105B900010BD000030B585B000240094019402943B
:105BA000039400682F49304DB0F1804F32D02F4A16
:105BB00090422DD1C86940F00200C861C86900F068
:105BC00002000490886940F004008861886900F050
:105BD00004000490886940F008008861886969467B
:105BE00000F008000490C02000902148FFF760F802
:105BF0000320CDE90004694628460294FFF758F8CF
:105C0000002208211D20FFF7C5F91D20FFF7B4F978
:105C100005B030BDC86940F00100C861C86900F036
:105C200001000490886940F008008861886969462D
:105C300000F0080004904FF4406000902846FFF701
:105C400037F80C48416821F4407141F0E06141F4BB
:105C500000714160002208211C20FFF79BF91C20E5
:105C6000D4E7000000100240000C01400004004096
:105C7000000801400000014030B50446002551B144
:105C800004290DD0082910D094F8412094F845003B
:105C9000012A11D10EE094F83E2094F84200F7E773
:105CA00094F83F2094F84300F2E794F8402094F8E9
:105CB0004400EDE7012801D0012030BD022059B198
:105CC000042912D0082919D084F8410084F845002D
:105CD0000C293ED001253AE084F83E0084F84200C9
:105CE0002068C26842F0020210E084F83F0084F8A5
:105CF00043002068C26842F0040207E084F84000D4
:105D000084F844002068C26842F00802C2600122A0
:105D1000206802F05BFB1149206888420ED01049D0
:105D200088420BD0B0F1804F08D00E49884205D090
:105D30000D49884202D00D49884204D1816801F0A2
:105D40000701062903D0016841F0010101602846DE
:105D500030BD2068C26842F01002D7E7002C014035
:105D6000003401400004004000080040000C0040E6
:105D70002DE9F04104460068C66805694FF0000748
:105D8000A90713D5B10711D5F91E016101202077AC
:105D9000206880698007204602D0FFF7EDFD04E00F
:105DA00000F0BCF8204600F06DF92777680716D59B
:105DB000700714D521686FF0040008610220207775
:105DC0002068806910F4407F204602D0FFF7D4FDA0
:105DD00004E000F0A3F8204600F054F927772807E4
:105DE00015D5300713D521686FF00800086104202D
:105DF00020772068C0698007204602D0FFF7BCFDED
:105E000004E000F08BF8204600F03CF92777E80624
:105E100016D5F00614D521686FF01000086108202F
:105E200020772068C06910F4407F204602D0FFF739
:105E3000A3FD04E000F072F8204600F023F9277774
:105E4000E80708D0F00706D021686FF0010008616C
:105E5000204600F073F9280608D5300606D52168DB
:105E60006FF0800008612046FFF718FC680608D52F
:105E7000700606D521686FF040000861204600F0EA
:105E8000C5F9A8060AD5B00608D521686FF020002C
:105E900008612046BDE8F041FFF701BCBDE8F08194
:105EA00000B585B000210091019102910391164B3C
:105EB0000268164802219A420FD1826942F0040218
:105EC00082618069039100F0040004904FF46060E7
:105ED000CDE9000169460E4811E00E4B9A4210D1FF
:105EE000826942F0080282618069039100F0080033
:105EF00004904FF47070CDE9000169460648FEF742
:105F0000D7FE05B000BD0000002C0140001002408B
:105F10000008014000080040000C0140704770B5C7
:105F2000044690F83C0000260D4601280FD00120C1
:105F300084F83C006AB1042A1DD0082A2FD00C2A0C
:105F40003FD00126002084F83C00304670BD02207E
:105F500070BD206802F05AFA2068816941F008019A
:105F600081612068816921F0040181612068816973
:105F70002A69114311E0206802F078FA20688169EB
:105F800041F4006181612068816921F4806181614F
:105F9000206881692A6941EA02218161D2E720688B
:105FA00002F09AFA2068C16941F00801C1612068D5
:105FB000C16921F00401C1612068C1692A691143E6
:105FC00011E0206802F0BCFA2068C16941F4006168
:105FD000C1612068C16921F48061C1612068C16923
:105FE0002A6941EA0221C161ACE710B5040003D07F
:105FF00094F83D0010B107E0012010BD002084F8A6
:106000003C00204600F01EF8022084F83D00211DCF
:10601000206802F08DF9012084F8460084F83E00E3
:1060200084F83F0084F8400084F8410084F842007E
:1060300084F8430084F8440084F8450084F83D0067
:10604000002010BD08B50C4A01680C48914207D1E8
:10605000816941F400618161806900F4006009E0B8
:10606000074A914207D1C16941F00401C161C06989
:1060700000F00400009008BD002C01400010024018
:10608000000800407047000010B50446022249B1E4
:1060900004290ED0082913D094F84100012816D005
:1060A000012010BD94F83E000128F9D184F83E206B
:1060B0000FE094F83F000128F2D184F83F2008E077
:1060C00094F840000128EBD184F8402001E084F8E6
:1060D00041200122206802F079F913492068134A0F
:1060E000884201D0904203D1436C43F4004343649F
:1060F000206888420DD090420BD0B0F1804F08D07C
:106100000B49884205D00B49884202D00A4988428F
:1061100004D1816801F00701062903D0016841F02C
:1061200001010160002010BD002C0140003401403D
:106130000004004000080040000C00402DE9F04140
:1061400001682C482C4C814207D12088401C80B229
:106150002080C82801D3002020802848814246D1D1
:10616000274D2188274E2888884201D2002200E04E
:10617000012208213046FEF79CFE6888218888426B
:1061800001D2002200E0012204213046FEF791FEF8
:10619000A88821881C4F884201D2002200E00122F9
:1061A00040213846FEF785FEE8882188884201D2E2
:1061B000002200E0012202213046FEF77AFE288903
:1061C0002188884201D2002200E001228021384645
:1061D000FEF76FFE68892188884201D2002200E024
:1061E00001223046BDE8F0410121FEF762BEBDE864
:1061F000F0810000000C00408C00002000100040E6
:10620000BC65002000140140001001407047704739
:1062100070B5026804461068D168536910F00F0F1A
:1062200056D003F0010501F490762E436AD0C207E0
:1062300005D0CA0503D5226C42F001022264420750
:1062400005D5DA0703D0226C42F0020222648207ED
:1062500005D5DA0703D0226C42F00402226402075B
:1062600007D501F020022A4303D0226C42F0080235
:106270002264226C002A3ED0800608D5880606D506
:1062800094F83D00222820462FD002F093FB20688E
:106290004069216CC0F38010090700D460B3204628
:1062A00002F0C8FA20684169490621D5416921F008
:1062B00040014161A06BD8B138494163A06BFEF742
:1062C00093F9002817D0A06B416BBDE870400847D8
:1062D000830617D58B0615D594F83D00222819D1D1
:1062E0002046BDE8704002F0B3BA02F0B1FACEE742
:1062F0002046FFF78CFF70BD2046FFF788FF002087
:10630000206470BD030634D50B0632D594F83D00E9
:10631000122804D02046BDE8704002F04BBB94F830
:106320003D001228EDD1A068B0F5805F01D1206951
:10633000B0B1606A411C6162216800784860608D7C
:10634000401E0004000C6085DBD12068C16821F08C
:106350008001C1602068C16841F04001C16070BD2A
:10636000606A0088C0F308005060606A801C606248
:10637000E5E74006F3D54806F1D5D168204621F07F
:106380004001D16021684A6922F001024A6101217D
:1063900084F83D1000F07BF870BD000025880008EF
:1063A00070B5040004D094F83D00002510B106E05B
:1063B000012070BD84F83C50204600F01BF80220FC
:1063C00084F83D00204602F08BFA2068016921F430
:1063D000804101612068416921F02A014161206802
:1063E000C16841F40051C1602564012084F83D007A
:1063F000002070BD30B585B0002400940194029453
:10640000039400681D49884235D11D48C16941F493
:106410008021C161C16901F480210491816941F049
:10642000100181618069174D00F0100004904FF455
:10643000A050009002200190032003906946284656
:10644000FEF736FCE814CDE90004694628460294BC
:10645000FEF72EFC0C48416821F0300141F0E0616C
:1064600041F010014160002205212720FEF792FD36
:106470002720FEF781FD05B030BD00000048004038
:1064800000100240001001400000014070477047BA
:106490007047000070B500211348FFF7F5FD124D5D
:1064A00000242868446304212846FFF7EDFD28688E
:1064B000846308212846FFF7E7FD2868C4630C21A0
:1064C0002846FFF7E1FD2868046404210748FFF728
:1064D000DBFD064D2868846308212846FFF7D4FDBC
:1064E0002868C46370BD0000FC0800202408002058
:1064F00070B50D46044600F019F9782000F0D4F884
:1065000000F064F9204600F0CFF800F05FF928466B
:1065100000F0CAF800F05AF9BDE8704000F02EB95A
:1065200010B5012202211F48FEF7C3FC0C211E48B2
:10653000FFF7AAFD012211031C48FEF7BAFC00F088
:10654000F5F8782000F0B0F800F040F9AA2000F04B
:10655000ABF800F03BF900F011F90520FBF718F952
:10656000C0210846FFF7C4FFC021C220FFF7C0FFCB
:106570000121D020FFF7BCFFF4218220FFF7B8FFF4
:1065800001218420FFF7B4FF0C218820FFF7B0FF22
:1065900003218620FFF7ACFFBDE81040FF2000F08C
:1065A00007B800000018014024080020000C01403A
:1065B000094A30B100215054491CC9B27829FAD394
:1065C00006E0002001461154401CC0B27828FAD3DE
:1065D000014800F003B800001C51002070B50546CA
:1065E00000F0A4F8782000F05FF800F0EFF88020C9
:1065F00000F05AF800F0EAF8002000F055F800F03A
:10660000E5F80024285D00F04FF800F0DFF8641C86
:10661000E4B2782CF6D3BDE8704000F0AFB8FEE7E6
:1066200010B50D4A0178136849B2D96301794BB2AC
:106630000A490C68A363037A12685BB29363027B16
:106640000B6852B25A63027C0B6852B21A64007D26
:10665000096840B2C86310BD24080020FC0800206F
:1066600006484FF400410160002141600121816032
:106670000321C16001460248FEF71ABB9451002075
:10668000000C014006484FF40041016001214160C7
:1066900081600321C16001460248FEF709BB00008A
:1066A00094510020000C01402DE9F04707460024DA
:1066B000FFF7E8FF1C4D4FF4004600223146284604
:1066C000FEF7F7FB4FF40059002249462846FEF733
:1066D000F0FB0520FBF768F8B2464FF001084E4684
:1066E000C4F1070108FA01F0384201D0012200E0AC
:1066F000002251462846FEF7DCFB0520FBF754F844
:10670000012231462846FEF7D4FB0520FBF74CF862
:10671000002231462846FEF7CCFB641CE4B2082C6C
:10672000DED3BDE8F0870000000C014070B5FFF734
:10673000A9FF0122104DD40321462846FEF7B9FBDC
:106740000122560331462846FEF7B3FB0520FBF72E
:106750002BF8002221462846FEF7ABFB0520FBF76D
:1067600023F8002231462846FEF7A3FBBDE870401F
:106770000520FBF719B80000000C014070B5FFF7C9
:1067800081FF114D4FF40044002221462846FEF7B8
:1067900090FBA610002231462846FEF78AFB052012
:1067A000FBF702F8012231462846FEF782FB05205E
:1067B000FAF7FAFF012221462846FEF77AFBBDE8E8
:1067C00070400520FAF7F0BF000C014070B50024BE
:1067D000FFF746FF01220D4D560331462846FEF7CE
:1067E00068FB0520FAF7E0FFB1002846FEF75CFBE6
:1067F000012800D10124002231462846FEF759FB2A
:106800000520FAF7D1FF204670BD0000000C0140C2
:106810002DE9F0470025DFF89C80274F81462E4662
:1068200005EBC50108EBC1046078A0B357F825104B
:106830004846F9F728FD47F82500B0F17C5F2FDBCB
:10684000A08840B1A07B401C40B2A073032803DDA8
:106850000120A07300E0A673B4F9180028B194F8E1
:106860002610C94384F8261001E084F82660616B85
:1068700091B1218C29B194F8261094F944209142C9
:106880000AD018B194F82700032805D114F8440F52
:10689000C043207002E009E084F8446047F82560B6
:1068A0006D1CEDB2062DBBD3BDE8F087A67384F84E
:1068B0002660F1E7C06C0020C86500202DE9FE4F7E
:1068C00000244D48009401944A49029401608915BE
:1068D00081600126067304750C2505614FF4602163
:1068E0004460C161FDF712FD08B1FDF7DDFA4FF01C
:1068F0000508CDE900864FF0070969463E48CDF806
:106900000890FDF781FC08B1FDF7CEFA4FF0040BBB
:106910004FF0020ACDE900BA69463748FDF774FC2A
:1069200008B1FDF7C1FA0E200327CDE9000769463B
:106930003148FDF769FC08B1FDF7B6FA0F20CDE943
:10694000000B69462C48FDF75FFC08B1FDF7ACFA77
:10695000CDE9006869462848FDF756FC08B1FDF707
:10696000A3FA0620CDE9004069462348FDF74CFC18
:1069700008B1FDF799FA0D20CDE9000969461E48D6
:10698000FDF742FC08B1FDF78FFA0820CDE9005071
:1069900069461948FDF738FC08B1FDF785FA09206A
:1069A000CDE900A069461448FDF72EFC08B1FDF7BB
:1069B0007BFA0A24CDE9007469460F48FDF724FCF0
:1069C00008B1FDF771FA0B200090019069460A4862
:1069D000FDF71AFC08B1FDF767FA69460648CDE9EC
:1069E0000045FDF711FC002801D0FDF75DFABDE878
:1069F000FE8F000000240140B0070020094808B5C0
:106A0000416941F0010141614069002200F001004B
:106A1000009011460B20FEF7BDFABDE808400B20A0
:106A2000FEF7AABA001002402DE9F04F85B000240D
:106A30004C480094019402940394816941F0100140
:106A40008161816901F010010491816941F00401C3
:106A50008161816901F004010491816941F00801BB
:106A60008161816901F008010491816941F020018F
:106A70008161816901F020010491816941F0400147
:106A800081618069DFF8E08000F04000049000221E
:106A90004FF430414046FEF70CFADFF8D090002268
:106AA000C0214846FEF705FADFF8C4A000220F21F6
:106AB0005046FEF7FEF9DFF8BCB00022032158462D
:106AC000FEF7F7F94FF4805001250226CDE90005C5
:106AD000CDE9024669464046FEF7EAF84FF4204009
:106AE000CDE900050327CDE9025769464046FEF788
:106AF000DFF84FF4AC60CDE90004694650460294DB
:106B0000FEF7D6F84FF4207000901B48CDE9010441
:106B100069465046FEF7CCF8C020CDE90005CDE926
:106B2000024669464846FEF7C3F80F20CDE9000546
:106B3000CDE9024669465046FEF7BAF8009703963B
:106B4000CDE9015469465846FEF7B2F80022052106
:106B50001720FEF71FFA1720FEF70EFA05B0BDE862
:106B6000F08F000000100240000C014000100140B6
:106B700000140140001801400000111010B592B03F
:106B800000240F941C2168461094F9F764FB20211F
:106B900007A8F9F760FB2948274901600821C0E9E7
:106BA000011440F28F11C0E9031444618461FFF7BE
:106BB0001CFA08B1FDF778F90F940FA91F4810943B
:106BC000FEF798FD08B1FDF76FF96020CDE90004EC
:106BD0000220CDE902040494059404226946174872
:106BE0000694FFF79CF908B1FDF75EF908226946A3
:106BF0001248FFF794F908B1FDF756F90C226946DF
:106C00000E48FFF78CF908B1FDF74EF90794089488
:106C100009944FF400500A94CDE90B4007A90748A6
:106C20000E94FEF73DFD08B1FDF73EF90348FFF76E
:106C300037F912B010BD0000002C014024080020DC
:106C400010B586B000241D48059404940094019466
:106C500002944FF080410394016041F61F41C0E966
:106C600001144FF6FF71C0E903148461FEF764FF5D
:106C700008B1FDF719F9049404A910480594FEF72A
:106C800039FD08B1FDF710F90120CDE900400820D9
:106C9000CDE90240024669460848FEF7BBFE08B14E
:106CA000FDF702F90C2269460448FEF7B3FE0028FE
:106CB00001D0FDF7F9F806B010BD00006C08002007
:106CC00010B586B0002426480594049400940194DD
:106CD000029422490394016041F61F41C0E9011466
:106CE0004FF6FF71C0E903148461FEF725FF08B178
:106CF000FDF7DAF8049404A919480594FEF7FAFCA4
:106D000008B1FDF7D1F80120CDE900400820CDE918
:106D10000240002269461248FEF77CFE08B1FDF7EA
:106D2000C3F8042269460E48FEF774FE08B1FDF769
:106D3000BBF8082269460A48FEF76CFE08B1FDF769
:106D4000B3F80C22694606480394FEF763FE002858
:106D500001D0FDF7A9F806B010BD00000004004006
:106D6000B408002010B58AB0002407941C2168469E
:106D70000894F9F770FA2348214901600821C0E915
:106D8000011440F28F11C0E903148461FFF72DF95B
:106D900008B1FDF789F8079407A91A480894FEF787
:106DA000A9FC08B1FDF780F86020CDE900040220BD
:106DB00002900022694604941248FFF7B0F808B127
:106DC000FDF772F8042269460E48FFF7A8F808B1EB
:106DD000FDF76AF8082269460A48FFF7A0F808B1EB
:106DE000FDF762F80C2269460648FFF798F808B1EB
:106DF000FDF75AF80348FFF753F80AB010BD00003A
:106E000000080040FC08002010B586B00024164899
:106E1000009401940294039404941249059401602F
:106E20004721C0E901140F21C0E903148461FEF772
:106E30009FFC08B1FDF738F84FF480500090694688
:106E40000948FEF72BFD08B1FDF72EF8049404A9BC
:106E500005480594FEF74EFC002801D0FDF724F804
:106E600006B010BD000C0040440900201CB50024F1
:106E70000E4800940C49019401604721C0E90114B7
:106E80000F218461C160FEF773FC08B1FDF70CF8B7
:106E90000094694605480194FEF72CFC002801D0B7
:106EA000FDF702F81CBD0000001000408C09002016
:106EB0000D4810B50B4901604FF4E13141600021EC
:106EC00081600C22C160C0E904128161C16101626C
:106ED000FFF766FA002803D0BDE81040FCF7E4BFD6
:106EE00010BD000000480040D4090020FEE700006B
:106EF0002DE9F74F40F61C4084B015460C468242FF
:106F000000DD0546604804EBC40100EBC10BA5F1B0
:106F10009601BBF91C60DFF874A140F28F108E421D
:106F200005DA00BF4AF8240007B0BDE8F08F4FF043
:106F30000009B5F5FA6F1EDCA5F1640086421CDA83
:106F4000534D049855F82410F9F79DF9514945F827
:106F50002400884203DAFA214AF82410E4E74D4974
:106F600049420844B0F5C00F02D24AF82490DBE74A
:106F700045F82490D8E7AE42D4DBA91B464831310E
:106F8000632902D20121015502E0494600F804902C
:106F9000C8B264214843F9F7DBFB80463046F9F775
:106FA000CEFB03902846F9F7CAFB0146384804EBAC
:106FB00084025430394F00EBC2068DE8C001A0F1C5
:106FC0000C03DDE90320F9F759FF706A10F1FF4F58
:106FD00002D3C6F8249002E0B84200DD7762BBF924
:106FE0001C102F4804EB840200EBC207A94215DAFB
:106FF000BBF92C00F9F7A3FB2A49DFF8AC80009716
:10700000CDE90181264B02460C3B4FF07C510498A0
:10701000F9F734FF796A11F1FF4F02D3C7F82490D2
:1070200003E0414501DDC7F824801949BBF91C0084
:10703000DFF878B01831A84204DD4AF8249041F80E
:10704000249071E7884651F824100498F9F71BF949
:1070500048F824000546706A5E465946F9F79DF9DE
:107060002946F9F7F1FB05D8786AF9F787FB4AF862
:10707000240001E04AF8249058F82410B142E0DDE1
:1070800048F8249050E70000C06C0020A86C002055
:107090006C69002000004040720700200000C842D8
:1070A000BC6A00200000484200007A4300002041F2
:1070B00010B5114C012211462046FDF7FAFE0122BF
:1070C00002212046FDF7F5FE012204212046FDF7AE
:1070D000F0FE012208212046FDF7EBFE074C0122BD
:1070E00040212046FDF7E5FE20460122BDE8104084
:1070F0008021FDF7DEBE00000014014000100140B9
:107100002DE9F14F0024374FDFF8DCA0374DDFF8D1
:10711000E08084B04FF07E5BA14600BF04EBC40169
:1071200007EBC100427892B3B0F9086086B317F854
:10713000311079B104EB840005EBC006706A10F0E1
:10714000FF4F03D05946F9F7F0F8706210F1FF4F86
:1071500034D21FE0B0F90600F9F7F1FA0390304697
:10716000F9F7EDFA0146234804EB840205EBC20669
:10717000CDE9006002901D4BDDE903200C3BF9F7DF
:107180007DFE716A5046814203DD084602E017E049
:1071900005E07062F9F7F2FA08F8040018E004EB71
:1071A000840005EBC006706A10F0FF4F03D059460B
:1071B000F9F7BBF8706201465045E6DA4846E8E761
:1071C00004EB840105EBC1010B48486008F804900A
:1071D000641CE4B2062CA1D305B00548BDE8F04F0D
:1071E00000F00CB8C06C00200000A04164680020D2
:1071F0006C070020000048430000C841044A0021F9
:10720000435C22F81130491CC9B20629F8D37047F3
:10721000BC65002004480349016004494160002125
:10722000816070470BD7233D5868002090C2753DA0
:1072300008B502F049FA0090FFF7ECFF054C204634
:10724000FFF75EFF2046FAF735F83221684602F074
:10725000FDF9F4E7CDCC4C3DFEE700002DE9FF5FE2
:1072600082460F46444801EBC70100EBC109A2F179
:10727000B400B9F91E601546864202DA40F61C4297
:1072800072E0A5F16400864206DA1046F9F757FA73
:107290003A49F9F750F864E0394807EB870100EB09
:1072A000C1044FF0000BB5F52F7F104621DDF9F733
:1072B00054FA344A344BF9F761F9F9F79FFA8046EA
:1072C0003046F9F73CFA06462846F9F738FA2F4ACD
:1072D000CDE90280CDE90042294B01460C3B324604
:1072E0005046F9F7CBFD2A49606A22E0C4F824B081
:1072F00022E0F9F732FA4FF03332264BF9F73EF934
:10730000F9F77CFA80463046F9F719FA064628461E
:10731000F9F715FA1D4ACDE90280CDE90042184B74
:1073200001460C3B32465046F9F7A8FD606A4FF023
:107330007F5110F1FF4FD9D20398F8F7FCFF0646B2
:10734000616AF9F777FA00D26662B9F91E00A842BD
:1073500001DB002208E02846F9F7F1F9616AF8F745
:1073600092FFF9F70BFA024604B039465046BDE8E1
:10737000F05FFFF7BDBD0000C06C002000002040A2
:10738000B86B0020CDCCCCCCCCCC084000401C4508
:10739000666646403333F33F114F124DDFF8489095
:1073A00007F118085FF00004F9F7BAFC57F8240059
:1073B000F9F71AFC04EBC40105EBC106F08358F899
:1073C0002400F9F711FC641CE4B2B083062CEBD363
:1073D000484600F09FF80A2001F0E8FFE2E70000CD
:1073E0005C650020C06C00200AD7233C2DE9F041E9
:1073F00050212548FCF746FE234C0126DFF88C80FF
:107400002078234D234FAA2802D16078B62819D0BE
:1074100000F042F85FF0000004EB400200EBC00116
:1074200005EBC10153888B80D2890A8304EB80026B
:10743000401CD269C0B20A630628EDD388F8006008
:107440003E7018E05FF0000004EB400200EBC0016A
:1074500005EBC10153888B80D2890A8304EB80023B
:10746000401CD269C0B20A630628EDD388F80060D8
:107470003878002805D000203870BDE8F04100F0D1
:107480002DB8BDE8F0810000706600203C070020A8
:10749000C06C00203407002070B50E49AA200E4EA3
:1074A00008700020024640F2DC544FF4B97500BF6A
:1074B00001EB40035C80DD8101EB8003401CC0B226
:1074C0005E63DA610628F3D381F84C20B620487059
:1074D00070BD000070660020008078445021014893
:1074E000FCF7ECBD7066002070B5084C00252178D3
:1074F00051B16168F8F7C7FE6060B0F17C5F02DBF4
:10750000FFF7ECFF257070BD656070BD340700208B
:10751000F8F73CBE70B5104CA168F8F7B4FEA06057
:10752000B0F17E5F16DB0D4B0D4D0E49002000BF04
:1075300053F82020AA4200EBC00201EBC20201DA9C
:10754000D68B00E0968B401CC0B256830628EFD342
:107550000020A06070BD0000800000205C6500205D
:1075600000800945C06C00202DE9F041074618480D
:107570001C46154600780E46532801D001F086FAC5
:10758000EFF31182202080F3118811495FF0000091
:1075900000EB400301EBC303DB691BB10B69401C2B
:1075A0008342F5DC0B6983420BDD00EB400301EB0A
:1075B000C3018F61CE610D6200238B624B62CC628E
:1075C00001E04FF0FF30D1B281F31188BDE8F081C6
:1075D000706E00202DE9F04104461548DDF8188052
:1075E0001D46007816460F46532801D001F04EFA8A
:1075F0000F48032C18D2EFF31181202282F3118857
:1076000004EB440200EBC20060302CB1076046601E
:10761000856000220261C260C0F81480C8B280F3A5
:1076200011880020BDE8F0814FF0FF30FAE700003C
:10763000706E00202DE9F04705461C4816460C46A2
:107640000078532801D001F021FA184905EB4500D4
:1076500001EBC007A046D7E91B95002460374D45D4
:1076600011D9B868441BB44200D334467868224626
:1076700041194046F8F7D6FDB868361B2544A044AA
:10768000A84200D10025A9EB0500B04200D2064671
:107690003EB17868324641194046F8F7C3FD34449C
:1076A000354404B13D612046BDE8F087706E00208E
:1076B0002DE9F0410F46194900EB400001EBC004F1
:1076C0001646A16A656AE06918342844A94217D8A9
:1076D000A268521B531EB34201D3324614E0194430
:1076E000B14219D315463946F8F79CFD2A46761B58
:1076F00004D0B91832466068F8F794FDE66008E0F7
:10770000491B491EB14207D33946F8F78BFDA8192A
:10771000E0600120BDE8F0810020FBE7706E0020F2
:10772000084810B5054B064A014600F04DF8BDE883
:1077300010404FF0805000F055BA0000AD8D0008A9
:107740004CA0000800A24A0470B5EFF31185202078
:1077500080F311881B48A0F12F040146626804E001
:1077600042F0800301F8013BD2097F2AF8D801F8E2
:10777000012BA26805E000BF42F0800301F8013B45
:10778000D2097F2AF8D801F8012B226905E000BF51
:1077900042F0800301F8013BD2097F2AF8D801F8B2
:1077A000012B002201F8012B182201F0FFF9E8B2A9
:1077B00080F31188606A002802D0BDE8704000475D
:1077C00070BD0000577700202DE9F8431E4617468C
:1077D0008846814600234FF480620D490DA0FFF7D3
:1077E000C3FE0E4CC0B200256070207608230C4A00
:1077F00008A10095FFF7EEFE0A4825614068C4F82D
:107800000490C4E90280C4E908762570BDE8F883D5
:107810002873002053797356696577002877002014
:10782000A4070020001000E010B5EFF31184202021
:1078300080F3118804481122014601F0B7F9E0B243
:1078400080F3118810BD00005777002010B5014665
:10785000EFF31184202080F311880B48A0F12F0250
:1078600012698A1A014604E042F0800301F8013BE4
:10787000D2097F2AF8D801F8012B082201F096F9E5
:10788000E0B280F3118810BD5777002010B5014693
:10789000EFF31184202080F311880B48A0F12F0210
:1078A00012698A1A014604E042F0800301F8013BA4
:1078B000D2097F2AF8D801F8012B042201F076F9C9
:1078C000E0B280F3118810BD5777002010B5014653
:1078D000EFF31184202080F311880B48A0F12F02D0
:1078E00012698A1A014604E042F0800301F8013B64
:1078F000D2097F2AF8D801F8012B062201F056F9A7
:10790000E0B280F3118810BD577700200A4810B507
:10791000006A48B1006838B180470A460146BDE8B0
:1079200010400D2000F02AB804484168BDE810401E
:107930000C2000F005B8000028770020001000E0BF
:1079400070B50246EFF31184202080F311880A48B5
:10795000034604E041F0800500F8015BC9097F2976
:10796000F8D800F8011B0146184601F01FF9E0B2F3
:1079700080F3118870BD00005777002070B5054670
:10798000EFF31184202080F311880F48034604E0B0
:1079900041F0800600F8016BC9097F29F8D800F88A
:1079A000011B04E042F0800100F8011BD2097F2A8C
:1079B000F8D800F8012B01462A46184601F0F6F8DF
:1079C000E0B280F3118870BD5777002010B50246F1
:1079D000EFF31184202080F311880448014601F060
:1079E000E5F8E0B280F3118810BD00005777002061
:1079F00070B501461E484468002C38D0002003E0D2
:107A00002469002C33D0401C8842F9D3EFF311864F
:107A1000202080F31188174D284604E041F08002B1
:107A200000F8012BC9097F29F8D800F8011BA168CB
:107A300005E000BF41F0800200F8012BC9097F2951
:107A4000F8D800F8011B8022216801F051F80146A6
:107A50001622284601F0AAF8F0B280F31188002C13
:107A600005D0E068002802D0BDE87040004770BD36
:107A70009C07002057770020054810B54468002C6B
:107A800004D0E06800B180472469F8E710BD000029
:107A90009C07002010B5EFF31184202080F311889B
:107AA0000B4A0A480146127805E000BF42F0800305
:107AB00001F8013BD2097F2AF8D801F8012B1B22DB
:107AC00001F074F8E0B280F3118810BD5777002000
:107AD0009C07002070B5EFF31185202181F31188F8
:107AE000074C01468022204601F002F801460E2292
:107AF000204601F05BF8E8B280F3118870BD000009
:107B0000577700202DE9F0410546EFF3118620203C
:107B100080F311882C4C2968A4F12F0720463A697C
:107B2000891A04E041F0800200F8012BC9097F297D
:107B3000F8D800F8011BA96805E000BF41F08002F9
:107B400000F8012BC9097F29F8D800F8011B202271
:107B5000696800F0CDFF01460922204601F026F8B1
:107B600028683A692146801A05E000BF40F080028B
:107B700001F8012BC0097F28F8D801F8010BE8684B
:107B800005E000BF40F0800201F8012BC0097F280A
:107B9000F8D801F8010B286905E000BF40F0800229
:107BA00001F8012BC0097F28F8D801F8010B00204B
:107BB00001F8010B1522204600F0F8FFF0B280F327
:107BC0001188BDE8F0810000577700200448006A62
:107BD000002803D04068002800D00047704700000C
:107BE00028770020014908617047000028770020AD
:107BF00001490969401A70472877002070B5294C5F
:107C000001202070EFF31185202686F3118860781B
:107C10000A222549FFF74CFDE8B280F311880A20BB
:107C2000FFF7D4FEEFF3118586F3118804F12F00DE
:107C30000146626805E000BF42F0800301F8013BA5
:107C4000D2097F2AF8D801F8012BA26805E000BF0D
:107C500042F0800301F8013BD2097F2AF8D801F8ED
:107C6000012B226905E000BF42F0800301F8013BCF
:107C7000D2097F2AF8D801F8012B002201F8012B44
:107C8000182200F093FFE8B280F31188606A00B117
:107C90008047FFF73BFEFFF799FFBDE87040FFF715
:107CA000F9BE00002877002030A0000870B5EFF37F
:107CB0001184202080F311880748A0F12F0529782E
:107CC00029B10B22014600F071FF00202870E0B2BC
:107CD00080F3118870BD00005777002070B5EFF376
:107CE0001185202181F311880A4C0146802220460B
:107CF00000F0FEFE012100F8011B002100F8011B2D
:107D000001461A22204600F051FFE8B280F31188A4
:107D100070BD000057770020F8F716BA2DE9F84338
:107D20000C46174680461E46052213A12046089D94
:107D3000F8F79CFA00281CD0114A1068082804D3D0
:107D4000BDE8F8430F48FFF7C9BF00EB80010E4BB9
:107D5000401C43F8218003EB81013346C1E9014710
:107D6000C1E9036510603A4621464046009500F09F
:107D700047F8BDE8F883000049444C450000000086
:107D8000AC07002054A000083478002070B51A4CCD
:107D90002268002A2FD00021184B06E001EB810554
:107DA00053F82550854202D0491C9142F6D3501E0B
:107DB000814204D101EB810003EB800015E0914288
:107DC00019D202EB820003EB800001EB810150F835
:107DD000142D43F8212003EB810142684A60826838
:107DE0008A60C268CA6002690A611421F8F733FA2E
:107DF0002068401E206070BDAC0700203478002051
:107E00002DE9F04186B00D4604461F461646142162
:107E10006846DDF83080F8F71EFA8DE8F001684614
:107E2000FFF770FE06B0BDE8F0810000F0B5514CE0
:107E300001EBC1014FF47A7504EBC10150B100248C
:107E4000142B72D282B3012A5ED0022A5FD0032A99
:107E500029D167E00A27484E4FF0640C40F2DC500D
:107E600040F61C44142B23D232B1012A04D0022A3A
:107E700009D0032A78D118E08A880A3212B28A809F
:107E80000A2A27D022E0B1F91800A84201DA401DE1
:107E900005E090FBF7F207FB12024ABB21E00883E2
:107EA00000B2A04257DC5FE02EE0086B3C3026E0D9
:107EB00032B1012A04D0022A0FD0032A54D11BE088
:107EC0008A881E3212B28A801E2A03D082424BDD7B
:107ED000888049E0A1F804C046E0B1F91800A84242
:107EE00001DA0A30DBE790FBF7F207FB12020AB176
:107EF0000D8339E01430D2E7086B00F59670086303
:107F0000B04231DD0E632FE088880A3817E0B1F9FE
:107F10001800A84201DC401F00E00A38088300B2C4
:107F200017E002E0086B3C381AE032B1012A04D0B5
:107F3000022A0AD0032A17D10FE088881E3800B21F
:107F40008880322810DA8C800EE0088B143800B25A
:107F50000883002808DC0C8306E0086BA0F5967007
:107F60000863002800DC0C6304494FF0804008607F
:107F7000F0BD0000C06C002080510100980000207E
:107F8000054C2046F9F716FA2046FFF7ADFA6420B3
:107F900001F00CFAF5E70000CDCCCC3D2DE9F8411D
:107FA0000E461149C0EBC000104F002401EB400504
:107FB000A1F1070805EB44000088ADF80000B85DAA
:107FC00018F8041008429DF801109DF8000001D037
:107FD0000A4600E0002200F031FF641CE4B2072CE6
:107FE000E8D3BDE8F8810000A3000020FC9F000852
:107FF000124E134F5FF0000505EBC50006EBC00401
:10800000A08860812846F9F7C1FA208B6084294650
:108010003846F9F70FFB206BE063606B6D1C3B305B
:10802000EDB22064062DE7D3384600F0EBFB0348A1
:10803000F9F7E2FB642001F0B9F9DBE7C06C00203E
:10804000CDCCCC3D08B501F03FFB054C009020465F
:10805000F9F760FA3221684601F0F8FAF7E7000014
:10806000CDCC4C3D1CB501F05BF93A490220CDE97D
:1080700000010023802238A13C4801F0B9FA3549BB
:1080800006201039CDE900010023802238A13B48A9
:1080900001F0AEFA2F4905201439CDE90001002383
:1080A000802237A1394801F0A3FA2A490920203952
:1080B000CDE9000100234FF4807235A1384801F06A
:1080C00097FA244903201C39CDE9000100238022BE
:1080D00034A1374801F08CFA1E490A202439CDE931
:1080E00000010023802233A1354801F081FA1949AB
:1080F00004201839CDE900010023802231A1344841
:1081000001F076FA134908200C39CDE9000100236B
:10811000802230A1334801F06BFA0E49072008395C
:10812000CDE90001002380222FA1324801F060FA3E
:1081300008490B20091FCDE90001002380222EA150
:10814000304801F055FA002001F04CF9BDE81C4020
:1081500001F0F4B86807002043616C6962726174D1
:10816000696F6E5F5461736B00000000F5100008CA
:1081700053706565645F5461736B0000458000084F
:108180004D6F746F725F5461736B00003172000841
:1081900053686F775F446973706C61790000000009
:1081A000F17F000845433131415F5461736B00003A
:1081B000153E000842757A7A65725F5461736B00F0
:1081C000D10F00085054313030305F5461736B0070
:1081D0009973000853657474696E675F5461736BBB
:1081E00000000000817F000854656D705F5461736A
:1081F0006B0000006D87000854696D655F54617302
:108200006B000000E587000810B5FCF75DFE01F08B
:108210004DFA012803D0BDE8104001F0D3B910BDDC
:1082200030B595B028216846F8F715F814210AA84A
:10823000F8F711F818210FA8F8F70DF80121080434
:10824000CDE900100025029502240491CDE90740F4
:108250004FF4E01009906846FDF77CF808B172B65B
:10826000FEE70AA90F2081E831004FF48060CDE9D4
:108270000D0502210AA8FCF791FF08B172B6FEE7CE
:108280004FF4004011900F940FA8FCF711FF002845
:1082900001D072B6FEE715B030BD70471CB5FFF7D0
:1082A0003FFAFFF7A3F8FBF785FDFBF7D7FDFEF7D5
:1082B000F1F8FBF7DFFBF8F7B7FBFEF731F90A49F6
:1082C00008480860F8F794FE08490120CDE900014C
:1082D0000023802206A1094801F08AF9BDE81C406C
:1082E00001F0E4B8CDCCCC3D740000208C07002018
:1082F00053746172745F5461736B00006580000891
:108300000148FDF735BD00006C0800200148FDF76D
:108310002FBD0000B40800200148FDF729BD000072
:10832000440900200148FDF723BD00008C0900200E
:10833000F0B50268204C214D214E224F224B4FF0C8
:10834000804CA04209D0984207D0604505D0A84291
:1083500003D0B04201D0B84204D122F0700E4A6876
:1083600042EA0E02A04209D0984207D0604505D0EB
:10837000A84203D0B04201D0B84203D122F44075E4
:10838000CA682A434D6922F080022A4302608A6843
:10839000C2620A688262A04201D0984201D1096992
:1083A0000163012141610169C90703D0016921F01D
:1083B00001010161F0BD0000002C014000040040FB
:1083C00000080040000C00400034014010B501F0EE
:1083D0001F030121046A99408C430462016A9A4098
:1083E0001143016210BD10B5846842EA032224F4EF
:1083F0007F440A432243826010BD826822F07002EB
:108400000A4342F00701816070470000F0B5036A3B
:10841000026A22F00102026242688469124E24F06C
:1084200073050C682C4323F002058B682B430D4D1C
:10843000A84201D0B04205D123F00807CB683B43E6
:1084400023F00403A84201D0B04205D14D6922F4C3
:10845000407215438A692A434260846149684163D6
:108460000362F0BD002C014000340140F0B5026A07
:10847000036A23F010030362436884690D6824F4DF
:10848000E64444EA05248D6822F0200242EA0512FF
:108490000F4D104EA84201D0B04206D1CF6822F055
:1084A000800242EA071222F04002A84201D0B04204
:1084B00007D14D6923F4406343EA85038D6943EA9C
:1084C000850343608461496881630262F0BD0000F6
:1084D000002C014000340140F0B5026A036A23F425
:1084E000807303624368C46922F4007224F0730548
:1084F0000C68124E2C438D6842EA05220E4DA842AC
:1085000001D0B04206D1CF6822F4006242EA0722CD
:1085100022F48062A84201D0B04207D14D6923F411
:10852000405343EA05138D6943EA05134360C46170
:108530004968C1630262F0BD002C01400034014073
:1085400030B5046A026A22F4805202624268C3694A
:108550000D6823F4E64343EA05238D6824F40054B0
:1085600044EA0534084DA84202D0084DA84204D17F
:108570004D6922F4804242EA85124260C361496833
:108580000164046230BD0000002C01400034014051
:1085900010B5036A046A24F001040462846924F0BB
:1085A000F00444EA021423F00A020A4384610262DE
:1085B00010BD000070B5056A046A24F0010404626D
:1085C0008469124EB0420ED0114EB0420BD0B0F1C1
:1085D000804F08D00F4EB04205D00F4EB04202D0AF
:1085E0000E4EB04203D124F00304144301E044F0E2
:1085F00001041A0724F0F00444EA126225F00A0389
:1086000001F00A0119438261016270BD002C014032
:10861000003401400004004000080040000C00400D
:1086200010B5036A046A24F010040462846923F01C
:10863000A00324F4704444EA023243EA0111826147
:10864000016210BD30B5046A056A25F010050562A7
:10865000856925F4407545EA022222F470454FF6FB
:10866000FF7202EA033224F0A0032A43A02404EAA2
:10867000011119438261016230BD00002DE9F05FF4
:10868000DFF888A00024224FAAF10C06DFF88480CE
:108690008346254606F1060904EBC40007EBC0003B
:1086A000417829B31C491D4A51F8241091420FDB2F
:1086B0001AF80420012A03D180F827500AF8045040
:1086C000B0F92020A2B121465846FEF711FC14E073
:1086D000B0F9202062B11AF8043023B980F827508D
:1086E00001200AF8040021465846FEF7B7FD04E0D1
:1086F000355548F8245009F80450641CE4B2062C9F
:10870000CAD3BDE8F05F0348FDF78ABF84070020A5
:10871000C06C0020A86C00205C650020008009452A
:108720000B480A490F4A01600A4941600A498160C1
:10873000FC300A4901600A49416000218160FC3037
:108740000260094AC0E9012170470000CDCCCC3F4E
:10875000B46900206F12033CEC51B83D0000AF43F8
:10876000CDCCCC3E000020400BD7A33C08B500F098
:10877000ABFF0090FFF7D4FF054C204600F00AF84D
:108780002046FFF77BFF0A21684600F05FFFF4E711
:108790000AD7233C2DE9F041104D074600244FF045
:1087A0007E5600BF55F824103846F7F76CFD45F8A3
:1087B0002400B0420CDD0A4804EBC40100EBC10008
:1087C000818BC28D8A1A8285C185002045F82400DC
:1087D000641CE4B2062CE5D3BDE8F0819C6900205E
:1087E000C06C002008B500F06FFF054C00902046DB
:1087F000F8F71AFD6421684600F028FFF7E700004B
:10880000CDCCCC3D10B50446FEF702F82046BDE8BD
:108810001040F8F72DBE00000148FDF7F9BC00003C
:10882000D409002010B5406A002141864185FDF73A
:10883000EEFC10BD0168CA6822F49072CA6001683B
:108840004A6922F001024A61012180F83D10704717
:1088500010B590F83D10222901D0022010BD826889
:108860004FF480539A4201D1016921B1C16A9A4201
:108870001ED04AB10AE00268C16A5268C2F3080217
:108880000A80C16A891C08E002698AB102685268DC
:1088900002F07F020A70C16A491CC162418E491E02
:1088A0004186418E39B10068FF214160002010BD32
:1088B00002685268EEE70168CA6822F02002CA60C6
:1088C0000168CA6822F48072CA6001684A6922F0AD
:1088D00001024A61012180F83D10FDF7D7FDE5E76F
:1088E0002DE9F04104460068C16821F00C01C16027
:1088F00020680169D4E906231A43E568236A21F454
:108900007C512B431A430A4342F4006101612268FF
:10891000D16841F20C6081432369A0681843636900
:108920000B431843D0602068416921F440714161D4
:108930001F49206864253226884202D1FCF7D4FC06
:1089400001E0FCF7C1FC00EBC00101EB0011606825
:108950006FF0180C8000B1FBF0F3B3FBF5F3B1FB43
:10896000F0F7B1FBF0F203FB0CF307EB830306EB2C
:108970000313B2FBF5F2B3FBF5F3120103F0F003BE
:1089800002EB4302B1FBF0F3B1FBF0F0B0FBF5F00A
:1089900000FB0CF003EB800006EB0010B0FBF5F0E1
:1089A000216800F00F0010448860BDE8F0810000ED
:1089B0000038014010B590F83D10322901D0022056
:1089C00010BD418D4FF4805311B301680A68D24342
:1089D00012061DD482689A4201D1026952B1426ADC
:1089E000541C446212784A60418D491E4185418D74
:1089F00049B10DE0426A1288C2F308024A60416A36
:108A0000891C4162F0E70168CA6822F08002CA60EE
:108A1000418EF9B101680A68D24392061AD482687D
:108A20009A4209D10269C2B9C26A4968C1F3080110
:108A30001180C16A891C09E00AB902696AB14968F2
:108A400001F07F01C26A1170C16A491CC162418E86
:108A5000491E4186418E11B115E04968F2E701686F
:108A6000CA6822F02002CA600168CA6822F48072D3
:108A7000CA6001684A6922F001024A61012180F856
:108A80003D10FDF705FD002010BDFEE710B5134CAD
:108A9000A8212046F7F7DFFB03202061606110A0CA
:108AA000A06104F1A800E0614FF480602062002022
:108AB000A0626062E0620AA1216604F595616166C8
:108AC0001021A1662067E06660670849C0F10F02C7
:108AD0008A5C2254401C1028F8D310BD706E002010
:108AE0005465726D696E616C000000001FA0000883
:108AF00030B50346401C0C46802A04D97F2204E08E
:108B000000F8015B491C521E02D30D78002DF7D1ED
:108B1000091B197030BD000038B5234C012269468D
:108B2000207EFEF787FD00281CD09DF80000052858
:108B300025D008DC012816D0022817D0032818D029
:108B4000042808D118E006281CD007281DD07F284B
:108B500008D080281CD0802804D3207E01226946BA
:108B6000FEF768FD38BDFFF749F838BDFFF79EF8FE
:108B700038BDFEF7CBFE38BDFFF728F838BDFEF74D
:108B8000E3FD38BDFEF786FF38BDFEF775FF38BD43
:108B9000207E01226946FEF74DFD0028F7D09DF8A2
:108BA0000000FEF725FF38BD287700202DE9F047AB
:108BB0004A4D0746144628780E464FF00109012811
:108BC00008D0002875D0022804D100F08DF828784C
:108BD00001286ED1202C04D2E96909FA04F001427F
:108BE00067D1E2B2182C0ED3F01B7F2807D9C10938
:108BF0007B1E40F08000197007F8020D01E007F8B5
:108C0000010D7F2C02D2791E0A7039E0E0B240F0EB
:108C10008000B4F5804F04D2E2097B1EB91E1A70A1
:108C20001DE0802343EAD411CAB2B4F5001F06D276
:108C3000A30B7C1E2370BB1EF91E1A700FE080214F
:108C400041EA943101F0FF0CB4F1805F09D2630D69
:108C50007C1E2370FB1E07F802CC1A70391F0870A7
:108C60000EE04FEA147843EA5453BC1E07F8018C17
:108C700023703B1F394607F803CC1A7001F8050D25
:108C800017484468E868201A05E000BF40F08002F9
:108C900006F8012BC0097F28F8D806F8010B721AD4
:108CA0006878FEF705FD08B1EC6002E02878401C0A
:108CB0002870287E00EB40010A4800EBC100C16E1D
:108CC000006F814208D0A878002805D185F802906D
:108CD000FFF722FF0020A870BDE8F087287700206A
:108CE000001000E0706E00203EB50120164C8DF89B
:108CF00000006A46501C616905E000BF41F0800336
:108D000000F8013BC9097F29F8D800F8011B0F4979
:108D10004D68E168691A04E041F0800300F8013B06
:108D2000C9097F29F8D800F8011B821A60786946C2
:108D3000FEF7BEFC20B1E5602178491E21703EBDE2
:108D40006169491C61613EBD28770020001000E088
:108D50000907090E002804DB00F1E02080F8001468
:108D6000704700F00F0000F1E02080F8141D7047FC
:108D700002E008C8121F08C1002AFAD170477047E4
:108D8000002001E001C1121F002AFBD1704770B51D
:108D900000F0A0FC4FF47A730146A1FB030500220A
:108DA000144602FB035201FB042170BD10B504A060
:108DB000FEF790FEBDE810400EA0FEF78BBE00004F
:108DC0004E3D4672656552544F532044656D6F2089
:108DD0004170706C69636174696F6E2C443D436FC0
:108DE000727465782D4D342C4F3D46726565525432
:108DF0004F530000492331353D5379735469636BF8
:108E000000000000F8B500240A4D0B4E0EE000BF34
:108E100004EB840705EB87000169001D009190E8D1
:108E20000E0055F82700FEF7EBFF641C3068844203
:108E3000EED3F8BD34780020AC07002010B5044C08
:108E4000C1F1FF01235C0B401343235410BD00000C
:108E5000F8650020FCF740F8FFF7E2F9FDF7E4FDC4
:108E6000FDF7CCFDFDF72AFDFDF788FEFDF7E8FED6
:108E7000FDF726FFFDF776FFFEF71AF8FDF7F6FF80
:108E8000FDF7C2FFFFF70AFAFEE700002DE9F04107
:108E90001E4C0F460546E6682068001D00F0FAF9F2
:108EA00038B9206890F82C1001208840216981434E
:108EB0002161681C15D1A7B11549226848689060E6
:108EC00023688268DA6022688368121D5A6022680B
:108ED000121D8260206841610868401C0860BDE87E
:108EE000F08120683544B5424560216805D2E06BC9
:108EF000BDE8F041091D00F0EEB9A06B091D00F0BE
:108F0000EAF9A06A8542EAD2A562E8E730000020CB
:108F100008510020F8B5044600F002FA3D4DA8685B
:108F2000401CA86028683C4F10B1686938B32CE039
:108F30002C60A868012828D15FF0000606EB8600A7
:108F400007EB800000F0B9F9761C202EF6D33348E9
:108F500000F0B3F93148143000F0AFF92F48283051
:108F600000F0ABF92D483C3000F0A7F92B48503009
:108F700000F0A3F92948A8631430E86305E02868E5
:108F8000E16AC06A884200D82C60686A401C686246
:108F9000606464B12046FEF759FC236B206804F13D
:108FA0003401C01A00902046E26AFEF7B7FE204660
:108FB000FEF78CFCE16A01202A6988401043286191
:108FC00001EB810007EB80004068A0608168E160F0
:108FD0008268211D51608160E06A00EB800007EB30
:108FE0008001616157F82010491C47F8201000F0FB
:108FF000A5F9686900280CD02868E16AC06A88422F
:1090000007D207494FF080500860BFF34F8FBFF37E
:109010006F8FF8BD30000020384E0020B85000207F
:1090200004ED00E010B50446006B00F091F9204615
:10903000BDE8104000F08CB90E484FF4884142075B
:1090400006D0C01D0B4920F00700411AC1F5884128
:10905000094A00230144C2E900030839143A21F007
:10906000070111604B600B600B1AC0E9001393609D
:1090700053607047380A002024000020144E154C1D
:10908000A6F52F774FF08058DFF84C9012E000BF24
:1090900000F046F9F068C568281D00F0FBF8A068EC
:1090A000401EA0606068401E606000F047F92846DE
:1090B000FFF7B8FF60680028EAD138680128F9D9BD
:1090C000C9F80080BFF34F8FBFF36F8FF2E7000046
:1090D000F45000203000002004ED00E02DE9F047BE
:1090E0000D46DDE909841746824691009946089E9F
:1090F000A522206BF7F7A8F86FF00301206B01EBB6
:109100008701084420F0070765B100202218295C78
:1091100082F83410295C11B1401C1028F6D30020CD
:1091200084F84300202E00D31F26201DE66200F0A5
:10913000CFF804F1180000F0CBF82461C6F120004C
:109140006462A0614A465146384600F091F82060BA
:10915000B8F1000F01D0C8F80040BDE8F08700006A
:1091600030B5114900E011460A688242FBD34B68D2
:109170005C18844203D1406818444860084643683C
:109180001C18944209D1084C143C2468A24209D00E
:1091900052681A4442600A6812680260814200D034
:1091A000086030BD0460F9E7240000200548816BA9
:1091B000096821B1816BC9680968816270474FF005
:1091C000FF31FAE730000020502080F31188BFF310
:1091D0004F8FBFF36F8FFEE770B50446002600F097
:1091E0009BF9224D286808B9FFF726FFCCB304F09D
:1091F0000700C0F11000C1438C4232D82118002969
:109200002FDD686881422CD8184814300246146853
:1092100001E02046144662688A4202D22268002A8F
:10922000F7D12A6894421CD0066822680260606800
:109230000836421A102A04D9601842606160FFF7AC
:109240008FFF61686868401A6860AA68904200D21F
:10925000A86041F00040606000202060E868401C89
:10926000E86000F0CBFA304670BD0000100000202E
:1092700010B5031F4FF080741C601B1F21F001010B
:109280001960191F024B0B60143940380A6010BD79
:10929000C9910008D0E9013201699A60D0E901233F
:1092A0005A604A68824201D182684A6000220261A3
:1092B0000868401E08600868704700F108014FF018
:1092C000FF32C0E90112C1600161002101607047F5
:1092D00000210161704730B50B685A1C02D000F1C3
:1092E000080202E0026904E02246546825689D42B3
:1092F000FAD953684B6099608A60516008610168CF
:10930000491C016030BD42684A6093688B60936875
:109310005960916008610168491C01607047000054
:10932000502080F31188BFF34F8FBFF36F8F024837
:109330000168491C016070472C000020034908683F
:10934000401E086001D180F3118870472C00002076
:1093500070B500281BD0A0F108046068002816DA58
:109360002168002913D120F00040606000F0D4F89B
:10937000074D60686968084468602046FFF7F0FEA2
:109380002869401C2861BDE8704000F037BA70BD04
:10939000100000204FF0E0200021016181610249AE
:1093A00041610721016170473F19010010B50400B8
:1093B0000DD000F0B1F821462320FEF7C1FA0021BC
:1093C0002046FFF763FD00F019FA002807D1044991
:1093D0004FF080500860BFF34F8FBFF36F8F10BD09
:1093E00004ED00E070B50546FFF79AFF2B4C05B978
:1093F0002568281DFFF74EFF58B9E86A284A00EB98
:10940000800152F8211021B901218140206988434F
:109410002061A86A18B105F11800FFF73BFF606AE8
:10942000401C60622068854211D1291D1D48FFF74C
:109430006AFF6068401C60602846FEF7D9FB014661
:109440002220FEF77DFA2846FEF7A0FC0EE0A06879
:10945000401EA0602846FEF7CBFB01462220FEF707
:109460006FFA2846FEF792FCFFF7A0FEFFF766FFB3
:109470002068854202D02846FFF7D4FD60690028A5
:109480000AD02068854207D107494FF08050086014
:10949000BFF34F8FBFF36F8F70BD0000300000200F
:1094A000384E0020F450002004ED00E07CB5164852
:1094B0000025CDE900502B46802214A1154800F06C
:1094C00097F8114C2C3C01281BD1502080F31188B7
:1094D000BFF34F8FBFF36F8F4FF0FF30A0620120BB
:1094E0006061E5602068052208A13430F6F7BEFE11
:1094F00018B12068FEF7CAF901E0FEF795F900F00F
:1095000049F8206B7CBD00005C00002049444C45BC
:10951000000000007D9000080248416B491C416337
:10952000704700003000002010B5164C606B10B181
:109530000120E06110BD0020E06120691249B0FA0D
:1095400080F0C0F11F0000EB800001EB800000F113
:109550000802416849684160914201D1496841600F
:10956000C86820602068052208A13430F6F77EFE26
:1095700020B12068BDE81040FEF788B9BDE8104072
:10958000FEF752B930000020384E002049444C45C7
:1095900000000000094810B5016841F47001016045
:1095A000016841F070410160FFF7F4FE04490020BA
:1095B0000860F6F7DBFD002010BD000020ED00E0A4
:1095C0002C00002010B5502080F31188BFF34F8F7E
:1095D000BFF36F8F00F084F818B104494FF080504A
:1095E0000860002080F3118810BD000004ED00E049
:1095F0002DE9FF5F8346DDE90E87994616468A46C8
:109600009000FFF7E9FD05001DD05420FFF7E4FDB1
:10961000040015D05421F6F71EFE25630021CDE984
:109620000241CDE900874B46324651465846FFF786
:1096300055FD2046FFF76EFC012004B0BDE8F09F09
:109640002846FFF785FE4FF0FF30F6E770B50C4671
:1096500003460026FFF760FF1248C5681A681444E5
:10966000AA4204D9A2420ED9AC4202D80BE0A242CF
:10967000FAD9012624201C60FEF7A8F9601B0021FE
:10968000FFF704FC00E01C6000F0B8F838B90649A8
:109690004FF080500860BFF34F8FBFF36F8F30469D
:1096A00070BD00003000002004ED00E00548416975
:1096B00019B1406B18B1002070470120704702209B
:1096C00070470000300000200148C068704700006B
:1096D000300000200148C0687047000030000020C2
:1096E0002DE9F047434D0027686B28B1A869401C5D
:1096F000A8613846BDE8F087EE68761CEE6008D1B8
:10970000A86BE96BA963E863286A401C2862FFF72D
:109710004DFDA86ADFF8E08086420BD34FF0000AC7
:10972000A86B0068A0B1A86BC068C4686068864276
:1097300011D2A8622868C06A00EB800158F82100A5
:10974000012800D90127E8690028D2D00127D0E7F5
:109750004FF0FF30EDE7D4E9021260698A60D4E986
:10976000021204F10409516042684A4501D1E168DE
:109770004160C4F814A002685146521E0260A06AFB
:1097800080B1D4E907239360D4E907235A60426883
:1097900004F118039A4201D1226A4260A162016871
:1097A000491E01602046FEF791F8E16A01202A690E
:1097B00088401043286101EB810108EB8101496871
:1097C000A1608A68E2608B68C3F80490C1F80890D1
:1097D000E16A01EB810108EB8102626158F8212006
:1097E000521C48F82120E16A2868C06A814297D952
:1097F000012795E730000020384E00202DE9F04782
:1098000000242546FFF78CFD4248416B491E416309
:10981000416B002978D181683F4EA0464FF0010985
:10982000002971D082463068F0B3F068C468D4E98A
:109830000721A06A9160D4E907125160426804F1DF
:1098400018018A4201D1216A4160C4F82880026867
:109850004146521E0260D4E9023260699A60D4E93E
:109860000223271D5A604268BA4201D1E268426071
:1098700061610168491E01602046FEF727F8E26A2F
:10988000DAF8103009FA02F150461943CAF81010FC
:1098900002EB8201214A02EB81014968A1608B68D9
:1098A000E3608B685F6000E013E08F60E16A01EBCA
:1098B000810102EB8103636152F821305B1C42F8A5
:1098C0002130E16A0268D26A9142ACD3C0F81C90A0
:1098D000A9E70CB1FFF76AFCDAF8186054464EB1FC
:1098E0004FEA0907FFF7FCFE00B1E761761EF9D1E8
:1098F000C4F81880E06938B10949012528070860D3
:10990000BFF34F8FBFF36F8FFFF718FD2846BDE8F9
:10991000F087000030000020E0500020384E00208A
:1099200004ED00E0010202030405060708090A0B22
:109930000C0D0E0F101001020203040506070809A2
:109940000A0B0C0D0E0F10100000000000000000AC
:1099500001020304060708090000000001020304D5
:10996000B86E6444E16A654466666644EC616744C7
:10997000715D6844F65869447B546A445C4F6B449B
:10998000E14A6C44C3456D4448416E44293C6F44F0
:109990000A377044EC317144CD2C72440A27734469
:1099A000EC217444291C75440A1776444811774405
:1099B000850B7844C305794400007A443DFA7A4423
:1099C000D7F37B4414EE7C44AEE77D44ECE17E4467
:1099D00085DB7F448F6A80445CE78044296481444E
:1099E000F6E08144715D82443DDA8244B856834496
:1099F00033D38344AE4F844429CC8444A448854463
:109A00001FC585449A41864414BE86443D3A874426
:109A100066B68744E13288440AAF8844332B8944D0
:109A20005CA7894433238A445C9F8A44851B8B440A
:109A30005C978B4433138C440A8F8C44330B8D44D6
:109A4000B8868D448F028E44667E8E443DFA8E44E5
:109A5000C3758F449AF18F441F6D9044A4E89044DD
:109A600029649144AEDF9144335B924466D69244BC
:109A7000EC5193441FCD9344A4489444D7C39444D9
:109A80000A3F95443DBA954471359644A4B0964436
:109A9000852B9744B8A697449A219844CD9C984426
:109AA000AE1799448F929944710D9A4452889A4402
:109AB000E1029B44C37D9B44A4F89B4433739C44C4
:109AC000C3ED9C4452689D44E1E29D44715D9E4417
:109AD00000D89E448F529F44CDCC9F445C47A04405
:109AE0009AC1A044D73BA14466B6A144A430A24485
:109AF0008FAAA244CD24A3440A9FA344F618A444E9
:109B00003393A4441F0DA5440A87A544F600A64438
:109B1000E17AA644CDF4A644B86EA74452E8A7441F
:109B20003D62A844D7DBA844C355A9445CCFA944EF
:109B3000F648AA448FC2AA44D73BAB4471B5AB44A4
:109B40000A2FAC4452A8AC44EC21AD44339BAD4445
:109B50007B14AE44C38DAE440A07AF440080AF44CB
:109B600048F9AF448F72B04485EBB0447B64B14494
:109B7000C3DDB144B856B244AECFB2445248B34448
:109B800048C1B3443D3AB444E1B2B444D72BB544E0
:109B90007BA4B5441F1DB644C395B644660EB744B6
:109BA0000A87B7445CFFB7440078B84452F0B84421
:109BB000F668B94448E1B9449A59BA44ECD1BA4478
:109BC0003D4ABB448FC2BB448F3ABC44E1B2BC4463
:109BD000E12ABD4433A3BD44331BBE443393BE448A
:109BE000330BBF443383BF44E1FABF44E172C04446
:109BF0008FEAC0448F62C1443DDAC144EC51C24493
:109C00009AC9C2444841C344F6B8C344A430C444CA
:109C100000A8C444AE1FC5440A97C544660EC64496
:109C2000C385C6441FFDC6447B74C744D7EBC744F5
:109C3000E162C8443DDAC8444851C944A4C8C94493
:109C4000AE3FCA44B8B6CA44C32DCB44CDA4CB441E
:109C5000851BCC448F92CC449A09CD445280CD448C
:109C60000AF7CD44C36DCE447BE4CE44335BCF448E
:109C7000ECD1CF44A448D0440ABFD044C335D1442A
:109C800029ACD1448F22D244F698D2445C0FD344FD
:109C9000C385D34429FCD3448F72D444A4E8D4446C
:109CA000B85ED5441FD5D544334BD64448C1D644BD
:109CB0005C37D74471ADD7443323D8444899D8444E
:109CC0005C0FD9441F85D944E1FAD944A470DA4421
:109CD00066E6DA44295CDB44ECD1DB44AE47DC4485
:109CE0001FBDDC44E132DD4452A8DD44C31DDE4427
:109CF0003393DE44A408DF44147EDF4485F3DF445D
:109D0000F668E04414DEE0443353E144A4C8E1447F
:109D1000C33DE244E1B2E2440028E3441F9DE34432
:109D2000EC11E4440A87E44429FCE444F670E54479
:109D3000C3E5E5448F5AE6445CCFE6442944E74452
:109D4000F6B8E744C32DE8443DA2E8440A17E944C5
:109D5000858BE9440000EA447B74EA44F6E8EA446F
:109D6000715DEB44ECD1EB441446EC448FBAEC4407
:109D7000B82EED4433A3ED445C17EE44858BEE44DE
:109D8000AEFFEE44D773EF44AEE7EF44D75BF04449
:109D9000AECFF044D743F144AEB7F144852BF24443
:109DA0005C9FF2443313F3440A87F3448FFAF3447D
:109DB000666EF444ECE1F444C355F54448C9F544F7
:109DC000CD3CF64452B0F644D723F7445C97F744B1
:109DD0008F0AF844147EF84448F1F8447B64F9444F
:109DE00000D8F944334BFA4466BEFA444831FB4488
:109DF0007BA4FB44AE17FC448F8AFC44C3FDFC44A7
:109E0000A470FD4485E3FD446656FE4448C9FE4403
:109E1000293CFF44B8AEFF44CD100045144A00452C
:109E200085830045CDBC004514F600455C2F0145F7
:109E3000A4680145C3A101450ADB0145521402454E
:109E4000714D02458F860245AEBF0245CDF80245F1
:109E5000EC3103450A6B034529A403451FDD034587
:109E60003D160445334F04455288044548C1044516
:109E70003DFA044533330545006C0545F6A4054518
:109E8000ECDD0545B8160645854F06455288064562
:109E900048C10645ECF90645B8320745856B0745CC
:109EA00052A40745F6DC0745C3150845664E08452C
:109EB0000A870845AEBF084552F80845F6300945FF
:109EC0009A69094514A20945B8DA094533130A45C8
:109ED000AE4B0A4529840A45A4BC0A451FF50A452C
:109EE0009A2D0B4514660B45669E0B45E1D60B4536
:109EF000330F0C4585470C45D77F0C4529B80C45D9
:109F00007BF00C45CD280D45F6600D4548990D4573
:109F100071D10D459A090E45EC410E45147A0E4556
:109F20003DB20E453DEA0E4566220F458F5A0F455C
:109F30008F920F458FCA0F45B8021045B83A1045A9
:109F4000B8721045B8AA10458FE210458F1A114516
:109F50008F521145668A11453DC211453DFA1145A2
:109F600014321245EC6912459AA1124571D9124575
:109F700048111345F6481345CD8013457BB813456A
:109F800029F01345D7271445855F144533971445A9
:109F9000E1CE144566061545143E15459A751545DE
:109FA0001FAD1545A4E41545291C1645AE531645AD
:109FB000338B1645B8C2164514FA16459A31174523
:109FC000F668174552A01745AED717450A0F184532
:109FD00066461845C37D1845F6B4184552EC184539
:109FE00085231945B85A19451492194548C9194588
:109FF0007B001A4585371A45B86E1A453F065B4FF8
:10A00000666D7D077F6F40777C395E79713D0030EA
:10A0100031323334353637383941424344454600CE
:10A020000000000000545452205245474745530059
:10A0300000000000000000000000303132333435F1
:10A040003637383941424344454600008F8D000879
:10A05000058E000853595354454D564945573A20EB
:10A06000436F756C64206E6F74207265636F7264E9
:10A07000207461736B20696E666F726D6174696FB5
:10A080006E2E204D6178696D756D206E756D6265FF
:10A0900072206F66207461736B73207265616368F0
:10A0A00065642E00C4A0000800000020B007000076
:10A0B000EC09000880A70008B00700202875000000
:10A0C000808D000842019210031E127A0531AAAA5F
:10A0D000AAAA02261F0315204010FF01020408103F
:10A0E000204036013602341036103808360436085F
:10A0F00034013201320434083404340232022E02B4
:10A100002E042E102E203010300430082C012A028C
:10A110002A042C082E082C022C043A103A203B0169
:10A120003B043B023A403A80381038203901390468
:10A1300039023840388036203440348037023701C5
:10A1400036403680320832103240330132803420BB
:10A15000322030202E402F013101308030402E80BF
:10A160002C102C202D012D042D022C402C802A088F
:10A170002A102A802B022B012A202A402804280892
:10A18000284029012880281028203B083920394000
:10A1900039803B403B103B20390837083740378037
:10A1A00037203910371035023504352035803540D9
:10A1B00035083510330233043320338033403308FD
:10A1C00033103102310431203180314031083110F7
:10A1D0002F022F042F202F802F10FF402F082F1029
:10A1E0002D082B082B202D802D402D102B102902FF
:10A1F000290429202B802B40290829102201220222
:10A200002010221024082204220820011E011E040E
:10A210002008200420021E021A021A041A101A2012
:10A220001C101C041C0818011602160418081A0831
:10A23000180218042610262027012704270226408A
:10A240002680241024202501250425022440248072
:10A2500022202040208023022301224022801E0849
:10A260001E101E401F011E8020201E201C201A4090
:10A270001B011D011C801C401A8018101820190198
:10A2800019041902184018801608161016801702B3
:10A2900017011620164014041408144015011480E8
:10A2A000141014202708252025402580274027103A
:10A2B000272025082308234023802320251023104E
:10A2C00021022104212021802140210821101F0288
:10A2D0001F041F201F801F401F10FF081F101D029A
:10A2E0001D041D201D801D401D081D101B021B0488
:10A2F0001B201B801B401B081B1019081708172068
:10A30000198019401910171015021504152017800F
:10A310001740150815104B804B4049084B084D104D
:10A320004B204B1049804780472049104920494025
:10A330004740434043204308430445084520451017
:10A3400041803F403F2041104310414041204F0891
:10A350004F044E804E204E404F024F014D084D0499
:10A360004C804C204C404D024D014B0449024901A8
:10A370004A404A804B024B0147104708470246803B
:10A380004701490447044504430242804480450193
:10A3900045024301410841044080402040404102C1
:10A3A00041013F103F083F013E403E803F043F02D5
:10A3B0003D203D103D023C803D013D083D044E10D6
:10A3C0004C044C024C014E024E084E044C104A10F4
:10A3D0004A024A014A044C084A20FE0848404820E4
:10A3E00048044801480248104808464046204604B0
:10A3F00046014602461046084440442044044401B5
:10A4000044024410440842404220420442014202B5
:10A410004210420840103E103E04400140024008F5
:10A420003E083C403C203C043E013E023C103C08BF
:10A430000580054007080508031005200510078062
:10A440000980092007100720074009400D400D2012
:10A450000D080D040B080B200B100F80114011206C
:10A460000F100D100F400F20010801040080002084
:10A47000004001020101030803040280022002409F
:10A4800003020301050407020701044004800502DA
:10A4900005010910090809020880090107040904D7
:10A4A0000B040D020C800A800B010B020D010F083A
:10A4B0000F040E800E200E400F020F011110110824
:10A4C0001101104010801104110213201310130207
:10A4D00012801301130813042C100204020202015B
:10A4E0000002000810FF040210041004020401041A
:10A4F00004020804080640062006040601060206B7
:10A50000100608084008200804080108020810087E
:10A51000080A400A200A040A010A020A100A080C62
:10A52000400C200C040C010C020C100C080E101036
:10A530001010040E010E020E081008124012201214
:10A540000410011002121012085401540256105443
:10A55000105208540454085601580158045608561D
:10A5600004560258025C025C045C105C205A105ACB
:10A57000045A085E01600260045E085C085E025EC8
:10A58000045010502051015104510250405080524B
:10A59000105220530153045302524052805420560B
:10A5A0004056805502550154405480580858105860
:10A5B0004059015880562058205A205C405D015B6C
:10A5C000015A805A405C805E105E205F015F045F2C
:10A5D000025E405E80600860106080610261016020
:10A5E0002060406210FF0462086240630162806282
:10A5F0001062205108532053405380514051105154
:10A600002053085508554055805520531055105774
:10A61000025704572057805740570857105902597E
:10A6200004592059805940590859105B025B045B5A
:10A63000205B805B405B085B105D025D045D205D1C
:10A64000805D405D085D105F08610861205F805F8C
:10A65000405F1061106302630463206180614063A6
:10A66000086310680168026A106810660868046868
:10A67000086A016C016C046A086A046A026C027060
:10A68000027004701070206E106E046E08720174F7
:10A690000274047208700872027204641064206507
:10A6A0000165046502644064806610662067016786
:10A6B0000467026640668068206A406A80690269B1
:10A6C00001684068806C086C106C406D016C806A99
:10A6D000206C206E20704071016F016E806E4070A2
:10A6E0008072107200987E207301730473027240AE
:10A6F000728074087410748075027501742074403F
:10A7000076047608764077017680761076206508A4
:10A7100067206740678065406510652067086908A5
:10A72000694069806920671069106B026B046B20B7
:10A730006B806B406B086B106D026D046D206D803B
:10A740006D406D086D106F026F046F206F806F4059
:10A750006F086F107102710471207180714071086F
:10A76000711073087508752073807340731075102D
:10A77000770277047720758075407708771000009E
:0400000508000131BD
:00000001FF
