:020000040800F2
:10000000107B0020E1010008117200083B66000827
:10001000ED6F0008530F00088388000800000000FF
:10002000000000000000000000000000957B0008B8
:10003000A9170008000000008D73000885800008E3
:10004000FB010008FB010008FB010008FB010008A0
:10005000FB010008FB010008FB010008FB01000890
:10006000FB010008FB010008FB01000871150008F6
:10007000FB010008FB010008FB010008FB01000870
:10008000FB010008FB010008FB010008FB01000860
:10009000FB010008FB010008FB010008653E0008A9
:1000A000FB010008FB010008FB010008FB01000840
:1000B0007D81000889810008FB010008FB01000820
:1000C000FB010008FB010008FB010008FB01000820
:1000D000FB010008FB010008FB0100081186000875
:1000E000FB010008FB010008FB010008FB01000800
:1000F000FB010008FB010008FB010008FB010008F0
:10010000FB010008FB01000895810008FB010008C5
:10011000FB010008FB010008A1810008FB010008A9
:10012000FB010008FB010008FB010008FB010008BF
:10013000DFF810D000F060FC00480047098D00088F
:10014000AFF30080107B0020224B19680868B0E8EC
:10015000F00F80F30988BFF36F8F4FF0000080F33A
:1001600011884EF00D0E7047000000000648006830
:10017000006880F3088862B661B6BFF34F8FBFF3A3
:100180006F8F00DF00BF00BF08ED00E0EFF30980D4
:10019000BFF36F8F0F4B1A6820E9F00F106008B59E
:1001A0004FF0500080F31188BFF34F8FBFF36F8F74
:1001B00009F038F94FF0000080F31188BDE80840DD
:1001C00019680868B0E8F00F80F30988BFF36F8FF3
:1001D000704700BF30000020EFF30580704700003B
:1001E0000648804706480047FEE7FEE7FEE7FEE7D1
:1001F000FEE7FEE7FEE7FEE7FEE7FEE71781000801
:1002000031010008202A04DB203A21FA02F0002103
:10021000704721FA02F3D040C2F120029140084316
:100220001946704740EA01039B0703D009E008C95B
:10023000121F08C0042AFAD203E011F8013B00F8AB
:10024000013B521EF9D27047D2B201E000F8012BF7
:10025000491EFBD270470022F6E710B513460A4646
:1002600004461946FFF7F0FF204610BD30B504469E
:100270000020034600E05B1C934203D2E05CCD5CAF
:10028000401BF8D030BDF0B480EA0102D40F420028
:10029000B2EB410F02D20246084611464A0042D054
:1002A000C30DDDB2C1F3C752AD1A202D35DAC1F34B
:1002B000160141F4000204B15242C5F1200602FACF
:1002C00006F12A411044B3EBD05F23D0C4B1012D15
:1002D000A0EBC35009DCF0BC4FF0004202EAC3526D
:1002E000DBB200F5000000F0FBBA400000F18070C6
:1002F00000EBC350A0F1807040EAD170490009E0E2
:10030000490841EAC071A0EBC35000F50000400865
:1003100000EBC350F0BC00F0DABA6142012202EBFC
:100320004101001BF6E7F0BC704781F00041AAE7ED
:1003300080F00040A7E780EA010210B502F0004318
:10034000400022D04A001FD0010E01EB1261C0F321
:100350005600C2F3560240F4000042F40002A0FB33
:10036000022000047F39140400D0401C50EA1240DF
:1003700001D44000491EC2B20C0604EBD010401C50
:100380004008802A02D003E0002010BD20F00100C8
:10039000002900DA0020184310BD30B480EA0102C1
:1003A00002F0004530F0004221F0004013D090B13F
:1003B000C30DD40DC2F31601C0F31600E41A41F4C4
:1003C000000140F400027D34914201D3641C00E03E
:1003D0004900002C02DA30BC002070474FF40000C6
:1003E0000023914201D3891A034340084FEA410197
:1003F000F7D151B1914202D14FF0004105E002D254
:100400004FF0010101E06FF0010103EBC4502844FB
:1004100030BC00F05CBA420005D0C0F3C752524273
:10042000914201DC0020704700EBC15070472DE97C
:10043000FE4F804681EA0300C00F0C46009021F079
:10044000004123F00045B8EB0200A94105D2404627
:10045000214690461C460B46024623F000401043BE
:1004600047D0270DC7F30A00C3F30A510290401A80
:10047000019040286BDAC3F3130040F4801B00980E
:10048000924620B10023D2EB030A63EB0B0B0198D9
:100490005946C0F14002504600F0F8F906460D46B4
:1004A00050465946019A00F000FA10EB08006141ED
:1004B000002487EA115284EAE7731A4340D0009A75
:1004C00062B3019A012A4FEA075215DC001B61EB67
:1004D00002014FF0004202EA0752CDE90042001C3F
:1004E00041F5801132462B4600F037FA03B0BDE8E3
:1004F000F08F40462146F9E7001B61EB0201001C2A
:1005000041F5801300185B412018A2F5001747EB56
:10051000030140EAD570B6196D4111E06D084FEA4C
:10052000360645EAC0754FEA0752001B61EB02012F
:10053000001C41F5801149084FEA30000019514173
:1005400032462B4603B0BDE8F04F00F0F7B90098F3
:10055000012240000023D0EB020263EBE07300981D
:1005600021464FEAE074B8EB000061EB0401E9E7D3
:1005700083F000435BE781F0004158E72DE9FE4F2F
:1005800081EA030404F0004421F0004100944FF09C
:10059000000B23F0004350EA01045ED052EA03044A
:1005A0005BD0C3F30A54C1F30A552C44A4F2F334CC
:1005B0000194A0FB0254C1F3130141F48011C3F371
:1005C000130343F4801301FB024400FB034E840A2F
:1005D000970A44EA815447EA8357A4FB07680295C7
:1005E0008D0A05FB07854FEA932C04FB0C54270565
:1005F000029D4FEA065847EA1637B5EB08056EEB41
:10060000070C870E920E47EA811742EA8312A7FB76
:100610000201B6EB0B0164EB00042B0D43EA0C3333
:100620005E1844EB1C50DA465146E7FB0201C5F365
:1006300013044FEA0B3343EA14534FEA0432019C8C
:1006400043EA0603A4F10C040294009CCDE900B433
:1006500000F083F903B0BDE8F08F00200146F9E710
:100660002DE9F04D81EA030404F0004B21F0004530
:1006700014464FF0000A23F0004150EA050220D052
:1006800054EA01021DD0C5F30A570246C5F313030D
:10069000C1F31300C1F30A5640F4801543F48013EC
:1006A000A7EB0608101BD64608F2FD3873EB0500D1
:1006B00002D308F1010801E092185B41B8F1000F84
:1006C00003DA00200146BDE8F08D00204FF48011D0
:1006D000064684460EE0171B73EB050705D3121B75
:1006E00063EB050306434CEA010C49084FEA30006E
:1006F00092185B4150EA0107EDD152EA030012D093
:1007000082EA040083EA0501084305D0101BAB41CF
:1007100006D20122002306E000224FF0004302E04F
:100720006FF0010253101AEB06004CEB085110EB6E
:100730000A0041EB0B01BDE8F04D00F0FFB870B5C9
:1007400021F0004303430CD0C1F30A550024D5EB3C
:10075000040564EB0403D617AD1AB34102DB002095
:10076000014670BD201841EB025170BDC10F80EAF7
:10077000E0700844CA079623002100F0B1B8962320
:100780000022114600F0ACB80EB5C10F80EAE0704F
:100790000844CA07002140F233438DE80E000A46A0
:1007A0000B4600F0DAF803B000BD00F0004220F084
:1007B0000040C10DC0F3160040F400007F2901DAAB
:1007C00000207047962903DCC1F19601C84001E082
:1007D00096398840002AF4D04042704720F000400B
:1007E000C10DC0F3160040F400007F2901DA00209B
:1007F0007047962903DCC1F19601C84070479639CD
:100800008840704700F0004230F000400AD0C10D2F
:1008100001F56071C0F3160042EA0151C2084007B9
:100820001143704700200146704701F0004330B487
:1008300021F0004150EA010206D00A0DA2F56072D3
:10084000C1F31301002A02DC30BC00207047440FC2
:1008500044EAC104C100E01830BC00EBC25000F013
:1008600036B80000002801DBC0F10040002901DBA0
:10087000C1F1004181427047002801DBC0F1004016
:10088000002901DBC1F1004188427047202A04DBC6
:10089000203A00FA02F1002070479140C2F1200393
:1008A00020FA03F3194390407047202A06DBCB1748
:1008B000203A41FA02F043EAE07306E041FA02F31B
:1008C000D040C2F1200291400843194670470029E8
:1008D000A8BF7047401C490008BF20F001007047C6
:1008E00010B4B0FA80FC00FA0CF050EA010404BF26
:1008F00010BC704749B1CCF1200421FA04F411FA7C
:100900000CF118BF012121430843A3EB0C01CB1DBF
:100910004FEA00614FEA102042BF002010BC704730
:1009200000EBC35010440029A4BF10BC7047401C0A
:10093000490008BF20F0010010BC704710B5141E1C
:1009400073F1000408DA401C41F1000192185B4188
:100950001A4301D120F0010010BD2DE9F04D92465F
:100960009B4611B1B1FA81F202E0B0FA80F2203276
:100970009046FFF78BFF04460F4640EA0A0041EA23
:100980000B0153465A46084313D0114653EA01005F
:1009900019D0C8F140025046FFF734FC05460E4618
:1009A000504659464246FFF771FF084305D00120E3
:1009B00004E020463946BDE8F08D0020054346EAB4
:1009C000E0762C4337430A986305E40AA0EB08005D
:1009D0000022FD0A44EA47540A3002D500200146AD
:1009E000E9E7010510196941DDE908450019694188
:1009F000BDE8F04DA2E70000064C074D06E0E068B8
:100A000040F0010394E8070098471034AC42F6D355
:100A1000FFF792FBA09F0008C09F000830B58C181C
:100A200010F8012B12F00F0301D110F8013B12094D
:100A300006D110F8012B03E010F8015B01F8015B0F
:100A40005B1EF9D101E001F8013B521EFBD1A1422E
:100A5000E6D3002030BD00002DE9F047184803F030
:100A600075FB0C221749164803F046FDDFF8588045
:100A70000025164F08F11809DFF854A000F068F9B6
:100A80005FF0000458F8240000F0C6F804EBC4013D
:100A900007EBC106F08359F8240000F0BDF8B083DD
:100AA000504606F075FC641C708BE4B2B084062CD2
:100AB000E8D36D1CEDB2642DE0D3BDE8F0870000F3
:100AC000A8070020EC51002024650020FC6A0020CB
:100AD0009A99193F70B5044600688168C943C907EF
:100AE00017D1816821F00101816004F0F5F9054614
:100AF0000AE000BF04F0F0F9401B022804D9206886
:100B00008068C043C00706D020688068C043C00723
:100B1000F0D0002070BDA06A40F01000A062E06A32
:100B200040F00100E062012070BD10B50146406A4E
:100B3000826A12F0500F05D0006A026BBDE81040C7
:100B400008461047816A41F4007181620168896832
:100B5000C1F3424107290CD1017B51B9816A21F4CB
:100B600080718162816AC90403D4816A41F0010104
:100B7000816203F0D5FB10BD10B5406A816A41F077
:100B800040018162C16A41F00401C16203F0CAFB05
:100B900010BD10B5406A03F0C4FB10BDF8B50026C7
:100BA0000446009600688168C943C9072DD0816852
:100BB00041F001018160164816490068B0FBF1F070
:100BC00000E0401E00900028FBD104F085F90546A6
:100BD00016E000BF04F080F9401B022810D92068FD
:100BE0008068C043C0070BD0A06A40F01000A0622C
:100BF000E06A40F00100E06284F824600120F8BD62
:100C000020688068C043C007E4D10020F8BD000020
:100C10000C00002040420F002DE9F04107464548F6
:100C2000874202DA0120BDE8F0814348D0F89816E7
:100C30003846FFF721FE01D20220F4E73F4C0020A6
:100C40003D4D20804FF4D37060801AE055F820109D
:100C50003846FFF707FE0FD820886188084440080F
:100C600055F820103846FFF707FE05D22088618826
:100C700008444008208004E0208861880844400837
:100C8000608060882188411A0129DFDC2C48874276
:100C9000208855F8201038463EDAFFF7E3FD3ED0B5
:100CA000608855F820103846FFF7DCFD40D020461C
:100CB0002688408855F8261055F820000C46FFF786
:100CC00034FB10F0FF4F21D0054621463846FFF790
:100CD0002CFB1C49FFF72FFB1B49FFF7D4FA1B49DC
:100CE000FFF75BFB2946FFF758FB0446163E06EB71
:100CF00086004000FFF73AFD2146FFF7C4FAFFF7F0
:100D000054FD07E0163800EB800002E0163E06EBCB
:100D10008600400080B286E7FFF7A4FD01D120885D
:100D2000F0E7608855F820103846FFF79BFDF6D1B4
:100D30006088E7E7E96E64445C9800088000002062
:100D4000C321AD440000C8420000A0400000204183
:100D50002DE9F05FDFF814B10024204603F03EF9DE
:100D6000FFF704FD424941F83400204603F066F9DC
:100D7000FFF7FCFC3E4901EBC4014860FFF742FD70
:100D80003C4E4FF066323346FFF7F8FB6FF00B082E
:100D90004246FFF7D4FCDFF8E0A04FF033394A4673
:100DA0005346FFF75DFC354A5B46FFF759FC344A72
:100DB000344BFFF73CFBFFF738FD334F05467860B7
:100DC0002B4850F83400FFF71DFD4FF066323346D4
:100DD000FFF7D4FB4246FFF7B2FC4A465346FFF703
:100DE0003FFC264A5B46FFF73BFC254A254BFFF7B5
:100DF0001EFBFFF71AFD0646B860244800EB84008E
:100E0000416B2348FFF7C9FA81464FF07E572946C8
:100E10003846FFF78AFADFF87C808246414628464A
:100E2000FFF789FA5146FFF7B8FA4946FFF783FA08
:100E30000F49483141F8240031463846FFF775FA2A
:100E4000054641463046FFF776FA2946FFF7A5FAF0
:100E50004946FFF770FA0649303141F82400641C16
:100E6000E4B2062CFFF479AFBDE8F09FDBF9034054
:100E7000F464002066660A4033331B4060E5D022EC
:100E8000771B8AF150CACD3F800000200866002001
:100E900000007A4400803B452DE9F05F92460A4607
:100EA000DDE90A4783461E4651461046FFF73DFAE4
:100EB000E0603268814601461046FFF73CFA206048
:100EC0001BF0FF4087F0004504D059464FF07E509C
:100ED000FFF763FA80465046216AFFF726FA41463B
:100EE000FFF729FA0146B06880F00040FFF723FAC7
:100EF000A06128464946FFF7BFFC01D2284607E01B
:100F00003946E068FFF7B8FC01D2384600E0E068F7
:100F10007168FFF710FA5946FFF70DFA6168FFF79D
:100F2000B2F9606010F1FF4F01D3002106E00C9987
:100F3000FFF7A2FC01D20C9900E0616861602068B3
:100F4000FFF7A1F9A169FFF79EF9C4E908A0BDE880
:100F5000F09FFEE72DE9F0411F4C07464FF40001DA
:100F600060681E4E884204DAA2688A4201DA0022D2
:100F700019E010F0FF4F09D001221146304603F06E
:100F8000A6FF38466168FFF7D3F96060A56815F0E1
:100F9000FF4F1FD038462168FFF775F910492060D0
:100FA000884206DA01223046BDE8F041012103F013
:100FB0008EBF0B490B4A494201449142D7D30A499B
:100FC000884207DB4FF07E512846FFF7AEF9A0605C
:100FD00000202060BDE8F081700000200018014072
:100FE000CDCC4C3ECDCC4C009A99993E08B508F03A
:100FF000E9FA054C00902046FFF7ACFF3221684625
:1010000008F0A2FAF7E70000CDCC4C3D2DE9F05FE7
:101010003648DFF8E0C0DFF8E0A001683448DFF8C8
:10102000DC900F1831496FEA000B3548D1E90432E2
:10103000D1E902544E68674520D259468E421DDDE3
:1010400086421BDA8D4219DD854217DA8C4215DDA6
:10105000844213DA8B4211DD83420FDA5A450DDDEB
:1010600082420BDA9AF84C1041B90121DFF89480E2
:1010700089F800104FF07E51C8F80010674532D251
:1010800059468E422FDD86422DDA8D422BDD854278
:1010900029DA8C4227DD844225DA8B4223DD834224
:1010A00021DA5A451FDD82421DDA17480189C068DE
:1010B00003F008FF002816D1012089F80000002164
:1010C0008AF84C101149CAF83410CAF83810CAF816
:1010D0003C10CAF84010CAF84410CAF84810094930
:1010E0004FF07E500860BDE8F09F000024650020AE
:1010F000FF7F88BBFFFF0400086600208C070020EC
:1011000000807C44740000209C51002000007A4440
:10111000034C204600F006F8322008F0C5F8F8E746
:10112000CDCC4C3D2DE9F047DFF8789099F80000E0
:10113000002834D01C480068B0F5000F2FDA1B4E91
:101140001C4DA6F1010898F80040305D401CC7B264
:101150001748375550F8241055F82400FFF793F836
:1011600045F82400322F1AD347461349FFF715F9E3
:10117000124901EB84025063002045F824003055E9
:10118000641CE2B23A70052A09D9012281F84C2088
:101190000C4989F800000A4808600B480270BDE855
:1011A000F08700008C070020740000204207002018
:1011B00024650020C0670020000048420866002027
:1011C0000000A040780000203807002070B50446D9
:1011D000184800F1180650F8245056F82400A6F1DB
:1011E0003001854201D9281A03E04FF6FF72101A28
:1011F000284441F82400FFF7C2FA01460E48FFF7E1
:10120000CCF80C49303141F8240046F824500B4901
:10121000FFF791F84FF0FF31FFF7FDF8FFF7C5FA40
:10122000074904EBC40201EBC201C8800020086139
:1012300070BD00007066002000401C460000704237
:10124000FC6A00202DE9F14F00251D4CDFF8748069
:1012500082B04FF07E594FF0020BAA4605EBC5074E
:1012600004EBC7067078C8B1308C0028706B009012
:101270001AD0002812DD96F82700032816D00DE0BA
:101280000098401E706307D186F814B001200F4902
:1012900004F837000C48086048F825A06D1CEDB232
:1012A000062DDBD3BDE8FE8F0028F7DD58F82510AA
:1012B0000298FEF7E8FF48F825004845E0DAEDE738
:1012C000FC6A0020EC6800200000A04078000020AC
:1012D0002DE9F04700242E4DDFF8B8808246A14664
:1012E00004EBC40615F83600E8B305EBC607B7F9FA
:1012F0000600642846DC58F824105046FEF7C3FF69
:1013000048F82400B0F17E5F3CDD234987F8019066
:1013100005F83690214A81F8019001211170204989
:101320004846C1F800906978012929D095F84910FC
:10133000012925D095F89110012921D095F8D910CF
:1013400001291DD095F82111012919D095F86911AD
:10135000012915D0296B6963A96FE967D5F8C01019
:10136000C5F8C41000E00DE0D5F80811C5F80C115F
:10137000D5F85011C5F85411D5F89811C5F89C113D
:1013800048F82400641CE4B2062CA9D3BDE8F08719
:10139000FC6A0020D8670020880700204007002052
:1013A0009C00002070B5094C4FF400050646E16929
:1013B000A94202DBFEF7BCFFE061616CA94203DBDE
:1013C0003046FEF7B5FF606470BD00009C51002000
:1013D000F0B527484FF400010127406C254B8842A7
:1013E00001DB1F7002E01878012840D12248006814
:1013F00088423CDA21494978002938D110F0FF4F62
:1014000035D11F4D1F4C0E4601EBC10005EBC0004E
:10141000B0F90420B0F908C0624507D004EB410CD4
:101420000281ACF80220027D02B10675B0F91820E5
:10143000B0F920C0624509D004EB410C0284ACF83D
:101440000E2090F827200AB180F82760D0F838C025
:10145000026B624504D08263426304EB8100C26187
:10146000491CC9B20629CFD3074807701E70F0BDCA
:101470009C510020400700209C000020880700208D
:10148000FC6A002008660020380700202DE9F0479C
:10149000254C244F8246A0687E78002500F0FF414D
:1014A0006EB1D9B32149496CB1F5000F36DA6168E4
:1014B0004FF07C58894611F0FF4F06D027E00029F5
:1014C000F0D125706570A57028E04146FEF72DFF2C
:1014D0001549A0600978C943C9B236B1012E04D0BC
:1014E000022E05D0032E09D00DE02170657003E0B7
:1014F00025706178C9436170A57004E0257065703E
:10150000A178C943A17010F0FF4F00D17D7049460A
:101510005046FEF7B8FE6060404500DB6560BDE800
:10152000F087000088070020940000209C510020D4
:101530002DE9F04700240D4E81464FF07E57A0461E
:1015400004EBC40006EBC00548462969FEF79BFE84
:101550002861B84203DBA5F80680C5F81080641C3A
:10156000E4B2062CECD3BDE8F0870000FC6A002052
:10157000014803F0DFB80000D807002030B590F82C
:1015800040500124AC40C56B6C60046863604368E4
:10159000102B036803D099600068C26030BD9A6068
:1015A0000068C16030BD000070B5284900EBC00480
:1015B00001EBC40042787AB3B0F908206AB3037D26
:1015C00003253BB1012B0BD0022B13D0032B00D1F1
:1015D000828170BDB0F90C309A4209DB012303759A
:1015E000B0F90660B0F90C309E420BDD86810AE04E
:1015F00002230375B0F90660B0F90C309E420DDA93
:1016000086810CE0838111F834100029E1D1B0F912
:101610000C1091420BDA70BD13E00AE0838111F8DF
:1016200034100029F7D1B0F90C109142F3DC0575A4
:10163000F1E7B0F90620B0F90C108A42C8DB8181CD
:10164000E9E7002181810175E5E70000FC6A0020DF
:101650002DE9F05F83460D464E4801EBC50100EBD6
:10166000C10400276178B4F91A00DFF82C81002941
:1016700070D0B4F92060002E6CD04849484A51F827
:101680002510914201DA282105E0B6F52F6F01DA25
:10169000642100E08C21321A002A00DC821B8A427D
:1016A0006BDA94F827104FF0030941B1012913D0E8
:1016B000022950D0032900D1A684BDE8F09F8642BC
:1016C00002DD4FF0010002E054DA4FF0020084F82E
:1016D0002700608B6085F0E7618B2185608D8142FA
:1016E00001D9A1842FE0B6F57A7F13D1B4F924A0F3
:1016F00082450DD158F825105846FEF7C4FD2949FA
:1017000048F82500884205DD0AF10100A0846085C3
:1017100048F82570B4F924A0A6EB0A0014280FDCC1
:1017200058F825105846FEF7AEFD48F82500B0F1F0
:10173000804F05DD0AF10100A084608548F825701E
:10174000608DA0842085208D6085B4F92400B0428E
:1017500010DAB2E715E0618B2185608D814201D2FC
:10176000A18401E0A0842085208D6085B4F9240047
:10177000B042A2DC84F827909FE784F82770A08409
:101780009BE7A0842785678584F8277048F8257033
:1017900093E70000FC6A00207865002024650020A3
:1017A000008009450000204170470000044948437B
:1017B0000921B0FBF1F000BF401EFCD270470000D1
:1017C0004019010071B54FF461754FF0E023104EE0
:1017D000009819E02C46A04200D80446986961425E
:1017E00001EBC10110EBC10105D49A69824208DA0C
:1017F0008A42FADA05E08A1999698142FCDD914250
:10180000FADC0098001B00900028E3D178BD0000AE
:10181000401901002DE9F05F0646B0F90C000A24DA
:10182000B0F57A7F1DDB4FF47A7190FBF1F090FBFD
:10183000F4F104FB110010F0FF0512D00422062180
:10184000382007F055FAB6F90C00642763280ADD42
:1018500090FBF7F090FBF4F104FB1100C5B22946B0
:1018600002E00622EBE70021002006F0D5FAB6F9E7
:101870000C00092808DD90FBF4F090FBF4F104FB68
:101880001100C5B2294600E00021012006F0C4FA8B
:1018900001221146302007F02BFADFF808B4DFF8F8
:1018A00008944FF4000A9BF8000030B1D9F84400C6
:1018B000504502DAFD48807830B3B6F90A0098B393
:1018C0004FF47A71884244DB90FBF1F090FBF4F125
:1018D00004FB110010F0FF053BD0012211462E2021
:1018E00007F006FA00220221302007F001FAB6F9CB
:1018F0000A00632834DD90FBF7F090FBF4F104FB61
:101900001100C5B229462CE0002201212E2007F04B
:10191000EFF900220221302007F0EAF9122102201B
:1019200006F07AFA12210FE0FFE7002201212E20B3
:1019300007F0DEF900220221302007F0D9F90A2150
:10194000022006F069FA0A21032006F065FA002257
:101950001CE0012211462E2007F0CAF90222C2E73C
:101960000021022006F058FAB6F90A00092808DD1D
:1019700090FBF4F090FBF4F104FB1100C5B2294692
:1019800000E00021032006F047FA012201212A206D
:1019900007F0AEF9B6F924004FF46178002809DBAE
:1019A0004FF47A7190FBF1F090FBF4F104FB11001D
:1019B000C5B209E010F1630101D34042F0E700F243
:1019C000E730404500D20A252946042006F024FAD3
:1019D000B6F92400002807DB90FBF7F090FBF4F148
:1019E00004FB1100C5B20AE010F1630101D30A251E
:1019F00005E000F2E731414501D24042ECE72946DB
:101A0000052006F009FAB6F92400002808DB00BF1B
:101A100090FBF4F090FBF4F104FB1100C5B209E077
:101A200000F16301632903D300F2E731414501D29C
:101A30004042EDE72946062006F0EEF9B6F924000B
:101A4000002805DB90FBF4F104FB1100C5B209E0AE
:101A500000F16301632903D300F2E731414501D26C
:101A60004042EFE72946072006F0D6F90122114649
:101A7000352007F03DF98B48407830B1D9F8440063
:101A8000504502DA89488078E0B1B6F92200002892
:101A90007EDD4FF47A7190FBF1F090FBF4F104FBE2
:101AA0001100C5B22946082006F0B6F9B6F92200A1
:101AB000002815DB90FBF7F090FBF4F104FB11001C
:101AC000C5B218E01221082006F0A6F9122109205B
:101AD00006F0A2F912210A2006F09EF912213EE03A
:101AE00010F1630101D30A2505E000F2E731414519
:101AF00001D24042DEE72946092006F08DF9B6F909
:101B00002200002808DB00BF90FBF4F090FBF4F10A
:101B100004FB1100C5B209E000F16301632903D39E
:101B200000F2E731414501D24042EDE729460A2063
:101B300006F072F9B6F92200002805DB90FBF4F1FB
:101B400004FB1100C5B209E000F16301632903D36E
:101B500000F2E731414501D24042EFE729460B2030
:101B600006F05AF9042211462B2007F0C1F8B06B99
:101B70004FF4616B00287CD0316C48F6A04091FB9B
:101B8000F0F0C1B20C2006F047F95D46306C00E081
:101B90009DE090FBF5F090FBF4F104FB1100C1B265
:101BA0000D2006F039F9306C90FBF5F105FB1101C1
:101BB0004FF4167091FBF0F0C1B20E2006F02CF934
:101BC000306C90FBF5F105FB11013C2091FBF0F02E
:101BD00090FBF4F104FB1100C5B229460F2006F07A
:101BE0001BF904221146372007F082F82D4880782F
:101BF00030B1D9F84400504502DA2C488078C8B397
:101C0000306BC0B3F16B48F6A04091FBF0F0C1B26D
:101C1000102006F001F9F06B5D4690FBF5F090FBAB
:101C2000F4F104FB1100C1B2112006F0F5F8F06BDD
:101C300090FBF5F105FB11014FF4167091FBF0F0EC
:101C4000C1B2122006F0E8F8F06B90FBF5F105FB4D
:101C500011013C2091FBF0F090FBF4F104FB11002A
:101C6000C5B22946132006F0D7F8202211462D20B0
:101C700002E03AE048E056E007F03AF80122114667
:101C8000282007F035F802221146282007F030F806
:101C900040221146292007F02BF80448807890B3A1
:101CA000002205E0940000209C51002088070020BD
:101CB0008021292007F01CF8F74890F90E0088B31E
:101CC000012842D002285FD003284DD163E00A21C9
:101CD000082006F0A1F80A21092006F09DF80A2143
:101CE000084606F099F80A2139E70A210C2006F087
:101CF00093F80A210D2006F08FF80A210E2006F035
:101D00008BF80A216AE71CE01221102006F084F803
:101D10001221112006F080F81221084606F07CF806
:101D200012219FE70FE00A21102006F075F80A2122
:101D3000112006F071F80A21122006F06DF80A2130
:101D400090E78022ADE7012200E0002201213A2045
:101D500006F0CEFF022202213A2006F0C9FF01223E
:101D60000121382006F0C4FFCB4890F82600F0B1DE
:101D7000002204213A2006F0BBFFC8480168C84889
:101D8000814216DA082215E0012211463A2006F0B7
:101D9000AFFF0022DFE7012211463A2006F0A8FF3C
:101DA000022211463A2006F0A3FF0022D8E70422BF
:101DB000DFE7002208213A2006F09AFFB64890F8A3
:101DC000440030B3002280213B2006F091FFB6F999
:101DD0005400B0F57A7F1EDB4FF47A7190FBF1F07E
:101DE00090FBF4F104FB110010F0FF0513D0042266
:101DF0000621242006F07CFFB6F9540063280CDD90
:101E000090FBF7F090FBF4F104FB1100C5B22946FA
:101E100004E08022D7E70622EAE70021142005F03B
:101E2000FBFFB6F95400092808DD90FBF4F090FBA5
:101E3000F4F104FB1100C5B2294600E00021152091
:101E400005F0EAFF012211461C2006F051FF9548DB
:101E5000007838B1D9F84400504503DA92488078C8
:101E6000012826D0B6F9520098B34FF47A7188420F
:101E700044DB90FBF1F090FBF4F104FB110010F057
:101E8000FF053BD0012211461A2006F031FF002247
:101E900002211C2006F02CFFB6F95200632834DD25
:101EA00090FBF7F090FBF4F104FB1100C5B229465A
:101EB0002CE0002201211A2006F01AFF0022022144
:101EC0001C2006F015FF1221162005F0A5FF122197
:101ED0000FE0FFE7002201211A2006F009FF00228F
:101EE00002211C2006F004FF0A21162005F094FFB1
:101EF0000A21172005F090FF00221CE00122114664
:101F00001A2006F0F5FE0222C2E70021162005F095
:101F100083FFB6F95200092808DD90FBF4F090FB2E
:101F2000F4F104FB1100C5B2294600E0002117209E
:101F300005F072FF01220121162006F0D9FEB6F944
:101F40006C0000280ADB00BF4FF47A7190FBF1F0BF
:101F500090FBF4F104FB1100C5B209E010F163013C
:101F600001D34042F0E700F2E730404500D20A25B5
:101F70002946182005F050FFB6F96C00002807DB51
:101F800090FBF7F090FBF4F104FB1100C5B20AE0FE
:101F900010F1630101D30A2505E000F2E731414564
:101FA00001D24042ECE72946192005F035FFB6F989
:101FB0006C00002808DB00BF90FBF4F090FBF4F10C
:101FC00004FB1100C5B209E000F16301632903D3EA
:101FD00000F2E731414501D24042EDE729461A209F
:101FE00005F01AFFB6F96C00002805DB90FBF4F150
:101FF00004FB1100C5B209E000F16301632903D3BA
:1020000000F2E731414501D24042EFE729461B206B
:1020100005F002FF01221146212006F069FE214849
:10202000407838B1D9F84400504503DA1E4880782A
:1020300001281DD0B6F96A0000286FDD4FF47A71CF
:1020400090FBF1F090FBF4F104FB1100C5B22946BE
:102050001C2005F0E1FEB6F96A00002816DB00BF7F
:1020600090FBF7F090FBF4F104FB1100C5B223E004
:1020700012211C2005F0D0FE12211D2005F0CCFEFF
:1020800012211E2005F0C8FE122149E010F1630163
:102090000CD30A2510E00000FC6A00202465002013
:1020A00000800945940000208807002000F2E731F5
:1020B000414501D24042D3E729461D2005F0ACFE40
:1020C000B6F96A00002807DB90FBF4F090FBF4F10E
:1020D00004FB1100C5B209E000F16301632903D3D9
:1020E00000F2E731414501D24042EDE729461E208A
:1020F00005F092FEB6F96A00002805DB90FBF4F1CA
:1021000004FB1100C5B20AE000F16301632903D3A7
:1021100000F2E731414502D24042EFE7B3E0294601
:102120001F2005F079FE04221146172006F0E0FD7D
:10213000D6F88000E8B356F8881F48F6A04091FB17
:10214000F0F0C1B2202005F067FE30685D4690FBDC
:10215000F5F090FBF4F104FB1100C1B2212005F071
:102160005BFE306890FBF5F105FB11014FF4167032
:1021700091FBF0F0C1B2222005F04EFE56F888091E
:1021800090FBF5F105FB11013C2091FBF0F090FB79
:10219000F4F104FB1100C5B22946232005F03CFEF2
:1021A00004221146232006F0A3FDFA48807848B1A6
:1021B00000E077E0D9F84400504503DAF64880782B
:1021C00001287DD0B06FE8B356F8841F48F6A040D0
:1021D00091FBF0F0C1B2242005F01EFE30685D4690
:1021E00090FBF5F090FBF4F104FB1100C1B2252047
:1021F00005F012FE306890FBF5F105FB11014FF47C
:10220000167091FBF0F0C1B2262005F005FE56F8DD
:10221000840990FBF5F105FB11013C2091FBF0F0E6
:1022200090FBF4F104FB1100C5B22946272005F00C
:10223000F3FD20221146192006F05AFD0122114615
:10224000142000E04BE006F053FD0222114614205A
:1022500006F04EFD40221146152006F049FDCE48FD
:102260008078012849D000228021152006F040FD09
:10227000CA4890F9560088B3012842D002285FD09E
:1022800003284DD163E00A211C2005F0C5FD0A2179
:102290001D2005F0C1FD0A211E2005F0BDFD0A210B
:1022A0003EE70DE00A21202005F0B6FD0A2121209D
:1022B00005F0B2FD0A21222005F0AEFD0A216CE7EF
:1022C0001221242005F0A8FD1221252005F0A4FDEF
:1022D0001221262005F0A0FD1221A7E70FE00A2118
:1022E000242005F099FD0A21252005F095FD0A21FD
:1022F000262005F091FD0A2198E78022B4E701220B
:1023000000E000220121262006F0F2FC0222022138
:10231000262006F0EDFC01220121242006F0E8FC35
:102320009E4890F86E00F0B100220421262006F0AD
:10233000DFFC9B4841689B48814216DA082215E081
:1023400001221146262006F0D3FC0022DFE70122FD
:102350001146262006F0CCFC02221146262006F06B
:10236000C7FC0022D8E70422DFE70022082126204C
:1023700006F0BEFC894890F88C0030B30022802122
:10238000272006F0B5FCB6F99C00B0F57A7F1EDB7D
:102390004FF47A7190FBF1F090FBF4F104FB110023
:1023A00010F0FF0513D0202260214D2006F0A0FC84
:1023B000B6F99C0063280CDD90FBF7F090FBF4F17C
:1023C00004FB1100C5B2294604E08022D7E7602251
:1023D000EAE70021282005F01FFDB6F99C00092836
:1023E00008DD90FBF4F090FBF4F104FB1100C5B2A2
:1023F000294600E00021292005F00EFD802211462B
:10240000452006F075FC6348007838B1D9F84400DF
:10241000504503DA60488078022826D0B6F99A0041
:1024200098B34FF47A71884244DB90FBF1F090FB53
:10243000F4F104FB110010F0FF053BD0802211469F
:10244000432006F055FC00224021452006F050FCB8
:10245000B6F99A00632834DD90FBF7F090FBF4F1B5
:1024600004FB1100C5B229462CE000228021432044
:1024700006F03EFC00224021452006F039FC1221E6
:102480002A2005F0C9FC12210FE0FFE7002280217D
:10249000432006F02DFC00224021452006F028FCB8
:1024A0000A212A2005F0B8FC0A212B2005F0B4FCF3
:1024B00000221CE080221146432006F019FC402235
:1024C000C2E700212A2005F0A7FCB6F99A000928E6
:1024D00008DD90FBF4F090FBF4F104FB1100C5B2B1
:1024E000294600E000212B2005F096FC8022802167
:1024F0003F2006F0FDFBB6F9B40000280ADB00BF60
:102500004FF47A7190FBF1F090FBF4F104FB1100B1
:10251000C5B209E010F1630101D34042F0E700F2D7
:10252000E730404500D20A2529462C2005F074FCEE
:10253000B6F9B400002807DB90FBF7F090FBF4F14C
:1025400004FB1100C5B20AE010F1630101D30A25B2
:1025500005E000F2E731414501D24042ECE729466F
:102560002D2005F059FCB6F9B400002808DB00BFA7
:1025700090FBF4F090FBF4F104FB1100C5B213E002
:1025800000F16301632903D300F2E73141450BD227
:102590004042EDE79400002088070020FC6A0020FC
:1025A000246500200080094529462E2005F034FCD2
:1025B000B6F9B400002805DB90FBF4F104FB110030
:1025C000C5B209E000F16301632903D300F2E731EA
:1025D000414501D24042EFE729462F2005F01CFC7F
:1025E00080221146482006F083FBFE48407838B12F
:1025F000D9F84400504503DAFB48807802281DD002
:10260000B6F9B20000287DDD4FF47A7190FBF1F04D
:1026100090FBF4F104FB1100C5B22946302005F00F
:10262000FBFBB6F9B200002816DB00BF90FBF7F009
:1026300090FBF4F104FB1100C5B218E01221302028
:1026400005F0EAFB1221312005F0E6FB12213220D1
:1026500005F0E2FB12213EE010F1630101D30A25EF
:1026600005E000F2E731414501D24042DEE729466C
:10267000312005F0D1FBB6F9B200002808DB00BF1D
:1026800090FBF4F090FBF4F104FB1100C5B209E0FB
:1026900000F16301632903D300F2E731414501D220
:1026A0004042EDE72946322005F0B6FBB6F9B2000C
:1026B000002805DB90FBF4F104FB1100C5B209E032
:1026C00000F16301632903D300F2E731414501D2F0
:1026D0004042EFE72946332005F09EFB20221146B9
:1026E0003E2006F005FBD6F8C800E8B356F8D01F28
:1026F00048F6A04091FBF0F0C1B2342005F08CFB0D
:102700005D4600E09CE0306890FBF5F090FBF4F152
:1027100004FB1100C1B2352005F07EFB306890FB50
:10272000F5F105FB11014FF4167091FBF0F0C1B209
:10273000362005F071FB56F8D00990FBF5F105FB4A
:1027400011013C2091FBF0F090FBF4F104FB11002F
:10275000C5B22946372005F05FFB202211464A20EA
:1027600006F0C6FA9F4800E078E0807838B1D9F8E2
:102770004400504503DA9C48807802287DD0D6F882
:10278000C000E8B356F8CC1F48F6A04091FBF0F02B
:10279000C1B2382005F040FB30685D4690FBF5F093
:1027A00090FBF4F104FB1100C1B2392005F034FBB9
:1027B000306890FBF5F105FB11014FF4167091FBA9
:1027C000F0F0C1B23A2005F027FB56F8CC0990FB97
:1027D000F5F105FB11013C2091FBF0F090FBF4F1C9
:1027E00004FB1100C5B229463B2005F015FB04226D
:1027F0001146402006F07CFA802211463D2000E080
:102800004AE006F075FA402211463D2006F070FAC3
:10281000022211463C2006F06BFA734880780228A9
:1028200048D0002201213C2006F062FA96F99E0071
:1028300088B3012842D002285ED003284DD162E03F
:102840000A21302005F0E8FA0A21312005F0E4FAE7
:102850000A21322005F0E0FA0A213CE70A2134205F
:1028600005F0DAFA0A21352005F0D6FA0A213620D9
:1028700005F0D2FA0A216DE7FFE71221382005F0B2
:10288000CBFA1221392005F0C7FA12213A2005F0BF
:10289000C3FA1221A8E70FE00A21382005F0BCFA9C
:1028A0000A21392005F0B8FA0A213A2005F0B4FAD5
:1028B0000A2199E70122B5E7802200E00022802169
:1028C0004F2006F015FA402240214F2006F010FA62
:1028D000802280214D2006F00BFA96F8B600F0B168
:1028E000002220214F2006F003FA4048816840482A
:1028F000814216DA102215E0802211464F2006F0A0
:10290000F7F90022E0E7802211464F2006F0F0F9A7
:10291000402211464F2006F0EBF90022D9E7202291
:10292000DFE7002210214F2006F0E2F996F8D400EC
:1029300030B3002201214E2006F0DAF9B6F9E400A6
:10294000B0F57A7F1EDB4FF47A7190FBF1F090FBCB
:10295000F4F104FB110010F0FF0513D020226021D8
:10296000032006F0C5F9B6F9E40063280CDD90FBFE
:10297000F7F090FBF4F104FB1100C5B2294604E026
:102980000122D7E76022EAE700213C2005F044FA63
:10299000B6F9E400092808DD90FBF4F090FBF4F1AF
:1029A00004FB1100C5B2294600E000213D2005F0DE
:1029B00033FA802211460B2006F09AF90948007874
:1029C00038B1D9F84400504503DA07488078032825
:1029D00030D0B6F9E200E8B34FF47A7188424EDBAA
:1029E00008E00000940000208807002024650020F3
:1029F0000080094590FBF1F191FBF4F004FB10100D
:102A000010F0FF053BD0802211460D2006F070F932
:102A1000002240210B2006F06BF9B6F9E200632892
:102A200034DD90FBF7F090FBF4F104FB1100C5B22C
:102A300029462CE0002280210D2006F059F90022C1
:102A400040210B2006F054F912213E2005F0E4F954
:102A500012210FE0FFE7002280210D2006F048F947
:102A6000002240210B2006F043F90A213E2005F008
:102A7000D3F90A213F2005F0CFF900221CE0802283
:102A800011460D2006F034F94022C2E700213E2015
:102A900005F0C2F9B6F9E200092808DD90FBF4F070
:102AA00090FBF4F104FB1100C5B2294600E00021BF
:102AB0003F2005F0B1F980228021112006F018F99D
:102AC000B6F9FC00002808DB4FF47A7190FBF1F1B5
:102AD00091FBF4F004FB10100BE010F163010AD33A
:102AE00040424FF47A7190FBF1F090FBF4F104FB5B
:102AF0001100C5B204E000F2E730404500D20A25DB
:102B00002946402005F088F9B6F9FC00002807DBCB
:102B100090FBF7F090FBF4F104FB1100C5B20AE062
:102B200010F1630101D30A2505E000F2E7314145C8
:102B300001D24042ECE72946412005F06DF9B6F993
:102B4000FC00002808DB00BF90FBF4F090FBF4F1E0
:102B500004FB1100C5B209E000F16301632903D34E
:102B600000F2E731414501D24042EDE729464220DB
:102B700005F052F9B6F9FC00002805DB90FBF4F1F2
:102B800004FB1100C5B209E000F16301632903D31E
:102B900000F2E731414501D24042EFE729464320A8
:102BA00005F03AF980221146062006F0A1F8FE4809
:102BB000407838B1D9F84400504503DAFB488078B2
:102BC00003281DD0B6F9FA0000287DDD4FF47A7194
:102BD00090FBF1F090FBF4F104FB1100C5B2294623
:102BE000442005F019F9B6F9FA00002816DB00BFF9
:102BF00090FBF7F090FBF4F104FB1100C5B218E074
:102C00001221442005F008F91221452005F004F9AD
:102C10001221462005F000F912213EE010F1630177
:102C200001D30A2505E000F2E731414501D24042D7
:102C3000DEE72946452005F0EFF8B6F9FA0000284E
:102C400008DB00BF90FBF4F090FBF4F104FB1100F3
:102C5000C5B209E000F16301632903D300F2E73153
:102C6000414501D24042EDE72946462005F0D4F81F
:102C7000B6F9FA00002805DB90FBF4F104FB110023
:102C8000C5B209E000F16301632903D300F2E73123
:102C9000414501D24042EFE72946472005F0BCF804
:102CA00020221146102006F023F8D6F81001E0B3D8
:102CB000D6F8181148F6A04091FBF0F0C1B24820B8
:102CC00005F0AAF85D4600E0A0E0D6F8180190FBF8
:102CD000F5F090FBF4F104FB1100C1B2492005F0BE
:102CE0009BF8D6F8180190FBF5F105FB11014FF4A4
:102CF000167091FBF0F0C1B24A2005F08DF8D6F8BD
:102D0000180190FBF5F105FB11013C2091FBF0F05F
:102D100090FBF4F104FB1100C5B229464B2005F0ED
:102D20007BF820221146042000E07EE005F0E0FF61
:102D30009D48807838B1D9F84400504503DA9B4863
:102D4000807803287FD0D6F80801E8B3D6F81411AC
:102D500048F6A04091FBF0F0C1B24C2005F05CF8C1
:102D6000D6F814015D4690FBF5F090FBF4F104FBFE
:102D70001100C1B24D2005F04FF8D6F8140190FBB8
:102D8000F5F105FB11014FF4167091FBF0F0C1B2A3
:102D90004E2005F041F8D6F8140190FBF5F105FB43
:102DA00011013C2091FBF0F090FBF4F104FB1100C9
:102DB000C5B229464F2005F02FF8042211460E20F7
:102DC00005F096FF802200E04CE01146132005F04C
:102DD0008FFF40221146132005F08AFF0222114680
:102DE000122005F085FF71488078032848D0002222
:102DF0000121122005F07CFF96F9E60088B3012836
:102E000042D002285ED003284DD162E00A2144203E
:102E100005F002F80A21452004F0FEFF0A214620B1
:102E200004F0FAFF0A2138E70DE00A21482004F0F7
:102E3000F3FF0A21492004F0EFFF0A214A2004F0A1
:102E4000EBFF0A216AE712214C2004F0E5FF122172
:102E50004D2004F0E1FF12214E2004F0DDFF12218D
:102E6000A8E70FE00A214C2004F0D6FF0A214D20EC
:102E700004F0D2FF0A214E2004F0CEFF0A2199E788
:102E80000122B5E7802200E000228021012005F028
:102E90002FFF40224021012005F02AFF80228021BF
:102EA000032005F025FF96F8FE00F0B10022202156
:102EB000012005F01DFF3E48C1683E48814216DAF8
:102EC000102215E080221146012005F011FF00229A
:102ED000E0E780221146012005F00AFF402211465A
:102EE000012005F005FF0022D9E72022DFE70022BC
:102EF0001021012005F0FCFE96F81C0130B30022E1
:102F00000121002005F0F4FEB6F92C01B0F57A7F1E
:102F10001EDB4FF47A7190FBF1F090FBF4F104FBAF
:102F2000110010F0FF0513D004220621522005F0F5
:102F3000DFFEB6F92C0163280CDD90FBF7F090FB67
:102F4000F4F104FB1100C5B2294604E00122D7E7E1
:102F50000622EAE70021502004F05EFFB6F92C01BA
:102F6000092808DD90FBF4F090FBF4F104FB11005C
:102F7000C5B2294600E00021512004F04DFF012296
:102F800011465A2005F0B4FE0748007838B1D9F848
:102F90004400504503DA05488078042830D0B6F95B
:102FA0002A01E8B308E00000940000208807002010
:102FB00024650020008009454FF47A71884244DB83
:102FC00090FBF1F090FBF4F104FB110010F0FF0511
:102FD0003BD0002202215A2005F08AFE0122114630
:102FE0005C2005F085FEB6F92A0163282FDD90FBF1
:102FF000F7F090FBF4F104FB1100C5B2294627E07D
:10300000002202215A2005F073FE002201215C20DB
:1030100005F06EFE1221522004F0FEFE12210FE098
:10302000FFE7002202215A2005F062FE0022012162
:103030005C2005F05DFE0A21522004F0EDFE0A211D
:10304000532004F0E9FE002217E00222C2E700212B
:10305000522004F0E1FEB6F92A01092808DD90FBB0
:10306000F4F090FBF4F104FB1100C5B2294600E036
:103070000021532004F0D0FE01220121602005F040
:1030800037FEB6F9440100280ADB00BF4FF47A711D
:1030900090FBF1F090FBF4F104FB1100C5B209E0E4
:1030A00010F1630101D34042F0E700F2E730404500
:1030B00000D20A252946542004F0AEFEB6F9440198
:1030C000002807DB90FBF7F090FBF4F104FB110004
:1030D000C5B20AE010F1630101D30A2505E000F250
:1030E000E731414501D24042ECE72946552004F042
:1030F00093FEB6F94401002808DB00BF90FBF4F012
:1031000090FBF4F104FB1100C5B209E000F163018A
:10311000632903D300F2E731414501D24042EDE794
:103120002946562004F078FEB6F94401002805DB54
:1031300090FBF4F104FB1100C5B209E000F163015A
:10314000632903D300F2E731414501D24042EFE762
:103150002946572004F060FE01221146572005F051
:10316000C7FDFE48407838B1D9F84400504503DA2D
:10317000FB48807804281DD0B6F9420100287DDD87
:103180004FF47A7190FBF1F090FBF4F104FB110025
:10319000C5B22946582004F03FFEB6F94201002886
:1031A00016DB00BF90FBF7F090FBF4F104FB11007D
:1031B000C5B218E01221582004F02EFE1221592029
:1031C00004F02AFE12215A2004F026FE12213EE0CD
:1031D00010F1630101D30A2505E000F2E731414512
:1031E00001D24042DEE72946592004F015FEB6F927
:1031F0004201002808DB00BF90FBF4F090FBF4F1E3
:1032000004FB1100C5B209E000F16301632903D397
:1032100000F2E731414501D24042EDE729465A200C
:1032200004F0FAFDB6F94201002805DB90FBF4F149
:1032300004FB1100C5B209E000F16301632903D367
:1032400000F2E731414501D24042EFE729465B20D9
:1032500004F0E2FD04221146612005F049FDD6F894
:103260005801E0B3D6F8601148F6A04091FBF0F0A9
:10327000C1B25C2004F0D0FD5D4600E0A0E0D6F8CD
:10328000600190FBF5F090FBF4F104FB1100C1B27A
:103290005D2004F0C1FDD6F8600190FBF5F105FB5F
:1032A00011014FF4167091FBF0F0C1B25E2004F0F2
:1032B000B3FDD6F8600190FBF5F105FB11013C2050
:1032C00091FBF0F090FBF4F104FB1100C5B229462C
:1032D0005F2004F0A1FD04221146552000E07EE0AD
:1032E00005F006FD9D48807838B1D9F84400504576
:1032F00003DA9B48807804287FD0D6F85001E8B3E1
:10330000D6F85C1148F6A04091FBF0F0C1B2602005
:1033100004F082FDD6F85C015D4690FBF5F090FB71
:10332000F4F104FB1100C1B2612004F075FDD6F880
:103330005C0190FBF5F105FB11014FF4167091FB58
:10334000F0F0C1B2622004F067FDD6F85C0190FB9A
:10335000F5F105FB11013C2091FBF0F090FBF4F13D
:1033600004FB1100C5B22946632004F055FD20225C
:1033700011465F2005F0BCFC012200E04CE0114644
:10338000622005F0B5FC02221146622005F0B0FC77
:1033900040221146632005F0ABFC71488078042878
:1033A00048D000228021632005F0A2FC96F92E016E
:1033B00088B3012842D002285ED003284DD162E0B4
:1033C0000A21582004F028FD0A21592004F024FD88
:1033D0000A215A2004F020FD0A2138E70DE00A21D5
:1033E0005C2004F019FD0A215D2004F015FD0A217E
:1033F0005E2004F011FD0A216AE71221602004F02A
:103400000BFD1221612004F007FD1221622004F05F
:1034100003FD1221A8E70FE00A21602004F0FCFC64
:103420000A21612004F0F8FC0A21622004F0F4FC77
:103430000A2199E78022B5E7012200E0002201215C
:10344000502005F055FC02220221502005F050FCCE
:1034500001220121522005F04BFC96F84601F0B103
:1034600000220421502005F043FC3E4801693E48FB
:10347000814216DA082215E001221146502005F09B
:1034800037FC0022E0E701221146502005F030FC15
:1034900002221146502005F02BFC0022D9E704221D
:1034A000DFE700220821502005F022FC96F8640195
:1034B00030B300228021512005F01AFCB6F97401C6
:1034C000B0F57A7F1EDB4FF47A7190FBF1F090FB40
:1034D000F4F104FB110010F0FF0513D004220621C3
:1034E000662005F005FCB6F9740163280CDD90FB3D
:1034F000F7F090FBF4F104FB1100C5B2294604E09B
:103500008022D7E70622EAE70021642004F084FC49
:10351000B6F97401092808DD90FBF4F090FBF4F192
:1035200004FB1100C5B2294600E00021652004F02B
:1035300073FC012211466E2005F0DAFB0748007883
:1035400038B1D9F84400504503DA05488078052899
:1035500030D0B6F97201E8B308E000009400002012
:103560008807002024650020008009454FF47A7107
:10357000884244DB90FBF1F090FBF4F104FB110076
:1035800010F0FF053BD0002202216E2005F0B0FBB9
:1035900001221146702005F0ABFBB6F972016328D9
:1035A0002FDD90FBF7F090FBF4F104FB1100C5B2A6
:1035B000294627E0002202216E2005F099FB002217
:1035C0000121702005F094FB1221662004F024FCF8
:1035D00012210FE0FFE7002202216E2005F088FB98
:1035E00000220121702005F083FB0A21662004F0EF
:1035F00013FC0A21672004F00FFC002217E00222CE
:10360000C2E70021662004F007FCB6F97201092820
:1036100008DD90FBF4F090FBF4F104FB1100C5B25F
:10362000294600E00021672004F0F6FB0122012179
:10363000742005F05DFBB6F98C0100280ADB00BFA1
:103640004FF47A7190FBF1F090FBF4F104FB110060
:10365000C5B209E010F1630101D34042F0E700F286
:10366000E730404500D20A252946682004F0D4FB03
:10367000B6F98C01002807DB90FBF7F090FBF4F122
:1036800004FB1100C5B20AE010F1630101D30A2561
:1036900005E000F2E731414501D24042ECE729461E
:1036A000692004F0B9FBB6F98C01002808DB00BFE3
:1036B00090FBF4F090FBF4F104FB1100C5B209E0BB
:1036C00000F16301632903D300F2E731414501D2E0
:1036D0004042EDE729466A2004F09EFBB6F98C01D2
:1036E000002805DB90FBF4F104FB1100C5B209E0F2
:1036F00000F16301632903D300F2E731414501D2B0
:103700004042EFE729466B2004F086FB0122114678
:103710006B2005F0EDFAD948407838B1D9F844006B
:10372000504503DAD648807805281DD0B6F98A01BD
:1037300000287DDD4FF47A7190FBF1F090FBF4F1FD
:1037400004FB1100C5B229466C2004F065FBB6F9F4
:103750008A01002816DB00BF90FBF7F090FBF4F124
:1037600004FB1100C5B218E012216C2004F054FBD8
:1037700012216D2004F050FB12216E2004F04CFB4E
:1037800012213EE010F1630101D30A2505E000F2A9
:10379000E731414501D24042DEE729466D2004F081
:1037A0003BFBB6F98A01002808DB00BF90FBF4F070
:1037B00090FBF4F104FB1100C5B209E000F16301D4
:1037C000632903D300F2E731414501D24042EDE7DE
:1037D00029466E2004F020FBB6F98A01002805DB9B
:1037E00090FBF4F104FB1100C5B209E000F16301A4
:1037F000632903D300F2E731414501D24042EFE7AC
:1038000029466F2004F008FB04221146752005F0BC
:103810006FFAD6F8A001E8B3D6F8A81148F6A04090
:1038200091FBF0F0C1B2702004F0F6FA5D4600E0C2
:103830009EE0D6F8A80190FBF5F090FBF4F104FBB4
:103840001100C1B2712004F0E7FAD6F8A80190FB8C
:10385000F5F105FB11014FF4167091FBF0F0C1B2C8
:10386000722004F0D9FAD6F8A80190FBF5F105FB17
:1038700011013C2091FBF0F090FBF4F104FB1100EE
:10388000C1B2732004F0C8FA04221146692005F081
:103890002FFA00E07BE07948807838B1D9F844000D
:1038A000504503DA7648807805287ED0D6F898010E
:1038B000F0B3D6F8A41148F6A04091FBF0F0C1B2E5
:1038C000742004F0A9FAD6F8A4015D4690FBF5F047
:1038D00090FBF4F104FB1100C1B2752004F09CFAD6
:1038E000D6F8A40190FBF5F105FB11014FF4167019
:1038F00091FBF0F0C1B2762004F08EFAD6F8A40164
:1039000090FBF5F105FB11013C2091FBF0F090FBE1
:10391000F4F104FB1100C1B2772004F07DFA2022FB
:103920001146732005F0E4F901221146762000E0EB
:103930004AE005F0DDF902221146762005F0D8F9BB
:1039400040221146772005F0D3F94D4880780528AC
:1039500048D000228021772005F0CAF996F9760137
:1039600088B3012842D002285ED003284DD162E0FE
:103970000A216C2004F050FA0A216D2004F04CFA60
:103980000A216E2004F048FA0A213AE70DE00A21E4
:10399000702004F041FA0A21712004F03DFA0A2156
:1039A000722004F039FA0A216BE71221742004F026
:1039B00033FA1221752004F02FFA1221762004F038
:1039C0002BFA1221A8E70FE00A21742004F024FA50
:1039D0000A21752004F020FA0A21762004F01CFA4E
:1039E0000A2199E78022B5E7012200E000220121A7
:1039F000642005F07DF902220221642005F078F9A7
:103A000001220121662005F073F996F88E01F0B1CC
:103A100000220421642005F06BF91A4841691A4814
:103A2000814216DA082215E001221146642005F0D1
:103A30005FF90022E0E701221146642005F058F901
:103A400002221146642005F053F90022D9E704222E
:103A5000DFE700220821642005F04AF996F8AC015E
:103A600048B100228021652005F042F9BDE8F05FF1
:103A7000064802F0C1BD8022F4E700009400002057
:103A800088070020246500200080094590650020FB
:103A900010B503F0E9FA044801F0D8FEBDE8104083
:103AA000024801F0D3BE00003C0900208409002038
:103AB0002DE9F14FB94C2189E06801F003FA0025A6
:103AC000B74FDFF8E092DFF8E0B24FF0804A01260E
:103AD00010B994F8250020B194F82400012807D0EB
:103AE000DCE0216A0098FCF7CEFB206284F82460B9
:103AF0002189E06801F0E6F901281AD1A848216A75
:103B000040420144A94881420ED2A9488178491C0B
:103B1000C9B28170052900D985704570A548056036
:103B2000C4F81CA0C9F8007084F8245084F825500B
:103B30002562216A6FF07F5001449F4881427CD208
:103B400094F82500002878D199489C4A9C498078AF
:103B5000DFF870E29C4B52F820C0DFF870828C4591
:103B6000D2F800C047DA8C4568DAD2F804C08C4538
:103B700064DAD2F808C08C4560DAD2F80CC08C4503
:103B80005CDAD2F810C08C4558DA52698A4255DAAC
:103B900000EBC002002143460BEBC20201EBC10C5B
:103BA0000BEBCC00B2F8048003EB410CA0F80880CA
:103BB000ACF80280A0F80480B2F81880A0F8208049
:103BC000ACF80E80A0F81880D2F830C003EB810862
:103BD000C0F838C0C8F81CC0C0F830C0C0F834C045
:103BE00092F801C0BCF1000F00D04670491CC9B268
:103BF0000629D3D349E08C454CDDD2F804C08C456E
:103C000048DDD2F808C08C4544DDD2F80CC08C45A4
:103C100040DDD2F810C08C453CDD52698A4239DD66
:103C200000EBC002002143460BEBC20201EBC10CCA
:103C3000B2F804800BEBCC0001E02FE02AE003EBAC
:103C4000410CA0F80880ACF80280A0F80480B2F81B
:103C50001880A0F82080ACF80E80A0F81880D2F868
:103C600030C003EB8108C0F838C0C8F81CC0C0F8E9
:103C700030C0C0F834C092F801C0BCF1000F00D0D1
:103C80004670491CC9B20629D0D38EF80060C9F825
:103C9000007001E0C3F800A084F82560218E606BFD
:103CA00001F010F910B994F84D0058B194F84C0097
:103CB000012870D1218E606B01F004F902220128E5
:103CC00008D022E0A16C0098FCF7DDFAA06484F82B
:103CD0004C60EFE73248A16C4042014433488142D6
:103CE0000ED233484178491CC9B2417001293BD0FA
:103CF000032900D945702F49C9F80070C1F800A008
:103D000084F84C5084F84D50A564A16C6FF07F503E
:103D10000144294881423ED294F84D0000283AD10E
:103D20009BF801105846012925D090F84910012927
:103D300021D090F8911001291DD090F8D9100129B7
:103D400019D090F82111012915D090F86911012995
:103D500011D0002101EBC10200EBC202491CC9B223
:103D600056700629F6D312E012490968B1F5000F22
:103D7000C1DB4270BFE7002101EBC10300EBC305CB
:103D8000491C2A75C9B200F833600629F4D3C9F872
:103D9000007084F84D60BDE8F88F00009C51002051
:103DA000CDCCCC3D74000020FC6A00203333F301FD
:103DB000880700209C000020FFFF7F002465002072
:103DC00000800945380700207800002008660020A0
:103DD000094880212022018040214180074941601B
:103DE00002814A15C16002858A1542850A15C162A1
:103DF00002864163704700009C510020001401407E
:103E000010B5094C2168FCF73EFA2060B0F17E5FE6
:103E100008DB06488169416100218161026CC0E9CB
:103E20000F21216010BD00007C0000209C5100206B
:103E300008B505F0C7FB094D094C0090287840B93A
:103E40002046FFF735FE2046FFF7DAFF2046FDF754
:103E5000A9FA0A21684605F077FBEFE78C070020F6
:103E60000AD7233C10B5802000F024FFBDE81040A5
:103E70004FF4007000F01EBF10B5104801F0E6FCD2
:103E80000F4801F0E3FC00210C4801F003FF04217E
:103E90000A4801F0FFFE0821084801F0FBFE0C2152
:103EA000064801F0F7FE0821054801F0F3FEBDE8E1
:103EB00010400C21024801F0EDBE0000AC080020CB
:103EC0006408002072B6FEE706490020C861064873
:103ED000016941F004010161016941F040010161A2
:103EE00070470000100A002000200240064A00210E
:103EF000D16106490A6942F002020A614861086913
:103F000040F0400008617047100A00200020024085
:103F1000044B0022DA61044A136943F00103136180
:103F200001807047100A002000200240144800223F
:103F3000C168CB06134904D5CA6942F00202CA61BE
:103F40001022C3685B0705D5CB6943F00103CB6141
:103F500042F00402C369DB0707D0CB6943F00403D6
:103F6000CB61C16921F00101C161A2F58071013904
:103F700001D0C2607047C16921F00101C161704781
:103F800000200240100A002070B5054600F0A4FF92
:103F90000646114C09E0681C07D025B100F09CFFD3
:103FA000801BA84201D9032070BDE068C007F2D190
:103FB000E068800601D52020E060E068C00605D4F6
:103FC000E069C00702D1E068400703D5FFF7AEFF04
:103FD000012070BD002070BD0020024030B5154AA0
:103FE000002132F8205000EBC00202EB0013114A0E
:103FF000183202EB0312104B53F8204042F82450C1
:10400000641C43F82040642C02D1002443F8204073
:104010005FF0000052F82030401CC0B21944642800
:10402000F8D3D2F88C0118B1642091FBF0F030BDC8
:10403000106830BDEC510020645B002030B5154A9B
:10404000164C02EB80020021558800EBC00202EB07
:104050000013114A02EB031254F8203042F82350A7
:104060005B1C44F82030642B02D1002344F820303C
:104070005FF0000052F82030401CC0B219446428A0
:10408000F8D3D2F88C0118B1642091FBF0F030BD68
:10409000106830BDEC5100207C5B0020DC64002007
:1040A00078B500220B4B4C1E10E0551CA54202EBCC
:1040B00003052D88ADF800509DF80050855403DCB1
:1040C00086189DF801507570921C92B28A42ECD30A
:1040D000012078BD000001082DE9F04186B00D46B1
:1040E000804600F05FFD002001900090164F0121F6
:1040F000CDE90371694601A800F0B6FCC0B90024FF
:104100006E1E1BE0601CB04207DC08EB040018F8D0
:104110000410407801EB002003E018F8040000F5DB
:104120007F4082B20023E119012000F0FBFC18B1AE
:10413000002006B0BDE8F081A41CA4B2AC42E1D3DB
:1041400000F0E6FC0120F4E700000108F8B50025C6
:104150000446009590F8240001280BD0012084F833
:1041600024002046FCF7B6FC2046FCF717FD0600AD
:1041700002D050E00220F8BDA06A20F4885040F040
:104180000200A062022000F045FF25490968B1FB4A
:10419000F0F0400000E0401E00900028FBD12068B5
:1041A000816841F00801816000F096FE074608E052
:1041B00000F092FEC01B0A2803D92068806800071F
:1041C00015D4206880680007F2D42068816841F027
:1041D0000401816000F080FE074612E000F07CFEE2
:1041E000C01B0A280DD920688068400709D5A06A3D
:1041F00020F0020040F01000A06284F8245001205A
:10420000F8BD206880684007E8D4A06A20F002006A
:1042100040F00100A06284F824503046F8BD000050
:104220000C000020F8B50024009490F824202546C6
:10423000012A12D0012280F824204A681F23072A6D
:104240000DD20668776B521E02EB820293409F43A9
:104250000B6893401F43776319E00220F8BD06689E
:104260000D2A0AD2376BD21F02EB820293409F4382
:104270000B6893401F43376309E0F76A0D3A02EB7E
:10428000820293409F430B6893401F43F7620A6882
:10429000072306680A2A0AD3F7680A3A02EB4202A1
:1042A00093409F438B6893401F43F76008E0376952
:1042B00002EB420293409F438B6893401F43376158
:1042C0000A68102A01D0112A20D1124B02689A42A2
:1042D00017D193681B0219D4936843F400039360C9
:1042E0000968102912D10C490C4A0968B1FBF2F196
:1042F00001EB8101490000E0491E00910029FBD13A
:1043000004E0816A41F020018162012480F8245098
:104310002046F8BD002401400C00002040420F0060
:1043200070477047704700002DE9F04104004FF0DE
:1043300000057FD0A06A002628B9E66284F82460D0
:10434000204600F081F82046FCF7C4FBA16AC906AC
:1043500000D420B1A06A40F01000A0626AE0A16A17
:1043600021F4885141F00201A162334923688B4254
:10437000E16904D1B1F5402F01D14FF40021277B31
:104380004FF4807C41EA470261680A43A1686145B5
:1043900008D0012906D0002194F814E0BEF1010FE5
:1043A00002D00AE06146F7E7C7B1A76A47F02007E5
:1043B000A762E76A47F00107E7625F6827F4694789
:1043C0000F435F60236899681C4F3940114399601F
:1043D000A16861450BD0012909D00CE0DFF860E04D
:1043E000A7690EEB47370F4347F40061E5E7218AE1
:1043F0000D05A5F580152168CB6A23F470032B43C6
:10440000CB62216889680F4B1940914208D1E6625E
:10441000A16A21F0020141F00101A162BDE8F08131
:10442000A06A20F0020040F01000A062E06A40F0B4
:104430000100E0620120F1E7003C0140FDF7E1FFEF
:1044400000E0FFFFFE0E1FFFF0B585B00026054619
:1044500000960196029603960068214988423DD154
:104460002049886940F400708861886900F4007010
:104470000490886940F010008861886900F010009D
:104480000490886940F00400886188693F2403270C
:1044900000F00400CDE9004704906946124800F09E
:1044A00015FCCDE900476946104800F00FFC114C9F
:1044B0000F48C4E900068020C4E902604000206182
:1044C000800060612020A0610002E061204600F0D1
:1044D00055FA08B1FFF7F6FC2C62656205B0F0BD35
:1044E000002401400010024000100140000801407B
:1044F00008000240D80700202DE9F047894604460D
:104500003B4900683B4F0E1D9046884201D0B8429F
:1045100007D1306810F4702F03D001252846BDE87C
:10452000F08794F8240001280CD0012084F824009E
:104530002046FCF733FB05004FF0000004D084F860
:104540002400EBE70220EAE7A16A40F6016291430A
:1045500041F48071A1622168B94218D1326812F425
:10456000702F14D0A16A41F48011A162316849050D
:1045700005D5A16A21F4005141F48051A162A16ADC
:10458000C9040AD5E16A21F00601E16206E0A26AE7
:1045900022F48012A2624968E9E7E06284F824000C
:1045A000216A15488862216A1448C862216A144841
:1045B000086321686FF0020008602068816841F498
:1045C00080718160216843464A464C31206A00F080
:1045D00013FA20688168C1F342410729816803D03A
:1045E00041F48011816099E741F4A001FAE70000ED
:1045F00000240140002801402B0B0008930B000809
:10460000790B00082DE9F05F90F8211000240229B1
:1046100003D004218163012485E001680A6822F047
:104620000E020A6001680A6822F001020A603F4E29
:104630003E4FB215DFF8F4C0DFF8F090DFF8ECA0E1
:10464000DFF8E8B0DFF8E4E00168783F1301150215
:10465000ACF1640CA9F15009AAF13C0AABF1280BAA
:10466000AEF1140E4FF48018B14227D9B9420ED0E2
:10467000614512D049451DD0514518D0594518D033
:10468000714501D1424615E0294EB14201D10122C6
:1046900010E0274E1436B14201D110220AE0244E18
:1046A0002836B14206D0224A3C32914201D11A4604
:1046B00000E02A461E49091F0A602BE0B94213D0C8
:1046C000614517D0494522D051451DD059451DD0CF
:1046D000714501D142461AE0B14202D14FF08072D9
:1046E00015E0134EB14201D1012210E0104E1436F4
:1046F000B14201D110220AE00D4E2836B14206D057
:104700000B4A3C32914201D11A4600E02A46074941
:1047100080394A60012180F82110002180F82010A2
:10472000416B01B188472046BDE8F09F8000024000
:10473000080402402DE9F05FC16B0A6801680B684C
:10474000046C4FF0040808FA04F8844D844E854F39
:10475000DFF814C2DFF81492DFF814A2DFF814B205
:10476000DFF814E218EA020F65D05FEA437862D5F9
:104770000A68920603D40A6822F004020A60DFF88D
:10478000F0814FF48062016808F1140813011402EB
:10479000414524D9A9420DD0B1420FD0B9421AD017
:1047A000614515D0494515D0514501D1120312E09C
:1047B000594501D104220EE0714501D140220AE0A1
:1047C0006D4D1435A94206D06B4A2832914201D171
:1047D0001A4600E022466749091F0A6029E0A942FB
:1047E00013D0B14215D0B94220D061451BD0494504
:1047F0001BD0514502D14FF4800217E0414502D150
:104800004FF0806212E0594501D104220EE071455B
:1048100001D140220AE0584D1435A94206D0564A2B
:104820002832914201D11A4600E022464B4908390C
:104830004A60C16A71E04FF0020808FA04F818EA09
:10484000020F70D05FEA83786DD50A68920606D4AD
:104850000A6822F00A020A60012180F82110DFF8BC
:1048600010814FF40072016808F11408130114025A
:10487000414524D9A9420DD0B1420FD0B9421AD036
:10488000614515D0494515D0514501D1120312E0BB
:10489000594501D102220EE0714501D120220AE0E2
:1048A000354D1435A94206D0334A2832914201D100
:1048B0001A4600E022462F49091F0A6029E0A94252
:1048C00013D0B14215D0B94220D061451BD0494523
:1048D0001BD0514502D14FF4001217E0414502D1DF
:1048E0004FF0007212E0594501D102220EE07145ED
:1048F00001D120220AE0204D1435A94206D01E4ADB
:104900002832914201D11A4600E022461349083963
:104910004A60002180F82010816A00291CD0BDE87F
:10492000F05F0847FFE70825A540154214D01A0795
:1049300012D50A6822F00E020A6090F84020C36B7C
:10494000012101FA02F25A60816380F821100021EE
:1049500080F82010016BE0E7BDE8F09F08000240FE
:104960001C00024030000240440002405800024057
:104970006C000240080402401C04024030B560B1E3
:104980001A4B026814219A4209D2194B1344B3FB03
:10499000F1F18900016417490AE0012030BD134B91
:1049A0005B421344B3FBF1F1890001640F490839FC
:1049B000C163022180F82110136843F6F0718B4324
:1049C000F0E901142143D0E902452C432143046955
:1049D0002143446921438469214319431160002123
:1049E0004163012242770177084630BD0804024046
:1049F000F8FFFDBF0000024070B5044690F82000AB
:104A0000002501280CD0012084F8200094F82160B2
:104A10000020012E06D084F820000225284670BD13
:104A2000022070BD022684F82160A0632068066819
:104A300026F0010606602046FCF7A0FDE06A00288B
:104A40002068016802D041F00E0106E021F0040167
:104A500001602068016841F00A0101602068016876
:104A600041F001010160D9E72DE9F04705462648EC
:104A70000F460126017E01290FD0012181460176D2
:104A80002868DFF888804CF25034022808D0A2460B
:104A90002046FFF779FAA8B131E00220BDE8F0879F
:104AA0002046FFF771FA08BB0120FFF70DFA2046F8
:104AB000FFF76AFAD8F81010064621F00401C8F88A
:104AC00010101CE04FF0FF303860AC6811E0204659
:104AD000FFF70CFA5046FFF757FAD8F81010060007
:104AE00021F00201C8F8101001D03C6007E004F585
:104AF0000064D5E9020100EBC120A042E7D8002103
:104B000089F818103046C9E7100A0020002002403A
:104B10000348016941F080010161002070470000F5
:104B2000002002402DE9F05F07461C48884600241B
:104B3000017E15461E46012909D0012181460176D4
:104B40004CF2503A5046FFF71FFA18B122E002200B
:104B5000BDE8F09F012F02D0022F00D00427D346DA
:104B6000DFF83CA0220128463146FBF74BFB81B21F
:104B700008EB4400FFF7CCF95846FFF705FADAF8DE
:104B8000102022F00102CAF8102018B9641CE4B207
:104B9000BC42E7D3002289F81820D9E7100A002088
:104BA00000200240064900200A69120607D5054A7E
:104BB0004A60054A4A600969090600D50120704724
:104BC0000020024023016745AB89EFCD2DE9F04776
:104BD000324C0746DFF8C8802088324D4FF07E59AE
:104BE000B8422DD198F80000002855D14946A06957
:104BF000FBF749FBA0614FF08040E061618860688D
:104C000000F060F9002630B16188606800F05AF960
:104C1000012808D00EE0A878401CC0B2A870052872
:104C200008D9AE7006E0A87808B90620A870C0B20E
:104C3000401EA8701C486E701D4906601B48086025
:104C4000208DB84228D198F80000002824D14E4683
:104C50004946206CFBF717FBC4E91006618DE06A3A
:104C600000F030F980B1618DE06A00F02BF9012885
:104C700012D1E06BFBF7B2FDC3B26A78A9780120CC
:104C8000BDE8F04703F010B8E06BFBF7A7FDC3B237
:104C90006A78A9780020F3E7BDE8F0879C510020EE
:104CA0008C070020880700209C000020CDCCCC3D44
:104CB00074000020044910B50A68024202D008605E
:104CC000FFF784FF10BD0000140401402DE9F84FE8
:104CD000DFF8C8910024A9F1040B23460F2709F13E
:104CE000040AABF1040ED1E00125A54006EA050255
:104CF000AA4276D1DFF8A8C14E68A6EB0C0866453B
:104D00002BD00DDC032E34D005DC36B3012E19D0A8
:104D1000022E2FD11BE0112E16D0122E2AD119E00F
:104D2000B8F5881F19D006DCB8F5803F15D0B8F566
:104D3000801F1FD111E0B8F5001F0ED0B8F5041F79
:104D400018D10AE0CB6815E0CB681B1D12E0CB68D8
:104D500008330FE0CB680C330CE08B682BB1012BD0
:104D60004FF0080303D0456104E0042302E005612D
:104D700000E00023FF2A01D8064601E000F1040606
:104D80004FEA840501D9A5F12005D6F8008007FA7D
:104D900005FC28EA0C0803FA05F548EA0508C6F8F8
:104DA00000804D68ED0070D53E4DAE6946F00106BD
:104DB000AE61AD6924F0030605F0010500953A4D9A
:104DC00006EB050CDCF80850A607360F07FA06F8C4
:104DD00025EA0805DFF8D480404503D14FF00008EC
:104DE00025E052E0DFF8C880404502D14FF00108CD
:104DF0001DE0DFF8C080404502D14FF0020816E008
:104E0000DFF8B480404502D14FF003080FE0DFF82F
:104E1000AC80404502D14FF0040808E0DFF8A080E4
:104E2000404502D14FF0050801E04FF0060808FAAE
:104E300006F848EA0508CCF808804D68D9F8006003
:104E4000ED024D4601D5164300E096432E604D68B5
:104E5000DAF80060AD02554601D5164300E09643EE
:104E60002E604D68DBF80060AD035D4601D516434A
:104E700000E096432E604D68DEF80060ED03754655
:104E800001D5164300E096432E60641C0A6816465E
:104E9000E2407FF429AFBDE8F88F0000080401402C
:104EA0000000111000100240000001400008014005
:104EB000000C0140001001400014014000180140A6
:104EC000001C01408068084000D0012070470AB1F2
:104ED000016170470904FBE70148806870470000E2
:104EE0000000002002488168027811448160704708
:104EF00000000020074810B5016841F01001016072
:104F0000032000F075F80F2000F006F800F024F8F8
:104F1000002010BD0020024070B50D4D04464FF436
:104F20007A712878B1FBF0F00A490968B1FBF0F01A
:104F300000F0AEFB48B9102C07D200222146501ECB
:104F400000F036F800206C6070BD012070BD0000DC
:104F5000000000200C0000200C4808B5816941F0D9
:104F600001018161816901F001010091C16941F094
:104F70008051C161C06900F08050009004484168D0
:104F800021F0E06141F00071416008BD0010024075
:104F900000000140002809DB00F01F0201219140C0
:104FA0004009800000F1E020C0F8001170470000C7
:104FB000F0B40E4B1B680C46C3F30223C3F1070584
:104FC000042D00D90425191D072901D2002300E072
:104FD000DB1E012606FA05F1491E214099409E403C
:104FE000761E16403143F0BC03F00CBE0CED00E021
:104FF000064900F0070208684FF6FF03184040EA30
:105000000220034A10430860704700000CED00E0E6
:105010000000FA0510B501460020284C04292FD0C5
:105020000BDC012930D0022929D100F06BF961682D
:10503000C1F38131491C49001FE0082920D0102903
:105040001DD161682268D20119D51D48C1F3834280
:10505000C903805C0AD56168194AC1F34041921EB8
:10506000515C184AB2FBF1F1484301E0164948434C
:105070006168490203D440000321B0FBF1F010BD88
:10508000BDE8104000F04EB9226AC2F301210129A7
:1050900003D1920701D5C80310BD022905D1626A68
:1050A000920702D549F6404010BD0329FCD1216882
:1050B0008903F9D54FF2244010BD000000100240D2
:1050C0003498000800127A0000093D002DE9F843E9
:1050D00005460078354CC00754D0E0690026C00072
:1050E00008D4E06940F08050E061E069012600F0FA
:1050F000805000902E480168C90512D4016880468E
:1051000041F480710160FFF7E7FE074605E000BF4C
:10511000FFF7E2FEC01B642823D8D8F80000C005C2
:10512000F6D5206A10F4407021D0A98801F44071AE
:1051300081421CD0206A1F49012220F440700A607D
:1051400000220A602062C00711D0FFF7C5FE0746A3
:1051500041F2883808E000BFFFF7BEFEC11B4145A1
:1051600002D90320BDE8F883206A8007F4D5206ABD
:10517000696820F44070084320621EB1E06920F0A5
:105180008050E0612878800705D56068A96820F420
:105190004040084360602878C00605D560686969AA
:1051A00020F48000084360600020DBE7001002402C
:1051B00000700040400442422DE9F0470F460500D0
:1051C00061D0434E306800F00700B84209D2306821
:1051D00020F0070038433060306800F00700B84224
:1051E00051D128683B4C810712D5400703D5606830
:1051F00040F4E06060602878000703D5606840F400
:10520000605060606068A96820F0F000084360604A
:105210002878C00728D06868012810D021680228A3
:1052200010D0890700292EDA616821F003010143BB
:105230006160FFF751FE804641F288390DE0216838
:105240008903EFE78901EDE7FFF746FEA0EB0801D0
:10525000494502D90320BDE8F0876068696800F01D
:105260000C00B0EB810FEFD1306800F00700B842BE
:105270000BD9306820F0070038433060306800F008
:105280000700B84201D00120E5E72878400705D59E
:105290006068E96820F4E0600843606028780007EF
:1052A00006D56068296920F4605040EAC10060605A
:1052B00000F038F86168084AC1F30311515CC84036
:1052C0000649086006480068FFF726FE0020C2E78E
:1052D0000020024000100240449800080C0000200A
:1052E000040000200448054900684968044AC1F3E5
:1052F0000221515CC84070470C00002000100240A1
:10530000549800080448054900684968044AC1F3F4
:10531000C221515CC84070470C00002000100240C0
:10532000549800080E4A51680E4801F00C03042BF3
:1053300011D0082B0FD10C48C1F38343C903C05CC3
:105340000AD55168084AC1F34041921E515C054A92
:105350005043B0FBF1F070470449484370470000E8
:105360000010024000127A002298000800093D0057
:105370002DE9F84F040070D02078C04DC00749D007
:105380006868C0F38100012807D06868C0F3810015
:10539000022809D16868C00306D52868800339D57A
:1053A00060680028E7D035E06068B0F5803F0BD03A
:1053B00010B1B0F5A02F11D0286820F480302860FB
:1053C000286820F4802002E0286840F480302860BB
:1053D000606890B1FFF780FD06460AE0286840F457
:1053E00080202860F0E700BFFFF776FD801B64286F
:1053F00073D828688003F7D50CE0FFF76DFD0646EB
:1054000005E000BFFFF768FD801B6428F0D828681E
:105410008003F7D420789A4E80074FF001094FF0AF
:10542000000839D5686810F00C0F07D06868C0F321
:105430008100022809D16868C00306D42868800763
:1054400014D52069012808D110E02069B0B1C6F850
:105450000090FFF741FD074605E00AE1FFF73CFD3C
:10546000C01B0228C4D828688007F7D5286861695E
:1054700020F0F80040EAC10028600DE0C6F8008086
:10548000FFF72AFD074604E0FFF726FDC01B0228B0
:1054900023D828688007F7D4207800072CD57948CE
:1054A000A169D9B1C0F80090FFF716FD074604E0E6
:1054B000FFF712FDC01B02280FD8686A8007F7D5D6
:1054C00071484FF4FA510068B0FBF1F0009000BF52
:1054D0000098411E0091FAD20EE080E0C0F80080F2
:1054E000FFF7FAFC074604E0FFF7F6FCC01B0228B2
:1054F00075D8686A8007F7D42078400760D5E869D6
:105500000027C00008D4E86940F08050E861E869ED
:10551000012700F0805000905C480168C90513D451
:105520000168834641F480710160FFF7D5FC824633
:1055300006E000BFFFF7D0FCA0EB0A0064284ED8BD
:10554000DBF80000C005F5D5E06801280AD008B1F5
:10555000052813D0286A20F001002862286A20F06C
:10556000040002E0286A40F001002862E06841F28D
:10557000883B98B1FFF7B0FC82460BE0286A40F008
:1055800004002862EEE700BFFFF7A6FCA0EB0A01CB
:1055900059455AD8286A8007F6D50CE0FFF79CFCDD
:1055A000824605E0FFF798FCA0EB0A0159454CD86C
:1055B000286A8007F6D41FB1E86920F08050E861BE
:1055C000E06988B36968C1F38101022944D00228E7
:1055D000C6F8608004D0FFF77FFC044638E034E072
:1055E000FFF77AFC074604E0FFF776FCC01B0228B1
:1055F0002BD828688001F7D4206AB0F5803F05D108
:105600006868A16820F4003008436860D4E90801A4
:105610000843696821F4741108436860C6F8609013
:10562000FFF75AFC044606E025E000BFFFF754FCF4
:10563000001B022809D828688001F7D51BE000BFAD
:10564000FFF74AFC001B022802D90320BDE8F88FAF
:1056500028688001F4D40EE00128F7D06868226A37
:1056600000F48031914204D1616A00F470108842E4
:1056700001D00120EAE70020E8E700000010024026
:1056800000004242800442420C00002000700040B2
:1056900010B5401EB0F1807F01D3012010BD4FF046
:1056A000E02460610F21601703F0ACFA0020A061D4
:1056B00007202061002010BD7047704710B590F89A
:1056C0003C20012A22D0012280F83C20CA688C6844
:1056D00022F4407222434C6822F4806222430C6818
:1056E00022F4006222430C6922F4805222434C6966
:1056F00022F400522243C969002322F480420A4363
:1057000001684A6480F83C30002010BD022010BDC2
:1057100070B590F83C20012A2CD0012480F83C4040
:10572000022280F83D2003685A689D6822F07006C6
:105730000A6832435A60104B02689A420ED00F4BEF
:105740009A420BD0B2F1804F08D00D4B9A4205D04F
:105750000C4B9A4202D00C4B9A4204D1496825F076
:1057600080031943916080F83D40002180F83C108F
:10577000084670BD022070BD002C0140003401407D
:105780000004004000080040000C004010B5040078
:1057900003D094F83D0010B107E0012010BD0020B7
:1057A00084F83C00204600F01FF8022084F83D00F9
:1057B000211D206802F0FAFC012084F8460084F8DC
:1057C0003E0084F83F0084F8400084F8410084F8EB
:1057D000420084F8430084F8440084F8450084F8CB
:1057E0003D00002010BD000008B5154A01681548AD
:1057F00091420ED1C16941F00801C161C069002226
:1058000000F00800009007213220FFF7D1FB322082
:1058100010E00D4A914211D1C16941F01001C161FE
:10582000C069002200F01000009006213620FFF72A
:10583000BFFB3620BDE80840FFF7ACBB08BD000049
:10584000000C0040001002400010004090F83D1095
:10585000012901D001207047022180F83D10016824
:10586000CA6842F00102CA6000680E4988420ED040
:105870000D4988420BD0B0F1804F08D00B498842C7
:1058800005D00B49884202D00A49884204D1816878
:1058900001F00701062903D0016841F00101016010
:1058A00000207047002C01400034014000040040FB
:1058B00000080040000C004070B5044690F83C0021
:1058C0000025012817D0012684F83C60022084F8C6
:1058D0003D002068826822F0770222F47F428260D5
:1058E0000868502838D00DDC20284FD005DC90B354
:1058F000102811D14AE0022070BD302846D040283F
:105900000AD13BE060282FD070280DD0B0F5805F21
:1059100003D0B0F5005F12D0012584F83D6000206F
:1059200084F83C00284670BDCB68D1E9012120688D
:1059300002F097FC2068816841F0770109E0CB68AC
:10594000D1E90121206802F08CFC2068816841F4D3
:1059500080418160E1E719E0CA684968206802F087
:1059600055FD5021206806E0CA684968206802F0A9
:1059700095FD6021206802F07EFCCEE7CA68496888
:10598000206802F043FD40212068F4E722680146C8
:105990001046F0E770B5044600682149214D884261
:1059A00024D1207F204E012805D13068406B28602B
:1059B0000020FBF70BFC207F022805D13068806BAC
:1059C00068600120FBF702FC207F042805D13068C5
:1059D000C06BE8600320FBF7F9FB207F082805D1A6
:1059E0003068006C68610520FBF7F0FB2068B0F1BF
:1059F000804F14D1207F0D4E042805D13068C06B34
:105A000028610420FBF7E2FB207F082807D13068DB
:105A1000006CA860BDE870400220FBF7D7BB70BDEA
:105A20000004004070660020AC08002064080020DC
:105A30002DE9F041054690F83C0000260C4601286F
:105A400010D0012085F83C0072B1042A1CD0082A2D
:105A50002CD00C2A50D00126002085F83C0030467E
:105A6000BDE8F0810220FBE7D4E90012E368286872
:105A700002F0DEFC2868816921F00C018161286850
:105A80008169A26811430FE0D4E90012E368286835
:105A900002F016FD2868816921F44061816128685F
:105AA0008169A26841EA02218161D5E72868D4E9C9
:105AB000002C277B036A016A21F480710162C169AD
:105AC00023F4007321F0030141EA0C0121F0F00CF2
:105AD00039074FF400774CEA116107EA02221A43B2
:105AE000C16102622868C16921F00C01C1612868A6
:105AF000C169A26811432BE02868D4E90021E76856
:105B0000036AD0F820C02CF4805CC0F820C0D0F824
:105B10001CC023F400532CF4407C4CEA012121F4F6
:105B2000704C4FF6FF7101EA07314FF4005741EA1C
:105B30000C0107EA02321A43C16102622868C16996
:105B400021F44061C1612868C169A26841EA02216B
:105B5000C16181E710B5040003D094F83D0010B195
:105B600007E0012010BD002084F83C00204600F032
:105B70001FF8022084F83D00211D206802F016FB6A
:105B8000012084F8460084F83E0084F83F0084F841
:105B9000400084F8410084F8420084F8430084F80F
:105BA000440084F8450084F83D00002010BD00004A
:105BB00030B585B0002400940194029403940068E9
:105BC0002F49304DB0F1804F32D02F4A90422DD125
:105BD000C86940F00200C861C86900F00200049082
:105BE000886940F004008861886900F0040004902E
:105BF000886940F0080088618869694600F00800FB
:105C00000490C02000902148FFF760F80320CDE900
:105C10000004694628460294FFF758F8002208213C
:105C20001D20FFF7C5F91D20FFF7B4F905B030BD01
:105C3000C86940F00100C861C86900F00100049023
:105C4000886940F0080088618869694600F00800AA
:105C500004904FF4406000902846FFF737F80C4856
:105C6000416821F4407141F0E06141F4007141600C
:105C7000002208211C20FFF79BF91C20D4E700001C
:105C800000100240000C01400004004000080140E8
:105C90000000014030B50446002551B104290DD063
:105CA000082910D094F8412094F84500012A11D118
:105CB0000EE094F83E2094F84200F7E794F83F2075
:105CC00094F84300F2E794F8402094F84400EDE79C
:105CD000012801D0012030BD022059B1042912D081
:105CE000082919D084F8410084F845000C293ED0D9
:105CF00001253AE084F83E0084F842002068C2683A
:105D000042F0020210E084F83F0084F8430020686B
:105D1000C26842F0040207E084F8400084F84400BE
:105D20002068C26842F00802C2600122206802F0C6
:105D30008BFA1149206888420ED0104988420BD056
:105D4000B0F1804F08D00E49884205D00D498842F5
:105D500002D00D49884204D1816801F0070106296B
:105D600003D0016841F001010160284630BD206880
:105D7000C26842F01002D7E7002C01400034014015
:105D80000004004000080040000C00402DE9F041F4
:105D900004460068C66805694FF00007A90713D5D7
:105DA000B10711D5F91E01610120207720688069B3
:105DB0008007204602D0FFF7EDFD04E000F0BCF8BC
:105DC000204600F06DF92777680716D5700714D5BF
:105DD00021686FF004000861022020772068806944
:105DE00010F4407F204602D0FFF7D4FD04E000F01D
:105DF000A3F8204600F054F92777280715D5300777
:105E000013D521686FF0080008610420207720680E
:105E1000C0698007204602D0FFF7BCFD04E000F017
:105E20008BF8204600F03CF92777E80616D5F006F7
:105E300014D521686FF010000861082020772068D1
:105E4000C06910F4407F204602D0FFF7A3FD04E0B4
:105E500000F072F8204600F023F92777E80708D011
:105E6000F00706D021686FF001000861204600F0BD
:105E700073F9280608D5300606D521686FF0800032
:105E800008612046FFF718FC680608D5700606D59D
:105E900021686FF040000861204600F0C5F9A806AF
:105EA0000AD5B00608D521686FF0200008612046A9
:105EB000BDE8F041FFF701BCBDE8F08100B585B059
:105EC00000210091019102910391164B026816483E
:105ED00002219A420FD1826942F0040282618069F4
:105EE000039100F0040004904FF46060CDE90001DC
:105EF00069460E4811E00E4B9A4210D1826942F079
:105F0000080282618069039100F0080004904FF458
:105F10007070CDE9000169460648FEF7D7FE05B06E
:105F200000BD0000002C01400010024000080140AC
:105F300000080040000C0140704770B5044690F81E
:105F40003C0000260D4601280FD0012084F83C00BB
:105F50006AB1042A1DD0082A2FD00C2A3FD001266E
:105F6000002084F83C00304670BD022070BD2068DF
:105F700002F08AF92068816941F008018161206896
:105F8000816921F004018161206881692A691143D6
:105F900011E0206802F0A8F92068816941F40061ED
:105FA00081612068816921F4806181612068816953
:105FB0002A6941EA02218161D2E7206802F0CAF928
:105FC0002068C16941F00801C1612068C16921F000
:105FD0000401C1612068C1692A69114311E0206888
:105FE00002F0ECF92068C16941F40061C1612068E8
:105FF000C16921F48061C1612068C1692A6941EAEF
:106000000221C161ACE710B5040003D094F83D0053
:1060100010B107E0012010BD002084F83C002046AC
:1060200000F01EF8022084F83D00211D206802F0D7
:10603000BDF8012084F8460084F83E0084F83F0053
:1060400084F8400084F8410084F8420084F843005A
:1060500084F8440084F8450084F83D00002010BD19
:1060600008B50C4A01680C48914207D1816941F496
:1060700000618161806900F4006009E0074A914293
:1060800007D1C16941F00401C161C06900F0040099
:10609000009008BD002C01400010024000080040A4
:1060A0007047000010B50446022249B104290ED001
:1060B000082913D094F84100012816D0012010BD02
:1060C00094F83E000128F9D184F83E200FE094F8BE
:1060D0003F000128F2D184F83F2008E094F8400006
:1060E0000128EBD184F8402001E084F8412001220E
:1060F000206802F0A9F813492068134A884201D0A9
:10610000904203D1436C43F40043436420688842C7
:106110000DD090420BD0B0F1804F08D00B4988428F
:1061200005D00B49884202D00A49884204D18168CF
:1061300001F00701062903D0016841F00101016067
:10614000002010BD002C014000340140000400403C
:1061500000080040000C00402DE9F04101682C4887
:106160002C4C814207D12088401C80B22080C82856
:1061700001D3002020802848814246D1274D218824
:10618000274E2888884201D2002200E001220821FF
:106190003046FEF79CFE68882188884201D20022A2
:1061A00000E0012204213046FEF791FEA8882188F4
:1061B0001C4F884201D2002200E0012240213846D3
:1061C000FEF785FEE8882188884201D2002200E09F
:1061D000012202213046FEF77AFE28892188884272
:1061E00001D2002200E0012280213846FEF76FFE36
:1061F00068892188884201D2002200E001223046CD
:10620000BDE8F0410121FEF762BEBDE8F08100006B
:10621000000C004090000020001000405465002059
:1062200000140140001001407047704770B50268CB
:1062300004461068D168536910F00F0F56D003F070
:10624000010501F490762E436AD0C20705D0CA0535
:1062500003D5226C42F001022264420705D5DA0719
:1062600003D0226C42F002022264820705D5DA07CD
:1062700003D0226C42F004022264020707D501F029
:1062800020022A4303D0226C42F008022264226CCE
:10629000002A3ED0800608D5880606D594F83D0031
:1062A000222820462FD002F081FA20684069216C14
:1062B000C0F38010090700D460B3204602F0B6F99D
:1062C00020684169490621D5416921F040014161B9
:1062D000A06BD8B138494163A06BFEF793F9002851
:1062E00017D0A06B416BBDE870400847830617D5F7
:1062F0008B0615D594F83D00222819D12046BDE81B
:10630000704002F0A1B902F09FF9CEE72046FFF7F6
:106310008CFF70BD2046FFF788FF0020206470BD11
:10632000030634D50B0632D594F83D00122804D06C
:106330002046BDE8704002F039BA94F83D001228BA
:10634000EDD1A068B0F5805F01D12069B0B1606A7D
:10635000411C6162216800784860608D401E000425
:10636000000C6085DBD12068C16821F08001C1602C
:106370002068C16841F04001C16070BD606A00885A
:10638000C0F308005060606A801C6062E5E7400668
:10639000F3D54806F1D5D168204621F04001D160FF
:1063A00021684A6922F001024A61012184F83D1006
:1063B00000F07BF870BD00001D86000870B5040079
:1063C00004D094F83D00002510B106E0012070BD16
:1063D00084F83C50204600F01BF8022084F83D0071
:1063E000204602F079F92068016921F480410161B9
:1063F0002068416921F02A0141612068C16841F4A7
:106400000051C1602564012084F83D00002070BD6A
:1064100030B585B000240094019402940394006880
:106420001D49884235D11D48C16941F48021C161AF
:10643000C16901F480210491816941F010018161F9
:106440008069174D00F0100004904FF4A0500090A8
:10645000022001900320039069462846FEF736FC8F
:10646000E814CDE90004694628460294FEF72EFCA4
:106470000C48416821F0300141F0E06141F0100129
:106480004160002205212720FEF792FD2720FEF71C
:1064900081FD05B030BD0000004800400010024002
:1064A0000010014000000140704770477047000035
:1064B00070B500211348FFF7F5FD124D0024286840
:1064C000446304212846FFF7EDFD28688463082112
:1064D0002846FFF7E7FD2868C4630C212846FFF72C
:1064E000E1FD2868046404210748FFF7DBFD064D41
:1064F0002868846308212846FFF7D4FD2868C46310
:1065000070BD0000F40800201C08002070B50D4686
:10651000044600F019F9782000F0D4F800F064F98E
:10652000204600F0CFF800F05FF9284600F0CAF8E6
:1065300000F05AF9BDE8704000F02EB910B5012204
:1065400002211F48FEF7C3FC0C211E48FFF7AAFDDD
:10655000012211031C48FEF7BAFC00F0F5F8782080
:1065600000F0B0F800F040F9AA2000F0ABF800F01D
:106570003BF900F011F90520FBF718F9C021084696
:10658000FFF7C4FFC021C220FFF7C0FF0121D020C8
:10659000FFF7BCFFF4218220FFF7B8FF0121842020
:1065A000FFF7B4FF0C218820FFF7B0FF03218620FE
:1065B000FFF7ACFFBDE81040FF2000F007B8000077
:1065C000001801401C080020000C0140094A30B1AD
:1065D00000215054491CC9B27829FAD306E00020A2
:1065E00001461154401CC0B27828FAD3014800F08B
:1065F00003B800001451002070B5054600F0A4F85F
:10660000782000F05FF800F0EFF8802000F05AF8F2
:1066100000F0EAF8002000F055F800F0E5F800245A
:10662000285D00F04FF800F0DFF8641CE4B2782C2D
:10663000F6D3BDE8704000F0AFB8FEE70D4A10B5E4
:10664000136890F90010D9630B4990F901300C6878
:10665000A363126890F9023093630B6890F90320EA
:106660005A630B6890F904201A64096890F90500D0
:10667000C86310BD1C080020F408002006484FF431
:106680000041016000214160012181600321C1605E
:1066900001460248FEF71ABB8C510020000C014055
:1066A00006484FF4004101600121416081600321EF
:1066B000C16001460248FEF709BB00008C51002072
:1066C000000C01402DE9F04707460024FFF7E8FFE2
:1066D0001C4D4FF40046002231462846FEF7F7FBDA
:1066E0004FF40059002249462846FEF7F0FB0520EA
:1066F000FBF768F8B2464FF001084E46C4F10701B7
:1067000008FA01F0384201D0012200E0002251468F
:106710002846FEF7DCFB0520FBF754F80122314642
:106720002846FEF7D4FB0520FBF74CF80022314643
:106730002846FEF7CCFB641CE4B2082CDED3BDE88F
:10674000F0870000000C014070B5FFF7A9FF01229F
:10675000104DD40321462846FEF7B9FB012256030B
:1067600031462846FEF7B3FB0520FBF72BF8002245
:1067700021462846FEF7ABFB0520FBF723F8002255
:1067800031462846FEF7A3FBBDE870400520FBF725
:1067900019B80000000C014070B5FFF781FF114DE2
:1067A0004FF40044002221462846FEF790FBA61035
:1067B000002231462846FEF78AFB0520FBF702F847
:1067C000012231462846FEF782FB0520FAF7FAFF40
:1067D000012221462846FEF77AFBBDE870400520DD
:1067E000FAF7F0BF000C014070B50024FFF746FF38
:1067F00001220D4D560331462846FEF768FB052061
:10680000FAF7E0FFB1002846FEF75CFB012800D153
:106810000124002231462846FEF759FB0520FAF7ED
:10682000D1FF204670BD0000000C01402DE9F0476B
:106830000025DFF89C80274F81462E4605EBC501D9
:1068400008EBC1046078A0B357F825104846F9F763
:106850001AFD47F82500B0F17C5F2FDBA08840B11E
:10686000A07B401C40B2A073032803DD0120A0736D
:1068700000E0A673B4F9180028B194F82610C943B3
:1068800084F8261001E084F82660616B91B1218CB8
:1068900029B194F8261094F9442091420AD018B1F5
:1068A00094F82700032805D114F8440FC043207042
:1068B00002E009E084F8446047F825606D1CEDB201
:1068C000062DBBD3BDE8F087A67384F82660F1E7F8
:1068D000FC6A0020606500202DE9F047824608A888
:1068E0001F4690E810030B4688F0004589F00046EB
:1068F00011461846F9F719FD0146E0602846F9F7F8
:10690000BBFF07D34146E068F9F7B6FF01D2454621
:1069100000E0E568E56028462169F9F706FD396879
:10692000F9F709FD206029467868F9F704FD51461A
:10693000F9F701FD014660603046F9F79DFF07D386
:1069400049466068F9F798FF01D24E4600E0666854
:106950001AF0FF4FB14666602DD051464FF07E5081
:10696000F9F71BFD0646206901218046F9F753FD22
:10697000E1680D46F9F7DCFC6169F9F784FCB96858
:10698000F9F7D9FC3146F9F7D6FC0646A06049462E
:106990002068F9F778FC3146F9F775FC616AF9F778
:1069A00072FC6062B0F5000F01DA00206062C4E999
:1069B0000458BDE8F0870026D5E700002DE9FE4F1A
:1069C00000244D48009401944A49029401608915BD
:1069D00081600126067304750C2505614FF4602162
:1069E0004460C161FDF7A0FC08B1FDF76BFA4FF000
:1069F0000508CDE900864FF0070969463E48CDF805
:106A00000890FDF70FFC08B1FDF75CFA4FF0040B9E
:106A10004FF0020ACDE900BA69463748FDF702FC9B
:106A200008B1FDF74FFA0E200327CDE900076946AC
:106A30003148FDF7F7FB08B1FDF744FA0F20CDE927
:106A4000000B69462C48FDF7EDFB08B1FDF73AFA5B
:106A5000CDE9006869462848FDF7E4FB08B1FDF779
:106A600031FA0620CDE9004069462348FDF7DAFBFC
:106A700008B1FDF727FA0D20CDE9000969461E4847
:106A8000FDF7D0FB08B1FDF71DFA0820CDE9005055
:106A900069461948FDF7C6FB08B1FDF713FA09204E
:106AA000CDE900A069461448FDF7BCFB08B1FDF72D
:106AB00009FA0A24CDE9007469460F48FDF7B2FBD4
:106AC00008B1FDF7FFF90B200090019069460A48D4
:106AD000FDF7A8FB08B1FDF7F5F969460648CDE9D1
:106AE0000045FDF79FFB002801D0FDF7EBF9BDE85D
:106AF000FE8F000000240140A8070020094808B5C7
:106B0000416941F0010141614069002200F001004A
:106B1000009011460B20FEF74BFABDE808400B2011
:106B2000FEF738BA001002402DE9F04F85B000247E
:106B30004C480094019402940394816941F010013F
:106B40008161816901F010010491816941F00401C2
:106B50008161816901F004010491816941F00801BA
:106B60008161816901F008010491816941F020018E
:106B70008161816901F020010491816941F0400146
:106B800081618069DFF8E08000F04000049000221D
:106B90004FF430414046FEF79AF9DFF8D0900022DA
:106BA000C0214846FEF793F9DFF8C4A000220F2168
:106BB0005046FEF78CF9DFF8BCB00022032158469E
:106BC000FEF785F94FF4805001250226CDE9000536
:106BD000CDE9024669464046FEF778F84FF420407A
:106BE000CDE900050327CDE9025769464046FEF787
:106BF0006DF84FF4AC60CDE900046946504602944C
:106C0000FEF764F84FF4207000901B48CDE90104B2
:106C100069465046FEF75AF8C020CDE90005CDE997
:106C2000024669464846FEF751F80F20CDE90005B7
:106C3000CDE9024669465046FEF748F800970396AC
:106C4000CDE9015469465846FEF740F80022052177
:106C50001720FEF7ADF91720FEF79CF905B0BDE847
:106C6000F08F000000100240000C014000100140B5
:106C700000140140001801400000111010B592B03E
:106C800000240F941C2168461094F9F7E4FA20219F
:106C900007A8F9F7E0FA294827490160B321C0E9BC
:106CA000011440F28F11C0E9031444618461FFF7BD
:106CB000AAF908B1FDF706F90F940FA91F4810941F
:106CC000FEF726FD08B1FDF7FDF86020CDE90004D0
:106CD0000220CDE902040494059404226946174871
:106CE0000694FFF72AF908B1FDF7ECF80822694687
:106CF0001248FFF722F908B1FDF7E4F80C226946C3
:106D00000E48FFF71AF908B1FDF7DCF8079408946C
:106D100009944FF400500A94CDE90B4007A90748A5
:106D20000E94FEF7CBFC08B1FDF7CCF80348FFF753
:106D3000C5F812B010BD0000002C01401C08002056
:106D400010B586B000241D48059404940094019465
:106D500002944FF080410394016041F61F41C0E965
:106D600001144FF6FF71C0E903148461FEF7F2FECF
:106D700008B1FDF7A7F8049404A910480594FEF79C
:106D8000C7FC08B1FDF79EF80120CDE900400820BE
:106D9000CDE90240024669460848FEF749FE08B1BF
:106DA000FDF790F80C2269460448FEF741FE0028E2
:106DB00001D0FDF787F806B010BD00006408002080
:106DC00010B586B0002426480594049400940194DC
:106DD000029422490394016041F61F41C0E9011465
:106DE0004FF6FF71C0E903148461FEF7B3FE08B1EA
:106DF000FDF768F8049404A919480594FEF788FC87
:106E000008B1FDF75FF80120CDE900400820CDE989
:106E10000240002269461248FEF70AFE08B1FDF75B
:106E200051F8042269460E48FEF702FE08B1FDF74C
:106E300049F8082269460A48FEF7FAFD08B1FDF74D
:106E400041F80C22694606480394FEF7F1FD00283C
:106E500001D0FDF737F806B010BD00000004004077
:106E6000AC08002010B58AB0002407941C216846A5
:106E70000894F9F7F0F9234821490160B321C0E9EA
:106E8000011440F28F11C0E903148461FFF7BBF8CD
:106E900008B1FDF717F8079407A91A480894FEF7F8
:106EA00037FC08B1FDF70EF86020CDE900040220A0
:106EB00002900022694604941248FFF73EF808B198
:106EC000FDF700F8042269460E48FFF736F808B1CE
:106ED000FCF7F8FF082269460A48FFF72EF808B1C8
:106EE000FCF7F0FF0C2269460648FFF726F808B1C8
:106EF000FCF7E8FF0348FEF7E1FF0AB010BD000011
:106F000000080040F408002010B586B000241648A0
:106F1000009401940294039404941249059401602E
:106F20004721C0E901140F21C0E903148461FEF771
:106F30002DFC08B1FCF7C6FF4FF480500090694665
:106F40000948FEF7B9FC08B1FCF7BCFF049404A99A
:106F500005480594FEF7DCFB002801D0FCF7B2FFE2
:106F600006B010BD000C00403C0900201CB50024F8
:106F70000E4800940C49019401604721C0E90114B6
:106F80000F218461C160FEF701FC08B1FCF79AFF94
:106F90000094694605480194FEF7BAFB002801D029
:106FA000FCF790FF1CBD0000001000408409002089
:106FB0000D4810B50B4901604FF4E13141600021EB
:106FC00081600C22C160C0E904128161C16101626B
:106FD000FFF7F4F9002803D0BDE81040FCF772BFBA
:106FE00010BD000000480040CC090020FEE7000072
:106FF000FEB50C46074601EBC4001649154601EBE9
:10700000C000B0F91C00F9F7B1FB06462846F9F7B5
:10701000ADFB0146124804EB84050F4A00EBC505A1
:107020000E4B0095CDE90132A0F10C0332463846F3
:10703000F9F732FF686AF9F7B8FB002801DA002097
:1070400004E0B0F5C87F01DB40F28F100549085518
:10705000FEBD0000FC6A0020000096430000C8420C
:10706000106900207C07002010B5114C0122114648
:107070002046FDF72CFF012202212046FDF727FFC5
:10708000012204212046FDF722FF0122082120468B
:10709000FDF71DFF074C012240212046FDF717FF99
:1070A00020460122BDE810408021FDF710BF0000FE
:1070B00000140140001001402DE9F14F0024374F2A
:1070C000DFF8DCA0374DDFF8E08084B04FF07E5B66
:1070D000A14600BF04EBC40107EBC100427892B3A4
:1070E000B0F9086086B317F8311079B104EB840069
:1070F00005EBC006706A10F0FF4F03D05946F9F750
:1071000014F9706210F1FF4F34D21FE0B0F906009D
:10711000F9F72CFB03903046F9F728FB014623488A
:1071200004EB840205EBC206CDE9006002901D4B22
:10713000DDE903200C3BF9F7AFFE716A504681424E
:1071400003DD084602E017E005E07062F9F72DFB69
:1071500008F8040018E004EB840005EBC006706A30
:1071600010F0FF4F03D05946F9F7DFF8706201467F
:107170005045E6DA4846E8E704EB840105EBC10137
:107180000B48486008F80490641CE4B2062CA1D3B4
:1071900005B00548BDE8F04F00F00CB8FC6A0020CF
:1071A0000000A041FC670020700700200000484359
:1071B0000000C841044A0021435C22F81130491CF8
:1071C000C9B20629F8D37047546500200448034922
:1071D0000160044941600021816070470BD7233D65
:1071E000F067002090C2753D08B502F0EBF9009001
:1071F000FFF7ECFF054C2046FFF75EFF2046FAF74D
:1072000067F83221684602F09FF9F4E7CDCC4C3D97
:10721000FEE70000114F124DDFF8489007F1180803
:107220005FF00004F9F794FD57F82400F9F7F4FC37
:1072300004EBC40105EBC106F08358F82400F9F70C
:10724000EBFC641CE4B2B083062CEBD3484600F0A0
:107250009FF80A2002F028F8E2E7000024650020E9
:10726000FC6A00200AD7233C2DE9F0415021254833
:10727000FCF716FF234C0126DFF88C802078234D85
:10728000234FAA2802D16078B92819D000F042F81B
:107290005FF0000004EB400200EBC00105EBC10110
:1072A00053888B80D2890A8304EB8002401CD26908
:1072B000C0B20A630628EDD388F800603E7018E07B
:1072C0005FF0000004EB400200EBC00105EBC101E0
:1072D00053888B80D2890A8304EB8002401CD269D8
:1072E000C0B20A630628EDD388F800603878002819
:1072F00005D000203870BDE8F04100F02DB8BDE8A1
:10730000F08100000866002040070020FC6A002091
:107310003807002070B50E49AA200E4E08700020D4
:10732000024640F2DC544FF4B97500BF01EB400354
:107330005C80DD8101EB8003401CC0B25E63DA61DA
:107340000628F3D381F84C20B920487070BD0000A6
:107350000866002000007A4450210148FCF7BCBEBA
:107360000866002070B5084C0025217851B161688D
:10737000F8F789FF6060B0F17C5F02DBFFF7ECFF9C
:10738000257070BD656070BD38070020F8F7FEBE3F
:1073900070B5104CE168F8F776FFE060B0F17E5F01
:1073A00016DB0D4B0D4D0E49002000BF53F8202079
:1073B000AA4200EBC00201EBC20201DAD68B00E068
:1073C000968B401CC0B256830628EFD30020E060A5
:1073D00070BD000080000020246500200080094569
:1073E000FC6A00202DE9F041074618481C46154666
:1073F00000780E46532801D001F0A2FAEFF3118273
:10740000202080F3118811495FF0000000EB400359
:1074100001EBC303DB691BB10B69401C8342F5DC44
:107420000B6983420BDD00EB400301EBC3018F616D
:10743000CE610D6200238B624B62CC6201E04FF0A3
:10744000FF30D1B281F31188BDE8F081AC6C00202F
:107450002DE9F04104461548DDF818801D460078F6
:1074600016460F46532801D001F06AFA0F48032C44
:1074700018D2EFF31181202282F3118804EB440229
:1074800000EBC20060302CB10760466085600022CE
:107490000261C260C0F81480C8B280F31188002075
:1074A000BDE8F0814FF0FF30FAE70000AC6C00203F
:1074B0002DE9F04705461C4816460C46007853282F
:1074C00001D001F03DFA184905EB450001EBC0077A
:1074D000A046D7E91B95002460374D4511D9B868FF
:1074E000441BB44200D334467868224641194046D2
:1074F000F8F798FEB868361B2544A044A84200D18E
:107500000025A9EB0500B04200D206463EB17868DE
:10751000324641194046F8F785FE3444354404B1FB
:107520003D612046BDE8F087AC6C00202DE9F041BC
:107530000F46194900EB400001EBC0041646A16A52
:10754000656AE06918342844A94217D8A268521B1A
:10755000531EB34201D3324614E01944B14219D349
:1075600015463946F8F75EFE2A46761B04D0B91850
:1075700032466068F8F756FEE66008E0491B491E8F
:10758000B14207D33946F8F74DFEA819E060012053
:10759000BDE8F0810020FBE7AC6C0020084810B586
:1075A000054B064A014600F04DF8BDE810404FF08B
:1075B000805000F055BA0000618C0008489F000818
:1075C00000A24A0470B5EFF31185202080F31188E2
:1075D0001B48A0F12F040146626804E042F08003DA
:1075E00001F8013BD2097F2AF8D801F8012BA268E3
:1075F00005E000BF42F0800301F8013BD2097F2A79
:10760000F8D801F8012B226905E000BF42F08003A1
:1076100001F8013BD2097F2AF8D801F8012B00229A
:1076200001F8012B182201F01BFAE8B280F311884F
:10763000606A002802D0BDE87040004770BD0000BD
:10764000937500202DE9F8431E461746884681466B
:1076500000234FF480620D490DA0FFF7C3FE0E4CCE
:10766000C0B200256070207608230C4A08A100955E
:10767000FFF7EEFE0A4825614068C4F80490C4E9AB
:107680000280C4E908762570BDE8F88364710020A3
:107690005379735669657700647500209C07002054
:1076A000001000E010B5EFF31184202080F3118862
:1076B00004481122014601F0D3F9E0B280F31188A9
:1076C00010BD00009375002010B50146EFF3118442
:1076D000202080F311880B48A0F12F0212698A1A2A
:1076E000014604E042F0800301F8013BD2097F2A01
:1076F000F8D801F8012B082201F0B2F9E0B280F3CA
:10770000118810BD9375002010B50146EFF3118468
:10771000202080F311880B48A0F12F0212698A1AE9
:10772000014604E042F0800301F8013BD2097F2AC0
:10773000F8D801F8012B042201F092F9E0B280F3AD
:10774000118810BD9375002010B50146EFF3118428
:10775000202080F311880B48A0F12F0212698A1AA9
:10776000014604E042F0800301F8013BD2097F2A80
:10777000F8D801F8012B062201F072F9E0B280F38B
:10778000118810BD937500200A4810B5006A48B1F1
:10779000006838B180470A460146BDE810400D2018
:1077A00000F02AB804484168BDE810400C2000F001
:1077B00005B8000064750020001000E070B50246B6
:1077C000EFF31184202080F311880A48034604E077
:1077D00041F0800500F8015BC9097F29F8D800F85D
:1077E000011B0146184601F03BF9E0B280F3118815
:1077F00070BD00009375002070B50546EFF311844D
:10780000202080F311880F48034604E041F08006F1
:1078100000F8016BC9097F29F8D800F8011B04E0C2
:1078200042F0800100F8011BD2097F2AF8D800F845
:10783000012B01462A46184601F012F9E0B280F306
:10784000118870BD9375002010B50246EFF31184C6
:10785000202080F311880448014601F001F9E0B2CC
:1078600080F3118810BD00009375002070B50146AB
:107870001E484468002C38D0002003E02469002C06
:1078800033D0401C8842F9D3EFF31186202080F3D7
:107890001188174D284604E041F0800200F8012BC2
:1078A000C9097F29F8D800F8011BA16805E000BFCD
:1078B00041F0800200F8012BC9097F29F8D800F8AF
:1078C000011B8022216801F06DF80146162228462E
:1078D00001F0C6F8F0B280F31188002C05D0E06802
:1078E000002802D0BDE87040004770BD940700201A
:1078F00093750020054810B54468002C04D0E0685A
:1079000000B180472469F8E710BD0000940700200B
:1079100010B5EFF31184202080F311880B4A0A4838
:107920000146127805E000BF42F0800301F8013BF8
:10793000D2097F2AF8D801F8012B1B2201F090F818
:10794000E0B280F3118810BD9375002094070020E9
:1079500070B5EFF31185202181F31188074C0146A2
:107960008022204601F01EF801460E22204601F03A
:1079700077F8E8B280F3118870BD0000937500209D
:107980002DE9F0410546EFF31186202080F31188A0
:107990002C4C2968A4F12F0720463A69891A04E083
:1079A00041F0800200F8012BC9097F29F8D800F8BE
:1079B000011BA96805E000BF41F0800200F8012B1F
:1079C000C9097F29F8D800F8011B2022696800F056
:1079D000E9FF01460922204601F042F828683A6989
:1079E0002146801A05E000BF40F0800201F8012B1B
:1079F000C0097F28F8D801F8010BE86805E000BF4E
:107A000040F0800201F8012BC0097F28F8D801F866
:107A1000010B286905E000BF40F0800201F8012B4E
:107A2000C0097F28F8D801F8010B002001F8010BEC
:107A30001522204601F014F8F0B280F31188BDE859
:107A4000F0810000937500200448006A002803D0EC
:107A50004068002800D0004770470000647500208F
:107A600001490861704700006475002001490969F7
:107A7000401A70476475002070B5294C01202070B1
:107A8000EFF31185202686F3118860780A222549B4
:107A9000FFF74CFDE8B280F311880A20FFF7D4FE0F
:107AA000EFF3118586F3118804F12F000146626817
:107AB00005E000BF42F0800301F8013BD2097F2AB4
:107AC000F8D801F8012BA26805E000BF42F080035E
:107AD00001F8013BD2097F2AF8D801F8012B22696D
:107AE00005E000BF42F0800301F8013BD2097F2A84
:107AF000F8D801F8012B002201F8012B182200F020
:107B0000AFFFE8B280F31188606A00B18047FFF7E9
:107B10003BFEFFF799FFBDE87040FFF7F9BE00009C
:107B2000647500202C9F000870B5EFF311842020AD
:107B300080F311880748A0F12F05297829B10B227D
:107B4000014600F08DFF00202870E0B280F311881C
:107B500070BD00009375002070B5EFF311852021F2
:107B600081F311880A4C01468022204600F01AFF5A
:107B7000012100F8011B002100F8011B01461A2217
:107B8000204600F06DFFE8B280F3118870BD000060
:107B900093750020F8F7D8BA2DE9F8430C4617463C
:107BA00080461E46052213A12046089DF8F75EFB7D
:107BB00000281CD0114A1068082804D3BDE8F843F7
:107BC0000F48FFF7C9BF00EB80010E4B401C43F884
:107BD000218003EB81013346C1E90147C1E9036517
:107BE00010603A4621464046009500F047F8BDE84F
:107BF000F883000049444C4500000000A407002021
:107C0000509F00087076002070B51A4C2268002A38
:107C10002FD00021184B06E001EB810553F82550C9
:107C2000854202D0491C9142F6D3501E814204D1B4
:107C300001EB810003EB800015E0914219D202EBC9
:107C4000820003EB800001EB810150F8142D43F812
:107C5000212003EB810142684A6082688A60C26821
:107C6000CA6002690A611421F8F7F5FA2068401E1B
:107C7000206070BDA4070020707600202DE9F0413F
:107C800086B00D4604461F46164614216846DDF8A8
:107C90003080F8F7E0FA8DE8F0016846FFF770FEF3
:107CA00006B0BDE8F0810000F0B5514C01EBC10118
:107CB0004FF47A7504EBC10150B10024142B72D239
:107CC00082B3012A5ED0022A5FD0032A29D167E05D
:107CD0000A27484E4FF0640C40F2DC5040F61C443A
:107CE000142B23D232B1012A04D0022A09D0032A4C
:107CF00078D118E08A880A3212B28A800A2A27D0FC
:107D000022E0B1F91800A84201DA401D05E090FB1D
:107D1000F7F207FB12024ABB21E0088300B2A0423F
:107D200057DC5FE02EE0086B3C3026E032B1012AE0
:107D300004D0022A0FD0032A54D11BE08A881E32B5
:107D400012B28A801E2A03D082424BDD888049E02D
:107D5000A1F804C046E0B1F91800A84201DA0A30DF
:107D6000DBE790FBF7F207FB12020AB10D8339E063
:107D70001430D2E7086B00F596700863B04231DD2D
:107D80000E632FE088880A3817E0B1F91800A8427E
:107D900001DC401F00E00A38088300B217E002E06F
:107DA000086B3C381AE032B1012A04D0022A0AD00A
:107DB000032A17D10FE088881E3800B28880322845
:107DC00010DA8C800EE0088B143800B2088300288B
:107DD00008DC0C8306E0086BA0F5967008630028A9
:107DE00000DC0C6304494FF080400860F0BD0000E7
:107DF000FC6A0020805101009C000020054C2046B8
:107E0000F9F7E6FA2046FFF7ADFA642001F04CFAE4
:107E1000F5E70000CDCCCC3D2DE9F8410E461149E7
:107E2000C0EBC000104F002401EB4005A1F1070892
:107E300005EB44000088ADF80000B85D18F80410A8
:107E400008429DF801109DF8000001D00A4600E0AC
:107E5000002200F04DFF641CE4B2072CE8D3BDE81B
:107E6000F8810000A7000020F89E0008124E134F72
:107E70005FF0000505EBC50006EBC004A08860813B
:107E80002846F9F791FB208B608429463846F9F79C
:107E9000DFFB206BE063606B6D1C3B30EDB2206458
:107EA000062DE7D3384600F0A9FB0348F9F7B2FCEA
:107EB000642001F0F9F9DBE7FC6A0020CDCCCC3D71
:107EC00008B501F07FFB054C00902046F9F730FB28
:107ED0003221684601F038FBF7E70000CDCC4C3D7D
:107EE0001CB501F09BF93A490220CDE900010023BD
:107EF000802238A13C4801F0F9FA354906201039B2
:107F0000CDE900010023802238A13B4801F0EEFAC0
:107F10002F4905201439CDE900010023802237A123
:107F2000394801F0E3FA2A4909202039CDE9000156
:107F300000234FF4807235A1384801F0D7FA244964
:107F400003201C39CDE900010023802234A13748E9
:107F500001F0CCFA1E490A202439CDE900010023A2
:107F6000802233A1354801F0C1FA1949042018399B
:107F7000CDE900010023802231A1344801F0B6FA96
:107F8000134908200C39CDE900010023802230A1DB
:107F9000334801F0ABFA0E4907200839CDE900015A
:107FA000002380222FA1324801F0A0FA08490B20BB
:107FB000091FCDE90001002380222EA1304801F0E5
:107FC00095FA002001F08CF9BDE81C4001F034B9AD
:107FD0006C07002043616C6962726174696F6E5F47
:107FE0005461736B00000000111100085370656547
:107FF000645F5461736B0000C17E00084D6F746F45
:10800000725F5461736B0000E971000853686F7709
:108010005F446973706C6179000000006D7E000838
:1080200045433131415F5461736B0000313E0008BC
:1080300042757A7A65725F5461736B00ED0F0008C8
:108040005054313030305F5461736B00157200084A
:1080500053657474696E675F5461736B0000000050
:10806000FD7D000854656D705F5461736B00000006
:10807000B985000854696D655F5461736B00000039
:10808000DD85000810B5FCF72DFF01F08DFA012801
:1080900003D0BDE8104001F013BA10BD30B595B063
:1080A00028216846F8F7D7F814210AA8F8F7D3F87A
:1080B00018210FA8F8F7CFF801210804CDE9001026
:1080C0000025029502240491CDE907404FF4E01009
:1080D00009906846FDF74CF908B172B6FEE70AA9A7
:1080E0000F2081E831004FF48060CDE90D050221B9
:1080F0000AA8FDF761F808B172B6FEE74FF4004038
:1081000011900F940FA8FCF7E1FF002801D072B680
:10811000FEE715B030BD70471CB5FFF73FFAFFF71B
:10812000A3F8FBF755FEFBF7A7FEFEF7C1F9FBF737
:10813000AFFCF8F791FCFEF701FA0A49084808601D
:10814000F8F764FF08490120CDE9000100238022EF
:1081500006A1094801F0CAF9BDE81C4001F024B9A4
:10816000CDCCCC3D74000020840700205374617294
:10817000745F5461736B0000E17E00080148FDF7F5
:1081800005BE0000640800200148FDF7FFBD0000A7
:10819000AC0800200148FDF7F9BD00003C090020B3
:1081A0000148FDF7F3BD000084090020F0B5026826
:1081B000204C214D214E224F224B4FF0804CA042AB
:1081C00009D0984207D0604505D0A84203D0B042FC
:1081D00001D0B84204D122F0700E4A6842EA0E0281
:1081E000A04209D0984207D0604505D0A84203D0EC
:1081F000B04201D0B84203D122F44075CA682A4384
:108200004D6922F080022A4302608A68C2620A68CD
:108210008262A04201D0984201D109690163012123
:1082200041610169C90703D0016921F001010161C0
:10823000F0BD0000002C0140000400400008004098
:10824000000C00400034014010B501F01F03012173
:10825000046A99408C430462016A9A4011430162A6
:1082600010BD10B5846842EA032224F47F440A4317
:108270002243826010BD826822F070020A4342F0FD
:108280000701816070470000F0B5036A026A22F0BE
:108290000102026242688469124E24F073050C6880
:1082A0002C4323F002058B682B430D4DA84201D0CF
:1082B000B04205D123F00807CB683B4323F0040309
:1082C000A84201D0B04205D14D6922F44072154355
:1082D0008A692A4342608461496841630362F0BD50
:1082E000002C014000340140F0B5026A036A23F01B
:1082F00010030362436884690D6824F4E64444EA89
:1083000005248D6822F0200242EA05120F4D104E1E
:10831000A84201D0B04206D1CF6822F0800242EAE2
:10832000071222F04002A84201D0B04207D14D69A5
:1083300023F4406343EA85038D6943EA8503436080
:108340008461496881630262F0BD0000002C014035
:1083500000340140F0B5026A036A23F480730362BB
:108360004368C46922F4007224F073050C68124E4D
:108370002C438D6842EA05220E4DA84201D0B0423E
:1083800006D1CF6822F4006242EA072222F480621A
:10839000A84201D0B04207D14D6923F4405343EACB
:1083A00005138D6943EA05134360C4614968C163DD
:1083B0000262F0BD002C01400034014030B5046A77
:1083C000026A22F4805202624268C3690D6823F493
:1083D000E64343EA05238D6824F4005444EA053457
:1083E000084DA84202D0084DA84204D14D6922F49C
:1083F000804242EA85124260C361496801640462B6
:1084000030BD0000002C01400034014010B5036A6B
:10841000046A24F001040462846924F0F00444EA4C
:10842000021423F00A020A438461026210BD0000B4
:1084300070B5056A046A24F0010404628469124E6E
:10844000B0420ED0114EB0420BD0B0F1804F08D0E8
:108450000F4EB04205D00F4EB04202D00E4EB04289
:1084600003D124F00304144301E044F001041A078B
:1084700024F0F00444EA126225F00A0301F00A0134
:1084800019438261016270BD002C0140003401403B
:108490000004004000080040000C004010B5036AD2
:1084A000046A24F010040462846923F0A00324F415
:1084B000704444EA023243EA01118261016210BD54
:1084C00030B5046A056A25F010050562856925F452
:1084D000407545EA022222F470454FF6FF7202EA27
:1084E000033224F0A0032A43A02404EA0111194313
:1084F0008261016230BD00002DE9F047DFF878802D
:1085000000241E4F8146254608F1060604EBC400F0
:1085100007EBC000417819B319491A4A51F82410E1
:108520009142B0F920200DDBD2B118F80430012BB4
:1085300003D180F8275008F8045021464846FEF73A
:1085400057FD0EE062B118F8043023B980F82750C7
:10855000012008F804002146484600F093F900E0A5
:108560003555641CE4B2062CD0D3BDE8F047024870
:10857000801DFEF763B8000076070020FC6A00202B
:10858000246500200080094507484FF07E514FF0D8
:10859000804201600549416005498160FC3002600C
:1085A000044AC0E901217047046900206F12033CAE
:1085B000EC51B83D6F12033D08B501F003F800908F
:1085C000FFF7E2FF044C2046FFF796FF6421684660
:1085D00000F0BAFFF7E70000CDCCCC3D08B500F0C5
:1085E000F1FF054C00902046F8F72CFE6421684608
:1085F00000F0AAFFF7E70000CDCCCC3D10B5044653
:10860000FEF714F92046BDE81040F8F73FBF000020
:108610000148FDF70BBE0000CC09002010B5406AF0
:10862000002141864185FDF700FE10BD0168CA6842
:1086300022F49072CA6001684A6922F001024A611C
:10864000012180F83D10704710B590F83D102229A7
:1086500001D0022010BD82684FF480539A4201D1AC
:10866000016921B1C16A9A421ED04AB10AE002688A
:10867000C16A5268C2F308020A80C16A891C08E014
:1086800002698AB10268526802F07F020A70C16A08
:10869000491CC162418E491E4186418E39B1006834
:1086A000FF214160002010BD02685268EEE70168BA
:1086B000CA6822F02002CA600168CA6822F4807287
:1086C000CA6001684A6922F001024A61012180F80A
:1086D0003D10FDF7E9FEE5E72DE9F04104460068AD
:1086E000C16821F00C01C16020680169D4E906234A
:1086F0001A43E568236A21F47C512B431A430A4349
:1087000042F4006101612268D16841F20C6081434A
:108710002369A068184363690B431843D06020683D
:10872000416921F4407141611F4920686425322666
:10873000884202D1FCF7E6FD01E0FCF7D3FD00EB37
:10874000C00101EB001160686FF0180C8000B1FBF4
:10875000F0F3B3FBF5F3B1FBF0F7B1FBF0F203FB81
:108760000CF307EB830306EB0313B2FBF5F2B3FB49
:10877000F5F3120103F0F00302EB4302B1FBF0F357
:10878000B1FBF0F0B0FBF5F000FB0CF003EB800068
:1087900006EB0010B0FBF5F0216800F00F0010446C
:1087A0008860BDE8F08100000038014010B590F805
:1087B0003D10322901D0022010BD418D4FF480536D
:1087C00011B301680A68D24312061DD482689A4226
:1087D00001D1026952B1426A541C446212784A6063
:1087E000418D491E4185418D49B10DE0426A128893
:1087F000C2F308024A60416A891C4162F0E70168DD
:10880000CA6822F08002CA60418EF9B101680A6824
:10881000D24392061AD482689A4209D10269C2B937
:10882000C26A4968C1F308011180C16A891C09E064
:108830000AB902696AB1496801F07F01C26A117020
:10884000C16A491CC162418E491E4186418E11B1E7
:1088500015E04968F2E70168CA6822F02002CA60A0
:108860000168CA6822F48072CA6001684A6922F00D
:1088700001024A61012180F83D10FDF717FE00203A
:1088800010BDFEE72DE9F74F8946284801EBC901E5
:1088900000EBC10584B0B5F920609046B5F91A70B7
:1088A000DFF88CA0DFF88CB0234CB5F91E001E3E1B
:1088B000F7F75CFF00904046F7F758FF804609EB5A
:1088C000890004EBC00400981B4B0246CDE9004B25
:1088D0000498B7424146A3F10C03CDF808A016DA7C
:1088E000FDF7FAFF606AF7F78DFF06460C46B5F90B
:1088F0002000F7F749FF4FF03332104BF7F73EFEF9
:1089000032462346F7F793FDF7F78FFF05E0FDF7B3
:10891000E3FF4046616AF7F7B6FC0246049807B0E9
:108920004946BDE8F04F00F00FBC0000FC6A002093
:10893000000096430000F0410C6A00203333FB3FF7
:1089400010B5134CA8212046F7F785FC03202061C1
:10895000606110A0A06104F1A800E0614FF48060A4
:1089600020620020A0626062E0620AA1216604F534
:10897000956161661021A1662067E066606708491D
:10898000C0F10F028A5C2254401C1028F8D310BD9D
:10899000AC6C00205465726D696E616C0000000063
:1089A0001B9F000830B50346401C0C46802A04D9A2
:1089B0007F2204E000F8015B491C521E02D30D78AF
:1089C000002DF7D1091B197030BD000038B5234CBC
:1089D00001226946207EFEF76BFD00281CD09DF821
:1089E0000000052825D008DC012816D0022817D061
:1089F000032818D0042808D118E006281CD007281E
:108A00001DD07F2808D080281CD0802804D3207E49
:108A100001226946FEF74CFD38BDFFF72DF838BD41
:108A2000FFF782F838BDFEF7AFFE38BDFFF70CF850
:108A300038BDFEF7C7FD38BDFEF76AFF38BDFEF74B
:108A400059FF38BD207E01226946FEF731FD00281E
:108A5000F7D09DF80000FEF709FF38BD64750020CF
:108A60002DE9F0474A4D0746144628780E464FF048
:108A70000109012808D0002875D0022804D100F08F
:108A80008DF8287801286ED1202C04D2E96909FAE2
:108A900004F0014267D1E2B2182C0ED3F01B7F28FC
:108AA00007D9C1097B1E40F08000197007F8020D3C
:108AB00001E007F8010D7F2C02D2791E0A7039E01F
:108AC000E0B240F08000B4F5804F04D2E2097B1E92
:108AD000B91E1A701DE0802343EAD411CAB2B4F55E
:108AE000001F06D2A30B7C1E2370BB1EF91E1A703A
:108AF0000FE0802141EA943101F0FF0CB4F1805F76
:108B000009D2630D7C1E2370FB1E07F802CC1A707D
:108B1000391F08700EE04FEA147843EA5453BC1E24
:108B200007F8018C23703B1F394607F803CC1A70F5
:108B300001F8050D17484468E868201A05E000BFF1
:108B400040F0800206F8012BC0097F28F8D806F80B
:108B5000010B721A6878FEF7E9FC08B1EC6002E0DC
:108B60002878401C2870287E00EB40010A4800EB62
:108B7000C100C16E006F814208D0A878002805D1DD
:108B800085F80290FFF722FF0020A870BDE8F0876B
:108B900064750020001000E0AC6C00203EB50120A0
:108BA000164C8DF800006A46501C616905E000BF54
:108BB00041F0800300F8013BC9097F29F8D800F88B
:108BC000011B0F494D68E168691A04E041F0800318
:108BD00000F8013BC9097F29F8D800F8011B821A67
:108BE00060786946FEF7A2FC20B1E5602178491E55
:108BF00021703EBD6169491C61613EBD6475002004
:108C0000001000E00907090E002804DB00F1E02055
:108C100080F80014704700F00F0000F1E02080F8A9
:108C2000141D704702E008C8121F08C1002AFAD1BB
:108C300070477047002001E001C1121F002AFBD1DC
:108C4000704770B500F0C4FC4FF47A730146A1FB85
:108C500003050022144602FB035201FB042170BDF0
:108C600010B504A0FEF774FEBDE810400EA0FEF79C
:108C70006FBE00004E3D4672656552544F5320440E
:108C8000656D6F204170706C69636174696F6E2CE3
:108C9000443D436F727465782D4D342C4F3D4672C0
:108CA000656552544F530000492331353D53797364
:108CB0005469636B00000000F8B500240A4D0B4EA8
:108CC0000EE000BF04EB840705EB87000169001D7F
:108CD000009190E80E0055F82700FEF7CFFF641CC6
:108CE00030688442EED3F8BD70760020A4070020DF
:108CF00010B5044CC1F1FF01235C0B401343235416
:108D000010BD000090650020FCF7F4F8FFF7C6F9ED
:108D1000FDF70AFFFDF7F2FEFDF750FEFDF7AEFF8F
:108D2000FEF70EF8FEF74CF8FEF79CF8FEF740F958
:108D3000FEF71CF9FEF7E8F8FFF7EEF9FEE7000092
:108D40002DE9F0411E4C0F460546E6682068001DDF
:108D500000F01EFA38B9206890F82C1001208840E5
:108D6000216981432161681C15D1A7B11549226889
:108D70004868906023688268DA6022688368121D00
:108D80005A602268121D8260206841610868401C98
:108D90000860BDE8F08120683544B542456021682F
:108DA00005D2E06BBDE8F041091D00F012BAA06BDE
:108DB000091D00F00EFAA06A8542EAD2A562E8E732
:108DC0003000002000510020F8B5044600F026FADB
:108DD0003D4DA868401CA86028683C4F10B16869E8
:108DE00038B32CE02C60A868012828D15FF0000679
:108DF00006EB860007EB800000F0DDF9761C202EE4
:108E0000F6D3334800F0D7F93148143000F0D3F9E5
:108E10002F48283000F0CFF92D483C3000F0CBF936
:108E20002B48503000F0C7F92948A8631430E86394
:108E300005E02868E16AC06A884200D82C60686A48
:108E4000401C6862606464B12046FEF73DFC236B01
:108E5000206804F13401C01A00902046E26AFEF74F
:108E60009BFE2046FEF770FCE16A01202A698840DB
:108E70001043286101EB810007EB80004068A0608F
:108E80008168E1608268211D51608160E06A00EBC9
:108E9000800007EB8001616157F82010491C47F8FA
:108EA000201000F0C9F9686900280CD02868E16A30
:108EB000C06A884207D207494FF080500860BFF36C
:108EC0004F8FBFF36F8FF8BD30000020304E002071
:108ED000B050002004ED00E010B50446006B00F037
:108EE000B5F92046BDE8104000F0B0B90E484FF487
:108EF0008841420706D0C01D0B4920F00700411AE7
:108F0000C1F58841094A00230144C2E90003083938
:108F1000143A21F0070111604B600B600B1AC0E995
:108F20000013936053607047300A00202400002033
:108F3000144E154CA6F52F774FF08058DFF84C9063
:108F400012E000BF00F06AF9F068C568281D00F063
:108F50001FF9A068401EA0606068401E606000F0BD
:108F60006BF92846FFF7B8FF60680028EAD1386837
:108F70000128F9D9C9F80080BFF34F8FBFF36F8F75
:108F8000F2E70000EC5000203000002004ED00E08B
:108F90002DE9F0470D46DDE9098417468246910028
:108FA0009946089EA522206BF7F74EF96FF0030152
:108FB000206B01EB8701084420F0070765B1002012
:108FC0002218295C82F83410295C11B1401C102849
:108FD000F6D3002084F84300202E00D31F26201D46
:108FE000E66200F0F3F804F1180000F0EFF82461F5
:108FF000C6F120006462A0614A465146384600F03E
:1090000091F82060B8F1000F01D0C8F80040BDE829
:10901000F087000030B5114900E011460A6882422D
:10902000FBD34B685C18844203D140681844486005
:10903000084643681C18944209D1084C143C246823
:10904000A24209D052681A4442600A68126802605B
:10905000814200D0086030BD0460F9E724000020A0
:109060000548816B096821B1816BC9680968816213
:1090700070474FF0FF31FAE730000020502080F3B6
:109080001188BFF34F8FBFF36F8FFEE770B50446B3
:10909000002600F0BFF9224D286808B9FFF726FF27
:1090A000CCB304F00700C0F11000C1438C4232D8A9
:1090B000211800292FDD686881422CD81848143007
:1090C0000246146801E02046144662688A4202D2D1
:1090D0002268002AF7D12A6894421CD006682268C8
:1090E000026060680836421A102A04D9601842608B
:1090F0006160FFF78FFF61686868401A6860AA685E
:10910000904200D2A86041F00040606000202060E2
:10911000E868401CE86000F0EFFA304670BD0000DF
:109120001000002010B5031F4FF080741C601B1F3F
:1091300021F001011960191F024B0B6014394038EE
:109140000A6010BD7D90000870B505460C461046BB
:10915000F7F72BFB02460D4804EBC40100EBC101FD
:10916000B1F92000904200DD024640F61C439A42CD
:1091700000DD1A46B1F91A10814205DC2146284665
:10918000BDE87040FDF734BF70BD0000FC6A0020F0
:10919000D0E9013201699A60D0E901235A604A6836
:1091A000824201D182684A60002202610868401E42
:1091B00008600868704700F108014FF0FF32C0E90D
:1091C0000112C1600161002101607047002101614D
:1091D000704730B50B685A1C02D000F1080202E05B
:1091E000026904E02246546825689D42FAD9536812
:1091F0004B6099608A60516008610168491C016098
:1092000030BD42684A6093688B6093685960916092
:1092100008610168491C016070470000502080F31C
:109220001188BFF34F8FBFF36F8F02480168491C4D
:10923000016070472C00002003490868401E086048
:1092400001D180F3118870472C00002070B50028F0
:109250001BD0A0F108046068002816DA21680029F4
:1092600013D120F00040606000F0D4F8074D606832
:109270006968084468602046FFF7CCFE2869401CF6
:109280002861BDE8704000F037BA70BD10000020C2
:109290004FF0E02000210161816102494161072115
:1092A000016170473F19010010B504000DD000F0B6
:1092B000B1F821462320FEF781FA00212046FFF76E
:1092C0003FFD00F019FA002807D104494FF0805003
:1092D0000860BFF34F8FBFF36F8F10BD04ED00E048
:1092E00070B50546FFF79AFF2B4C05B92568281D78
:1092F000FFF74EFF58B9E86A284A00EB800152F8A0
:10930000211021B901218140206988432061A86A88
:1093100018B105F11800FFF73BFF606A401C60625E
:109320002068854211D1291D1D48FFF76AFF60683A
:10933000401C60602846FEF799FB01462220FEF79C
:109340003DFA2846FEF760FC0EE0A068401EA060D3
:109350002846FEF78BFB01462220FEF72FFA28460F
:10936000FEF752FCFFF77CFEFFF766FF20688542A0
:1093700002D02846FFF7B0FD606900280AD02068B7
:10938000854207D107494FF080500860BFF34F8FE7
:10939000BFF36F8F70BD000030000020304E002002
:1093A000EC50002004ED00E07CB516480025CDE926
:1093B00000502B46802214A1154800F097F8114C5C
:1093C0002C3C01281BD1502080F31188BFF34F8F14
:1093D000BFF36F8F4FF0FF30A06201206061E56046
:1093E0002068052208A13430F6F740FF18B1206844
:1093F000FEF78AF901E0FEF755F900F049F8206B15
:109400007CBD00005C00002049444C450000000089
:10941000318F00080248416B491C416370470000CE
:109420003000002010B5164C606B10B10120E061D7
:1094300010BD0020E06120691249B0FA80F0C0F14F
:109440001F0000EB800001EB800000F10802416882
:1094500049684160914201D149684160C868206013
:109460002068052208A13430F6F700FF20B12068FB
:10947000BDE81040FEF748B9BDE81040FEF712B94C
:1094800030000020304E002049444C4500000000D0
:10949000094810B5016841F470010160016841F0AC
:1094A00070410160FFF7F4FE044900200860F6F700
:1094B0005DFE002010BD000020ED00E02C0000202B
:1094C00010B5502080F31188BFF34F8FBFF36F8F1B
:1094D00000F084F818B104494FF080500860002073
:1094E00080F3118810BD000004ED00E02DE9FF5F5E
:1094F0008346DDE90E87994616468A469000FFF7B7
:10950000C5FD05001DD05420FFF7C0FD040015D097
:109510005421F6F7A0FE25630021CDE90241CDE9F3
:1095200000874B46324651465846FFF731FD2046EC
:10953000FFF74AFC012004B0BDE8F09F2846FFF782
:1095400085FE4FF0FF30F6E770B50C460346002667
:10955000FFF760FF1248C5681A681444AA4204D98C
:10956000A2420ED9AC4202D80BE0A242FAD901269F
:1095700024201C60FEF768F9601B0021FFF7E0FB68
:1095800000E01C6000F0B8F838B906494FF0805090
:109590000860BFF34F8FBFF36F8F304670BD000080
:1095A0003000002004ED00E00548416919B1406B2E
:1095B00018B100207047012070470220704700005A
:1095C000300000200148C0687047000030000020D3
:1095D0000148C06870470000300000202DE9F047C6
:1095E000434D0027686B28B1A869401CA861384624
:1095F000BDE8F087EE68761CEE6008D1A86BE96BD9
:10960000A963E863286A401C2862FFF729FDA86A5D
:10961000DFF8E08086420BD34FF0000AA86B0068A9
:10962000A0B1A86BC068C4686068864211D2A86205
:109630002868C06A00EB800158F82100012800D991
:109640000127E8690028D2D00127D0E74FF0FF308A
:10965000EDE7D4E9021260698A60D4E9021204F1EC
:109660000409516042684A4501D1E1684160C4F88B
:1096700014A002685146521E0260A06A80B1D4E96B
:1096800007239360D4E907235A60426804F1180362
:109690009A4201D1226A4260A1620168491E0160BA
:1096A0002046FEF751F8E16A01202A6988401043FC
:1096B000286101EB810108EB81014968A1608A689A
:1096C000E2608B68C3F80490C1F80890E16A01EB8E
:1096D000810108EB8102626158F82120521C48F890
:1096E0002120E16A2868C06A814297D9012795E75D
:1096F00030000020304E00202DE9F04700242546A0
:10970000FFF78CFD4248416B491E4163416B0029C4
:1097100078D181683F4EA0464FF00109002971D0F1
:1097200082463068F0B3F068C468D4E90721A06AC3
:109730009160D4E907125160426804F118018A422D
:1097400001D1216A4160C4F8288002684146521E56
:109750000260D4E9023260699A60D4E90223271DCD
:109760005A604268BA4201D1E268426061610168B0
:10977000491E01602046FDF7E7FFE26ADAF8103083
:1097800009FA02F150461943CAF8101002EB82019F
:10979000214A02EB81014968A1608B68E3608B6814
:1097A0005F6000E013E08F60E16A01EB810102EB92
:1097B0008103636152F821305B1C42F82130E16A79
:1097C0000268D26A9142ACD3C0F81C90A9E70CB1F0
:1097D000FFF746FCDAF8186054464EB14FEA090725
:1097E000FFF7FCFE00B1E761761EF9D1C4F81880DE
:1097F000E06938B10949012528070860BFF34F8F98
:10980000BFF36F8FFFF718FD2846BDE8F087000013
:1098100030000020D8500020304E002004ED00E041
:10982000010202030405060708090A0B0C0D0E0FBE
:109830001010010202030405060708090A0B0C0DAB
:109840000E0F1010000000000000000001020304D1
:10985000060708090000000001020304E96E6444E1
:10986000A06A654456666644FC616744715D68445D
:10987000F65869444A546A449E4F6B44E14A6C442A
:1098800004466D4406416E44083C6F44FA36704409
:10989000DB3171449C2C72444C277344DB217444AB
:1098A0006A1C7544E916764448117744960B78444F
:1098B000D305794400007A441DFA7A4419F47B44B4
:1098C00014EE7C44F0E77D44BAE17E4475DB7F44CE
:1098D0008F6A804454E7804419648144CDE0814418
:1098E000795D82441DDA8244B85683444CD3834464
:1098F000D74F844452CC8444A44885442FC5854422
:1099000091418644ECBD86443D3A87447FB6874406
:10991000B8328844F2AE88441B2B894433A789446B
:109920004C238A445C9F8A445C1B8B4454978B4431
:1099300044138C442B8F8C440A0B8D44E1868D4458
:10994000A8028E44667E8E4425FA8E44CB758F44E1
:1099500071F18F440E6D9044A4E8904429649144C1
:10996000A6DF91441B5B924487D69244EC5193440A
:109970003FCD934493489444D7C39444123F9544B5
:1099800046BA95447135964493B09644A62B9744B5
:10999000B8A69744BA219844B49C9844A617994411
:1099A00087929944680D9A4439889A440A039B44E3
:1099B000CB7D9B4483F89B4433739C44D3ED9C4400
:1099C00073689D4402E39D44895D9E4408D89E448B
:1099D0007F529F44EECC9F444C47A044AAC1A04470
:1099E000F83BA1443DB6A1447B30A244B0AAA244B6
:1099F000DD24A344FA9EA3440E19A4441B93A4445B
:109A0000270DA5441B87A5440E01A644FA7AA64457
:109A1000D5F4A644A86EA74473E8A7443562A844C9
:109A2000F0DBA844A255A94444CFA944DD48AA4488
:109A300077C2AA44003CAB4479B5AB44F22EAC44A7
:109A400062A8AC44C321AD441B9BAD446A14AE4430
:109A5000B28DAE44F206AF442980AF4450F9AF4412
:109A60006F72B04485EBB0449364B1449ADDB14465
:109A70009856B24485CFB2447348B34450C1B344FE
:109A8000253AB444F2B2B444B62BB5446AA4B54402
:109A90001F1DB644C395B6445E0EB744F286B74464
:109AA0007DFFB7440078B84473F0B844DD68B9442A
:109AB00048E1B944A259BA44F4D1BA44354ABB4446
:109AC00077C2BB44A83ABC44D9B2BC44FA2ABD44CC
:109AD00012A3BD441B1BBE442393BE44310CBF44A0
:109AE0007384BF44FAFABF44D972C044B0EAC04498
:109AF0007F62C1443DDAC144FC51C244AAC9C24498
:109B00005041C344EEB8C3448330C44408A8C4449D
:109B10008D1FC5440297C5446F0EC644D385C64405
:109B20002FFDC6448374C744C7EBC7440263C844CF
:109B30003DDAC8446851C9448BC8C944A63FCA44E9
:109B4000B0B6CA44BA2DCB44B4A4CB44A61BCC4473
:109B50008F92CC447109CD444A80CD4412F7CD4454
:109B6000DB6DCE4493E4CE44445BCF44ECD1CF4490
:109B70008B48D0441BBFD044AA35D14429ACD14432
:109B8000A022D2440E99D244750FD344CB85D3443E
:109B900021FCD3446672D444ACE8D444E15ED5449D
:109BA0000ED5D5442B4BD64448C1D6445437D74460
:109BB00060ADD7445C23D8445099D844330FD9447E
:109BC0001785D944F2FAD944BC70DA447FE6DA4406
:109BD000395CDB44ECD1DB449647DC442FBDDC44EC
:109BE000C932DD4452A8DD44D31DDE444C93DE442B
:109BF000BC08DF441D7EDF4485F3DF44CD68E044CC
:109C000014DEE0445453E1448BC8E144BA3DE244DD
:109C1000E1B2E244F827E344069DE3440C12E44435
:109C20000A87E44400FCE444EE70E544CBE5E544F7
:109C3000A05AE64475CFE6443944E744EEB8E74419
:109C4000A22DE8444EA2E844E916E9447D8BE9449C
:109C50000800EA448B74EA4406E9EA44795DEB447F
:109C6000DBD1EB443546EC448FBAEC44D12EED44C5
:109C700012A3ED444C17EE447D8BEE449EFFEE4460
:109C8000B673EF44C7E7EF44CF5BF044CFCFF04467
:109C9000BE43F144AEB7F1448D2BF244649FF244CD
:109CA0003313F344FA86F344B8FAF344666EF4448B
:109CB00014E2F444B255F54448C9F544D53CF644A1
:109CC00052B0F644CF23F7443B97F744A80AF84430
:109CD000047EF84458F1F844A464F944DFD7F94409
:109CE0001B4BFA4446BEFA446831FB4483A4FB4450
:109CF0009617FC44A08AFC449AFDFC449370FD44F2
:109D00007DE3FD445E56FE4437C9FE44083CFF44F3
:109D1000D1AEFF44C51000451D4A00457183004582
:109D2000C5BC00450CF60045542F01459868014517
:109D3000D3A101450ADB01453D1402456D4D0245A5
:109D400098860245BEBF0245DDF80245F83103455D
:109D5000126B034525A403452FDD03453916044541
:109D60003F4F04453D88044548C104453DFA04453C
:109D700033330545006C0545F6A40545ECDD054586
:109D8000B8160645854F06455288064548C1064522
:109D9000ECF90645B8320745856B074552A40745DF
:109DA000F6DC0745C3150845664E08450A87084591
:109DB000AEBF084552F80845F63009459A6909458D
:109DC00014A20945B8DA094533130A45AE4B0A45D2
:109DD00029840A45A4BC0A451FF50A459A2D0B455E
:109DE00014660B45669E0B45E1D60B45330F0C45BB
:109DF00085470C45D77F0C4529B80C457BF00C45B1
:109E0000CD280D45F6600D4548990D4571D10D459C
:109E10009A090E45EC410E45147A0E453DB20E45A9
:109E20003DEA0E4566220F458F5A0F458F920F452A
:109E30008FCA0F45B8021045B83A1045B8721045A0
:109E4000B8AA10458FE210458F1A11458F5211455F
:109E5000668A11453DC211453DFA1145143212453D
:109E6000EC6912459AA1124571D912454811134562
:109E7000F6481345CD8013457BB8134529F01345AB
:109E8000D7271445855F144533971445E1CE144513
:109E900066061545143E15459A7515451FAD1545C1
:109EA000A4E41545291C1645AE531645338B1645BB
:109EB000B8C2164514FA16459A311745F668174583
:109EC00052A01745AED717450A0F184566461845E4
:109ED000C37D1845F6B4184552EC1845852319453D
:109EE000B85A19451492194548C919457B001A45B5
:109EF00085371A45B86E1A453F065B4F666D7D077C
:109F00007F6F40777C395E79713D00303132333478
:109F10003536373839414243444546000000000099
:109F2000005454522052454747455300000000005A
:109F30000000000000003031323334353637383914
:109F40004142434445460000438C0008B98C000858
:109F500053595354454D564945573A20436F756CF4
:109F600064206E6F74207265636F72642074617315
:109F70006B20696E666F726D6174696F6E2E204D15
:109F80006178696D756D206E756D626572206F66A2
:109F9000207461736B7320726561636865642E0061
:109FA000C09F000800000020A80700001C0A00084D
:109FB00078A60008A807002068730000348C000809
:109FC00042019210031E127A0531AAAAAAAA0240DF
:109FD0001F10FF0102040810204036013602341021
:109FE0003610380836043608340132013204340899
:109FF0003404340232022E022E042E102E20301091
:10A00000300430082C012A022A042C082E082C02C5
:10A010002C043A103A203B013B043B023A403A8080
:10A020003810382039013904390238403880362058
:10A0300034403480370237013640368032083210DF
:10A040003240330132803420322030202E402F0124
:10A050003101308030402E802C102C202D012D0419
:10A060002D022C402C802A082A102A802B022B013A
:10A070002A202A402804280828402901288028105E
:10A0800028203B083920394039803B403B103B2099
:10A0900039083708374037803720391037103502F4
:10A0A000350435203580354035083510330233040A
:10A0B00033203380334033083310310231043120F0
:10A0C00031803140310831102F022F042F202F8092
:10A0D0002F10FF402F082F102D082B082B202D802C
:10A0E0002D402D102B102902290429202B802B40D4
:10A0F00029082910220122022010221024082204FB
:10A10000220820011E011E042008200420021E0235
:10A110001A021A041A101A201C101C041C08180118
:10A120001602160418081A08180218042610262009
:10A1300027012704270226402680241024202501F9
:10A140002504250224402480222020402080230250
:10A150002301224022801E081E101E401F011E8067
:10A1600020201E201C201A401B011D011C801C40A9
:10A170001A801810182019011904190218401880A3
:10A180001608161016801702170116201640140420
:10A1900014081440150114801410142027082520D9
:10A1A0002540258027402710272025082308234005
:10A1B0002380232025102310210221042120218027
:10A1C0002140210821101F021F041F201F801F4053
:10A1D0001F10FF081F101D021D041D201D801D40A3
:10A1E0001D081D101B021B041B201B801B401B088D
:10A1F0001B1019081708172019801940191017107B
:10A2000015021504152017801740150815104B80EE
:10A210004B4049084B084D104B204B10498047805C
:10A2200047204910492049404740434043204308C4
:10A23000430445084520451041803F403F204110E0
:10A240004310414041204F084F044E804E204E4065
:10A250004F024F014D084D044C804C204C404D02A4
:10A260004D014B04490249014A404A804B024B01CF
:10A270004710470847024680470149044704450400
:10A2800043024280448045014502430141084104A4
:10A29000408040204040410241013F103F083F01C3
:10A2A0003E403E803F043F023D203D103D023C8049
:10A2B0003D013D083D044E104C044C024C014E0241
:10A2C0004E084E044C104A104A024A014A044C08F7
:10A2D0004A20FE08484048204804480148024810E7
:10A2E00048084640462046044601460246104608B5
:10A2F0004440442044044401440244104408424081
:10A3000042204204420142024210420840103E10E4
:10A310003E044001400240083E083C403C203C04D2
:10A320003E013E023C103C08058005400708050838
:10A330000310052005100780098009200710072059
:10A34000074009400D400D200D080D040B080B209F
:10A350000B100F80114011200F100D100F400F2017
:10A3600001080104008000200040010201010308EF
:10A3700003040280022002400302030105040702D5
:10A3800007010440048005020501091009080902BB
:10A3900008800901070409040B040D020C800A80DF
:10A3A0000B010B020D010F080F040E800E200E4052
:10A3B0000F020F011110110811011040108011043B
:10A3C0001102132013101302128013011308130437
:10A3D0002C100204020202010002000810FF040215
:10A3E00010041004020401040402080408064006D4
:10A3F0002006040601060206100608084008200888
:10A400000408010802081008080A400A200A040A81
:10A41000010A020A100A080C400C200C040C010C62
:10A42000020C100C080E10101010040E010E020E7B
:10A43000081008124012201204100110021210120B
:10A44000085401540256105410520854045408562B
:10A45000015801580456085604560258025C025C22
:10A46000045C105C205A105A045A085E01600260B5
:10A47000045E085C085E025E0450105020510151D9
:10A480000451025040508052105220530153045343
:10A490000252405280542056405680550255015475
:10A4A0004054805808581058405901588056205838
:10A4B000205A205C405D015B015A805A405C805EFE
:10A4C000105E205F015F045F025E405E8060086096
:10A4D00010608061026101602060406210FF0462D0
:10A4E0000862406301628062106220510853205369
:10A4F0004053805140511051205308550855405544
:10A500008055205310551057025704572057805735
:10A510004057085710590259045920598059405939
:10A520000859105B025B045B205B805B405B085B4F
:10A53000105D025D045D205D805D405D085D105F23
:10A5400008610861205F805F405F106110630263F3
:10A550000463206180614063086310680168026AD7
:10A560001068106608680468086A016C016C046A67
:10A57000086A046A026C0270027004701070206E27
:10A58000106E046E0872017402740472087008720E
:10A59000027204641064206501650465026440640D
:10A5A00080661066206701670467026640668068FF
:10A5B000206A406A8069026901684068806C086CA2
:10A5C000106C406D016C806A206C206E20704071B0
:10A5D000016F016E806E4070807210720098722060
:10A5E0007301730473027240728074087410748073
:10A5F0007502750174207440760476087640770100
:10A600007680761076206508672067406780654011
:10A6100065106520670869086940698069206710CE
:10A6200069106B026B046B206B806B406B086B10C6
:10A630006D026D046D206D806D406D086D106F02B0
:10A640006F046F206F806F406F086F10710271048C
:10A650007120718071407108711073087508752040
:10A6600073807340731075107702770477207580BC
:08A67000754077087710000027
:0400000508000131BD
:00000001FF
