:020000040800F2
:10000000D87C0020E1010008597200081F66000832
:10001000ED6E0008370F00088F8A0008000000000E
:100020000000000000000000000000001D7D00082E
:100030008D17000800000000157500080D820008EB
:10004000FB010008FB010008FB010008FB010008A0
:10005000FB010008FB010008FB010008FB01000890
:10006000FB010008FB010008FB0100085515000812
:10007000FB010008FB010008FB010008FB01000870
:10008000FB010008FB010008FB010008FB01000860
:10009000FB010008FB010008FB010008493E0008C5
:1000A000FB010008FB010008FB010008FB01000840
:1000B0000583000811830008FB010008FB0100080C
:1000C000FB010008FB010008FB010008FB01000820
:1000D000FB010008FB010008FB0100081D88000867
:1000E000FB010008FB010008FB010008FB01000800
:1000F000FB010008FB010008FB010008FB010008F0
:10010000FB010008FB0100081D830008FB0100083B
:10011000FB010008FB01000829830008FB0100081F
:10012000FB010008FB010008FB010008FB010008BF
:10013000DFF810D000F048FC00480047598E000856
:10014000AFF30080D87C0020224B19680868B0E823
:10015000F00F80F30988BFF36F8F4FF0000080F33A
:1001600011884EF00D0E7047000000000648006830
:10017000006880F3088862B661B6BFF34F8FBFF3A3
:100180006F8F00DF00BF00BF08ED00E0EFF30980D4
:10019000BFF36F8F0F4B1A6820E9F00F106008B59E
:1001A0004FF0500080F31188BFF34F8FBFF36F8F74
:1001B00009F0BCF94FF0000080F31188BDE8084059
:1001C00019680868B0E8F00F80F30988BFF36F8FF3
:1001D000704700BF30000020EFF30580704700003B
:1001E0000648804706480047FEE7FEE7FEE7FEE7D1
:1001F000FEE7FEE7FEE7FEE7FEE7FEE79F82000878
:1002000031010008202A04DB203A21FA02F0002103
:10021000704721FA02F3D040C2F120029140084316
:100220001946704740EA01039B0703D009E008C95B
:10023000121F08C0042AFAD203E011F8013B00F8AB
:10024000013B521EF9D27047D2B201E000F8012BF7
:10025000491EFBD270470022F6E710B513460A4646
:1002600004461946FFF7F0FF204610BD30B504469E
:100270000020034600E05B1C934203D2E05CCD5CAF
:10028000401BF8D030BDF0B480EA0102D40F420028
:10029000B2EB410F02D20246084611464A0042D054
:1002A000C30DDDB2C1F3C752AD1A202D35DAC1F34B
:1002B000160141F4000204B15242C5F1200602FACF
:1002C00006F12A411044B3EBD05F23D0C4B1012D15
:1002D000A0EBC35009DCF0BC4FF0004202EAC3526D
:1002E000DBB200F5000000F0E3BA400000F18070DE
:1002F00000EBC350A0F1807040EAD170490009E0E2
:10030000490841EAC071A0EBC35000F50000400865
:1003100000EBC350F0BC00F0C2BA6142012202EB14
:100320004101001BF6E7F0BC704781F00041AAE7ED
:1003300080F00040A7E780EA010210B502F0004318
:10034000400022D04A001FD0010E01EB1261C0F321
:100350005600C2F3560240F4000042F40002A0FB33
:10036000022000047F39140400D0401C50EA1240DF
:1003700001D44000491EC2B20C0604EBD010401C50
:100380004008802A02D003E0002010BD20F00100C8
:10039000002900DA0020184310BD30B480EA0102C1
:1003A00002F0004530F0004221F0004013D090B13F
:1003B000C30DD40DC2F31601C0F31600E41A41F4C4
:1003C000000140F400027D34914201D3641C00E03E
:1003D0004900002C02DA30BC002070474FF40000C6
:1003E0000023914201D3891A034340084FEA410197
:1003F000F7D151B1914202D14FF0004105E002D254
:100400004FF0010101E06FF0010103EBC4502844FB
:1004100030BC00F044BA420005D0C0F3C75252428B
:10042000914201DC0020704700EBC15070472DE97C
:10043000FE4F804681EA0300C00F0C46009021F079
:10044000004123F00045B8EB0200A94105D2404627
:10045000214690461C460B46024623F000401043BE
:1004600047D0270DC7F30A00C3F30A510290401A80
:10047000019040286BDAC3F3130040F4801B00980E
:10048000924620B10023D2EB030A63EB0B0B0198D9
:100490005946C0F14002504600F0E0F906460D46CC
:1004A00050465946019A00F0E8F910EB0800614106
:1004B000002487EA115284EAE7731A4340D0009A75
:1004C00062B3019A012A4FEA075215DC001B61EB67
:1004D00002014FF0004202EA0752CDE90042001C3F
:1004E00041F5801132462B4600F01FFA03B0BDE8FB
:1004F000F08F40462146F9E7001B61EB0201001C2A
:1005000041F5801300185B412018A2F5001747EB56
:10051000030140EAD570B6196D4111E06D084FEA4C
:10052000360645EAC0754FEA0752001B61EB02012F
:10053000001C41F5801149084FEA30000019514173
:1005400032462B4603B0BDE8F04F00F0DFB900980B
:10055000012240000023D0EB020263EBE07300981D
:1005600021464FEAE074B8EB000061EB0401E9E7D3
:1005700083F000435BE781F0004158E72DE9FE4F2F
:1005800081EA030404F0004421F0004100944FF09C
:10059000000B23F0004350EA01045ED052EA03044A
:1005A0005BD0C3F30A54C1F30A552C44A4F2F334CC
:1005B0000194A0FB0254C1F3130141F48011C3F371
:1005C000130343F4801301FB024400FB034E840A2F
:1005D000970A44EA815447EA8357A4FB07680295C7
:1005E0008D0A05FB07854FEA932C04FB0C54270565
:1005F000029D4FEA065847EA1637B5EB08056EEB41
:10060000070C870E920E47EA811742EA8312A7FB76
:100610000201B6EB0B0164EB00042B0D43EA0C3333
:100620005E1844EB1C50DA465146E7FB0201C5F365
:1006300013044FEA0B3343EA14534FEA0432019C8C
:1006400043EA0603A4F10C040294009CCDE900B433
:1006500000F06BF903B0BDE8F08F00200146F9E728
:100660002DE9F04D81EA030404F0004B21F0004530
:1006700014464FF0000A23F0004150EA050220D052
:1006800054EA01021DD0C5F30A570246C5F313030D
:10069000C1F31300C1F30A5640F4801543F48013EC
:1006A000A7EB0608101BD64608F2FD3873EB0500D1
:1006B00002D308F1010801E092185B41B8F1000F84
:1006C00003DA00200146BDE8F08D00204FF48011D0
:1006D000064684460EE0171B73EB050705D3121B75
:1006E00063EB050306434CEA010C49084FEA30006E
:1006F00092185B4150EA0107EDD152EA030012D093
:1007000082EA040083EA0501084305D0101BAB41CF
:1007100006D20122002306E000224FF0004302E04F
:100720006FF0010253101AEB06004CEB085110EB6E
:100730000A0041EB0B01BDE8F04D00F0E7B8C10F36
:1007400080EAE0700844CA079623002100F0B0B8A0
:1007500096230022114600F0ABB80EB5C10F80EA17
:10076000E0700844CA07002140F233438DE80E00D0
:100770000A460B4600F0D9F803B000BD00F0004275
:1007800020F00040C10DC0F3160040F400007F29A6
:1007900001DA00207047962903DCC1F19601C840B8
:1007A00001E096398840002AF4D04042704720F09A
:1007B0000040C10DC0F3160040F400007F2901DAAB
:1007C00000207047962903DCC1F19601C8407047AC
:1007D00096398840704700F0004230F000400AD05F
:1007E000C10D01F56071C0F3160042EA0151C20863
:1007F00040071143704700200146704701F0004355
:1008000030B421F0004150EA010206D00A0DA2F5F1
:100810006072C1F31301002A02DC30BC0020704773
:10082000440F44EAC104C100E01830BC00EBC250E0
:1008300000F035B8002801DBC0F10040002901DBE1
:10084000C1F1004181427047002801DBC0F1004046
:10085000002901DBC1F1004188427047202A04DBF6
:10086000203A00FA02F1002070479140C2F12003C3
:1008700020FA03F3194390407047202A06DBCB1778
:10088000203A41FA02F043EAE07306E041FA02F34B
:10089000D040C2F120029140084319467047002918
:1008A000A8BF7047401C490008BF20F001007047F6
:1008B00010B4B0FA80FC00FA0CF050EA010404BF56
:1008C00010BC704749B1CCF1200421FA04F411FAAC
:1008D0000CF118BF012121430843A3EB0C01CB1DF0
:1008E0004FEA00614FEA102042BF002010BC704761
:1008F00000EBC35010440029A4BF10BC7047401C3B
:10090000490008BF20F0010010BC704710B5141E4C
:1009100073F1000408DA401C41F1000192185B41B8
:100920001A4301D120F0010010BD2DE9F04D92468F
:100930009B4611B1B1FA81F202E0B0FA80F22032A6
:100940009046FFF78BFF04460F4640EA0A0041EA53
:100950000B0153465A46084313D0114653EA01008F
:1009600019D0C8F140025046FFF74CFC05460E4630
:10097000504659464246FFF771FF084305D0012013
:1009800004E020463946BDE8F08D0020054346EAE4
:10099000E0762C4337430A986305E40AA0EB08008D
:1009A0000022FD0A44EA47540A3002D500200146DD
:1009B000E9E7010510196941DDE9084500196941B8
:1009C000BDE8F04DA2E70000064C074D06E0E068E8
:1009D00040F0010394E8070098471034AC42F6D386
:1009E000FFF7AAFBA8A00008C8A0000830B58C1823
:1009F00010F8012B12F00F0301D110F8013B12097E
:100A000006D110F8012B03E010F8015B01F8015B3F
:100A10005B1EF9D101E001F8013B521EFBD1A1425E
:100A2000E6D3002030BD00002DE9F047184803F060
:100A30007FFB0C221749164803F050FDDFF8588061
:100A40000025164F08F11809DFF854A000F068F9E6
:100A50005FF0000458F8240000F0C6F804EBC4016D
:100A600007EBC106F08359F8240000F0BDF8B0830D
:100A7000504606F051FD641C708BE4B2B084062C25
:100A8000E8D36D1CEDB2642DE0D3BDE8F087000023
:100A9000B0070020F45100205C650020C06C0020ED
:100AA0009A99193F70B5044600688168C943C9071F
:100AB00017D1816821F00101816004F0FFF905463A
:100AC0000AE000BF04F0FAF9401B022804D92068AC
:100AD0008068C043C00706D020688068C043C00754
:100AE000F0D0002070BDA06A40F01000A062E06A63
:100AF00040F00100E062012070BD10B50146406A7F
:100B0000826A12F0500F05D0006A026BBDE81040F7
:100B100008461047816A41F4007181620168896862
:100B2000C1F3424107290CD1017B51B9816A21F4FB
:100B300080718162816AC90403D4816A41F0010134
:100B4000816203F0DFFB10BD10B5406A816A41F09D
:100B500040018162C16A41F00401C16203F0D4FB2B
:100B600010BD10B5406A03F0CEFB10BDF8B50026ED
:100B70000446009600688168C943C9072DD0816882
:100B800041F001018160164816490068B0FBF1F0A0
:100B900000E0401E00900028FBD104F08FF90546CC
:100BA00016E000BF04F08AF9401B022810D9206823
:100BB0008068C043C0070BD0A06A40F01000A0625C
:100BC000E06A40F00100E06284F824600120F8BD92
:100BD00020688068C043C007E4D10020F8BD000051
:100BE0000C00002040420F002DE9F0410746454827
:100BF000874202DA0120BDE8F0814348D0F8981618
:100C00003846FFF721FE01D20220F4E73F4C0020D6
:100C10003D4D20804FF4D37060801AE055F82010CD
:100C20003846FFF707FE0FD820886188084440083F
:100C300055F820103846FFF707FE05D22088618856
:100C400008444008208004E0208861880844400867
:100C5000608060882188411A0129DFDC2C488742A6
:100C6000208855F8201038463EDCFFF7E3FD3ED0E3
:100C7000608855F820103846FFF7DCFD40D020464C
:100C80002688408855F8261055F820000C46FFF7B6
:100C90004CFB10F0FF4F21D0054621463846FFF7A8
:100CA00044FB1C49FFF747FB1B49FFF7ECFA1B49C4
:100CB000FFF773FB2946FFF770FB0446163E06EB71
:100CC00086004000FFF73BFD2146FFF7DCFAFFF707
:100CD00055FD07E0163800EB800002E0163E06EBFB
:100CE0008600400080B286E7FFF7A4FD01D120888E
:100CF000F0E7608855F820103846FFF79BFDF6D1E5
:100D00006088E7E7B86E64446499000880000020BA
:100D1000EC51AC440000C8420000A040000020415B
:100D20002DE9F84FDFF834B100244FF0333A204674
:100D300003F046F9FFF703FD494F47F8340020461A
:100D400003F06EF9FFF7FBFC07EBC4018046486037
:100D50004548444940680090FFF7EDFAFFF73BFD36
:100D600005460E4641494046FFF7E5FA6FF00B098C
:100D70004946FFF750FBFFF72EFD52465B46FFF753
:100D80006FFC2A463346FFF752FBFFF737FD07F1AA
:100D90003001804641F8240057F834003349FFF70A
:100DA000CAFA4946FFF737FBFFF715FD52465B4687
:100DB000FFF756FC2A463346FFF739FBFFF71EFDC7
:100DC00007F14801054641F8240041460098FFF725
:100DD000ACFADFF89C90064649464046FFF7ABFA6E
:100DE0003146FFF7DAFA234F3946FFF7A4FA1C49D8
:100DF0000646903141F8240029460098FFF795FAFD
:100E0000804649462846FFF796FA4146FFF7C5FA5D
:100E10003946FFF790FA12490546A83141F82400F7
:100E2000154800EB8400416B3846FFF7B6FA0746D9
:100E30003146FFF780FA0A49783141F824003846F4
:100E40002946FFF778FA0649603141F82400641C0E
:100E5000E4B2062CFFF46BAFBDE8F88F33331B40D0
:100E6000FC6400207F526E3E8000002033335340EC
:100E70000000404000007A44706600202DE9F05FD9
:100E800092460A46DDE90A4783461E465146104609
:100E9000FFF74BFAE0603268814601461046FFF7E3
:100EA0004AFA20601BF0FF4087F0004504D0594605
:100EB0004FF07E50FFF771FA80465046216AFFF7E7
:100EC00034FA4146FFF737FA0146B06880F0004037
:100ED000FFF731FAA06128464946FFF7B5FC01D279
:100EE000284607E03946E068FFF7AEFC01D23846F5
:100EF00000E0E0687168FFF71EFA5946FFF71BFA39
:100F00006168FFF7C0F9606010F1FF4F01D3002165
:100F100006E00C99FFF798FC01D20C9900E061689B
:100F200061602068FFF7AFF9A169FFF7ACF9C4E988
:100F300008A0BDE8F09FFEE72DE9F0411F4C0746F1
:100F40004FF4000160681E4E884204DAA2688A42AB
:100F500001DA002219E010F0FF4F09D001221146FA
:100F6000304603F0A6FF38466168FFF7E1F960609C
:100F7000A56815F0FF4F1FD038462168FFF783F9A9
:100F800010492060884206DA01223046BDE8F0416F
:100F9000012103F08EBF0B490B4A494201449142A3
:100FA000D7D30A49884207DB4FF07E512846FFF726
:100FB000BCF9A06000202060BDE8F0817000002036
:100FC00000180140CDCC4C3ECDCC4C009A99993EB6
:100FD00008B508F07BFB054C00902046FFF7ACFFFE
:100FE0003221684608F034FBF7E70000CDCC4C3DD9
:100FF0002DE9F05F3648DFF8E0C0DFF8E0A00168D7
:101000003448DFF8DC900F1831496FEA000B35489F
:10101000D1E90432D1E902544E68674520D25946DD
:101020008E421DDD86421BDA8D4219DD854217DABC
:101030008C4215DD844213DA8B4211DD83420FDAD4
:101040005A450DDD82420BDA9AF84C1041B9012164
:10105000DFF8948089F800104FF07E51C8F8001036
:10106000674532D259468E422FDD86422DDA8D42B7
:101070002BDD854229DA8C4227DD844225DA8B423A
:1010800023DD834221DA5A451FDD82421DDA1748EB
:101090000189C06803F008FF002816D1012089F8F3
:1010A000000000218AF84C101149CAF83410CAF81F
:1010B0003810CAF83C10CAF84010CAF84410CAF8F0
:1010C000481009494FF07E500860BDE8F09F0000CD
:1010D000A4650020FF7F88BBFFFF0400706600202E
:1010E0009407002000807C4474000020A45100205C
:1010F00000007A44034C204600F006F8322008F045
:1011000057F9F8E7CDCC4C3D2DE9F047DFF8789062
:1011100099F80000002834D01C480068B0F5000F92
:101120002FDA1B4E1C4DA6F1010898F80040305DE7
:10113000401CC7B21748375550F8241055F8240002
:10114000FFF7A1F845F82400322F1AD34746134978
:10115000FFF723F9124901EB84025063002045F8A0
:1011600024003055641CE2B23A70052A09D90122E4
:1011700081F84C200C4989F800000A4808600B48A7
:101180000270BDE8F0870000940700207400002082
:101190003E070020A4650020286800200000484287
:1011A000706600200000A040780000203407002076
:1011B00070B50446184800F1180650F8245056F847
:1011C0002400A6F13001854201D9281A03E04FF628
:1011D000FF72101A284441F82400FFF7B9FA0146BB
:1011E0000E48FFF7DAF80C49303141F8240046F890
:1011F00024500B49FFF79FF84FF0FF31FFF70BF931
:10120000FFF7BCFA074904EBC40201EBC201C88036
:101210000020086170BD0000D866002000401C4618
:1012200000007042C06C00202DE9F14F00251D4CDC
:10123000DFF8748082B04FF07E594FF0020BAA465F
:1012400005EBC50704EBC7067078C8B1308C0028E1
:10125000706B00901AD0002812DD96F82700032842
:1012600016D00DE00098401E706307D186F814B0C8
:1012700001200F4904F837000C48086048F825A001
:101280006D1CEDB2062DDBD3BDE8FE8F0028F7DD27
:1012900058F825100298FEF7F6FF48F82500484553
:1012A000E0DAEDE7C06C0020546900200000A040A7
:1012B000780000202DE9F04700242E4DDFF8B8809B
:1012C0008246A14604EBC40615F83600E8B305EBE8
:1012D000C607B7F90600642846DC58F824105046C3
:1012E000FEF7D1FF48F82400B0F17E5F3CDD2349D2
:1012F00087F8019005F83690214A81F80190012184
:10130000117020494846C1F800906978012929D018
:1013100095F84910012925D095F89110012921D07F
:1013200095F8D91001291DD095F82111012919D05E
:1013300095F86911012915D0296B6963A96FE967CF
:10134000D5F8C010C5F8C41000E00DE0D5F80811BC
:10135000C5F80C11D5F85011C5F85411D5F89811ED
:10136000C5F89C1148F82400641CE4B2062CA9D3EB
:10137000BDE8F087C06C0020406800209007002086
:101380003C0700209800002070B5094C4FF4000580
:101390000646E169A94202DBFEF7CAFFE061616C23
:1013A000A94203DB3046FEF7C3FF606470BD000056
:1013B000A4510020F0B527484FF400010127406CEC
:1013C000254B884201DB1F7002E01878012840D1CC
:1013D0002248006888423CDA21494978002938D1FE
:1013E00010F0FF4F35D11F4D1F4C0E4601EBC100D1
:1013F00005EBC000B0F90420B0F908C0624507D081
:1014000004EB410C0281ACF80220027D02B10675AA
:10141000B0F91820B0F920C0624509D004EB410CA6
:101420000284ACF80E2090F827200AB180F82760DB
:10143000D0F838C0026B624504D08263426304EB8B
:101440008100C261491CC9B20629CFD30748077081
:101450001E70F0BDA45100203C0700209800002021
:1014600090070020C06C0020706600203407002028
:101470002DE9F047254C244F8246A0687E78002550
:1014800000F0FF416EB1D9B32149496CB1F5000FAD
:1014900036DA61684FF07C58894611F0FF4F06D06C
:1014A00027E00029F0D125706570A57028E041463D
:1014B000FEF73BFF1549A0600978C943C9B236B1B0
:1014C000012E04D0022E05D0032E09D00DE021708C
:1014D000657003E025706178C9436170A57004E010
:1014E00025706570A178C943A17010F0FF4F00D13D
:1014F0007D7049465046FEF7C6FE6060404500DB01
:101500006560BDE8F0870000900700209000002093
:10151000A45100202DE9F04700240D4E81464FF0E4
:101520007E57A04604EBC40006EBC0054846296977
:10153000FEF7A9FE2861B84203DBA5F80680C5F8CE
:101540001080641CE4B2062CECD3BDE8F0870000E8
:10155000C06C0020014803F0DFB80000E007002065
:1015600030B590F840500124AC40C56B6C60046805
:1015700063604368102B036803D099600068C26001
:1015800030BD9A600068C16030BD000070B5284968
:1015900000EBC00401EBC40042787AB3B0F9082034
:1015A0006AB3037D03253BB1012B0BD0022B13D073
:1015B000032B00D1828170BDB0F90C309A4209DB57
:1015C00001230375B0F90660B0F90C309E420BDDC3
:1015D00086810AE002230375B0F90660B0F90C3089
:1015E0009E420DDA86810CE0838111F834100029C7
:1015F000E1D1B0F90C1091420BDA70BD13E00AE0B2
:10160000838111F834100029F7D1B0F90C10914200
:10161000F3DC0575F1E7B0F90620B0F90C108A4249
:10162000C8DB8181E9E7002181810175E5E70000E0
:10163000C06C00202DE9F05F83460D464E4801EB5B
:10164000C50100EBC10400276178B4F91A00DFF886
:101650002C81002970D0B4F92060002E6CD048494C
:10166000484A51F82510914201DA282105E0B6F5E3
:101670002F6F01DA642100E08C21321A002A00DC8D
:10168000821B8A426BDA94F827104FF0030941B1AC
:10169000012913D0022950D0032900D1A684BDE826
:1016A000F09F864202DD4FF0010002E054DA4FF075
:1016B000020084F82700608B6085F0E7618B21854C
:1016C000608D814201D9A1842FE0B6F57A7F13D1D4
:1016D000B4F924A082450DD158F825105846FEF7DC
:1016E000D2FD294948F82500884205DD0AF10100AC
:1016F000A084608548F82570B4F924A0A6EB0A0000
:1017000014280FDC58F825105846FEF7BCFD48F8A1
:101710002500B0F1804F05DD0AF10100A08460854D
:1017200048F82570608DA0842085208D6085B4F9EF
:101730002400B04210DAB2E715E0618B2185608D9C
:10174000814201D2A18401E0A0842085208D6085A2
:10175000B4F92400B042A2DC84F827909FE784F813
:101760002770A0849BE7A0842785678584F827706D
:1017700048F8257093E70000C06C0020E065002069
:101780005C65002000800945000020417047000092
:10179000044948430921B0FBF1F000BF401EFCD2D0
:1017A000704700004019010071B54FF461754FF0AA
:1017B000E023104E009819E02C46A04200D80446C1
:1017C0009869614201EBC10110EBC10105D49A692E
:1017D000824208DA8A42FADA05E08A199969814276
:1017E000FCDD9142FADC0098001B00900028E3D158
:1017F00078BD0000401901002DE9F05F0646B0F900
:101800000C000A24B0F57A7F1DDB4FF47A7190FB4F
:10181000F1F090FBF4F104FB110010F0FF0512D081
:1018200004220621382007F00BFBB6F90C006427D0
:1018300063280ADD90FBF7F090FBF4F104FB110044
:10184000C5B2294602E00622EBE70021002006F09F
:10185000A7FBB6F90C00092808DD90FBF4F090FB1B
:10186000F4F104FB1100C5B2294600E0002101207B
:1018700006F096FB01221146302007F0E1FADFF86E
:1018800008B4DFF808944FF4000A9BF8000030B168
:10189000D9F84400504502DAFD48807830B3B6F9F3
:1018A0000A0098B34FF47A71884244DB90FBF1F060
:1018B00090FBF4F104FB110010F0FF053BD0012276
:1018C00011462E2007F0BCFA00220221302007F03A
:1018D000B7FAB6F90A00632834DD90FBF7F090FB05
:1018E000F4F104FB1100C5B229462CE000220121CD
:1018F0002E2007F0A5FA00220221302007F0A0FADE
:101900001221022006F04CFB12210FE0FFE700221B
:1019100001212E2007F094FA00220221302007F046
:101920008FFA0A21022006F03BFB0A21032006F071
:1019300037FB00221CE0012211462E2007F080FA1E
:101940000222C2E70021022006F02AFBB6F90A00B3
:10195000092808DD90FBF4F090FBF4F104FB110082
:10196000C5B2294600E00021032006F019FB012240
:1019700001212A2007F064FAB6F924004FF46178B7
:10198000002809DB4FF47A7190FBF1F090FBF4F141
:1019900004FB1100C5B209E010F1630101D340421C
:1019A000F0E700F2E730404500D20A25294604203E
:1019B00006F0F6FAB6F92400002807DB90FBF7F0F2
:1019C00090FBF4F104FB1100C5B20AE010F16301D1
:1019D00001D30A2505E000F2E731414501D240423A
:1019E000ECE72946052006F0DBFAB6F924000028CA
:1019F00008DB00BF90FBF4F090FBF4F104FB110056
:101A0000C5B209E000F16301632903D300F2E731B5
:101A1000414501D24042EDE72946062006F0C0FAD2
:101A2000B6F92400002805DB90FBF4F104FB11005B
:101A3000C5B209E000F16301632903D300F2E73185
:101A4000414501D24042EFE72946072006F0A8FAB7
:101A500001221146352007F0F3F98B48407830B168
:101A6000D9F84400504502DA89488078E0B1B6F9E7
:101A7000220000287EDD4FF47A7190FBF1F090FB9C
:101A8000F4F104FB1100C5B22946082006F088FADB
:101A9000B6F92200002815DB90FBF7F090FBF4F17B
:101AA00004FB1100C5B218E01221082006F078FAF4
:101AB0001221092006F074FA12210A2006F070FAA9
:101AC00012213EE010F1630101D30A2505E000F286
:101AD000E731414501D24042DEE72946092006F0C0
:101AE0005FFAB6F92200002808DB00BF90FBF4F093
:101AF00090FBF4F104FB1100C5B209E000F16301B1
:101B0000632903D300F2E731414501D24042EDE7BA
:101B100029460A2006F044FAB6F92200002805DB1F
:101B200090FBF4F104FB1100C5B209E000F1630180
:101B3000632903D300F2E731414501D24042EFE788
:101B400029460B2006F02CFA042211462B2007F020
:101B500077F9B06B4FF4616B00287CD0316C48F69C
:101B6000A04091FBF0F0C1B20C2006F019FA5D46DE
:101B7000306C00E09DE090FBF5F090FBF4F104FB8D
:101B80001100C1B20D2006F00BFA306C90FBF5F19C
:101B900005FB11014FF4167091FBF0F0C1B20E205D
:101BA00006F0FEF9306C90FBF5F105FB11013C20CD
:101BB00091FBF0F090FBF4F104FB1100C5B2294653
:101BC0000F2006F0EDF904221146372007F038F90E
:101BD0002D48807830B1D9F84400504502DA2C48BD
:101BE0008078C8B3306BC0B3F16B48F6A04091FB6E
:101BF000F0F0C1B2102006F0D3F9F06B5D4690FB17
:101C0000F5F090FBF4F104FB1100C1B2112006F0D5
:101C1000C7F9F06B90FBF5F105FB11014FF416705D
:101C200091FBF0F0C1B2122006F0BAF9F06B90FB14
:101C3000F5F105FB11013C2091FBF0F090FBF4F174
:101C400004FB1100C5B22946132006F0A9F9202291
:101C500011462D2002E03AE048E056E007F0F0F8A7
:101C600001221146282007F0EBF802221146282015
:101C700007F0E6F840221146292007F0E1F8044871
:101C8000807890B3002205E090000020A45100204D
:101C9000900700208021292007F0D2F8F74890F91A
:101CA0000E0088B3012842D002285FD003284DD10E
:101CB00063E00A21082006F073F90A21092006F0E2
:101CC0006FF90A21084606F06BF90A2139E70A2163
:101CD0000C2006F065F90A210D2006F061F90A21B1
:101CE0000E2006F05DF90A216AE71CE0122110209F
:101CF00006F056F91221112006F052F91221084679
:101D000006F04EF912219FE70FE00A21102006F09D
:101D100047F90A21112006F043F90A21122006F0A2
:101D20003FF90A2190E78022ADE7012200E000227E
:101D300001213A2007F084F8022202213A2007F01C
:101D40007FF801220121382007F07AF8CB4890F87B
:101D50002600F0B1002204213A2007F071F8C848AB
:101D60000168C848814216DA082215E001221146AE
:101D70003A2007F065F80022DFE7012211463A20F9
:101D800007F05EF8022211463A2007F059F80022C7
:101D9000D8E70422DFE7002208213A2007F050F8B4
:101DA000B64890F8440030B3002280213B2007F071
:101DB00047F8B6F95400B0F57A7F1EDB4FF47A711C
:101DC00090FBF1F090FBF4F104FB110010F0FF0523
:101DD00013D004220621242007F032F8B6F954006B
:101DE00063280CDD90FBF7F090FBF4F104FB11008D
:101DF000C5B2294604E08022D7E70622EAE700219F
:101E0000142006F0CDF8B6F95400092808DD90FB3F
:101E1000F4F090FBF4F104FB1100C5B2294600E098
:101E20000021152006F0BCF8012211461C2007F005
:101E300007F89548007838B1D9F84400504503DADE
:101E400092488078012826D0B6F9520098B34FF412
:101E50007A71884244DB90FBF1F090FBF4F104FBD3
:101E6000110010F0FF053BD0012211461A2006F0A8
:101E7000E7FF002202211C2006F0E2FFB6F9520023
:101E8000632834DD90FBF7F090FBF4F104FB1100C4
:101E9000C5B229462CE0002201211A2006F0D0FF0D
:101EA000002202211C2006F0CBFF1221162006F092
:101EB00077F812210FE0FFE7002201211A2006F037
:101EC000BFFF002202211C2006F0BAFF0A211620C3
:101ED00006F066F80A21172006F062F800221CE0DE
:101EE000012211461A2006F0ABFF0222C2E70021B0
:101EF000162006F055F8B6F95200092808DD90FBC7
:101F0000F4F090FBF4F104FB1100C5B2294600E0A7
:101F10000021172006F044F801220121162006F0C6
:101F20008FFFB6F96C0000280ADB00BF4FF47A710E
:101F300090FBF1F090FBF4F104FB1100C5B209E055
:101F400010F1630101D34042F0E700F2E730404571
:101F500000D20A252946182006F022F8B6F96C00AE
:101F6000002807DB90FBF7F090FBF4F104FB110075
:101F7000C5B20AE010F1630101D30A2505E000F2C1
:101F8000E731414501D24042ECE72946192006F0ED
:101F900007F8B6F96C00002808DB00BF90FBF4F0EE
:101FA00090FBF4F104FB1100C5B209E000F16301FC
:101FB000632903D300F2E731414501D24042EDE706
:101FC00029461A2005F0ECFFB6F96C00002805DB65
:101FD00090FBF4F104FB1100C5B209E000F16301CC
:101FE000632903D300F2E731414501D24042EFE7D4
:101FF00029461B2005F0D4FF01221146212006F0BE
:102000001FFF2148407838B1D9F84400504503DA21
:102010001E48807801281DD0B6F96A0000286FDDBF
:102020004FF47A7190FBF1F090FBF4F104FB110096
:10203000C5B229461C2005F0B3FFB6F96A00002896
:1020400016DB00BF90FBF7F090FBF4F104FB1100EE
:10205000C5B223E012211C2005F0A2FF12211D2091
:1020600005F09EFF12211E2005F09AFF122149E083
:1020700010F163010CD30A2510E00000C06C0020B1
:102080005C6500200080094590000020900700203A
:1020900000F2E731414501D24042D3E729461D20F5
:1020A00005F07EFFB6F96A00002807DB90FBF4F02C
:1020B00090FBF4F104FB1100C5B209E000F16301EB
:1020C000632903D300F2E731414501D24042EDE7F5
:1020D00029461E2005F064FFB6F96A00002805DBDA
:1020E00090FBF4F104FB1100C5B20AE000F16301BA
:1020F000632903D300F2E731414502D24042EFE7C2
:10210000B3E029461F2005F04BFF0422114617209B
:1021100006F096FED6F88000E8B356F8881F48F619
:10212000A04091FBF0F0C1B2202005F039FF3068EB
:102130005D4690FBF5F090FBF4F104FB1100C1B299
:10214000212005F02DFF306890FBF5F105FB110112
:102150004FF4167091FBF0F0C1B2222005F020FF81
:1021600056F8880990FBF5F105FB11013C2091FB25
:10217000F0F090FBF4F104FB1100C5B229462320D6
:1021800005F00EFF04221146232006F059FEFA48FE
:10219000807848B100E077E0D9F84400504503DA90
:1021A000F648807801287DD0B06FE8B356F8841FD8
:1021B00048F6A04091FBF0F0C1B2242005F0F0FEFB
:1021C00030685D4690FBF5F090FBF4F104FB1100E4
:1021D000C1B2252005F0E4FE306890FBF5F105FB67
:1021E00011014FF4167091FBF0F0C1B2262005F0FA
:1021F000D7FE56F8840990FBF5F105FB11013C2050
:1022000091FBF0F090FBF4F104FB1100C5B22946FC
:10221000272005F0C5FE20221146192006F010FEE9
:1022200001221146142000E04BE006F009FE0222D4
:102230001146142006F004FE40221146152006F037
:10224000FFFDCE488078012849D00022802115204A
:1022500006F0F6FDCA4890F9560088B3012842D02E
:1022600002285FD003284DD163E00A211C2005F02D
:1022700097FE0A211D2005F093FE0A211E2005F07D
:102280008FFE0A213EE70DE00A21202005F088FE9E
:102290000A21212005F084FE0A21222005F080FE7B
:1022A0000A216CE71221242005F07AFE1221252054
:1022B00005F076FE1221262005F072FE1221A7E716
:1022C0000FE00A21242005F06BFE0A21252005F0ED
:1022D00067FE0A21262005F063FE0A2198E7802286
:1022E000B4E7012200E000220121262006F0A8FD2B
:1022F00002220221262006F0A3FD01220121242032
:1023000006F09EFD9E4890F86E00F0B10022042178
:10231000262006F095FD9B4841689B48814216DACD
:10232000082215E001221146262006F089FD002230
:10233000DFE701221146262006F082FD0222114627
:10234000262006F07DFD0022D8E70422DFE70022E8
:102350000821262006F074FD894890F88C0030B3DF
:1023600000228021272006F06BFDB6F99C00B0F515
:102370007A7F1EDB4FF47A7190FBF1F090FBF4F161
:1023800004FB110010F0FF0513D0202260214D2026
:1023900006F056FDB6F99C0063280CDD90FBF7F0C3
:1023A00090FBF4F104FB1100C5B2294604E0802241
:1023B000D7E76022EAE70021282005F0F1FDB6F911
:1023C0009C00092808DD90FBF4F090FBF4F104FB7D
:1023D0001100C5B2294600E00021292005F0E0FDEA
:1023E00080221146452006F02BFD6348007838B165
:1023F000D9F84400504503DA60488078022826D096
:10240000B6F99A0098B34FF47A71884244DB90FB96
:10241000F1F090FBF4F104FB110010F0FF053BD04C
:1024200080221146432006F00BFD0022402145206A
:1024300006F006FDB6F99A00632834DD90FBF7F04C
:1024400090FBF4F104FB1100C5B229462CE00022F8
:102450008021432006F0F4FC00224021452006F0B4
:10246000EFFC12212A2005F09BFD12210FE0FFE76F
:1024700000228021432006F0E3FC00224021452079
:1024800006F0DEFC0A212A2005F08AFD0A212B2015
:1024900005F086FD00221CE080221146432006F054
:1024A000CFFC4022C2E700212A2005F079FDB6F9D1
:1024B0009A00092808DD90FBF4F090FBF4F104FB8E
:1024C0001100C5B2294600E000212B2005F068FD6F
:1024D000802280213F2006F0B3FCB6F9B40000282A
:1024E0000ADB00BF4FF47A7190FBF1F090FBF4F13E
:1024F00004FB1100C5B209E010F1630101D34042B1
:10250000F0E700F2E730404500D20A2529462C20AA
:1025100005F046FDB6F9B400002807DB90FBF7F0A4
:1025200090FBF4F104FB1100C5B20AE010F1630165
:1025300001D30A2505E000F2E731414501D24042CE
:10254000ECE729462D2005F02BFDB6F9B400002854
:1025500008DB00BF90FBF4F090FBF4F104FB1100EA
:10256000C5B213E000F16301632903D300F2E73140
:1025700041450BD24042EDE790000020900700203B
:10258000C06C00205C6500200080094529462E2093
:1025900005F006FDB6F9B400002805DB90FBF4F168
:1025A00004FB1100C5B209E000F16301632903D304
:1025B00000F2E731414501D24042EFE729462F20A2
:1025C00005F0EEFC80221146482006F039FCFE485A
:1025D000407838B1D9F84400504503DAFB48807898
:1025E00002281DD0B6F9B20000287DDD4FF47A71C3
:1025F00090FBF1F090FBF4F104FB1100C5B2294609
:10260000302005F0CDFCB6F9B200002816DB00BF83
:1026100090FBF7F090FBF4F104FB1100C5B218E059
:102620001221302005F0BCFC1221312005F0B8FC4D
:102630001221322005F0B4FC12213EE010F16301BA
:1026400001D30A2505E000F2E731414501D24042BD
:10265000DEE72946312005F0A3FCB6F9B2000028D8
:1026600008DB00BF90FBF4F090FBF4F104FB1100D9
:10267000C5B209E000F16301632903D300F2E73139
:10268000414501D24042EDE72946322005F088FC61
:10269000B6F9B200002805DB90FBF4F104FB110051
:1026A000C5B209E000F16301632903D300F2E73109
:1026B000414501D24042EFE72946332005F070FC46
:1026C000202211463E2006F0BBFBD6F8C800E8B336
:1026D00056F8D01F48F6A04091FBF0F0C1B234206C
:1026E00005F05EFC5D4600E09CE0306890FBF5F094
:1026F00090FBF4F104FB1100C1B2352005F050FC51
:10270000306890FBF5F105FB11014FF4167091FB59
:10271000F0F0C1B2362005F043FC56F8D00990FB2A
:10272000F5F105FB11013C2091FBF0F090FBF4F179
:1027300004FB1100C5B22946372005F031FC2022E8
:1027400011464A2006F07CFB9F4800E078E0807844
:1027500038B1D9F84400504503DA9C488078022803
:102760007DD0D6F8C000E8B356F8CC1F48F6A0409C
:1027700091FBF0F0C1B2382005F012FC30685D46E4
:1027800090FBF5F090FBF4F104FB1100C1B239208D
:1027900005F006FC306890FBF5F105FB11014FF4E4
:1027A000167091FBF0F0C1B23A2005F0F9FB56F833
:1027B000CC0990FBF5F105FB11013C2091FBF0F0F9
:1027C00090FBF4F104FB1100C5B229463B2005F053
:1027D000E7FB04221146402006F032FB802211461E
:1027E0003D2000E04AE006F02BFB402211463D2050
:1027F00006F026FB022211463C2006F021FB73481E
:102800008078022848D0002201213C2006F018FBE5
:1028100096F99E0088B3012842D002285ED0032892
:102820004DD162E00A21302005F0BAFB0A213120A7
:1028300005F0B6FB0A21322005F0B2FB0A213CE785
:102840000A21342005F0ACFB0A21352005F0A8FB55
:102850000A21362005F0A4FB0A216DE7FFE71221CB
:10286000382005F09DFB1221392005F099FB12213B
:102870003A2005F095FB1221A8E70FE00A21382045
:1028800005F08EFB0A21392005F08AFB0A213A2047
:1028900005F086FB0A2199E70122B5E7802200E0D6
:1028A000002280214F2006F0CBFA402240214F2009
:1028B00006F0C6FA802280214D2006F0C1FA96F873
:1028C000B600F0B1002220214F2006F0B9FA4048AE
:1028D00081684048814216DA102215E080221146B4
:1028E0004F2006F0ADFA0022E0E7802211464F208B
:1028F00006F0A6FA402211464F2006F0A1FA002267
:10290000D9E72022DFE7002210214F2006F098FAB5
:1029100096F8D40030B3002201214E2006F090FA40
:10292000B6F9E400B0F57A7F1EDB4FF47A7190FBC4
:10293000F1F090FBF4F104FB110010F0FF0513D04F
:1029400020226021032006F07BFAB6F9E400632818
:102950000CDD90FBF7F090FBF4F104FB1100C5B225
:10296000294604E00122D7E76022EAE700213C2063
:1029700005F016FBB6F9E400092808DD90FBF4F039
:1029800090FBF4F104FB1100C5B2294600E00021E0
:102990003D2005F005FB802211460B2006F050FA81
:1029A0000948007838B1D9F84400504503DA07489F
:1029B0008078032830D0B6F9E200E8B34FF47A719A
:1029C00088424EDB08E000009000002090070020C5
:1029D0005C6500200080094590FBF1F191FBF4F06B
:1029E00004FB101010F0FF053BD0802211460D2093
:1029F00006F026FA002240210B2006F021FAB6F953
:102A0000E200632834DD90FBF7F090FBF4F104FB67
:102A10001100C5B229462CE0002280210D2006F0CD
:102A20000FFA002240210B2006F00AFA12213E2064
:102A300005F0B6FA12210FE0FFE7002280210D20F9
:102A400006F0FEF9002240210B2006F0F9F90A21D8
:102A50003E2005F0A5FA0A213F2005F0A1FA002248
:102A60001CE0802211460D2006F0EAF94022C2E760
:102A700000213E2005F094FAB6F9E200092808DDAD
:102A800090FBF4F090FBF4F104FB1100C5B2294671
:102A900000E000213F2005F083FA802280211120F0
:102AA00006F0CEF9B6F9FC00002808DB4FF47A7185
:102AB00090FBF1F191FBF4F004FB10100BE010F12E
:102AC00063010AD340424FF47A7190FBF1F090FB1E
:102AD000F4F104FB1100C5B204E000F2E730404518
:102AE00000D20A252946402005F05AFAB6F9FC0022
:102AF000002807DB90FBF7F090FBF4F104FB1100DA
:102B0000C5B20AE010F1630101D30A2505E000F225
:102B1000E731414501D24042ECE72946412005F02A
:102B20003FFAB6F9FC00002808DB00BF90FBF4F088
:102B300090FBF4F104FB1100C5B209E000F1630160
:102B4000632903D300F2E731414501D24042EDE76A
:102B50002946422005F024FAB6F9FC00002805DBDE
:102B600090FBF4F104FB1100C5B209E000F1630130
:102B7000632903D300F2E731414501D24042EFE738
:102B80002946432005F00CFA80221146062006F063
:102B900057F9FE48407838B1D9F84400504503DA77
:102BA000FB48807803281DD0B6F9FA0000287DDDA7
:102BB0004FF47A7190FBF1F090FBF4F104FB1100FB
:102BC000C5B22946442005F0EBF9B6F9FA00002811
:102BD00016DB00BF90FBF7F090FBF4F104FB110053
:102BE000C5B218E01221442005F0DAF9122145207F
:102BF00005F0D6F91221462005F0D2F912213EE067
:102C000010F1630101D30A2505E000F2E7314145E7
:102C100001D24042DEE72946452005F0C1F9B6F968
:102C2000FA00002808DB00BF90FBF4F090FBF4F101
:102C300004FB1100C5B209E000F16301632903D36D
:102C400000F2E731414501D24042EDE729464620F6
:102C500005F0A6F9B6F9FA00002805DB90FBF4F1BF
:102C600004FB1100C5B209E000F16301632903D33D
:102C700000F2E731414501D24042EFE729464720C3
:102C800005F08EF920221146102006F0D9F8D6F86A
:102C90001001E0B3D6F8181148F6A04091FBF0F00F
:102CA000C1B2482005F07CF95D4600E0A0E0D6F80E
:102CB000180190FBF5F090FBF4F104FB1100C1B298
:102CC000492005F06DF9D6F8180190FBF5F105FBE8
:102CD00011014FF4167091FBF0F0C1B24A2005F0DB
:102CE0005FF9D6F8180190FBF5F105FB11013C20C6
:102CF00091FBF0F090FBF4F104FB1100C5B2294602
:102D00004B2005F04DF920221146042000E07EE022
:102D100006F096F89D48807838B1D9F844005045BF
:102D200003DA9B48807803287FD0D6F80801E8B3FF
:102D3000D6F8141148F6A04091FBF0F0C1B24C2037
:102D400005F02EF9D6F814015D4690FBF5F090FBE6
:102D5000F4F104FB1100C1B24D2005F021F9D6F8C1
:102D6000140190FBF5F105FB11014FF4167091FB76
:102D7000F0F0C1B24E2005F013F9D6F8140190FB23
:102D8000F5F105FB11013C2091FBF0F090FBF4F113
:102D900004FB1100C5B229464F2005F001F90422B9
:102DA00011460E2006F04CF8802200E04CE011465F
:102DB000132006F045F840221146132006F040F893
:102DC00002221146122006F03BF871488078032851
:102DD00048D000220121122006F032F896F9E600D0
:102DE00088B3012842D002285ED003284DD162E08A
:102DF0000A21442005F0D4F80A21452005F0D0F836
:102E00000A21462005F0CCF80A2138E70DE00A2116
:102E1000482005F0C5F80A21492005F0C1F80A212B
:102E20004A2005F0BDF80A216AE712214C2005F07E
:102E3000B7F812214D2005F0B3F812214E2005F00D
:102E4000AFF81221A8E70FE00A214C2005F0A8F8FE
:102E50000A214D2005F0A4F80A214E2005F0A0F823
:102E60000A2199E70122B5E7802200E000228021B3
:102E7000012005F0E5FF40224021012005F0E0FFA0
:102E800080228021032005F0DBFF96F8FE00F0B1E0
:102E900000222021012005F0D3FF3E48C1683E48B2
:102EA000814216DA102215E080221146012005F039
:102EB000C7FF0022E0E780221146012005F0C0FF95
:102EC00040221146012005F0BBFF0022D9E7202255
:102ED000DFE700221021012005F0B2FF96F81C0167
:102EE00030B300220121002005F0AAFFB6F92C0121
:102EF000B0F57A7F1EDB4FF47A7190FBF1F090FB16
:102F0000F4F104FB110010F0FF0513D00422062198
:102F1000522005F095FFB6F92C0163280CDD90FBDB
:102F2000F7F090FBF4F104FB1100C5B2294604E070
:102F30000122D7E70622EAE70021502005F030F809
:102F4000B6F92C01092808DD90FBF4F090FBF4F1B0
:102F500004FB1100C5B2294600E00021512005F014
:102F60001FF8012211465A2005F06AFF0748007831
:102F700038B1D9F84400504503DA05488078042870
:102F800030D0B6F92A01E8B308E000009000002034
:102F9000900700205C650020008009454FF47A719D
:102FA000884244DB90FBF1F090FBF4F104FB11004C
:102FB00010F0FF053BD0002202215A2005F040FF0F
:102FC000012211465C2005F03BFFB6F92A01632877
:102FD0002FDD90FBF7F090FBF4F104FB1100C5B27C
:102FE000294627E0002202215A2005F029FF00226D
:102FF00001215C2005F024FF1221522004F0D0FFB3
:1030000012210FE0FFE7002202215A2005F018FFED
:10301000002201215C2005F013FF0A21522004F058
:10302000BFFF0A21532004F0BBFF002217E0022259
:10303000C2E70021522004F0B3FFB6F92A010928A3
:1030400008DD90FBF4F090FBF4F104FB1100C5B235
:10305000294600E00021532004F0A2FF01220121B3
:10306000602005F0EDFEB6F9440100280ADB00BF40
:103070004FF47A7190FBF1F090FBF4F104FB110036
:10308000C5B209E010F1630101D34042F0E700F25C
:10309000E730404500D20A252946542004F080FF3D
:1030A000B6F94401002807DB90FBF7F090FBF4F140
:1030B00004FB1100C5B20AE010F1630101D30A2537
:1030C00005E000F2E731414501D24042ECE72946F4
:1030D000552004F065FFB6F94401002808DB00BF65
:1030E00090FBF4F090FBF4F104FB1100C5B209E091
:1030F00000F16301632903D300F2E731414501D2B6
:103100004042EDE72946562004F04AFFB6F9440153
:10311000002805DB90FBF4F104FB1100C5B209E0C7
:1031200000F16301632903D300F2E731414501D285
:103130004042EFE72946572004F032FF01221146B2
:10314000572005F07DFEFE48407838B1D9F844009C
:10315000504503DAFB48807804281DD0B6F94201B7
:1031600000287DDD4FF47A7190FBF1F090FBF4F1D3
:1031700004FB1100C5B22946582004F011FFB6F92E
:103180004201002816DB00BF90FBF7F090FBF4F142
:1031900004FB1100C5B218E01221582004F000FF12
:1031A0001221592004F0FCFE12215A2004F0F8FEEE
:1031B00012213EE010F1630101D30A2505E000F27F
:1031C000E731414501D24042DEE72946592004F06B
:1031D000E7FEB6F94201002808DB00BF90FBF4F0DF
:1031E00090FBF4F104FB1100C5B209E000F16301AA
:1031F000632903D300F2E731414501D24042EDE7B4
:1032000029465A2004F0CCFEB6F94201002805DB1D
:1032100090FBF4F104FB1100C5B209E000F1630179
:10322000632903D300F2E731414501D24042EFE781
:1032300029465B2004F0B4FE04221146612005F00B
:10324000FFFDD6F85801E0B3D6F8601148F6A0406B
:1032500091FBF0F0C1B25C2004F0A2FE5D4600E0FC
:10326000A0E0D6F8600190FBF5F090FBF4F104FBD0
:103270001100C1B25D2004F093FED6F8600190FB0E
:10328000F5F105FB11014FF4167091FBF0F0C1B29E
:103290005E2004F085FED6F8600190FBF5F105FB99
:1032A00011013C2091FBF0F090FBF4F104FB1100C4
:1032B000C5B229465F2004F073FE04221146552052
:1032C00000E07EE005F0BCFD9D48807838B1D9F87B
:1032D0004400504503DA9B48807804287FD0D6F814
:1032E0005001E8B3D6F85C1148F6A04091FBF0F02D
:1032F000C1B2602004F054FED6F85C015D4690FB3C
:10330000F5F090FBF4F104FB1100C1B2612004F070
:1033100047FED6F85C0190FBF5F105FB11014FF477
:10332000167091FBF0F0C1B2622004F039FED6F8BD
:103330005C0190FBF5F105FB11013C2091FBF0F0E5
:1033400090FBF4F104FB1100C5B22946632004F0A0
:1033500027FE202211465F2005F072FD012200E0C9
:103360004CE01146622005F06BFD022211466220FE
:1033700005F066FD40221146632005F061FD7148AD
:103380008078042848D000228021632005F058FD71
:1033900096F92E0188B3012842D002285ED0032876
:1033A0004DD162E00A21582004F0FAFD0A2159208B
:1033B00004F0F6FD0A215A2004F0F2FD0A2138E754
:1033C0000DE00A215C2004F0EBFD0A215D2004F0F1
:1033D000E7FD0A215E2004F0E3FD0A216AE71221DD
:1033E000602004F0DDFD1221612004F0D9FD1221DE
:1033F000622004F0D5FD1221A8E70FE00A21602029
:1034000004F0CEFD0A21612004F0CAFD0A216220E9
:1034100004F0C6FD0A2199E78022B5E7012200E009
:1034200000220121502005F00BFD02220221502034
:1034300005F006FD01220121522005F001FD96F85C
:103440004601F0B100220421502005F0F9FC3E486D
:1034500001693E48814216DA082215E00122114630
:10346000502005F0EDFC0022E0E70122114650203B
:1034700005F0E6FC02221146502005F0E1FC002296
:10348000D9E70422DFE700220821502005F0D8FC0C
:1034900096F8640130B300228021512005F0D0FC61
:1034A000B6F97401B0F57A7F1EDB4FF47A7190FBA8
:1034B000F1F090FBF4F104FB110010F0FF0513D0C4
:1034C00004220621662005F0BBFCB6F974016328CE
:1034D0000CDD90FBF7F090FBF4F104FB1100C5B29A
:1034E000294604E08022D7E70622EAE7002164208B
:1034F00004F056FDB6F97401092808DD90FBF4F0DC
:1035000090FBF4F104FB1100C5B2294600E0002154
:10351000652004F045FD012211466E2005F090FC67
:103520000748007838B1D9F84400504503DA054817
:103530008078052830D0B6F97201E8B308E00000C1
:1035400090000020900700205C6500200080094565
:103550004FF47A71884244DB90FBF1F090FBF4F178
:1035600004FB110010F0FF053BD0002202216E2069
:1035700005F066FC01221146702005F061FCB6F9E9
:10358000720163282FDD90FBF7F090FBF4F104FB50
:103590001100C5B2294627E0002202216E2005F065
:1035A0004FFC00220121702005F04AFC1221662008
:1035B00004F0F6FC12210FE0FFE7002202216E204A
:1035C00005F03EFC00220121702005F039FC0A21A3
:1035D000662004F0E5FC0A21672004F0E1FC0022EB
:1035E00017E00222C2E70021662004F0D9FCB6F9F8
:1035F0007201092808DD90FBF4F090FBF4F104FB64
:103600001100C5B2294600E00021672004F0C8FC83
:1036100001220121742005F013FCB6F98C01002869
:103620000ADB00BF4FF47A7190FBF1F090FBF4F1EC
:1036300004FB1100C5B209E010F1630101D340425F
:10364000F0E700F2E730404500D20A25294668201D
:1036500004F0A6FCB6F98C01002807DB90FBF7F01C
:1036600090FBF4F104FB1100C5B20AE010F1630114
:1036700001D30A2505E000F2E731414501D240427D
:10368000ECE72946692004F08BFCB6F98C01002890
:1036900008DB00BF90FBF4F090FBF4F104FB110099
:1036A000C5B209E000F16301632903D300F2E731F9
:1036B000414501D24042EDE729466A2004F070FC02
:1036C000B6F98C01002805DB90FBF4F104FB110036
:1036D000C5B209E000F16301632903D300F2E731C9
:1036E000414501D24042EFE729466B2004F058FCE7
:1036F000012211466B2005F0A3FBD948407838B170
:10370000D9F84400504503DAD648807805281DD002
:10371000B6F98A0100287DDD4FF47A7190FBF1F053
:1037200090FBF4F104FB1100C5B229466C2004F0B3
:1037300037FCB6F98A01002816DB00BF90FBF7F0D2
:1037400090FBF4F104FB1100C5B218E012216C20CB
:1037500004F026FC12216D2004F022FC12216E20C0
:1037600004F01EFC12213EE010F1630101D30A2592
:1037700005E000F2E731414501D24042DEE729464B
:103780006D2004F00DFCB6F98A01002808DB00BFAB
:1037900090FBF4F090FBF4F104FB1100C5B209E0DA
:1037A00000F16301632903D300F2E731414501D2FF
:1037B0004042EDE729466E2004F0F2FBB6F98A019B
:1037C000002805DB90FBF4F104FB1100C5B209E011
:1037D00000F16301632903D300F2E731414501D2CF
:1037E0004042EFE729466F2004F0DAFB042211463D
:1037F000752005F025FBD6F8A001E8B3D6F8A8118E
:1038000048F6A04091FBF0F0C1B2702004F0C8FB74
:103810005D4600E09EE0D6F8A80190FBF5F090FB35
:10382000F4F104FB1100C1B2712004F0B9FBD6F829
:10383000A80190FBF5F105FB11014FF4167091FB07
:10384000F0F0C1B2722004F0ABFBD6F8A80190FBF7
:10385000F5F105FB11013C2091FBF0F090FBF4F138
:1038600004FB1100C1B2732004F09AFB042211463C
:10387000692005F0E5FA00E07BE07948807838B10E
:10388000D9F84400504503DA7648807805287ED080
:10389000D6F89801F0B3D6F8A41148F6A04091FBF1
:1038A000F0F0C1B2742004F07BFBD6F8A4015D46B1
:1038B00090FBF5F090FBF4F104FB1100C1B2752010
:1038C00004F06EFBD6F8A40190FBF5F105FB1101A5
:1038D0004FF4167091FBF0F0C1B2762004F060FB5B
:1038E000D6F8A40190FBF5F105FB11013C2091FBFA
:1038F000F0F090FBF4F104FB1100C1B2772004F06A
:103900004FFB20221146732005F09AFA012211463E
:10391000762000E04AE005F093FA02221146762074
:1039200005F08EFA40221146772005F089FA4D48BD
:103930008078052848D000228021772005F080FA81
:1039400096F9760188B3012842D002285ED0032878
:103950004DD162E00A216C2004F022FB0A216D2087
:1039600004F01EFB0A216E2004F01AFB0A213AE73C
:103970000DE00A21702004F013FB0A21712004F0ED
:103980000FFB0A21722004F00BFB0A216BE71221C6
:10399000742004F005FB1221752004F001FB1221B4
:1039A000762004F0FDFA1221A8E70FE00A21742026
:1039B00004F0F6FA0A21752004F0F2FA0A217620C2
:1039C00004F0EEFA0A2199E78022B5E7012200E02F
:1039D00000220121642005F033FA02220221642032
:1039E00005F02EFA01220121662005F029FA96F849
:1039F0008E01F0B100220421642005F021FA1A485A
:103A000041691A48814216DA082215E0012211465E
:103A1000642005F015FA0022E0E701221146642037
:103A200005F00EFA02221146642005F009FA002280
:103A3000D9E70422DFE700220821642005F000FA1C
:103A400096F8AC0148B100228021652005F0F8F914
:103A5000BDE8F05F064802F0C1BD8022F4E7000037
:103A600090000020900700205C6500200080094540
:103A7000F865002010B503F01BFB044801F0D8FEE8
:103A8000BDE81040024801F0D3BE00004409002008
:103A90008C0900202DE9F14FB94C2189E06801F033
:103AA00003FA0025B74FDFF8E092DFF8E0B24FF0FD
:103AB000804A012610B994F8250020B194F824001A
:103AC000012807D0DCE0216A0098FCF7DCFB2062CB
:103AD00084F824602189E06801F0E6F901281AD110
:103AE000A848216A40420144A94881420ED2A9480F
:103AF0008178491CC9B28170052900D9857045704B
:103B0000A5480560C4F81CA0C9F8007084F82450CA
:103B100084F825502562216A6FF07F5001449F4848
:103B200081427CD294F82500002878D199489C4A9B
:103B30009C498078DFF870E29C4B52F820C0DFF897
:103B400070828C45D2F800C047DA8C4568DAD2F82A
:103B500004C08C4564DAD2F808C08C4560DAD2F82B
:103B60000CC08C455CDAD2F810C08C4558DA52692A
:103B70008A4255DA00EBC002002143460BEBC20239
:103B800001EBC10C0BEBCC00B2F8048003EB410C51
:103B9000A0F80880ACF80280A0F80480B2F8188081
:103BA000A0F82080ACF80E80A0F81880D2F830C0C1
:103BB00003EB8108C0F838C0C8F81CC0C0F830C09A
:103BC000C0F834C092F801C0BCF1000F00D04670BC
:103BD000491CC9B20629D3D349E08C454CDDD2F843
:103BE00004C08C4548DDD2F808C08C4544DDD2F8CD
:103BF0000CC08C4540DDD2F810C08C453CDD5269CC
:103C00008A4239DD00EBC002002143460BEBC202C1
:103C100001EBC10CB2F804800BEBCC0001E02FE00B
:103C20002AE003EB410CA0F80880ACF80280A0F871
:103C30000480B2F81880A0F82080ACF80E80A0F8BC
:103C40001880D2F830C003EB8108C0F838C0C8F83B
:103C50001CC0C0F830C0C0F834C092F801C0BCF13C
:103C6000000F00D04670491CC9B20629D0D38EF887
:103C70000060C9F8007001E0C3F800A084F8256076
:103C8000218E606B01F010F910B994F84D0058B115
:103C900094F84C00012870D1218E606B01F004F97A
:103CA0000222012808D022E0A16C0098FCF7EBFA70
:103CB000A06484F84C60EFE73248A16C40420144B4
:103CC000334881420ED233484178491CC9B2417011
:103CD00001293BD0032900D945702F49C9F800704C
:103CE000C1F800A084F84C5084F84D50A564A16C34
:103CF0006FF07F500144294881423ED294F84D0034
:103D000000283AD19BF801105846012925D090F897
:103D10004910012921D090F8911001291DD090F867
:103D2000D910012919D090F82111012915D090F846
:103D30006911012911D0002101EBC10200EBC2027F
:103D4000491CC9B256700629F6D312E01249096817
:103D5000B1F5000FC1DB4270BFE7002101EBC103E9
:103D600000EBC305491C2A75C9B200F83360062967
:103D7000F4D3C9F8007084F84D60BDE8F88F0000F6
:103D8000A4510020CDCCCC3D74000020C06C00209C
:103D90003333F3019007002098000020FFFF7F00DD
:103DA0005C65002000800945340700207800002071
:103DB0007066002009488021202201804021418036
:103DC0000749416002814A15C16002858A15428512
:103DD0000A15C1620286416370470000A4510020A9
:103DE0000014014010B5094C2168FCF74CFA206022
:103DF000B0F17E5F08DB0648816941610021816185
:103E0000026CC0E90F21216010BD00007C00002081
:103E1000A451002008B505F059FC094D094C00904B
:103E2000287840B92046FFF735FE2046FFF7DAFF35
:103E30002046FDF7A9FA0A21684605F009FCEFE7DC
:103E4000940700200AD7233C10B5802000F024FFFF
:103E5000BDE810404FF4007000F01EBF10B51048D0
:103E600001F0E6FC0F4801F0E3FC00210C4801F0F2
:103E700003FF04210A4801F0FFFE0821084801F071
:103E8000FBFE0C21064801F0F7FE0821054801F071
:103E9000F3FEBDE810400C21024801F0EDBE000029
:103EA000B40800206C08002072B6FEE70649002026
:103EB000C8610648016941F004010161016941F0EE
:103EC0004001016170470000180A002000200240F4
:103ED000064A0021D16106490A6942F002020A61DC
:103EE0004861086940F0400008617047180A0020E6
:103EF00000200240044B0022DA61044A136943F0B7
:103F00000103136101807047180A0020002002405D
:103F100014480022C168CB06134904D5CA6942F08F
:103F20000202CA611022C3685B0705D5CB6943F062
:103F30000103CB6142F00402C369DB0707D0CB6900
:103F400043F00403CB61C16921F00101C161A2F515
:103F50008071013901D0C2607047C16921F001014F
:103F6000C161704700200240180A002070B5054664
:103F700000F0A4FF0646114C09E0681C07D025B1EB
:103F800000F09CFF801BA84201D9032070BDE068AF
:103F9000C007F2D1E068800601D52020E060E0682B
:103FA000C00605D4E069C00702D1E068400703D528
:103FB000FFF7AEFF012070BD002070BD0020024061
:103FC00030B5154A002132F8205000EBC00202EB58
:103FD0000013114A183202EB0312104B53F8204021
:103FE00042F82450641C43F82040642C02D1002481
:103FF00043F820405FF0000052F82030401CC0B26F
:1040000019446428F8D3D2F88C0118B1642091FBCC
:10401000F0F030BD106830BDF45100206C5B002022
:1040200030B5154A164C02EB80020021558800EB92
:10403000C00202EB0013114A02EB031254F82030C5
:1040400042F823505B1C44F82030642B02D100233B
:1040500044F820305FF0000052F82030401CC0B21D
:1040600019446428F8D3D2F88C0118B1642091FB6C
:10407000F0F030BD106830BDF4510020845B0020AA
:10408000E464002078B500220B4B4C1E10E0551C58
:10409000A54202EB03052D88ADF800509DF80050B5
:1040A000855403DC86189DF801507570921C92B2FD
:1040B0008A42ECD3012078BD000001082DE9F041CF
:1040C00086B00D46804600F05FFD00200190009014
:1040D000164F0121CDE90371694601A800F0B6FC35
:1040E000C0B900246E1E1BE0601CB04207DC08EB68
:1040F000040018F80410407801EB002003E018F8E1
:10410000040000F57F4082B20023E119012000F095
:10411000FBFC18B1002006B0BDE8F081A41CA4B2DD
:10412000AC42E1D300F0E6FC0120F4E70000010816
:10413000F8B500250446009590F8240001280BD01E
:10414000012084F824002046FCF7ACFC2046FCF754
:104150000DFD060002D050E00220F8BDA06A20F458
:10416000885040F00200A062022000F045FF25497F
:104170000968B1FBF0F0400000E0401E009000280C
:10418000FBD12068816841F00801816000F096FE53
:10419000074608E000F092FEC01B0A2803D92068F9
:1041A0008068000715D4206880680007F2D4206872
:1041B000816841F00401816000F080FE074612E052
:1041C00000F07CFEC01B0A280DD9206880684007DB
:1041D00009D5A06A20F0020040F01000A06284F827
:1041E00024500120F8BD206880684007E8D4A06A08
:1041F00020F0020040F00100A06284F82450304614
:10420000F8BD00000C000020F8B50024009490F8E0
:1042100024202546012A12D0012280F824204A6851
:104220001F23072A0DD20668776B521E02EB82020B
:1042300093409F430B6893401F43776319E002202C
:10424000F8BD06680D2A0AD2376BD21F02EB820234
:1042500093409F430B6893401F43376309E0F76A1D
:104260000D3A02EB820293409F430B6893401F4339
:10427000F7620A68072306680A2A0AD3F7680A3A27
:1042800002EB420293409F438B6893401F43F760C9
:1042900008E0376902EB420293409F438B689340EA
:1042A0001F4337610A68102A01D0112A20D1124B0E
:1042B00002689A4217D193681B0219D4936843F499
:1042C000000393600968102912D10C490C4A09684F
:1042D000B1FBF2F101EB8101490000E0491E0091C0
:1042E0000029FBD104E0816A41F0200181620124B0
:1042F00080F824502046F8BD002401400C00002026
:1043000040420F0070477047704700002DE9F041B0
:1043100004004FF000057FD0A06A002628B9E662AD
:1043200084F82460204600F081F82046FCF7BAFBB0
:10433000A16AC90600D420B1A06A40F01000A062B2
:104340006AE0A16A21F4885141F00201A162334977
:1043500023688B42E16904D1B1F5402F01D14FF4BC
:104360000021277B4FF4807C41EA470261680A43C1
:10437000A168614508D0012906D0002194F814E015
:10438000BEF1010F02D00AE06146F7E7C7B1A76AA4
:1043900047F02007A762E76A47F00107E7625F6816
:1043A00027F469470F435F60236899681C4F3940C1
:1043B00011439960A16861450BD0012909D00CE037
:1043C000DFF860E0A7690EEB47370F4347F4006161
:1043D000E5E7218A0D05A5F580152168CB6A23F450
:1043E00070032B43CB62216889680F4B19409142BF
:1043F00008D1E662A16A21F0020141F00101A16247
:10440000BDE8F081A06A20F0020040F01000A06238
:10441000E06A40F00100E0620120F1E7003C014069
:10442000FDF7E1FF00E0FFFFFE0E1FFFF0B585B0D6
:1044300000260546009601960296039600682149DB
:1044400088423DD12049886940F4007088618869BC
:1044500000F400700490886940F010008861886959
:1044600000F010000490886940F0040088618869B9
:104470003F24032700F00400CDE90047049069467B
:10448000124800F015FCCDE900476946104800F0DD
:104490000FFC114C0F48C4E900068020C4E90260FB
:1044A00040002061800060612020A0610002E06186
:1044B000204600F055FA08B1FFF7F6FC2C62656261
:1044C00005B0F0BD00240140001002400010014082
:1044D0000008014008000240E00700202DE9F047F5
:1044E000894604463B4900683B4F0E1D9046884272
:1044F00001D0B84207D1306810F4702F03D00125E5
:104500002846BDE8F08794F8240001280CD001204B
:1045100084F824002046FCF729FB05004FF000003A
:1045200004D084F82400EBE70220EAE7A16A40F611
:104530000162914341F48071A1622168B94218D1AE
:10454000326812F4702F14D0A16A41F48011A16274
:104550003168490505D5A16A21F4005141F4805123
:10456000A162A16AC9040AD5E16A21F00601E162EB
:1045700006E0A26A22F48012A2624968E9E7E062DA
:1045800084F82400216A15488862216A1448C862A8
:10459000216A1448086321686FF0020008602068EF
:1045A000816841F480718160216843464A464C31FC
:1045B000206A00F013FA20688168C1F3424107299C
:1045C000816803D041F48011816099E741F4A00132
:1045D000FAE700000024014000280140FB0A00081F
:1045E000630B0008490B00082DE9F05F90F82110DB
:1045F0000024022903D004218163012485E001689D
:104600000A6822F00E020A6001680A6822F00102BC
:104610000A603F4E3E4FB215DFF8F4C0DFF8F0906D
:10462000DFF8ECA0DFF8E8B0DFF8E4E00168783FFD
:1046300013011502ACF1640CA9F15009AAF13C0A6E
:10464000ABF1280BAEF1140E4FF48018B14227D90C
:10465000B9420ED0614512D049451DD0514518D000
:10466000594518D0714501D1424615E0294EB14255
:1046700001D1012210E0274E1436B14201D110229F
:104680000AE0244E2836B14206D0224A3C329142FA
:1046900001D11A4600E02A461E49091F0A602BE094
:1046A000B94213D0614517D0494522D051451DD09C
:1046B00059451DD0714501D142461AE0B14202D19F
:1046C0004FF0807215E0134EB14201D1012210E08B
:1046D000104E1436B14201D110220AE00D4E283698
:1046E000B14206D00B4A3C32914201D11A4600E059
:1046F0002A46074980394A60012180F821100021AB
:1047000080F82010416B01B188472046BDE8F09F3A
:1047100080000240080402402DE9F05FC16B0A6886
:1047200001680B68046C4FF0040808FA04F8844D23
:10473000844E854FDFF814C2DFF81492DFF814A21C
:10474000DFF814B2DFF814E218EA020F65D05FEA6E
:10475000437862D50A68920603D40A6822F00402FC
:104760000A60DFF8F0814FF48062016808F11408F4
:1047700013011402414524D9A9420DD0B1420FD0F2
:10478000B9421AD0614515D0494515D0514501D1DE
:10479000120312E0594501D104220EE0714501D106
:1047A00040220AE06D4D1435A94206D06B4A2832EA
:1047B000914201D11A4600E022466749091F0A606A
:1047C00029E0A94213D0B14215D0B94220D06145A9
:1047D0001BD049451BD0514502D14FF4800217E050
:1047E000414502D14FF0806212E0594501D10422C7
:1047F0000EE0714501D140220AE0584D1435A9421E
:1048000006D0564A2832914201D11A4600E022468B
:104810004B4908394A60C16A71E04FF0020808FA52
:1048200004F818EA020F70D05FEA83786DD50A6841
:10483000920606D40A6822F00A020A60012180F872
:104840002110DFF810814FF40072016808F114089C
:1048500013011402414524D9A9420DD0B1420FD011
:10486000B9421AD0614515D0494515D0514501D1FD
:10487000120312E0594501D102220EE0714501D127
:1048800020220AE0354D1435A94206D0334A283299
:10489000914201D11A4600E022462F49091F0A60C1
:1048A00029E0A94213D0B14215D0B94220D06145C8
:1048B0001BD049451BD0514502D14FF4001217E0DF
:1048C000414502D14FF0007212E0594501D1022258
:1048D0000EE0714501D120220AE0204D1435A94295
:1048E00006D01E4A2832914201D11A4600E02246E3
:1048F000134908394A60002180F82010816A002994
:104900001CD0BDE8F05F0847FFE70825A540154229
:1049100014D01A0712D50A6822F00E020A6090F825
:104920004020C36B012101FA02F25A60816380F8D2
:104930002110002180F82010016BE0E7BDE8F09F16
:10494000080002401C0002403000024044000240C7
:10495000580002406C000240080402401C0402405F
:1049600030B560B11A4B026814219A4209D2194B32
:104970001344B3FBF1F18900016417490AE00120F7
:1049800030BD134B5B421344B3FBF1F1890001646A
:104990000F490839C163022180F82110136843F6DA
:1049A000F0718B43F0E901142143D0E902452C4317
:1049B0002143046921434469214384692143194304
:1049C000116000214163012242770177084630BD22
:1049D00008040240F8FFFDBF0000024070B5044625
:1049E00090F82000002501280CD0012084F8200038
:1049F00094F821600020012E06D084F820000225C2
:104A0000284670BD022070BD022684F82160A06394
:104A10002068066826F0010606602046FCF7A0FD27
:104A2000E06A00282068016802D041F00E0106E02B
:104A300021F0040101602068016841F00A01016071
:104A40002068016841F001010160D9E72DE9F047D4
:104A5000054626480F460126017E01290FD0012177
:104A6000814601762868DFF888804CF250340228AD
:104A700008D0A2462046FFF779FAA8B131E002201B
:104A8000BDE8F0872046FFF771FA08BB0120FFF769
:104A90000DFA2046FFF76AFAD8F81010064621F002
:104AA0000401C8F810101CE04FF0FF303860AC680B
:104AB00011E02046FFF70CFA5046FFF757FAD8F8F6
:104AC0001010060021F00201C8F8101001D03C605F
:104AD00007E004F50064D5E9020100EBC120A04223
:104AE000E7D8002189F818103046C9E7180A0020D5
:104AF000002002400348016941F08001016100206B
:104B000070470000002002402DE9F05F07461C4876
:104B100088460024017E15461E46012909D0012140
:104B2000814601764CF2503A5046FFF71FFA18B111
:104B300022E00220BDE8F09F012F02D0022F00D01A
:104B40000427D346DFF83CA0220128463146FBF774
:104B500059FB81B208EB4400FFF7CCF95846FFF748
:104B600005FADAF8102022F00102CAF8102018B96C
:104B7000641CE4B2BC42E7D3002289F81820D9E7CC
:104B8000180A002000200240064900200A69120687
:104B900007D5054A4A60054A4A600969090600D5F1
:104BA000012070470020024023016745AB89EFCD0B
:104BB0002DE9F047324C0746DFF8C8802088324D97
:104BC0004FF07E59B8422DD198F80000002855D1F9
:104BD0004946A069FBF757FBA0614FF08040E061B8
:104BE0006188606800F060F9002630B16188606813
:104BF00000F05AF9012808D00EE0A878401CC0B295
:104C0000A870052808D9AE7006E0A87808B9062073
:104C1000A870C0B2401EA8701C486E701D49066086
:104C20001B480860208DB84228D198F80000002861
:104C300024D14E464946206CFBF725FBC4E91006FB
:104C4000618DE06A00F030F980B1618DE06A00F0BA
:104C50002BF9012812D1E06BFBF7A9FDC3B26A78EA
:104C6000A9780120BDE8F04703F0E2B8E06BFBF75C
:104C70009EFDC3B26A78A9780020F3E7BDE8F0870B
:104C8000A4510020940700209007002098000020E5
:104C9000CDCCCC3D74000020044910B50A68024216
:104CA00002D00860FFF784FF10BD0000140401402B
:104CB0002DE9F84FDFF8C8910024A9F1040B234631
:104CC0000F2709F1040AABF1040ED1E00125A5403C
:104CD00006EA0502AA4276D1DFF8A8C14E68A6EB23
:104CE0000C0866452BD00DDC032E34D005DC36B322
:104CF000012E19D0022E2FD11BE0112E16D0122E0C
:104D00002AD119E0B8F5881F19D006DCB8F5803F24
:104D100015D0B8F5801F1FD111E0B8F5001F0ED0D7
:104D2000B8F5041F18D10AE0CB6815E0CB681B1D4D
:104D300012E0CB6808330FE0CB680C330CE08B68D3
:104D40002BB1012B4FF0080303D0456104E004238D
:104D500002E0056100E00023FF2A01D8064601E0D9
:104D600000F104064FEA840501D9A5F12005D6F823
:104D7000008007FA05FC28EA0C0803FA05F548EA62
:104D80000508C6F800804D68ED0070D53E4DAE694F
:104D900046F00106AE61AD6924F0030605F0010599
:104DA00000953A4D06EB050CDCF80850A607360FC7
:104DB00007FA06F825EA0805DFF8D480404503D154
:104DC0004FF0000825E052E0DFF8C880404502D1EE
:104DD0004FF001081DE0DFF8C080404502D14FF0E0
:104DE000020816E0DFF8B480404502D14FF0030816
:104DF0000FE0DFF8AC80404502D14FF0040808E036
:104E0000DFF8A080404502D14FF0050801E04FF0E7
:104E1000060808FA06F848EA0508CCF808804D6844
:104E2000D9F80060ED024D4601D5164300E09643E7
:104E30002E604D68DAF80060AD02554601D5164384
:104E400000E096432E604D68DBF80060AD035D46E0
:104E500001D5164300E096432E604D68DEF80060F1
:104E6000ED03754601D5164300E096432E60641CA1
:104E70000A681646E2407FF429AFBDE8F88F0000CB
:104E80000804014000001110001002400000014021
:104E900000080140000C01400010014000140140D6
:104EA00000180140001C01408068084000D001202B
:104EB00070470AB1016170470904FBE70148806847
:104EC0007047000000000020024881680278114409
:104ED0008160704700000020074810B5016841F06C
:104EE00010010160032000F075F80F2000F006F8B3
:104EF00000F024F8002010BD0020024070B50D4DD8
:104F000004464FF47A712878B1FBF0F00A49096839
:104F1000B1FBF0F000F0AEFB48B9102C07D2002234
:104F20002146501E00F036F800206C6070BD012054
:104F300070BD0000000000200C0000200C4808B5E7
:104F4000816941F001018161816901F001010091F4
:104F5000C16941F08051C161C06900F0805000908A
:104F60000448416821F0E06141F00071416008BDF2
:104F70000010024000000140002809DB00F01F0281
:104F8000012191404009800000F1E020C0F80011AB
:104F900070470000F0B40E4B1B680C46C3F30223AD
:104FA000C3F10705042D00D90425191D072901D2D5
:104FB000002300E0DB1E012606FA05F1491E214010
:104FC00099409E40761E16403143F0BC03F0C2BEAD
:104FD0000CED00E0064900F0070208684FF6FF03F9
:104FE000184040EA0220034A10430860704700005E
:104FF0000CED00E00000FA0510B501460020284C39
:1050000004292FD00BDC012930D0022929D100F04E
:105010006BF96168C1F38131491C49001FE008291F
:1050200020D010291DD161682268D20119D51D48F0
:10503000C1F38342C903805C0AD56168194AC1F390
:105040004041921E515C184AB2FBF1F1484301E025
:10505000164948436168490203D440000321B0FB6C
:10506000F1F010BDBDE8104000F04EB9226AC2F365
:105070000121012903D1920701D5C80310BD0229DE
:1050800005D1626A920702D549F6404010BD032956
:10509000FCD121688903F9D54FF2244010BD0000EE
:1050A000001002403C99000800127A0000093D00FF
:1050B0002DE9F84305460078354CC00754D0E06927
:1050C0000026C00008D4E06940F08050E061E0694B
:1050D000012600F0805000902E480168C90512D4C6
:1050E0000168804641F480710160FFF7E7FE0746E2
:1050F00005E000BFFFF7E2FEC01B642823D8D8F804
:105100000000C005F6D5206A10F4407021D0A988AF
:1051100001F4407181421CD0206A1F49012220F411
:1051200040700A6000220A602062C00711D0FFF7B9
:10513000C5FE074641F2883808E000BFFFF7BEFE13
:10514000C11B414502D90320BDE8F883206A8007CE
:10515000F4D5206A696820F44070084320621EB1CB
:10516000E06920F08050E0612878800705D560680C
:10517000A96820F44040084360602878C00605D53F
:105180006068696920F48000084360600020DBE704
:105190000010024000700040400442422DE9F047F8
:1051A0000F46050061D0434E306800F00700B8425A
:1051B00009D2306820F0070038433060306800F0D2
:1051C0000700B84251D128683B4C810712D54007EF
:1051D00003D5606840F4E06060602878000703D57C
:1051E000606840F4605060606068A96820F0F0007A
:1051F000084360602878C00728D06868012810D06C
:105200002168022810D0890700292EDA616821F070
:10521000030101436160FFF751FE804641F2883986
:105220000DE021688903EFE78901EDE7FFF746FE0E
:10523000A0EB0801494502D90320BDE8F08760686A
:10524000696800F00C00B0EB810FEFD1306800F01E
:105250000700B8420BD9306820F0070038433060AF
:10526000306800F00700B84201D00120E5E7287857
:10527000400705D56068E96820F4E0600843606095
:105280002878000706D56068296920F4605040EA54
:10529000C100606000F038F86168084AC1F303118A
:1052A000515CC8400649086006480068FFF726FEC2
:1052B0000020C2E700200240001002404C99000884
:1052C0000C000020040000200448054900684968DB
:1052D000044AC1F30221515CC84070470C00002011
:1052E000001002405C9900080448054900684968BC
:1052F000044AC1F3C221515CC84070470C00002031
:10530000001002405C9900080E4A51680E4801F0F6
:105310000C03042B11D0082B0FD10C48C1F383438D
:10532000C903C05C0AD55168084AC1F34041921EC6
:10533000515C054A5043B0FBF1F0704704494843C3
:10534000704700000010024000127A002A990008FD
:1053500000093D002DE9F84F040070D02078C04DC1
:10536000C00749D06868C0F38100012807D0686889
:10537000C0F38100022809D16868C00306D52868F7
:10538000800339D560680028E7D035E06068B0F563
:10539000803F0BD010B1B0F5A02F11D0286820F4B9
:1053A00080302860286820F4802002E0286840F4DB
:1053B00080302860606890B1FFF780FD06460AE003
:1053C000286840F480202860F0E700BFFFF776FDF2
:1053D000801B642873D828688003F7D50CE0FFF79A
:1053E0006DFD064605E000BFFFF768FD801B6428E1
:1053F000F0D828688003F7D420789A4E80074FF0C1
:1054000001094FF0000839D5686810F00C0F07D07B
:105410006868C0F38100022809D16868C00306D417
:105420002868800714D52069012808D110E0206978
:10543000B0B1C6F80090FFF741FD074605E00AE16C
:10544000FFF73CFDC01B0228C4D828688007F7D5A9
:105450002868616920F0F80040EAC10028600DE08A
:10546000C6F80080FFF72AFD074604E0FFF726FD97
:10547000C01B022823D828688007F7D420780007AB
:105480002CD57948A169D9B1C0F80090FFF716FD75
:10549000074604E0FFF712FDC01B02280FD8686A18
:1054A0008007F7D571484FF4FA510068B0FBF1F06E
:1054B000009000BF0098411E0091FAD20EE080E0FB
:1054C000C0F80080FFF7FAFC074604E0FFF7F6FC9F
:1054D000C01B022875D8686A8007F7D42078400777
:1054E00060D5E8690027C00008D4E86940F0805022
:1054F000E861E869012700F0805000905C4801688D
:10550000C90513D40168834641F480710160FFF737
:10551000D5FC824606E000BFFFF7D0FCA0EB0A00F6
:1055200064284ED8DBF80000C005F5D5E0680128F6
:105530000AD008B1052813D0286A20F0010028629B
:10554000286A20F0040002E0286A40F00100286286
:10555000E06841F2883B98B1FFF7B0FC82460BE06F
:10556000286A40F004002862EEE700BFFFF7A6FCBF
:10557000A0EB0A0159455AD8286A8007F6D50CE0F5
:10558000FFF79CFC824605E0FFF798FCA0EB0A01C0
:1055900059454CD8286A8007F6D41FB1E86920F035
:1055A0008050E861E06988B36968C1F3810102292C
:1055B00044D00228C6F8608004D0FFF77FFC044680
:1055C00038E034E0FFF77AFC074604E0FFF776FCAA
:1055D000C01B02282BD828688001F7D4206AB0F5B8
:1055E000803F05D16868A16820F4003008436860F6
:1055F000D4E908010843696821F47411084368601C
:10560000C6F86090FFF75AFC044606E025E000BFAC
:10561000FFF754FC001B022809D828688001F7D541
:105620001BE000BFFFF74AFC001B022802D9032041
:10563000BDE8F88F28688001F4D40EE00128F7D087
:105640006868226A00F48031914204D1616A00F4F2
:105650007010884201D00120EAE70020E8E700004E
:105660000010024000004242800442420C00002030
:105670000070004010B5401EB0F1807F01D30120C2
:1056800010BD4FF0E02460610F21601703F062FB52
:105690000020A06107202061002010BD70477047E6
:1056A00010B590F83C20012A22D0012280F83C203D
:1056B000CA688C6822F4407222434C6822F48062EB
:1056C00022430C6822F4006222430C6922F48052C7
:1056D00022434C6922F400522243C969002322F478
:1056E00080420A4301684A6480F83C30002010BDC3
:1056F000022010BD70B590F83C20012A2CD0012466
:1057000080F83C40022280F83D2003685A689D687A
:1057100022F070060A6832435A60104B02689A42BF
:105720000ED00F4B9A420BD0B2F1804F08D00D4BE8
:105730009A4205D00C4B9A4202D00C4B9A4204D1AB
:10574000496825F080031943916080F83D400021AD
:1057500080F83C10084670BD022070BD002C01404E
:10576000003401400004004000080040000C0040EC
:1057700010B5040003D094F83D0010B107E00120FB
:1057800010BD002084F83C00204600F01FF80220E5
:1057900084F83D00211D206802F0CCFD012084F832
:1057A000460084F83E0084F83F0084F8400084F806
:1057B000410084F8420084F8430084F8440084F8EF
:1057C000450084F83D00002010BD000008B5154AD2
:1057D0000168154891420ED1C16941F00801C161CB
:1057E000C069002200F00800009007213220FFF776
:1057F000D1FB322010E00D4A914211D1C16941F034
:105800001001C161C069002200F010000090062163
:105810003620FFF7BFFB3620BDE80840FFF7ACBBE2
:1058200008BD0000000C00400010024000100040C5
:1058300090F83D10012901D001207047022180F825
:105840003D100168CA6842F00102CA6000680E4952
:1058500088420ED00D4988420BD0B0F1804F08D05D
:105860000B49884205D00B49884202D00A49884238
:1058700004D1816801F00701062903D0016841F0D5
:105880000101016000207047002C014000340140FC
:105890000004004000080040000C004070B50446C1
:1058A00090F83C000025012817D0012684F83C60C0
:1058B000022084F83D002068826822F0770222F4FA
:1058C0007F4282600868502838D00DDC20284FD0F5
:1058D00005DC90B3102811D14AE0022070BD3028B9
:1058E00046D040280AD13BE060282FD070280DD048
:1058F000B0F5805F03D0B0F5005F12D0012584F8C9
:105900003D60002084F83C00284670BDCB68D1E99A
:105910000121206802F069FD2068816841F077016B
:1059200009E0CB68D1E90121206802F05EFD206822
:10593000816841F480418160E1E719E0CA68496803
:10594000206802F027FE5021206806E0CA684968F6
:10595000206802F067FE6021206802F050FDCEE76B
:10596000CA684968206802F015FE40212068F4E703
:10597000226801461046F0E770B5044600682149E8
:10598000214D884224D1207F204E012805D1306846
:10599000406B28600020FBF70BFC207F022805D11C
:1059A0003068806B68600120FBF702FC207F0428D0
:1059B00005D13068C06BE8600320FBF7F9FB207F5E
:1059C000082805D13068006C68610520FBF7F0FB02
:1059D0002068B0F1804F14D1207F0D4E042805D1EE
:1059E0003068C06B28610420FBF7E2FB207F0828A9
:1059F00007D13068006CA860BDE870400220FBF75A
:105A0000D7BB70BD00040040D8660020B408002059
:105A10006C0800202DE9F041054690F83C00002676
:105A20000C46012810D0012085F83C0072B1042AF0
:105A30001CD0082A2CD00C2A50D00126002085F832
:105A40003C003046BDE8F0810220FBE7D4E90012BB
:105A5000E368286802F0B0FD2868816921F00C0134
:105A6000816128688169A26811430FE0D4E90012BE
:105A7000E368286802F0E8FD2868816921F4406144
:105A8000816128688169A26841EA02218161D5E7C4
:105A90002868D4E9002C277B036A016A21F480710D
:105AA0000162C16923F4007321F0030141EA0C0192
:105AB00021F0F00C39074FF400774CEA116107EA46
:105AC00002221A43C16102622868C16921F00C01F7
:105AD000C1612868C169A26811432BE02868D4E934
:105AE0000021E768036AD0F820C02CF4805CC0F87D
:105AF00020C0D0F81CC023F400532CF4407C4CEAA6
:105B0000012121F4704C4FF6FF7101EA07314FF487
:105B1000005741EA0C0107EA02321A43C1610262EE
:105B20002868C16921F44061C1612868C169A2681F
:105B300041EA0221C16181E710B5040003D094F865
:105B40003D0010B107E0012010BD002084F83C00AA
:105B5000204600F01FF8022084F83D00211D206837
:105B600002F0E8FB012084F8460084F83E0084F847
:105B70003F0084F8400084F8410084F8420084F833
:105B8000430084F8440084F8450084F83D00002078
:105B900010BD000030B585B000240094019402943B
:105BA000039400682F49304DB0F1804F32D02F4A16
:105BB00090422DD1C86940F00200C861C86900F068
:105BC00002000490886940F004008861886900F050
:105BD00004000490886940F008008861886969467B
:105BE00000F008000490C02000902148FFF760F802
:105BF0000320CDE90004694628460294FFF758F8CF
:105C0000002208211D20FFF7C5F91D20FFF7B4F978
:105C100005B030BDC86940F00100C861C86900F036
:105C200001000490886940F008008861886969462D
:105C300000F0080004904FF4406000902846FFF701
:105C400037F80C48416821F4407141F0E06141F4BB
:105C500000714160002208211C20FFF79BF91C20E5
:105C6000D4E7000000100240000C01400004004096
:105C7000000801400000014030B50446002551B144
:105C800004290DD0082910D094F8412094F845003B
:105C9000012A11D10EE094F83E2094F84200F7E773
:105CA00094F83F2094F84300F2E794F8402094F8E9
:105CB0004400EDE7012801D0012030BD022059B198
:105CC000042912D0082919D084F8410084F845002D
:105CD0000C293ED001253AE084F83E0084F84200C9
:105CE0002068C26842F0020210E084F83F0084F8A5
:105CF00043002068C26842F0040207E084F84000D4
:105D000084F844002068C26842F00802C2600122A0
:105D1000206802F05DFB1149206888420ED01049CE
:105D200088420BD0B0F1804F08D00E49884205D090
:105D30000D49884202D00D49884204D1816801F0A2
:105D40000701062903D0016841F0010101602846DE
:105D500030BD2068C26842F01002D7E7002C014035
:105D6000003401400004004000080040000C0040E6
:105D70002DE9F04104460068C66805694FF0000748
:105D8000A90713D5B10711D5F91E016101202077AC
:105D9000206880698007204602D0FFF7EDFD04E00F
:105DA00000F0BCF8204600F06DF92777680716D59B
:105DB000700714D521686FF0040008610220207775
:105DC0002068806910F4407F204602D0FFF7D4FDA0
:105DD00004E000F0A3F8204600F054F927772807E4
:105DE00015D5300713D521686FF00800086104202D
:105DF00020772068C0698007204602D0FFF7BCFDED
:105E000004E000F08BF8204600F03CF92777E80624
:105E100016D5F00614D521686FF01000086108202F
:105E200020772068C06910F4407F204602D0FFF739
:105E3000A3FD04E000F072F8204600F023F9277774
:105E4000E80708D0F00706D021686FF0010008616C
:105E5000204600F073F9280608D5300606D52168DB
:105E60006FF0800008612046FFF718FC680608D52F
:105E7000700606D521686FF040000861204600F0EA
:105E8000C5F9A8060AD5B00608D521686FF020002C
:105E900008612046BDE8F041FFF701BCBDE8F08194
:105EA00000B585B000210091019102910391164B3C
:105EB0000268164802219A420FD1826942F0040218
:105EC00082618069039100F0040004904FF46060E7
:105ED000CDE9000169460E4811E00E4B9A4210D1FF
:105EE000826942F0080282618069039100F0080033
:105EF00004904FF47070CDE9000169460648FEF742
:105F0000D7FE05B000BD0000002C0140001002408B
:105F10000008014000080040000C0140704770B5C7
:105F2000044690F83C0000260D4601280FD00120C1
:105F300084F83C006AB1042A1DD0082A2FD00C2A0C
:105F40003FD00126002084F83C00304670BD02207E
:105F500070BD206802F05CFA2068816941F0080198
:105F600081612068816921F0040181612068816973
:105F70002A69114311E0206802F07AFA20688169E9
:105F800041F4006181612068816921F4806181614F
:105F9000206881692A6941EA02218161D2E720688B
:105FA00002F09CFA2068C16941F00801C1612068D3
:105FB000C16921F00401C1612068C1692A691143E6
:105FC00011E0206802F0BEFA2068C16941F4006166
:105FD000C1612068C16921F48061C1612068C16923
:105FE0002A6941EA0221C161ACE710B5040003D07F
:105FF00094F83D0010B107E0012010BD002084F8A6
:106000003C00204600F01EF8022084F83D00211DCF
:10601000206802F08FF9012084F8460084F83E00E1
:1060200084F83F0084F8400084F8410084F842007E
:1060300084F8430084F8440084F8450084F83D0067
:10604000002010BD08B50C4A01680C48914207D1E8
:10605000816941F400618161806900F4006009E0B8
:10606000074A914207D1C16941F00401C161C06989
:1060700000F00400009008BD002C01400010024018
:10608000000800407047000010B50446022249B1E4
:1060900004290ED0082913D094F84100012816D005
:1060A000012010BD94F83E000128F9D184F83E206B
:1060B0000FE094F83F000128F2D184F83F2008E077
:1060C00094F840000128EBD184F8402001E084F8E6
:1060D00041200122206802F07BF913492068134A0D
:1060E000884201D0904203D1436C43F4004343649F
:1060F000206888420DD090420BD0B0F1804F08D07C
:106100000B49884205D00B49884202D00A4988428F
:1061100004D1816801F00701062903D0016841F02C
:1061200001010160002010BD002C0140003401403D
:106130000004004000080040000C00402DE9F04140
:1061400001682C482C4C814207D12088401C80B229
:106150002080C82801D3002020802848814246D1D1
:10616000274D2188274E2888884201D2002200E04E
:10617000012208213046FEF79CFE6888218888426B
:1061800001D2002200E0012204213046FEF791FEF8
:10619000A88821881C4F884201D2002200E00122F9
:1061A00040213846FEF785FEE8882188884201D2E2
:1061B000002200E0012202213046FEF77AFE288903
:1061C0002188884201D2002200E001228021384645
:1061D000FEF76FFE68892188884201D2002200E024
:1061E00001223046BDE8F0410121FEF762BEBDE864
:1061F000F0810000000C00408C00002000100040E6
:10620000BC65002000140140001001407047704739
:1062100070B5026804461068D168536910F00F0F1A
:1062200056D003F0010501F490762E436AD0C207E0
:1062300005D0CA0503D5226C42F001022264420750
:1062400005D5DA0703D0226C42F0020222648207ED
:1062500005D5DA0703D0226C42F00402226402075B
:1062600007D501F020022A4303D0226C42F0080235
:106270002264226C002A3ED0800608D5880606D506
:1062800094F83D00222820462FD002F095FB20688C
:106290004069216CC0F38010090700D460B3204628
:1062A00002F0CAFA20684169490621D5416921F006
:1062B00040014161A06BD8B138494163A06BFEF742
:1062C00093F9002817D0A06B416BBDE870400847D8
:1062D000830617D58B0615D594F83D00222819D1D1
:1062E0002046BDE8704002F0B5BA02F0B3FACEE73E
:1062F0002046FFF78CFF70BD2046FFF788FF002087
:10630000206470BD030634D50B0632D594F83D00E9
:10631000122804D02046BDE8704002F04DBB94F82E
:106320003D001228EDD1A068B0F5805F01D1206951
:10633000B0B1606A411C6162216800784860608D7C
:10634000401E0004000C6085DBD12068C16821F08C
:106350008001C1602068C16841F04001C16070BD2A
:10636000606A0088C0F308005060606A801C606248
:10637000E5E74006F3D54806F1D5D168204621F07F
:106380004001D16021684A6922F001024A6101217D
:1063900084F83D1000F07BF870BD000029880008EB
:1063A00070B5040004D094F83D00002510B106E05B
:1063B000012070BD84F83C50204600F01BF80220FC
:1063C00084F83D00204602F08DFA2068016921F42E
:1063D000804101612068416921F02A014161206802
:1063E000C16841F40051C1602564012084F83D007A
:1063F000002070BD30B585B0002400940194029453
:10640000039400681D49884235D11D48C16941F493
:106410008021C161C16901F480210491816941F049
:10642000100181618069174D00F0100004904FF455
:10643000A050009002200190032003906946284656
:10644000FEF736FCE814CDE90004694628460294BC
:10645000FEF72EFC0C48416821F0300141F0E0616C
:1064600041F010014160002205212720FEF792FD36
:106470002720FEF781FD05B030BD00000048004038
:1064800000100240001001400000014070477047BA
:106490007047000070B500211348FFF7F5FD124D5D
:1064A00000242868446304212846FFF7EDFD28688E
:1064B000846308212846FFF7E7FD2868C4630C21A0
:1064C0002846FFF7E1FD2868046404210748FFF728
:1064D000DBFD064D2868846308212846FFF7D4FDBC
:1064E0002868C46370BD0000FC0800202408002058
:1064F00070B50D46044600F019F9782000F0D4F884
:1065000000F064F9204600F0CFF800F05FF928466B
:1065100000F0CAF800F05AF9BDE8704000F02EB95A
:1065200010B5012202211F48FEF7C3FC0C211E48B2
:10653000FFF7AAFD012211031C48FEF7BAFC00F088
:10654000F5F8782000F0B0F800F040F9AA2000F04B
:10655000ABF800F03BF900F011F90520FBF718F952
:10656000C0210846FFF7C4FFC021C220FFF7C0FFCB
:106570000121D020FFF7BCFFF4218220FFF7B8FFF4
:1065800001218420FFF7B4FF0C218820FFF7B0FF22
:1065900003218620FFF7ACFFBDE81040FF2000F08C
:1065A00007B800000018014024080020000C01403A
:1065B000094A30B100215054491CC9B27829FAD394
:1065C00006E0002001461154401CC0B27828FAD3DE
:1065D000014800F003B800001C51002070B50546CA
:1065E00000F0A4F8782000F05FF800F0EFF88020C9
:1065F00000F05AF800F0EAF8002000F055F800F03A
:10660000E5F80024285D00F04FF800F0DFF8641C86
:10661000E4B2782CF6D3BDE8704000F0AFB8FEE7E6
:1066200010B50D4A0178136849B2D96301794BB2AC
:106630000A490C68A363037A12685BB29363027B16
:106640000B6852B25A63027C0B6852B21A64007D26
:10665000096840B2C86310BD24080020FC0800206F
:1066600006484FF400410160002141600121816032
:106670000321C16001460248FEF71ABB9451002075
:10668000000C014006484FF40041016001214160C7
:1066900081600321C16001460248FEF709BB00008A
:1066A00094510020000C01402DE9F04707460024DA
:1066B000FFF7E8FF1C4D4FF4004600223146284604
:1066C000FEF7F7FB4FF40059002249462846FEF733
:1066D000F0FB0520FBF768F8B2464FF001084E4684
:1066E000C4F1070108FA01F0384201D0012200E0AC
:1066F000002251462846FEF7DCFB0520FBF754F844
:10670000012231462846FEF7D4FB0520FBF74CF862
:10671000002231462846FEF7CCFB641CE4B2082C6C
:10672000DED3BDE8F0870000000C014070B5FFF734
:10673000A9FF0122104DD40321462846FEF7B9FBDC
:106740000122560331462846FEF7B3FB0520FBF72E
:106750002BF8002221462846FEF7ABFB0520FBF76D
:1067600023F8002231462846FEF7A3FBBDE870401F
:106770000520FBF719B80000000C014070B5FFF7C9
:1067800081FF114D4FF40044002221462846FEF7B8
:1067900090FBA610002231462846FEF78AFB052012
:1067A000FBF702F8012231462846FEF782FB05205E
:1067B000FAF7FAFF012221462846FEF77AFBBDE8E8
:1067C00070400520FAF7F0BF000C014070B50024BE
:1067D000FFF746FF01220D4D560331462846FEF7CE
:1067E00068FB0520FAF7E0FFB1002846FEF75CFBE6
:1067F000012800D10124002231462846FEF759FB2A
:106800000520FAF7D1FF204670BD0000000C0140C2
:106810002DE9F0470025DFF89C80274F81462E4662
:1068200005EBC50108EBC1046078A0B357F825104B
:106830004846F9F728FD47F82500B0F17C5F2FDBCB
:10684000A08840B1A07B401C40B2A073032803DDA8
:106850000120A07300E0A673B4F9180028B194F8E1
:106860002610C94384F8261001E084F82660616B85
:1068700091B1218C29B194F8261094F944209142C9
:106880000AD018B194F82700032805D114F8440F52
:10689000C043207002E009E084F8446047F82560B6
:1068A0006D1CEDB2062DBBD3BDE8F087A67384F84E
:1068B0002660F1E7C06C0020C86500202DE9FE4F7E
:1068C00000244D48009401944A49029401608915BE
:1068D00081600126067304750C2505614FF4602163
:1068E0004460C161FDF712FD08B1FDF7DDFA4FF01C
:1068F0000508CDE900864FF0070969463E48CDF806
:106900000890FDF781FC08B1FDF7CEFA4FF0040BBB
:106910004FF0020ACDE900BA69463748FDF774FC2A
:1069200008B1FDF7C1FA0E200327CDE9000769463B
:106930003148FDF769FC08B1FDF7B6FA0F20CDE943
:10694000000B69462C48FDF75FFC08B1FDF7ACFA77
:10695000CDE9006869462848FDF756FC08B1FDF707
:10696000A3FA0620CDE9004069462348FDF74CFC18
:1069700008B1FDF799FA0D20CDE9000969461E48D6
:10698000FDF742FC08B1FDF78FFA0820CDE9005071
:1069900069461948FDF738FC08B1FDF785FA09206A
:1069A000CDE900A069461448FDF72EFC08B1FDF7BB
:1069B0007BFA0A24CDE9007469460F48FDF724FCF0
:1069C00008B1FDF771FA0B200090019069460A4862
:1069D000FDF71AFC08B1FDF767FA69460648CDE9EC
:1069E0000045FDF711FC002801D0FDF75DFABDE878
:1069F000FE8F000000240140B0070020094808B5C0
:106A0000416941F0010141614069002200F001004B
:106A1000009011460B20FEF7BDFABDE808400B20A0
:106A2000FEF7AABA001002402DE9F04F85B000240D
:106A30004C480094019402940394816941F0100140
:106A40008161816901F010010491816941F00401C3
:106A50008161816901F004010491816941F00801BB
:106A60008161816901F008010491816941F020018F
:106A70008161816901F020010491816941F0400147
:106A800081618069DFF8E08000F04000049000221E
:106A90004FF430414046FEF70CFADFF8D090002268
:106AA000C0214846FEF705FADFF8C4A000220F21F6
:106AB0005046FEF7FEF9DFF8BCB00022032158462D
:106AC000FEF7F7F94FF4805001250226CDE90005C5
:106AD000CDE9024669464046FEF7EAF84FF4204009
:106AE000CDE900050327CDE9025769464046FEF788
:106AF000DFF84FF4AC60CDE90004694650460294DB
:106B0000FEF7D6F84FF4207000901B48CDE9010441
:106B100069465046FEF7CCF8C020CDE90005CDE926
:106B2000024669464846FEF7C3F80F20CDE9000546
:106B3000CDE9024669465046FEF7BAF8009703963B
:106B4000CDE9015469465846FEF7B2F80022052106
:106B50001720FEF71FFA1720FEF70EFA05B0BDE862
:106B6000F08F000000100240000C014000100140B6
:106B700000140140001801400000111010B592B03F
:106B800000240F941C2168461094F9F764FB20211F
:106B900007A8F9F760FB2948274901600821C0E9E7
:106BA000011440F28F11C0E9031444618461FFF7BE
:106BB0001CFA08B1FDF778F90F940FA91F4810943B
:106BC000FEF798FD08B1FDF76FF96020CDE90004EC
:106BD0000220CDE902040494059404226946174872
:106BE0000694FFF79CF908B1FDF75EF908226946A3
:106BF0001248FFF794F908B1FDF756F90C226946DF
:106C00000E48FFF78CF908B1FDF74EF90794089488
:106C100009944FF400500A94CDE90B4007A90748A6
:106C20000E94FEF73DFD08B1FDF73EF90348FFF76E
:106C300037F912B010BD0000002C014024080020DC
:106C400010B586B000241D48059404940094019466
:106C500002944FF080410394016041F61F41C0E966
:106C600001144FF6FF71C0E903148461FEF764FF5D
:106C700008B1FDF719F9049404A910480594FEF72A
:106C800039FD08B1FDF710F90120CDE900400820D9
:106C9000CDE90240024669460848FEF7BBFE08B14E
:106CA000FDF702F90C2269460448FEF7B3FE0028FE
:106CB00001D0FDF7F9F806B010BD00006C08002007
:106CC00010B586B0002426480594049400940194DD
:106CD000029422490394016041F61F41C0E9011466
:106CE0004FF6FF71C0E903148461FEF725FF08B178
:106CF000FDF7DAF8049404A919480594FEF7FAFCA4
:106D000008B1FDF7D1F80120CDE900400820CDE918
:106D10000240002269461248FEF77CFE08B1FDF7EA
:106D2000C3F8042269460E48FEF774FE08B1FDF769
:106D3000BBF8082269460A48FEF76CFE08B1FDF769
:106D4000B3F80C22694606480394FEF763FE002858
:106D500001D0FDF7A9F806B010BD00000004004006
:106D6000B408002010B58AB0002407941C2168469E
:106D70000894F9F770FA2348214901600821C0E915
:106D8000011440F28F11C0E903148461FFF72DF95B
:106D900008B1FDF789F8079407A91A480894FEF787
:106DA000A9FC08B1FDF780F86020CDE900040220BD
:106DB00002900022694604941248FFF7B0F808B127
:106DC000FDF772F8042269460E48FFF7A8F808B1EB
:106DD000FDF76AF8082269460A48FFF7A0F808B1EB
:106DE000FDF762F80C2269460648FFF798F808B1EB
:106DF000FDF75AF80348FFF753F80AB010BD00003A
:106E000000080040FC08002010B586B00024164899
:106E1000009401940294039404941249059401602F
:106E20004721C0E901140F21C0E903148461FEF772
:106E30009FFC08B1FDF738F84FF480500090694688
:106E40000948FEF72BFD08B1FDF72EF8049404A9BC
:106E500005480594FEF74EFC002801D0FDF724F804
:106E600006B010BD000C0040440900201CB50024F1
:106E70000E4800940C49019401604721C0E90114B7
:106E80000F218461C160FEF773FC08B1FDF70CF8B7
:106E90000094694605480194FEF72CFC002801D0B7
:106EA000FDF702F81CBD0000001000408C09002016
:106EB0000D4810B50B4901604FF4E13141600021EC
:106EC00081600C22C160C0E904128161C16101626C
:106ED000FFF766FA002803D0BDE81040FCF7E4BFD6
:106EE00010BD000000480040D4090020FEE700006B
:106EF0002DE9F74F40F61C4084B015460C468242FF
:106F000000DD0546604804EBC40100EBC10BA5F1B0
:106F10009601BBF91C60DFF874A140F28F108E421D
:106F200005DA00BF4AF8240007B0BDE8F08F4FF043
:106F30000009B5F5FA6F1EDCA5F1640086421CDA83
:106F4000534D049855F82410F9F79DF9514945F827
:106F50002400884203DAFA214AF82410E4E74D4974
:106F600049420844B0F5C00F02D24AF82490DBE74A
:106F700045F82490D8E7AE42D4DBA91B464831310E
:106F8000632902D20121015502E0494600F804902C
:106F9000C8B264214843F9F7DBFB80463046F9F775
:106FA000CEFB03902846F9F7CAFB0146384804EBAC
:106FB00084025430394F00EBC2068DE8C001A0F1C5
:106FC0000C03DDE90320F9F759FF706A10F1FF4F58
:106FD00002D3C6F8249002E0B84200DD7762BBF924
:106FE0001C102F4804EB840200EBC207A94215DAFB
:106FF000BBF92C00F9F7A3FB2A49DFF8AC80009716
:10700000CDE90181264B02460C3B4FF07C510498A0
:10701000F9F734FF796A11F1FF4F02D3C7F82490D2
:1070200003E0414501DDC7F824801949BBF91C0084
:10703000DFF878B01831A84204DD4AF8249041F80E
:10704000249071E7884651F824100498F9F71BF949
:1070500048F824000546706A5E465946F9F79DF9DE
:107060002946F9F7F1FB05D8786AF9F787FB4AF862
:10707000240001E04AF8249058F82410B142E0DDE1
:1070800048F8249050E70000C06C0020A86C002055
:107090006C69002000004040720700200000C842D8
:1070A000BC6A00200000484200007A4300002041F2
:1070B00010B5114C012211462046FDF7FAFE0122BF
:1070C00002212046FDF7F5FE012204212046FDF7AE
:1070D000F0FE012208212046FDF7EBFE074C0122BD
:1070E00040212046FDF7E5FE20460122BDE8104084
:1070F0008021FDF7DEBE00000014014000100140B9
:107100002DE9F14F0024374FDFF8DCA0374DDFF8D1
:10711000E08084B04FF07E5BA14600BF04EBC40169
:1071200007EBC100427892B3B0F9086086B317F854
:10713000311079B104EB840005EBC006706A10F0E1
:10714000FF4F03D05946F9F7F0F8706210F1FF4F86
:1071500034D21FE0B0F90600F9F7F1FA0390304697
:10716000F9F7EDFA0146234804EB840205EBC20669
:10717000CDE9006002901D4BDDE903200C3BF9F7DF
:107180007DFE716A5046814203DD084602E017E049
:1071900005E07062F9F7F2FA08F8040018E004EB71
:1071A000840005EBC006706A10F0FF4F03D059460B
:1071B000F9F7BBF8706201465045E6DA4846E8E761
:1071C00004EB840105EBC1010B48486008F804900A
:1071D000641CE4B2062CA1D305B00548BDE8F04F0D
:1071E00000F00CB8C06C00200000A04164680020D2
:1071F0006C070020000048430000C841044A0021F9
:10720000435C22F81130491CC9B20629F8D37047F3
:10721000BC65002004480349016004494160002125
:10722000816070470BD7233D5868002090C2753DA0
:1072300008B502F04BFA0090FFF7ECFF054C204632
:10724000FFF75EFF2046FAF735F83221684602F074
:10725000FFF9F4E7CDCC4C3DFEE700002DE9FF5FE0
:1072600082460F46464801EBC70100EBC109A2F177
:107270009600B9F91E601546864202DA40F61C42B5
:1072800077E0A5F16400DFF8FCB0864206DA10462C
:10729000F9F755FA5946F9F74EF867E03A4807EB1F
:1072A000870100EBC104B5F52F7F104624DDF9F707
:1072B00054FA364A364BF9F761F9F9F79FFA8046E6
:1072C0003046F9F73CFA06462846F9F738FA314ACB
:1072D000CDE90280CDE900422B4B01460C3B324602
:1072E0005046F9F7CBFD606A10F1FF4F01D3002043
:1072F00060625946039825E0F9F72FFA0022264BE1
:10730000F9F73CF9F9F77AFA80463046F9F717FAB7
:1073100006462846F9F713FA1E4A8346CDE900428D
:10732000194B59460C3BCDF8088032465046F9F7C8
:10733000A5FD606A4FF07F5110F1FF4F01D300208F
:1073400060625846F8F7F7FF0646616AF9F772FA85
:1073500000D26662B9F91E00A84201DB002208E0F3
:107360002846F9F7ECF9616AF8F78DFFF9F706FAA4
:10737000024604B039465046BDE8F05FFFF7B8BD9D
:10738000C06C002066664640B86B0020CDCCCCCCEB
:10739000CCCC084000401C450000F83F114F124D76
:1073A000DFF8489007F118085FF00004F9F7B8FC1F
:1073B00057F82400F9F718FC04EBC40105EBC106EB
:1073C000F08358F82400F9F70FFC641CE4B2B08392
:1073D000062CEBD3484600F09FF80A2001F0E8FFA6
:1073E000E2E700005C650020C06C00200AD7233C67
:1073F0002DE9F04150212548FCF744FE234C01269D
:10740000DFF88C802078234D234FAA2802D16078A2
:10741000B82819D000F042F85FF0000004EB4002F9
:1074200000EBC00105EBC10153888B80D2890A8330
:1074300004EB8002401CD269C0B20A630628EDD377
:1074400088F800603E7018E05FF0000004EB400236
:1074500000EBC00105EBC10153888B80D2890A8300
:1074600004EB8002401CD269C0B20A630628EDD347
:1074700088F800603878002805D000203870BDE812
:10748000F04100F02DB8BDE8F081000070660020EA
:107490003C070020C06C00203407002070B50E4966
:1074A000AA200E4E08700020024640F2DC544FF431
:1074B000B97500BF01EB40035C80DD8101EB800307
:1074C000401CC0B25E63DA610628F3D381F84C2019
:1074D000B820487070BD00007066002000007A443B
:1074E00050210148FCF7EABD7066002070B5084CD9
:1074F0000025217851B16168F8F7C5FE6060B0F1F0
:107500007C5F02DBFFF7ECFF257070BD656070BD2E
:1075100034070020F8F73ABE70B5104CA168F8F7B0
:10752000B2FEA060B0F17E5F16DB0D4B0D4D0E4933
:10753000002000BF53F82020AA4200EBC00201EB5C
:10754000C20201DAD68B00E0968B401CC0B2568393
:107550000628EFD30020A06070BD0000800000204E
:107560005C65002000800945C06C00202DE9F041D9
:10757000074618481C46154600780E46532801D089
:1075800001F086FAEFF31182202080F3118811496F
:107590005FF0000000EB400301EBC303DB691BB1AC
:1075A0000B69401C8342F5DC0B6983420BDD00EB69
:1075B000400301EBC3018F61CE610D6200238B623A
:1075C0004B62CC6201E04FF0FF30D1B281F3118801
:1075D000BDE8F081706E00202DE9F04104461548A9
:1075E000DDF818801D46007816460F46532801D056
:1075F00001F04EFA0F48032C18D2EFF3118120222C
:1076000082F3118804EB440200EBC20060302CB11D
:1076100007604660856000220261C260C0F8148085
:10762000C8B280F311880020BDE8F0814FF0FF3030
:10763000FAE70000706E00202DE9F04705461C486F
:1076400016460C460078532801D001F021FA18495B
:1076500005EB450001EBC007A046D7E91B950024C8
:1076600060374D4511D9B868441BB44200D3344645
:107670007868224641194046F8F7D4FDB868361BB1
:107680002544A044A84200D10025A9EB0500B04242
:1076900000D206463EB17868324641194046F8F7B6
:1076A000C1FD3444354404B13D612046BDE8F08756
:1076B000706E00202DE9F0410F46194900EB4000A3
:1076C00001EBC0041646A16A656AE06918342844D3
:1076D000A94217D8A268521B531EB34201D33246A7
:1076E00014E01944B14219D315463946F8F79AFD0A
:1076F0002A46761B04D0B91832466068F8F792FD26
:10770000E66008E0491B491EB14207D33946F8F745
:1077100089FDA819E0600120BDE8F0810020FBE7A9
:10772000706E0020084810B5054B064A014600F06F
:107730004DF8BDE810404FF0805000F055BA000001
:10774000B18D000850A0000800A24A0470B5EFF304
:107750001185202080F311881B48A0F12F040146D9
:10776000626804E042F0800301F8013BD2097F2AFD
:10777000F8D801F8012BA26805E000BF42F08003B1
:1077800001F8013BD2097F2AF8D801F8012B2269C0
:1077900005E000BF42F0800301F8013BD2097F2AD7
:1077A000F8D801F8012B002201F8012B182201F072
:1077B000FFF9E8B280F31188606A002802D0BDE8C2
:1077C0007040004770BD0000577700202DE9F84356
:1077D0001E4617468846814600234FF480620D49B5
:1077E0000DA0FFF7C3FE0E4CC0B2002560702076DE
:1077F00008230C4A08A10095FFF7EEFE0A48256110
:107800004068C4F80490C4E90280C4E90876257091
:10781000BDE8F883287300205379735669657700B3
:1078200028770020A4070020001000E010B5EFF337
:107830001184202080F3118804481122014601F0B0
:10784000B7F9E0B280F3118810BD0000577700202F
:1078500010B50146EFF31184202080F311880B4806
:10786000A0F12F0212698A1A014604E042F0800357
:1078700001F8013BD2097F2AF8D801F8012B082230
:1078800001F096F9E0B280F3118810BD577700201F
:1078900010B50146EFF31184202080F311880B48C6
:1078A000A0F12F0212698A1A014604E042F0800317
:1078B00001F8013BD2097F2AF8D801F8012B0422F4
:1078C00001F076F9E0B280F3118810BD57770020FF
:1078D00010B50146EFF31184202080F311880B4886
:1078E000A0F12F0212698A1A014604E042F08003D7
:1078F00001F8013BD2097F2AF8D801F8012B0622B2
:1079000001F056F9E0B280F3118810BD57770020DE
:107910000A4810B5006A48B1006838B180470A4685
:107920000146BDE810400D2000F02AB80448416827
:10793000BDE810400C2000F005B8000028770020BA
:10794000001000E070B50246EFF31184202080F3B0
:1079500011880A48034604E041F0800500F8015B05
:10796000C9097F29F8D800F8011B0146184601F023
:107970001FF9E0B280F3118870BD00005777002036
:1079800070B50546EFF31184202080F311880F486D
:10799000034604E041F0800600F8016BC9097F2925
:1079A000F8D800F8011B04E042F0800100F8011B48
:1079B000D2097F2AF8D800F8012B01462A4618463A
:1079C00001F0F6F8E0B280F3118870BD577700201F
:1079D00010B50246EFF31184202080F3118804488B
:1079E000014601F0E5F8E0B280F3118810BD000017
:1079F0005777002070B501461E484468002C38D0E7
:107A0000002003E02469002C33D0401C8842F9D3C5
:107A1000EFF31186202080F31188174D284604E0EB
:107A200041F0800200F8012BC9097F29F8D800F83D
:107A3000011BA16805E000BF41F0800200F8012BA6
:107A4000C9097F29F8D800F8011B8022216801F0BC
:107A500051F801461622284601F0AAF8F0B280F348
:107A60001188002C05D0E068002802D0BDE87040E5
:107A7000004770BD9C07002057770020054810B5CF
:107A80004468002C04D0E06800B180472469F8E71E
:107A900010BD00009C07002010B5EFF311842020DA
:107AA00080F311880B4A0A480146127805E000BFAE
:107AB00042F0800301F8013BD2097F2AF8D801F88F
:107AC000012B1B2201F074F8E0B280F3118810BD85
:107AD000577700209C07002070B5EFF31185202117
:107AE00081F31188074C01468022204601F002F8FC
:107AF00001460E22204601F05BF8E8B280F31188BF
:107B000070BD0000577700202DE9F0410546EFF3E6
:107B10001186202080F311882C4C2968A4F12F07AE
:107B200020463A69891A04E041F0800200F8012BEE
:107B3000C9097F29F8D800F8011BA96805E000BF32
:107B400041F0800200F8012BC9097F29F8D800F81C
:107B5000011B2022696800F0CDFF01460922204662
:107B600001F026F828683A692146801A05E000BF2E
:107B700040F0800201F8012BC0097F28F8D801F8F5
:107B8000010BE86805E000BF40F0800201F8012B1E
:107B9000C0097F28F8D801F8010B286905E000BF6B
:107BA00040F0800201F8012BC0097F28F8D801F8C5
:107BB000010B002001F8010B1522204600F0F8FF10
:107BC000F0B280F31188BDE8F08100005777002003
:107BD0000448006A002803D04068002800D000470D
:107BE00070470000287700200149086170470000B5
:107BF0002877002001490969401A7047287700203A
:107C000070B5294C01202070EFF31185202686F3F2
:107C1000118860780A222549FFF74CFDE8B280F30D
:107C200011880A20FFF7D4FEEFF3118586F311883F
:107C300004F12F000146626805E000BF42F08003B6
:107C400001F8013BD2097F2AF8D801F8012BA2687C
:107C500005E000BF42F0800301F8013BD2097F2A12
:107C6000F8D801F8012B226905E000BF42F080033B
:107C700001F8013BD2097F2AF8D801F8012B002234
:107C800001F8012B182200F093FFE8B280F311886D
:107C9000606A00B18047FFF73BFEFFF799FFBDE840
:107CA0007040FFF7F9BE00002877002034A00008DC
:107CB00070B5EFF31184202080F311880748A0F1FC
:107CC0002F05297829B10B22014600F071FF002011
:107CD0002870E0B280F3118870BD00005777002053
:107CE00070B5EFF31185202181F311880A4C01460C
:107CF0008022204600F0FEFE012100F8011B002139
:107D000000F8011B01461A22204600F051FFE8B29C
:107D100080F3118870BD000057770020F8F714BA7F
:107D20002DE9F8430C46174680461E46052213A14E
:107D30002046089DF8F79AFA00281CD0114A1068CE
:107D4000082804D3BDE8F8430F48FFF7C9BF00EB8C
:107D500080010E4B401C43F8218003EB8101334628
:107D6000C1E90147C1E9036510603A462146404632
:107D7000009500F047F8BDE8F883000049444C4501
:107D800000000000AC07002058A000083478002054
:107D900070B51A4C2268002A2FD00021184B06E03B
:107DA00001EB810553F82550854202D0491C9142D0
:107DB000F6D3501E814204D101EB810003EB800019
:107DC00015E0914219D202EB820003EB800001EB37
:107DD000810150F8142D43F8212003EB8101426802
:107DE0004A6082688A60C268CA6002690A611421B6
:107DF000F8F731FA2068401E206070BDAC07002003
:107E0000347800202DE9F04186B00D4604461F4627
:107E1000164614216846DDF83080F8F71CFA8DE824
:107E2000F0016846FFF770FE06B0BDE8F081000083
:107E3000F0B5514C01EBC1014FF47A7504EBC1016F
:107E400050B10024142B72D282B3012A5ED0022AD0
:107E50005FD0032A29D167E00A27484E4FF0640C0F
:107E600040F2DC5040F61C44142B23D232B1012ADC
:107E700004D0022A09D0032A78D118E08A880A326D
:107E800012B28A800A2A27D022E0B1F91800A8424B
:107E900001DA401D05E090FBF7F207FB12024ABB36
:107EA00021E0088300B2A04257DC5FE02EE0086BBF
:107EB0003C3026E032B1012A04D0022A0FD0032A36
:107EC00054D11BE08A881E3212B28A801E2A03D047
:107ED00082424BDD888049E0A1F804C046E0B1F958
:107EE0001800A84201DA0A30DBE790FBF7F207FB43
:107EF00012020AB10D8339E01430D2E7086B00F5A5
:107F000096700863B04231DD0E632FE088880A382E
:107F100017E0B1F91800A84201DC401F00E00A3860
:107F2000088300B217E002E0086B3C381AE032B177
:107F3000012A04D0022A0AD0032A17D10FE0888828
:107F40001E3800B28880322810DA8C800EE0088B50
:107F5000143800B20883002808DC0C8306E0086BA4
:107F6000A0F596700863002800DC0C6304494FF00C
:107F700080400860F0BD0000C06C0020805101000E
:107F800098000020054C2046F9F714FA2046FFF728
:107F9000ADFA642001F00CFAF5E70000CDCCCC3D41
:107FA0002DE9F8410E461149C0EBC000104F0024E6
:107FB00001EB4005A1F1070805EB44000088ADF88E
:107FC0000000B85D18F8041008429DF801109DF8F3
:107FD000000001D00A4600E0002200F031FF641CDE
:107FE000E4B2072CE8D3BDE8F8810000A30000202C
:107FF00000A00008124E134F5FF0000505EBC5000E
:1080000006EBC004A08860812846F9F7BFFA208BF0
:10801000608429463846F9F70DFB206BE063606BFE
:108020006D1C3B30EDB22064062DE7D3384600F0DE
:10803000EBFB0348F9F7E0FB642001F0B9F9DBE75B
:10804000C06C0020CDCCCC3D08B501F03FFB054C09
:1080500000902046F9F75EFA3221684601F0F8FAFE
:10806000F7E70000CDCC4C3D1CB501F05BF93A4977
:108070000220CDE900010023802238A13C4801F014
:10808000B9FA354906201039CDE9000100238022D4
:1080900038A13B4801F0AEFA2F4905201439CDE94B
:1080A00000010023802237A1394801F0A3FA2A49B0
:1080B00009202039CDE9000100234FF4807235A159
:1080C000384801F097FA244903201C39CDE9000112
:1080D0000023802234A1374801F08CFA1E490A207F
:1080E0002439CDE900010023802233A1354801F075
:1080F00081FA194904201839CDE9000100238022B2
:1081000031A1344801F076FA134908200C39CDE941
:1081100000010023802230A1334801F06BFA0E49A0
:1081200007200839CDE90001002380222FA1324821
:1081300001F060FA08490B20091FCDE90001002376
:1081400080222EA1304801F055FA002001F04CF9B0
:10815000BDE81C4001F0F4B86807002043616C6979
:1081600062726174696F6E5F5461736B000000002E
:10817000F510000853706565645F5461736B00000F
:10818000498000084D6F746F725F5461736B00001B
:108190003172000853686F775F446973706C61795E
:1081A00000000000F57F000845433131415F546114
:1081B000736B0000153E000842757A7A65725F5451
:1081C00061736B00D10F00085054313030305F5470
:1081D00061736B009D73000853657474696E675F0B
:1081E0005461736B00000000857F000854656D705A
:1081F0005F5461736B0000007187000854696D65FE
:108200005F5461736B000000E987000810B5FCF74C
:108210005BFE01F04DFA012803D0BDE8104001F0EB
:10822000D3B910BD30B595B028216846F8F713F8DA
:1082300014210AA8F8F70FF818210FA8F8F70BF87F
:1082400001210804CDE900100025029502240491C3
:10825000CDE907404FF4E01009906846FDF77AF841
:1082600008B172B6FEE70AA90F2081E831004FF489
:108270008060CDE90D0502210AA8FCF78FFF08B147
:1082800072B6FEE74FF4004011900F940FA8FCF770
:108290000FFF002801D072B6FEE715B030BD704761
:1082A0001CB5FFF73FFAFFF7A3F8FBF783FDFBF7D9
:1082B000D5FDFEF7EFF8FBF7DDFBF8F7B5FBFEF7B2
:1082C0002FF90A4908480860F8F792FE084901208A
:1082D000CDE900010023802206A1094801F08AF9B6
:1082E000BDE81C4001F0E4B8CDCCCC3D74000020CA
:1082F0008C07002053746172745F5461736B0000CB
:10830000698000080148FDF733BD00006C080020BB
:108310000148FDF72DBD0000B40800200148FDF71D
:1083200027BD0000440900200148FDF721BD0000E1
:108330008C090020F0B50268204C214D214E224FBF
:10834000224B4FF0804CA04209D0984207D06045A4
:1083500005D0A84203D0B04201D0B84204D122F0E7
:10836000700E4A6842EA0E02A04209D0984207D035
:10837000604505D0A84203D0B04201D0B84203D135
:1083800022F44075CA682A434D6922F080022A43CC
:1083900002608A68C2620A688262A04201D0984282
:1083A00001D109690163012141610169C90703D054
:1083B000016921F001010161F0BD0000002C0140C4
:1083C0000004004000080040000C00400034014060
:1083D00010B501F01F030121046A99408C43046227
:1083E000016A9A401143016210BD10B5846842EAE7
:1083F000032224F47F440A432243826010BD826832
:1084000022F070020A4342F00701816070470000C9
:10841000F0B5036A026A22F00102026242688469CE
:10842000124E24F073050C682C4323F002058B6870
:108430002B430D4DA84201D0B04205D123F00807CF
:10844000CB683B4323F00403A84201D0B04205D1DE
:108450004D6922F4407215438A692A43426084615F
:10846000496841630362F0BD002C014000340140C3
:10847000F0B5026A036A23F010030362436884695B
:108480000D6824F4E64444EA05248D6822F02002B5
:1084900042EA05120F4D104EA84201D0B04206D15B
:1084A000CF6822F0800242EA071222F04002A8427E
:1084B00001D0B04207D14D6923F4406343EA8503FC
:1084C0008D6943EA85034360846149688163026280
:1084D000F0BD0000002C014000340140F0B5026AFC
:1084E000036A23F4807303624368C46922F4007250
:1084F00024F073050C68124E2C438D6842EA052265
:108500000E4DA84201D0B04206D1CF6822F40062DD
:1085100042EA072222F48062A84201D0B04207D189
:108520004D6923F4405343EA05138D6943EA05136B
:108530004360C4614968C1630262F0BD002C014020
:108540000034014030B5046A026A22F480520262AB
:108550004268C3690D6823F4E64343EA05238D6846
:1085600024F4005444EA0534084DA84202D0084DD2
:10857000A84204D14D6922F4804242EA8512426049
:10858000C36149680164046230BD0000002C0140F1
:108590000034014010B5036A046A24F00104046247
:1085A000846924F0F00444EA021423F00A020A4326
:1085B0008461026210BD000070B5056A046A24F08F
:1085C000010404628469124EB0420ED0114EB042D2
:1085D0000BD0B0F1804F08D00F4EB04205D00F4EF7
:1085E000B04202D00E4EB04203D124F00304144333
:1085F00001E044F001041A0724F0F00444EA126296
:1086000025F00A0301F00A0119438261016270BD7D
:10861000002C0140003401400004004000080040EC
:10862000000C004010B5036A046A24F010040462D0
:10863000846923F0A00324F4704444EA023243EA3C
:1086400001118261016210BD30B5046A056A25F02E
:1086500010050562856925F4407545EA022222F479
:1086600070454FF6FF7202EA033224F0A0032A435A
:10867000A02404EA011119438261016230BD0000A7
:108680002DE9F05FDFF888A00024224FAAF10C0644
:10869000DFF884808346254606F1060904EBC40012
:1086A00007EBC000417829B31C491D4A51F824103A
:1086B00091420FDB1AF80420012A03D180F82750D9
:1086C0000AF80450B0F92020A2B121465846FEF71E
:1086D0000FFC14E0B0F9202062B11AF8043023B97D
:1086E00080F8275001200AF8040021465846FEF77A
:1086F000B5FD04E0355548F8245009F80450641CD1
:10870000E4B2062CCAD3BDE8F05F0348FDF788BF8A
:1087100084070020C06C0020A86C00205C6500204D
:10872000008009450B480A490F4A01600A49416027
:108730000A498160FC300A4901600A494160002110
:108740008160FC300260094AC0E9012170470000E5
:10875000CDCCCC3FB46900206F12033CEC51B83D46
:108760000000AF43CDCCCC3E000020400BD7A33C53
:1087700008B500F0ABFF0090FFF7D4FF054C204692
:1087800000F00AF82046FFF77BFF0A21684600F058
:108790005FFFF4E70AD7233C2DE9F041104D07466F
:1087A00000244FF07E5600BF55F824103846F7F7E6
:1087B0006AFD45F82400B0420CDD0A4804EBC40110
:1087C00000EBC100818BC28D8A1A8285C185002091
:1087D00045F82400641CE4B2062CE5D3BDE8F08122
:1087E0009C690020C06C002008B500F06FFF054CAC
:1087F00000902046F8F718FD6421684600F028FF35
:10880000F7E70000CDCCCC3D10B50446FEF700F8EC
:108810002046BDE81040F8F72BBE00000148FDF7E8
:10882000F7BC0000D409002010B5406A0021418641
:108830004185FDF7ECFC10BD0168CA6822F4907216
:10884000CA6001684A6922F001024A61012180F888
:108850003D10704710B590F83D10222901D002203C
:1088600010BD82684FF480539A4201D1016921B151
:10887000C16A9A421ED04AB10AE00268C16A5268CF
:10888000C2F308020A80C16A891C08E002698AB141
:108890000268526802F07F020A70C16A491CC16214
:1088A000418E491E4186418E39B10068FF214160E9
:1088B000002010BD02685268EEE70168CA6822F025
:1088C0002002CA600168CA6822F48072CA60016826
:1088D0004A6922F001024A61012180F83D10FDF74A
:1088E000D5FDE5E72DE9F04104460068C16821F0B7
:1088F0000C01C16020680169D4E906231A43E568C8
:10890000236A21F47C512B431A430A4342F4006149
:1089100001612268D16841F20C6081432369A0683B
:10892000184363690B431843D0602068416921F400
:10893000407141611F49206864253226884202D176
:10894000FCF7D2FC01E0FCF7BFFC00EBC00101EB3F
:10895000001160686FF0180C8000B1FBF0F3B3FBFE
:10896000F5F3B1FBF0F7B1FBF0F203FB0CF307EB0F
:10897000830306EB0313B2FBF5F2B3FBF5F312012D
:1089800003F0F00302EB4302B1FBF0F3B1FBF0F0B4
:10899000B0FBF5F000FB0CF003EB800006EB0010E1
:1089A000B0FBF5F0216800F00F0010448860BDE8CE
:1089B000F08100000038014010B590F83D103229D8
:1089C00001D0022010BD418D4FF4805311B30168D6
:1089D0000A68D24312061DD482689A4201D1026904
:1089E00052B1426A541C446212784A60418D491E59
:1089F0004185418D49B10DE0426A1288C2F30802F7
:108A00004A60416A891C4162F0E70168CA6822F045
:108A10008002CA60418EF9B101680A68D2439206A9
:108A20001AD482689A4209D10269C2B9C26A4968F5
:108A3000C1F308011180C16A891C09E00AB9026901
:108A40006AB1496801F07F01C26A1170C16A491CAC
:108A5000C162418E491E4186418E11B115E04968BF
:108A6000F2E70168CA6822F02002CA600168CA6899
:108A700022F48072CA6001684A6922F001024A61E8
:108A8000012180F83D10FDF703FD002010BDFEE739
:108A900010B5134CA8212046F7F7DDFB0320206119
:108AA000606110A0A06104F1A800E0614FF4806053
:108AB00020620020A0626062E0620AA1216604F5E3
:108AC000956161661021A1662067E06660670849CC
:108AD000C0F10F028A5C2254401C1028F8D310BD4C
:108AE000706E00205465726D696E616C000000004C
:108AF00023A0000830B50346401C0C46802A04D948
:108B00007F2204E000F8015B491C521E02D30D785D
:108B1000002DF7D1091B197030BD000038B5234C6A
:108B200001226946207EFEF787FD00281CD09DF8B3
:108B30000000052825D008DC012816D0022817D00F
:108B4000032818D0042808D118E006281CD00728CC
:108B50001DD07F2808D080281CD0802804D3207EF8
:108B600001226946FEF768FD38BDFFF749F838BDB8
:108B7000FFF79EF838BDFEF7CBFE38BDFFF728F8AB
:108B800038BDFEF7E3FD38BDFEF786FF38BDFEF7C2
:108B900075FF38BD207E01226946FEF74DFD002895
:108BA000F7D09DF80000FEF725FF38BD287700209C
:108BB0002DE9F0474A4D0746144628780E464FF0F7
:108BC0000109012808D0002875D0022804D100F03E
:108BD0008DF8287801286ED1202C04D2E96909FA91
:108BE00004F0014267D1E2B2182C0ED3F01B7F28AB
:108BF00007D9C1097B1E40F08000197007F8020DEB
:108C000001E007F8010D7F2C02D2791E0A7039E0CD
:108C1000E0B240F08000B4F5804F04D2E2097B1E40
:108C2000B91E1A701DE0802343EAD411CAB2B4F50C
:108C3000001F06D2A30B7C1E2370BB1EF91E1A70E8
:108C40000FE0802141EA943101F0FF0CB4F1805F24
:108C500009D2630D7C1E2370FB1E07F802CC1A702C
:108C6000391F08700EE04FEA147843EA5453BC1ED3
:108C700007F8018C23703B1F394607F803CC1A70A4
:108C800001F8050D17484468E868201A05E000BFA0
:108C900040F0800206F8012BC0097F28F8D806F8BA
:108CA000010B721A6878FEF705FD08B1EC6002E06E
:108CB0002878401C2870287E00EB40010A4800EB11
:108CC000C100C16E006F814208D0A878002805D18C
:108CD00085F80290FFF722FF0020A870BDE8F0871A
:108CE00028770020001000E0706E00203EB50120C3
:108CF000164C8DF800006A46501C616905E000BF03
:108D000041F0800300F8013BC9097F29F8D800F839
:108D1000011B0F494D68E168691A04E041F08003C6
:108D200000F8013BC9097F29F8D800F8011B821A15
:108D300060786946FEF7BEFC20B1E5602178491EE7
:108D400021703EBD6169491C61613EBD28770020EC
:108D5000001000E00907090E002804DB00F1E02004
:108D600080F80014704700F00F0000F1E02080F858
:108D7000141D704702E008C8121F08C1002AFAD16A
:108D800070477047002001E001C1121F002AFBD18B
:108D9000704770B500F0A0FC4FF47A730146A1FB58
:108DA00003050022144602FB035201FB042170BD9F
:108DB00010B504A0FEF790FEBDE810400EA0FEF72F
:108DC0008BBE00004E3D4672656552544F532044A1
:108DD000656D6F204170706C69636174696F6E2C92
:108DE000443D436F727465782D4D342C4F3D46726F
:108DF000656552544F530000492331353D53797313
:108E00005469636B00000000F8B500240A4D0B4E56
:108E10000EE000BF04EB840705EB87000169001D2D
:108E2000009190E80E0055F82700FEF7EBFF641C58
:108E300030688442EED3F8BD34780020AC070020BF
:108E400010B5044CC1F1FF01235C0B4013432354C4
:108E500010BD0000F8650020FCF73EF8FFF7E2F9CE
:108E6000FDF7E2FDFDF7CAFDFDF728FDFDF786FEE3
:108E7000FDF7E6FEFDF724FFFDF774FFFEF718F897
:108E8000FDF7F4FFFDF7C0FFFFF70AFAFEE7000069
:108E90002DE9F0411E4C0F460546E6682068001D8E
:108EA00000F0FAF938B9206890F82C1001208840B9
:108EB000216981432161681C15D1A7B11549226838
:108EC0004868906023688268DA6022688368121DAF
:108ED0005A602268121D8260206841610868401C47
:108EE0000860BDE8F08120683544B54245602168DE
:108EF00005D2E06BBDE8F041091D00F0EEB9A06BB2
:108F0000091D00F0EAF9A06A8542EAD2A562E8E705
:108F10003000002008510020F8B5044600F002FAA5
:108F20003D4DA868401CA86028683C4F10B1686996
:108F300038B32CE02C60A868012828D15FF0000627
:108F400006EB860007EB800000F0B9F9761C202EB6
:108F5000F6D3334800F0B3F93148143000F0AFF9DC
:108F60002F48283000F0ABF92D483C3000F0A7F92D
:108F70002B48503000F0A3F92948A8631430E86367
:108F800005E02868E16AC06A884200D82C60686AF7
:108F9000401C6862606464B12046FEF759FC236B94
:108FA000206804F13401C01A00902046E26AFEF7FE
:108FB000B7FE2046FEF78CFCE16A01202A69884052
:108FC0001043286101EB810007EB80004068A0603E
:108FD0008168E1608268211D51608160E06A00EB78
:108FE000800007EB8001616157F82010491C47F8A9
:108FF000201000F0A5F9686900280CD02868E16A03
:10900000C06A884207D207494FF080500860BFF31A
:109010004F8FBFF36F8FF8BD30000020384E002017
:10902000B850002004ED00E010B50446006B00F0DD
:1090300091F92046BDE8104000F08CB90E484FF47D
:109040008841420706D0C01D0B4920F00700411A95
:10905000C1F58841094A00230144C2E900030839E7
:10906000143A21F0070111604B600B600B1AC0E944
:109070000013936053607047380A002024000020DA
:10908000144E154CA6F52F774FF08058DFF84C9012
:1090900012E000BF00F046F9F068C568281D00F036
:1090A000FBF8A068401EA0606068401E606000F091
:1090B00047F92846FFF7B8FF60680028EAD138680A
:1090C0000128F9D9C9F80080BFF34F8FBFF36F8F24
:1090D000F2E70000F45000203000002004ED00E032
:1090E0002DE9F0470D46DDE90984174682469100D7
:1090F0009946089EA522206BF7F7A6F86FF00301AA
:10910000206B01EB8701084420F0070765B10020C0
:109110002218295C82F83410295C11B1401C1028F7
:10912000F6D3002084F84300202E00D31F26201DF4
:10913000E66200F0CFF804F1180000F0CBF82461EB
:10914000C6F120006462A0614A465146384600F0EC
:1091500091F82060B8F1000F01D0C8F80040BDE8D8
:10916000F087000030B5114900E011460A688242DC
:10917000FBD34B685C18844203D1406818444860B4
:10918000084643681C18944209D1084C143C2468D2
:10919000A24209D052681A4442600A68126802600A
:1091A000814200D0086030BD0460F9E7240000204F
:1091B0000548816B096821B1816BC96809688162C2
:1091C00070474FF0FF31FAE730000020502080F365
:1091D0001188BFF34F8FBFF36F8FFEE770B5044662
:1091E000002600F09BF9224D286808B9FFF726FFFA
:1091F000CCB304F00700C0F11000C1438C4232D858
:10920000211800292FDD686881422CD818481430B5
:109210000246146801E02046144662688A4202D27F
:109220002268002AF7D12A6894421CD00668226876
:10923000026060680836421A102A04D96018426039
:109240006160FFF78FFF61686868401A6860AA680C
:10925000904200D2A86041F0004060600020206091
:10926000E868401CE86000F0CBFA304670BD0000B2
:109270001000002010B5031F4FF080741C601B1FEE
:1092800021F001011960191F024B0B60143940389D
:109290000A6010BDCD910008D0E9013201699A60E1
:1092A000D0E901235A604A68824201D182684A604B
:1092B000002202610868401E08600868704700F1DB
:1092C00008014FF0FF32C0E90112C16001610021C5
:1092D0000160704700210161704730B50B685A1C6E
:1092E00002D000F1080202E0026904E0224654685C
:1092F00025689D42FAD953684B6099608A60516035
:1093000008610168491C016030BD42684A60936889
:109310008B6093685960916008610168491C016025
:1093200070470000502080F31188BFF34F8FBFF3C8
:109330006F8F02480168491C016070472C000020B3
:1093400003490868401E086001D180F31188704706
:109350002C00002070B500281BD0A0F10804606824
:10936000002816DA2168002913D120F0004060603F
:1093700000F0D4F8074D60686968084468602046CA
:10938000FFF7F0FE2869401C2861BDE8704000F03E
:1093900037BA70BD100000204FF0E02000210161BD
:1093A0008161024941610721016170473F19010054
:1093B00010B504000DD000F0B1F821462320FEF7CF
:1093C000C1FA00212046FFF763FD00F019FA0028DA
:1093D00007D104494FF080500860BFF34F8FBFF3AF
:1093E0006F8F10BD04ED00E070B50546FFF79AFFE2
:1093F0002B4C05B92568281DFFF74EFF58B9E86AC0
:10940000284A00EB800152F8211021B90121814046
:10941000206988432061A86A18B105F11800FFF798
:109420003BFF606A401C60622068854211D1291DA3
:109430001D48FFF76AFF6068401C60602846FEF721
:10944000D9FB01462220FEF77DFA2846FEF7A0FC54
:109450000EE0A068401EA0602846FEF7CBFB014648
:109460002220FEF76FFA2846FEF792FCFFF7A0FED7
:10947000FFF766FF2068854202D02846FFF7D4FD3B
:10948000606900280AD02068854207D107494FF05B
:1094900080500860BFF34F8FBFF36F8F70BD000027
:1094A00030000020384E0020F450002004ED00E091
:1094B0007CB516480025CDE900502B46802214A12A
:1094C000154800F097F8114C2C3C01281BD1502076
:1094D00080F31188BFF34F8FBFF36F8F4FF0FF30D2
:1094E000A06201206061E5602068052208A1343097
:1094F000F6F7BCFE18B12068FEF7CAF901E0FEF7E6
:1095000095F900F049F8206B7CBD00005C0000205C
:1095100049444C4500000000819000080248416B1E
:10952000491C4163704700003000002010B5164C04
:10953000606B10B10120E06110BD0020E061206986
:109540001249B0FA80F0C0F11F0000EB800001EB7F
:10955000800000F10802416849684160914201D1F0
:1095600049684160C86820602068052208A134303D
:10957000F6F77CFE20B12068BDE81040FEF788B900
:10958000BDE81040FEF752B930000020384E0020F0
:1095900049444C4500000000094810B5016841F4F9
:1095A00070010160016841F070410160FFF7F4FE55
:1095B000044900200860F6F7D9FD002010BD000026
:1095C00020ED00E02C00002010B5502080F3118821
:1095D000BFF34F8FBFF36F8F00F084F818B10449C9
:1095E0004FF080500860002080F3118810BD00000B
:1095F00004ED00E02DE9FF5F8346DDE90E87994623
:1096000016468A469000FFF7E9FD05001DD054205C
:10961000FFF7E4FD040015D05421F6F71CFE256386
:109620000021CDE90241CDE900874B463246514643
:109630005846FFF755FD2046FFF76EFC012004B0A9
:10964000BDE8F09F2846FFF785FE4FF0FF30F6E7B4
:1096500070B50C4603460026FFF760FF1248C56848
:109660001A681444AA4204D9A2420ED9AC4202D8C4
:109670000BE0A242FAD9012624201C60FEF7A8F9CB
:10968000601B0021FFF704FC00E01C6000F0B8F84C
:1096900038B906494FF080500860BFF34F8FBFF3D1
:1096A0006F8F304670BD00003000002004ED00E0F8
:1096B0000548416919B1406B18B10020704701207D
:1096C0007047022070470000300000200148C06849
:1096D00070470000300000200148C068704700005B
:1096E000300000202DE9F047434D0027686B28B17A
:1096F000A869401CA8613846BDE8F087EE68761C72
:10970000EE6008D1A86BE96BA963E863286A401C86
:109710002862FFF74DFDA86ADFF8E08086420BD390
:109720004FF0000AA86B0068A0B1A86BC068C468BD
:109730006068864211D2A8622868C06A00EB800186
:1097400058F82100012800D90127E8690028D2D063
:109750000127D0E74FF0FF30EDE7D4E9021260694E
:109760008A60D4E9021204F10409516042684A4552
:1097700001D1E1684160C4F814A002685146521E4C
:109780000260A06A80B1D4E907239360D4E907237B
:109790005A60426804F118039A4201D1226A426079
:1097A000A1620168491E01602046FEF791F8E16A56
:1097B00001202A6988401043286101EB810108EBF0
:1097C00081014968A1608A68E2608B68C3F80490EF
:1097D000C1F80890E16A01EB810108EB8102626146
:1097E00058F82120521C48F82120E16A2868C06AF4
:1097F000814297D9012795E730000020384E00209C
:109800002DE9F04700242546FFF78CFD4248416BC7
:10981000491E4163416B002978D181683F4EA046C3
:109820004FF00109002971D082463068F0B3F0682A
:10983000C468D4E90721A06A9160D4E90712516095
:10984000426804F118018A4201D1216A4160C4F8DA
:10985000288002684146521E0260D4E902326069E3
:109860009A60D4E90223271D5A604268BA4201D1A6
:10987000E268426061610168491E01602046FEF7AE
:1098800027F8E26ADAF8103009FA02F15046194373
:10989000CAF8101002EB8201214A02EB81014968EB
:1098A000A1608B68E3608B685F6000E013E08F600D
:1098B000E16A01EB810102EB8103636152F821301F
:1098C0005B1C42F82130E16A0268D26A9142ACD353
:1098D000C0F81C90A9E70CB1FFF76AFCDAF8186031
:1098E00054464EB14FEA0907FFF7FCFE00B1E761AD
:1098F000761EF9D1C4F81880E06938B1094901250C
:1099000028070860BFF34F8FBFF36F8FFFF718FD75
:109910002846BDE8F087000030000020E05000201D
:10992000384E002004ED00E00102020304050607A2
:1099300008090A0B0C0D0E0F10100102020304059A
:10994000060708090A0B0C0D0E0F1010000000008E
:1099500000000000010203040607080900000000DF
:1099600001020304B86E6444E16A654466666644B5
:10997000EC616744715D6844F65869447B546A44FD
:109980005C4F6B44E14A6C44C3456D4448416E44AE
:10999000293C6F440A377044EC317144CD2C724439
:1099A0000A277344EC217444291C75440A17764431
:1099B00048117744850B7844C305794400007A4404
:1099C0003DFA7A44D7F37B4414EE7C44AEE77D4401
:1099D000ECE17E4485DB7F448F6A80445CE7804411
:1099E00029648144F6E08144715D82443DDA824419
:1099F000B856834433D38344AE4F844429CC844443
:109A0000A44885441FC585449A41864414BE8644B3
:109A10003D3A874466B68744E13288440AAF8844B9
:109A2000332B89445CA7894433238A445C9F8A444E
:109A3000851B8B445C978B4433138C440A8F8C4476
:109A4000330B8D44B8868D448F028E44667E8E44DF
:109A50003DFA8E44C3758F449AF18F441F6D904434
:109A6000A4E8904429649144AEDF9144335B92446E
:109A700066D69244EC5193441FCD9344A448944439
:109A8000D7C394440A3F95443DBA954471359644F2
:109A9000A4B09644852B9744B8A697449A2198443D
:109AA000CD9C9844AE1799448F929944710D9A4475
:109AB00052889A44E1029B44C37D9B44A4F89B4492
:109AC00033739C44C3ED9C4452689D44E1E29D4441
:109AD000715D9E4400D89E448F529F44CDCC9F44DC
:109AE0005C47A0449AC1A044D73BA14466B6A144B8
:109AF000A430A2448FAAA244CD24A3440A9FA34425
:109B0000F618A4443393A4441F0DA5440A87A54422
:109B1000F600A644E17AA644CDF4A644B86EA74464
:109B200052E8A7443D62A844D7DBA844C355A944E2
:109B30005CCFA944F648AA448FC2AA44D73BAB44A1
:109B400071B5AB440A2FAC4452A8AC44EC21AD44EF
:109B5000339BAD447B14AE44C38DAE440A07AF447F
:109B60000080AF4448F9AF448F72B04485EBB044F5
:109B70007B64B144C3DDB144B856B244AECFB24405
:109B80005248B34448C1B3443D3AB444E1B2B4444A
:109B9000D72BB5447BA4B5441F1DB644C395B6442A
:109BA000660EB7440A87B7445CFFB7440078B844F0
:109BB00052F0B844F668B94448E1B9449A59BA44F5
:109BC000ECD1BA443D4ABB448FC2BB448F3ABC443B
:109BD000E1B2BC44E12ABD4433A3BD44331BBE44BF
:109BE0003393BE44330BBF443383BF44E1FABF44D5
:109BF000E172C0448FEAC0448F62C1443DDAC1447F
:109C0000EC51C2449AC9C2444841C344F6B8C34463
:109C1000A430C44400A8C444AE1FC5440A97C54438
:109C2000660EC644C385C6441FFDC6447B74C74444
:109C3000D7EBC744E162C8443DDAC8444851C9443F
:109C4000A4C8C944AE3FCA44B8B6CA44C32DCB4425
:109C5000CDA4CB44851BCC448F92CC449A09CD44EF
:109C60005280CD440AF7CD44C36DCE447BE4CE444C
:109C7000335BCF44ECD1CF44A448D0440ABFD04496
:109C8000C335D14429ACD1448F22D244F698D24472
:109C90005C0FD344C385D34429FCD3448F72D4448E
:109CA000A4E8D444B85ED5441FD5D544334BD6443C
:109CB00048C1D6445C37D74471ADD7443323D84428
:109CC0004899D8445C0FD9441F85D944E1FAD94456
:109CD000A470DA4466E6DA44295CDB44ECD1DB4468
:109CE000AE47DC441FBDDC44E132DD4452A8DD4414
:109CF000C31DDE443393DE44A408DF44147EDF44F6
:109D000085F3DF44F668E04414DEE0443353E14475
:109D1000A4C8E144C33DE244E1B2E2440028E34484
:109D20001F9DE344EC11E4440A87E44429FCE44425
:109D3000F670E544C3E5E5448F5AE6445CCFE6445B
:109D40002944E744F6B8E744C32DE8443DA2E8447B
:109D50000A17E944858BE9440000EA447B74EA442D
:109D6000F6E8EA44715DEB44ECD1EB441446EC4474
:109D70008FBAEC44B82EED4433A3ED445C17EE44A7
:109D8000858BEE44AEFFEE44D773EF44AEE7EF446D
:109D9000D75BF044AECFF044D743F144AEB7F144C3
:109DA000852BF2445C9FF2443313F3440A87F34457
:109DB0008FFAF344666EF444ECE1F444C355F54481
:109DC00048C9F544CD3CF64452B0F644D723F74495
:109DD0005C97F7448F0AF844147EF84448F1F8443D
:109DE0007B64F94400D8F944334BFA4466BEFA4424
:109DF0004831FB447BA4FB44AE17FC448F8AFC44EF
:109E0000C3FDFC44A470FD4485E3FD446656FE4456
:109E100048C9FE44293CFF44B8AEFF44CD1000457C
:109E2000144A004585830045CDBC004514F6004525
:109E30005C2F0145A4680145C3A101450ADB01452A
:109E400052140245714D02458F860245AEBF024550
:109E5000CDF80245EC3103450A6B034529A40345BF
:109E60001FDD03453D160445334F04455288044524
:109E700048C104453DFA044533330545006C0545AA
:109E8000F6A40545ECDD0545B8160645854F0645A3
:109E90005288064548C10645ECF90645B8320745E3
:109EA000856B074552A40745F6DC0745C3150845F1
:109EB000664E08450A870845AEBF084552F8084572
:109EC000F63009459A69094514A20945B8DA0945E9
:109ED00033130A45AE4B0A4529840A45A4BC0A45FA
:109EE0001FF50A459A2D0B4514660B45669E0B45DA
:109EF000E1D60B45330F0C4585470C45D77F0C4504
:109F000029B80C457BF00C45CD280D45F6600D4574
:109F100048990D4571D10D459A090E45EC410E4504
:109F2000147A0E453DB20E453DEA0E4566220F45B8
:109F30008F5A0F458F920F458FCA0F45B8021045B3
:109F4000B83A1045B8721045B8AA10458FE21045CE
:109F50008F1A11458F521145668A11453DC2114530
:109F60003DFA114514321245EC6912459AA1124589
:109F700071D9124548111345F6481345CD80134554
:109F80007BB8134529F01345D7271445855F144541
:109F900033971445E1CE144566061545143E154524
:109FA0009A7515451FAD1545A4E41545291C1645A0
:109FB000AE531645338B1645B8C2164514FA1645EE
:109FC0009A311745F668174552A01745AED7174581
:109FD0000A0F184566461845C37D1845F6B418455E
:109FE00052EC184585231945B85A1945149219455C
:109FF00048C919457B001A4585371A45B86E1A4578
:10A000003F065B4F666D7D077F6F40777C395E79D9
:10A01000713D0030313233343536373839414243BF
:10A020004445460000000000005454522052454769
:10A0300047455300000000000000000000003031E0
:10A0400032333435363738394142434445460000CF
:10A05000938D0008098E000853595354454D5649B5
:10A0600045573A20436F756C64206E6F742072659B
:10A07000636F7264207461736B20696E666F726DBA
:10A080006174696F6E2E204D6178696D756D206EFB
:10A09000756D626572206F66207461736B732072D8
:10A0A0006561636865642E00C8A000080000002098
:10A0B000B0070000EC09000884A70008B0070020E2
:10A0C00028750000848D000842019210031E127A48
:10A0D0000531AAAAAAAA02261F0315204010FF01D3
:10A0E00002040810204036013602341036103808B9
:10A0F00036043608340132013204340834043402A0
:10A1000032022E022E042E102E2030103004300881
:10A110002C012A022A042C082E082C022C043A10A6
:10A120003A203B013B043B023A403A803810382049
:10A1300039013904390238403880362034403480BF
:10A140003702370136403680320832103240330150
:10A1500032803420322030202E402F0131013080D7
:10A1600030402E802C102C202D012D042D022C404F
:10A170002C802A082A102A802B022B012A202A4010
:10A1800028042808284029012880281028203B0876
:10A190003920394039803B403B103B203908370893
:10A1A00037403780372039103710350235043520D5
:10A1B0003580354035083510330233043320338081
:10A1C00033403308331031023104312031803140C3
:10A1D000310831102F022F042F202F802F10FF4025
:10A1E0002F082F102D082B082B202D802D402D10EF
:10A1F0002B102902290429202B802B402908291003
:10A200002201220220102210240822042208200108
:10A210001E011E042008200420021E021A021A0435
:10A220001A101A201C101C041C081801160216040F
:10A2300018081A08180218042610262027012704D7
:10A2400027022640268024102420250125042502EB
:10A250002440248022202040208023022301224009
:10A2600022801E081E101E401F011E8020201E205E
:10A270001C201A401B011D011C801C401A80181054
:10A280001820190119041902184018801608161010
:10A2900016801702170116201640140414081440E3
:10A2A000150114801410142027082520254025802E
:10A2B0002740271027202508230823402380232018
:10A2C0002510231021022104212021802140210872
:10A2D00021101F021F041F201F801F401F10FF0896
:10A2E0001F101D021D041D201D801D401D081D1076
:10A2F0001B021B041B201B801B401B081B10190882
:10A300001708172019801940191017101502150485
:10A31000152017801740150815104B804B40490831
:10A320004B084D104B204B10498047804720491067
:10A3300049204940474043404320430843044508DF
:10A340004520451041803F403F204110431041408F
:10A3500041204F084F044E804E204E404F024F0187
:10A360004D084D044C804C204C404D024D014B0497
:10A37000490249014A404A804B024B0147104708B5
:10A38000470246804701490447044504430242808E
:10A39000448045014502430141084104408040207A
:10A3A0004040410241013F103F083F013E403E8096
:10A3B0003F043F023D203D103D023C803D013D08F1
:10A3C0003D044E104C044C024C014E024E084E040B
:10A3D0004C104A104A024A014A044C084A20FE081E
:10A3E0004840482048044801480248104808464070
:10A3F0004620460446014602461046084440442092
:10A4000044044401440244104408424042204204AF
:10A41000420142024210420840103E103E044001F8
:10A42000400240083E083C403C203C043E013E02C5
:10A430003C103C080580054007080508031005206E
:10A4400005100780098009200710072007400940F0
:10A450000D400D200D080D040B080B200B100F8074
:10A46000114011200F100D100F400F2001080104A2
:10A470000080002000400102010103080304028063
:10A480000220024003020301050407020701044001
:10A490000480050205010910090809020880090164
:10A4A000070409040B040D020C800A800B010B0247
:10A4B0000D010F080F040E800E200E400F020F0139
:10A4C0001110110811011040108011041102132005
:10A4D0001310130212801301130813042C1002042A
:10A4E000020202010002000810FF0402100410041E
:10A4F00002040104040208040806400620060406BB
:10A500000106020610060808400820080408010891
:10A5100002081008080A400A200A040A010A020A6E
:10A52000100A080C400C200C040C010C020C100C3E
:10A53000080E10101010040E010E020E0810081262
:10A54000401220120410011002121012085401547B
:10A550000256105410520854045408560158015819
:10A560000456085604560258025C025C045C105CF7
:10A57000205A105A045A085E01600260045E085CAA
:10A58000085E025E045010502051015104510250E7
:10A5900040508052105220530153045302524052F3
:10A5A00080542056405680550255015440548058DE
:10A5B000085810584059015880562058205A205C9D
:10A5C000405D015B015A805A405C805E105E205FF6
:10A5D000015F045F025E405E806008601060806121
:10A5E000026101602060406210FF04620862406303
:10A5F0000162806210622051085320534053805101
:10A60000405110512053085508554055805520534E
:10A610001055105702570457205780574057085776
:10A620001059025904592059805940590859105B52
:10A63000025B045B205B805B405B085B105D025D3E
:10A64000045D205D805D405D085D105F086108610C
:10A65000205F805F405F10611063026304632061CC
:10A6600080614063086310680168026A10681066C0
:10A6700008680468086A016C016C046A086A046A64
:10A68000026C0270027004701070206E106E046E06
:10A690000872017402740472087008720272046411
:10A6A000106420650165046502644064806610667C
:10A6B000206701670467026640668068206A406A16
:10A6C0008069026901684068806C086C106C406D9C
:10A6D000016C806A206C206E20704071016F016EE9
:10A6E000806E40708072107200987E207301730437
:10A6F0007302724072807408741074807502750160
:10A70000742074407604760876407701768076105F
:10A710007620650867206740678065406510652082
:10A7200067086908694069806920671069106B02D1
:10A730006B046B206B806B406B086B106D026D04BB
:10A740006D206D806D406D086D106F026F046F207D
:10A750006F806F406F086F107102710471207180FB
:10A76000714071087110730875087520738073400B
:10A77000731075107702770477207580754077081D
:04A78000771000004E
:0400000508000131BD
:00000001FF
