:020000040800F2
:10000000A01800203D010008357500088D67000824
:1000100000000000000000000000000000000000E0
:10002000000000000000000000000000297C000823
:100030000000000000000000A17B0008697C0008AF
:100040004F010008000000004F0100084F010008A8
:100050004F0100084F0100084F0100081D41000832
:1000600000000000111F0008211F00084F010008B8
:10007000E91300084F010008A97E000800000000F5
:100080004F010008B97E000800000000257E00082E
:10009000357E00084F0100084F0100084F0100089D
:1000A0004F0100084F0100084F0100084F010008F0
:1000B0004F01000800F002F800F030F80CA030C842
:1000C000083824182D18A246671EAB4654465D46D4
:1000D000AC4201D100F022F87E460F3E0FCCB6466E
:1000E0000126334200D0FB1AA246AB4633431847E1
:1000F000F093000010940000002300240025002647
:10010000103A01D378C1FBD8520700D330C100D5D3
:100110000B6070471FB51FBD10B510BD01F0E6F8AC
:100120001146FFF7F7FF08F057FC01F0FEF803B4A3
:10013000FFF7F2FF03BC01F033F9000007488047E6
:1001400007480047FEE7FEE7FEE7FEE7FEE7FEE7BB
:1001500004480549054A064B70470000B77D000872
:10016000B5000008A0120020A0180020A014002054
:10017000A014002010B5202A04DB0846203AD04005
:10018000002110BD0B462024D340D040A21A91403C
:100190000843194610BDFEB5054610460C461843E7
:1001A00073D0AE468C460020AD1A01469C4167D301
:1001B0006646002701243D46B61A9D4102D31346E8
:1001C0003A462124654676462F04360C3E432D0CD4
:1001D000B61A9D4104D3150C1B042B431204103492
:1001E000654676462F06360A3E432D0AB61A9D41CD
:1001F00004D3150E1B022B431202083465467646C3
:100200002F0736093E432D09B61A9D4104D3150F19
:100210001B012B431201241D65467646AF07B60825
:100220003E43AD08B61A9D4104D3950F9B002B4366
:100230009200A41C65467646EF0776083E436D089B
:10024000B61A9D411AD392185B41641C16E000183F
:10025000764665464941B71A9D410191009009D300
:100260006046B11A98418E4684460098019900254F
:10027000401C6941DD0752082A435B08641EE6D52D
:100280007246634603B0F0BDFFE700200146C0465A
:10029000C0462A462346F5E701E004C0091F0429A9
:1002A000FBD28B0701D50280801CC90700D00270E9
:1002B000704700290BD0C30702D00270401C491EB2
:1002C000022904D3830702D50280801C891EE3E73C
:1002D0000022EEE70022DFE7002203098B422CD345
:1002E000030A8B4211D300239C464EE003460B4386
:1002F0003CD4002243088B4231D303098B421CD3E8
:10030000030A8B4201D394463FE0C3098B4201D3D9
:10031000CB01C01A524183098B4201D38B01C01A11
:10032000524143098B4201D34B01C01A5241030988
:100330008B4201D30B01C01A5241C3088B4201D337
:10034000CB00C01A524183088B4201D38B00C01AE4
:10035000524143088B4201D34B00C01A5241411A0B
:1003600000D201465241104670475DE0CA0F00D0EE
:100370004942031000D34042534000229C460309E7
:100380008B422DD3030A8B4212D3FC22890112BA6D
:10039000030A8B420CD3890192118B4208D3890145
:1003A00092118B4204D389013AD0921100E089095D
:1003B000C3098B4201D3CB01C01A524183098B423E
:1003C00001D38B01C01A524143098B4201D34B0127
:1003D000C01A524103098B4201D30B01C01A52418A
:1003E000C3088B4201D3CB00C01A524183088B4211
:1003F00001D38B00C01A5241D9D243088B4201D39A
:100400004B00C01A5241411A00D201466346524184
:100410005B10104601D34042002B00D54942704783
:1004200063465B1000D3404201B50020C046C04681
:1004300002BD7047704770470246C80FC00781432E
:100440004B0030B54B405B009B0D20D01923DB06E1
:10045000C91801231B05994220DB0324A4070425A6
:100460001346AB400BD3002B04D1EB0613409B008B
:10047000E34204D401246407002312195941FF23E5
:100480001B0599420BD2C9000143500F09E0CB0272
:1004900004D501430803024305D0054830BDFF21C0
:1004A000C905084330BD084607210905884330BD0A
:1004B0000000C07FF0B50C46871A9C410D46861A95
:1004C0009D4103D2C01BA141D21963410D0D1F0DE7
:1004D000C94EEC1BAE435CD07F057F0D0026002F7C
:1004E00051D02D05AC46A943DD020123ED0A1B05C1
:1004F0001D4320231B1B24D41746E74038187141A5
:100500002F46E740CC199D402818314661410C0D1B
:1005100027D161449A4013D50023401C5941520011
:100520000ED14008400001224B005205D34207D3B0
:1005300005204007C14201D5B04900E0B04930462E
:10054000F0BD6B00002A00D001229A181F23203C26
:100550001B1B01D5002302E0E540281871410C0D5A
:10056000D7D0012424050919C407CD07400849083C
:10057000E40F28436144002CD5D00024401C614185
:100580009A40D0D1CDE76A05520DD9D1C90FC9071C
:10059000D5E79C4D4E00002801D0012400E0002446
:1005A00034195F00002A01D0012600E00026BE19A0
:1005B000954FAC420CD8AE420AD8B44206D00125C1
:1005C0006D05EC42BCD010461946F0BD9942FCD0F6
:1005D00000203946F0BDF0B51FB40C460F46811A15
:1005E0009F412546861A9D4106D20125ED076F40A1
:1005F000401ABC4152187B41210D1E0D8D1BAC468B
:100600007D4D8D437ED075056D0D7CD00D05AE46BC
:10061000AC431B031B0B794D52429D412023664680
:100620009B1B14D31746F7403818002600907441DE
:1006300060462F460741E41900989D4028186641FE
:1006400016D4714671189A4025D5012320E09318DD
:100650002A466A415200002B00D0521C1E23203E25
:100660009B1B002B61DD3541EE1728186641E8D54C
:10067000001876415B1C9A4000D3401C4B05F318D0
:100680001524E34010D3002B52D071467118D30FBC
:10069000C01802D3491C05B0F0BD0123DB079A4204
:1006A000F9D140084000F6E701225205B21801D105
:1006B000002853D00123CC0ADB029943891E002A6B
:1006C00008D1020C03D0020C0004103902E00246EB
:1006D000002020390023550B05D112020823550BA9
:1006E00001D152010D23550C01D112011B1DD50C56
:1006F00001D192009B1C150D01D152005B1C2025DD
:10070000EE1A01E02CE022E00546F5401543984042
:10071000CA1AE10769181305C918002ABBDA0320B1
:1007200040070818C10FC9070FE071466118B2E70A
:10073000F10740080843711071444A000CD00123AE
:100740005B059A42A7D2C90FC9070020A3E7490554
:10075000490D26D1002001E00028F4D100219AE7BC
:10076000284D6600002801D0012100E00021711809
:100770005F00002A01D0012600E00026BE19224FAA
:10078000A94210D8AE420ED8B14208D001256D055D
:10079000E94206D01946A802414010467BE79C4238
:1007A00001D0214677E70020394674E710B50C46A2
:1007B0005C4005D50124E4076340FFF70CFF10BD42
:1007C000FFF778FE10BD30B40C465C4004D5012420
:1007D000E407634030BC6DE630BCFCE670B5012434
:1007E000E40761400D465D4002D4FFF763FE70BD33
:1007F0006340FFF7F0FE70BDFF0700000000F0FF50
:100800000000F07F0000E0FF0000F87FF0B5F94D38
:100810000C091E092C402E402F468BB0A7437DD0DB
:10082000B543FCD0002E7AD0002CFCD00D465D40A4
:10083000ED0F2543AC1BFF25AD0464190894C502D8
:10084000440DC9022143500DDC0204430120C007BE
:1008500001430443D2020191200C110C00958C46F7
:10086000010423468B430A9161460904E24D8A4301
:100870000991010A7D4449198039097805464D439B
:1008800001266D18F605751B6943C90C640B891C9C
:100890004C436418B5012C1B250C2E04B4434C4367
:1008A0004D43210C691889090591009DE90701D084
:1008B0000121C90704912C4601996708CD072F43F0
:1008C0004C08059DE10B4D432D0C294666467543AA
:1008D00002950D4645432E46029D7D1BB441009571
:1008E0000D465D4301942C0C2F040D465543AE4636
:1008F0002D0C3D43029503947546049C2D04641B06
:10090000049406D2029C039D641C00267541039545
:10091000029401AC70CC009F7D1B01E03EE162E1DE
:10092000B44109040095079101940599A408614315
:10093000090C0C464443650BE7040C4666467443B9
:10094000A646640B3C43039502947446049DE4045C
:100950002C1B049406D2029C039D641C0026754146
:100960000395029401AC70CC009F7D1BB4410194AF
:100970000C465C430095650FE7000C465443A646C1
:10098000640F3C43039502947446049DE4002C1BC1
:10099000049406D2029C039D641C002675410395B5
:1009A000029401AC70CC009F7D1BB441AE09AF0630
:1009B000049DC900AD092F43049DA406AD0604950E
:1009C000079D344369180791059DE10B4D432D0C9C
:1009D00029466646754302950D4645432E46029DBF
:1009E0007D1BB44100950D465D4301942C0C2F04F2
:1009F0000D465543AE462D0C3D4302950394754676
:100A0000049C2D04641B049406D2029C039D641C68
:100A1000002675410395029401AC70CC009F7D1BAC
:100A2000B44101948C050694079C890A61180095CD
:100A30000791019C0599A4086143090C0D464543A3
:100A4000680BEF040D46644665436C0B3C43049F02
:100A5000ED047D1BAC4602D20025641C6841009E5B
:100A6000019D371B85410846584301950C46460FAA
:100A7000C5005443600F28436546E4002C1B02D296
:100A80000025401C6E41019D3F1AB5412846BD0915
:100A9000800628438446A009BF064E020699A40694
:100AA00076180743079D002068410A99079019436B
:100AB0000020099B00906046FF1913434041E20F5C
:100AC00064003A43A4460446D71A8C41A04203D995
:100AD0000120009020463A46C70F941840416246D4
:100AE000D20F2243644664000494009CBE46640016
:100AF000D71AA446044602978C417746002F01D1AD
:100B0000A04204D96046401C8446029A2046C40F85
:100B1000A64694184041049A0546D20F22436446E3
:100B20006400D31A8D417146002901D1A84202D92F
:100B300028461A46641C10430122002800D01643A0
:100B400061020020079B891904465C410223002CA6
:100B500002DB491813466441089DCE0A2D145D1925
:100B60004B056705E10A2C050D1908993E43C90795
:100B70006940002B08D0934006D30022761C5141D7
:100B8000002B01D1760876001C4A002D43DB15426C
:100B900041D0AA433FD030460BB0F0BD06180D46F9
:100BA0004D41174C7642AC411AD395181C465C4116
:100BB000134A6D42A24113D3012252054C00D44284
:100BC0000AD15C00D4420BD04B4002D592021143B3
:100BD000E2E749004908DFE75940C90FC90718E0B3
:100BE00000200849D8E7054801420DD10342F7D05B
:100BF000F2E700000000FF07A88B00000000F07F74
:100C00000000E0FF0000F87F114859400143C01286
:100C100041400020C0E70123089A9B069A4205DC68
:100C2000032252078918C90FC907B5E705225207E1
:100C30008918074A1143D2125140ADE770B51546E5
:100C40001C4602460B4628462146FFF7DFFD70BDD5
:100C5000FFFFFF7F1F22030C02D10F22000402D0EE
:100C6000030E03D004E00020014670470002083A5A
:100C7000030F01D10001121F830F01D18000921ECA
:100C8000002801DB4000521E120551184205C01217
:100C9000411810467047C10FC90700D040420122D9
:100CA00092071143D6E701218907D3E7F0B58B4CB2
:100CB0000F09254689B0BD437BD01D092646AE43AA
:100CC000FAD00E465E402740F60F3E43254071D0D5
:100CD00024012142FBD0FF24AD19A4042D1B039550
:100CE00001252D05DB02DB0AC9022B43C90A294372
:100CF0001E010901040F130F050121431701880B81
:100D0000820391432D098C46A90B1E438A03954308
:100D1000B30B9A0396433F09BA0B9403A743029679
:100D20002E467E430497B6464E19D7190C460196B7
:100D3000544305977E43371B7646BF1B3601B646A4
:100D4000BE0B361900967646BC043719009C01D3B9
:100D5000641C00946400002F01D001263443029EDD
:100D6000049F754366467E430496760034196E00F0
:100D700034190094029C019E1C196643751BAE46F3
:100D8000069465464519059C05956C43594375467F
:100D90000891691A0191049E01465143A41B0491D4
:100DA000611A009C0791E10605D0610901221143F7
:100DB00002E072E06EE06109089D00272C0A2D0612
:100DC0006918049D7C412A0A2D066918019D62411B
:100DD000AC0DAD026D185441079A910D9202551950
:100DE0006141029A644658435443069B059A5A430C
:100DF000121A131B9A0E9B015B187A41010B000516
:100E0000C3185141220A200644195A419A4200D27D
:100E1000491C01204002814203D315230226F643D8
:100E200002E014230326F6432020C51AA9401746E2
:100E3000AF40DA400A4320460399D840091473189A
:100E400019055118039A3843D2075140AC4009D0D4
:100E50000122944006D30022401C5141002C01D1B4
:100E6000400840001E4A934212D301220398920682
:100E7000904207DB0520400709181A480143C012B9
:100E8000414004E0032040070818C10FC9070020B3
:100E900009B0F0BD0020F107FAE705180C464C41F7
:100EA00011486D42A04115D394181A465A410E4874
:100EB000644290410ED301204A004005824209D38A
:100EC0005A00824206D35940C90F084AC907002078
:100ED0001143DDE700200649DAE700000000FF07C4
:100EE000FE070000FFFFFF7F0000E0FF0000F07F33
:100EF0000000F87F0121C9050123411842001B06AB
:100F0000D3185B0E0AD0C1100722D20689184007F9
:100F10005242D14201D5520089187047090208D5C2
:100F20000146002A03D0C10FC907002070471046B0
:100F30007047420202D0002002497047072109058C
:100F40000143F4E70000F87FF0B5FF252D04C60942
:100F5000C209FF2704462E400137CB093E434840D3
:100F60002A402B400746002A6BD0002B69D0AA42AA
:100F700067D0AB4265D0002800DA32460125ED0586
:100F800029432C4309022002090AD21A4B0C7F2460
:100F9000E31A434C000A7C44E35C7D2424041219C8
:100FA00014145B00A218884201D3521C00E04000D8
:100FB00049420C465C4324115C43DB016415E31891
:100FC000040A5C43C502200D0C4644436419250AFB
:100FD0005D432303EC0C0D46654300030019EB1839
:100FE0004C42A34201D35B18401CD4052018002BAF
:100FF00007D05B00C91804D3401C002901D1400868
:1010000040003F2189048A4209D3002A08DC1106E6
:10101000090F04D0032149074018C00FC007F0BDD5
:1010200001224100120689187F2252069142F6D20F
:1010300005214907C84201D59010F0BDFF20C00529
:10104000F0BD002F00DA32461648AA4207D2AB4262
:1010500005D21902090E17D0F80FC007F0BDFF2501
:1010600063002D06AB42F9D84900A942F6D8AB423D
:1010700001D1A942F2D0A94201D1002101E06100D1
:101080004908D0050843F0BD1102090EFBD0FF202E
:101090000243D005F0BD0A460146104654E7000061
:1010A000068500000000C07F10B501469E240002A6
:1010B000CA15A307002A02D01843002A04DBA21A8B
:1010C000002A0CDDD04010BD1206120E01D14000E6
:1010D0004008A21A03D4D04040420028F3DDFF228A
:1010E00048001206904201D9002010BDC817C04325
:1010F000584010BD0102C21504D00123DB0719437B
:10110000002A0ADB9E239A1A02D40846D040704770
:10111000FF2241001206914201D900207047C017FA
:10112000C04370471F22030C02D10F2200041CD0C1
:10113000030E01D10002083A030F01D10001121F72
:10114000830F01D18000921E002801DB4000521E57
:10115000D2055118021251181922904004D3491C8B
:10116000002801D14908490008467047C10FC90746
:1011700000D04042012292071143D3E701218907A1
:10118000D0E7000010B5FF22C30D134009D05A402C
:1011900007D0914205DA5C42A14202DDC905081878
:1011A00010BDC40FE407002B06D0002A06D000298A
:1011B00002DBFF20C0050443204610BD4102FCD0E5
:1011C000004810BD0000C07F10B5FF231B0644007F
:1011D0009C421DD84C009C421AD80346124A0B432D
:1011E00007D4401A02D3EFF3008010BDEFF3008064
:1011F00010BD081A06D2EFF3008001219043C90701
:10120000084302E0EFF30080904380F3008810BDB4
:101210000D231B041A4204D01146002000F046F8AA
:1012200010BD00F05BF810BD00000090C10D10B5BE
:101230000906090E2ED0FF2931D07E292DD319D0D1
:10124000962916D2024675398A4005D000240246F6
:101250008A4003D3012302E00124F8E7002302229D
:10126000CA41511E8843002B03D08018002C00D0A7
:10127000904310BD0121420201D1012200E0002271
:10128000C00FC0070029F4D0002AF2D17F21C90580
:10129000084310BDC00FC00710BD0021EFE7410299
:1012A000FAD0014810BD00000000C07FC80212D56E
:1012B0004803400F002804D0C803C04301218840E0
:1012C0007047EFF30080000100090321090708437C
:1012D00080F30088704700207047000010B5024876
:1012E00000F02BF810BD00000000C07F754600F034
:1012F00053F8AE46050069465346C008C00085460F
:1013000018B020B5FEF724FF60BC00274908B64698
:101310000026C0C5C0C5C0C5C0C5C0C5C0C5C0C504
:10132000C0C5403D49008D46704710B50446C046D3
:10133000C0462046FEF7FBFE10BD10B50C46110757
:10134000090F092904D00A290AD008290CD104E080
:1013500011460820FFF7AAFF06E0510606D501E076
:10136000510601D50120C007214610BDD10607D581
:1013700001010909CC084907000E0006044309E0F1
:10138000410F20024907000A0143200E00061D22DA
:10139000D14101430846E7E700487047401200206A
:1013A00001491820ABBEFEE726000200704730B5A9
:1013B0008C180278401C13071B0F01D10378401CC6
:1013C000120906D10278401C03E00578401C0D701C
:1013D000491C5B1EF9D101E00B70491C521EFBD168
:1013E000A142E6D3002030BD10B5024803F083F8D7
:1013F00010BD00003001002070B50C4802F094FFD1
:101400000B4804F0BFF803220A49084803F0E2F948
:10141000094D0024284606F0C5FB641CE4B2C82C24
:10142000F8D306490020C88070BD000030010020BC
:10143000D4020020480000209A99193FF0110020A2
:1014400010B50146406A826B50231A420AD1816B63
:1014500001225202114381630168CA681205920F8A
:1014600005D020E0006B026B0846904710BD827EDD
:10147000002A18D10A68120715D58A685307012275
:10148000002B09DB4B680C24A3434B60816B1302D8
:1014900099431143816306E0816B202319438163E3
:1014A000C16B1143C16303F023F810BD10B5406A4E
:1014B000816B402211438163C16B04221143C163DC
:1014C00003F018F810BD10B5406A03F012F810BD13
:1014D000F8B5044600200090206881688907890FCC
:1014E000012905D10168C90731D1C16809042ED489
:1014F0008168184A10261140012500291AD18168F7
:1015000029438160154814490068FEF7E5FE00E0B4
:10151000401E00900028FBD103F042FC074611E07A
:1015200003F03EFCC01B02280CD920680068C043B1
:10153000C00707D0A06B3043A063E06B2843E06393
:101540000120F8BD20680068C043C007E8D1002032
:10155000F8BD00001700008040420F000C00002082
:1015600070B50246082801D3084670BDD02050430C
:10157000164BD025C3186A431846144DC030847AE0
:1015800052198032002C05D00589D46C6D005D5B4A
:10159000641BD464048964001953D36C5918D16452
:1015A0000189491C89B20181642904D30021018188
:1015B0000121817202E0807A002802D06421D06C7F
:1015C00000E0D06CFEF788FE70BD00002004002013
:1015D000FFB585B008461E460F9F0E9C079907F081
:1015E00051FBE060009032680146104607F0BAFAFD
:1015F000206005983D464000010E0120C00745408F
:1016000000291BD07F20C0050599FFF79DFC0290A3
:10161000216A079807F036FB029907F0A3FA014602
:101620000122B068D207504007F09CFAA06128461A
:10163000009907F0EFFA03D2284609E00020E6E718
:101640003946E06807F0E6FA01D2384600E0E06883
:10165000716807F087FA059907F084FA616807F066
:1016600011FAFF21C9056060C84201D3002106E0DC
:10167000109907F0CFFA01D2109900E0616861601B
:10168000206807F0FFF9A16907F0FCF9606207988C
:10169000206209B0F0BD0000F1B51F4C0121C90561
:1016A000092760688E13FF06884204DAA2688A421E
:1016B00001DA002219E04000000E09D00122314673
:1016C000384603F066FB6168009807F0CFFA606067
:1016D000A5686800000E0CD02168009807F0D2F9C8
:1016E0000E492060884205DA01223146384603F06F
:1016F00050FBF8BD09490A4A494241189142D8D3E2
:1017000008498842F5DB7F21C905284607F0BAFA67
:10171000A06000202060F8BD10000020CDCC4C3E21
:10172000CDCC4C009A99993E084809490088401848
:1017300027280AD20748007B002806D10649012045
:1017400008707F200549C0050860704732000020FE
:101750002BFCFFFFD41000200011002014000020FB
:10176000F8B531480078002836D0304801210068AB
:10177000C905884230DA2E492F480A782D4E0025B7
:1017800000884C1C002A28D0012A25D12B498842E8
:1017900022D92A49643188421ED221464A78521CF5
:1017A000D7B24F70FFF7EAFCE41C616807F06AF9F2
:1017B0006060322F10D32249FFF7C6FB311D48600D
:1017C000E01E656045700120174930730D701E4999
:1017D0001C4A0A601D490870F8BDF522920090422B
:1017E000FAD9FF2292009042F6D22178491CCFB25A
:1017F0002770FFF7C3FC0E4D2D1D296807F042F935
:101800002860322FE8D30A4F00253F1D0C49FFF70F
:101810009BFB70603D6001202570391F08700A48ED
:101820000B490160F8BD00000011002014000020E9
:10183000E8000020D4100020320000209E070000A5
:10184000000048420000A040180000207000002066
:101850000000404010B504460846FFF787FC002C06
:1018600008D0054907F07EF90449FFF76DFB0449EC
:1018700007F008F910BD00000000B4420000484223
:101880000000A043F8B5184E717801291ED1194FF8
:101890001649174D7A684B882968541E002B02D0D0
:1018A000F37B002B0CD0002A10D007F0EBF87F213F
:1018B000C9052860884209DB7C60002C0AD006E05C
:1018C000002A03D0094A1278032AEED0F8BD00207E
:1018D0002860F8BD0849022008700120F07008490E
:1018E00006480860F3E70000DC110020F01100203A
:1018F00024010020241200200C1200200000A0402F
:1019000018000020F8B50D4D0026AF680C4C79008A
:10191000090E002910D0216B07F0B4F83F21090609
:101920002063884207DBE079C043E071384607F066
:10193000A9F9A8602663F8BDE671F8BDDC110020A6
:101940007C000020F8B5364E8446F078002841D05F
:10195000344D01272846C28833482B7D0024016876
:10196000002B43D07378012B0AD0687D002832D039
:101970000122D1022D4803F00CFA2C706C7532E074
:10198000642A27D8284D604607F07CF80121890792
:1019900003C507F03FF91DD2224D687D002807D00E
:1019A0000122D102214803F0F4F92C706C7507E094
:1019B00001210022C9021D4803F0EBF92C706F755C
:1019C0001C481B490160F4701C492C751A4848607A
:1019D00015480460F8BD01210022C902134803F034
:1019E000D8F92C706F75F4702C75F8BD642AFCD88A
:1019F0000546604607F046F87F21C9052860884201
:101A0000F3DD0F48446274700E48F47081684160E1
:101A10000D4807700D4807700D4807702C60F8BD21
:101A2000DC1100200C1200202801002000040048D6
:101A3000CDCCCC3D140000200000D841B4110020D2
:101A400080110020241200207A000020790000205C
:101A500078000020F8B50F4D6978022908D10E49A9
:101A60000026497801270D4C012902D0A6622F706B
:101A7000F8BDA16A07F006F801218907A062884233
:101A800006DD8121C9052F708842F1DBA662F8BD11
:101A90002E70F8BD34120020DC1100207C000020E4
:101AA00070B50D4C0546A07F002807D0FFF766FBF8
:101AB000294607F0E7F8FFF71DFBA077064C4034F6
:101AC000A07A002807D0FFF759FB294607F0DAF87B
:101AD000FFF710FBA07270BDC8030020F0B52948C5
:101AE0002949007A0C235843254A44182748167878
:101AF000012543780021002E14D02548022687882E
:101B0000865FB7420DD047888780A6600678002E92
:101B100000D001701F48012B057002D11F4E1E48D6
:101B2000306011705078002814D01D480227042618
:101B3000C75F865FB7420CD0468066600678002E8D
:101B400000D001701348012B057002D1134E1248CA
:101B5000306051709078002811D01248876806686C
:101B6000B74209D0866046600A48E6600570012BDE
:101B700002D10A4B08481860044891708170F0BD8A
:101B8000780000203412002054100020DC110020C6
:101B90000C12002070000020CDCCCC3D14000020A1
:101BA000F011002024120020F1B5144F3F26787B5D
:101BB00036060025124C00280BD0616B009806F009
:101BC00061FF6063B04206DBA07AC043A072656328
:101BD00001E06563A572387B00280BD0A16B0098EB
:101BE00006F050FFA063B04203DBE07AC043E0722E
:101BF000A563F8BDA563E572F8BD0000DC11002007
:101C00007C000020F1B57C4D82B0A86C00904000B3
:101C1000010E7A483F26877A00243606002901D033
:101C2000002F01D0AC7014E0E968029806F02AFF9A
:101C30003146E86088420DDB009807F023F8A8647D
:101C4000A9784000C943A970000E02D16C49012057
:101C50000870EC606848C06C00904000010E694854
:101C6000857F01D0002D02D06348447019E062489E
:101C70000169029806F006FF5F4908613146884213
:101C800010DB009806F0FEFF5B495B4AC8644978A8
:101C90004000C9435170000E02D15B490120087019
:101CA000554804615448006D00904000000E03D078
:101CB000002F01D1002D02D04F48C47019E04E48CA
:101CC0004169029806F0DEFE4B4948613146884280
:101CD00010DB009806F0D6FF4749474A0865C978E7
:101CE0004000C943D170000E02D14849012008705C
:101CF000414844614048406C00904000000E03D0D1
:101D0000002F01D1002D02D03B4804701DE03A485D
:101D10008169029806F0B6FE3749886131468842EB
:101D200014DB009806F0AEFF3349334A4864097863
:101D30004000C9431170000E06D1344901200870DB
:101D4000314908702E4908702B4884612A48406D3B
:101D500001904000010E2E480078009001D0002D27
:101D60000CD025480472C461234DA86D0190400039
:101D7000000E01D0002F1AD06C7236E0002811D06E
:101D80001D4D0298E96906F07DFE3146E861884202
:101D9000EADB019806F076FF6865287AC04328726E
:101DA000EC61E1E71448C46144650472DCE7009823
:101DB000174F00281BD0296A029806F063FE3146AF
:101DC0002862884212DB019806F05CFF0121C905F8
:101DD000A865884206DA7878022803D1B878387284
:101DE00005F022FE687AC04368722C62FEBD2C6248
:101DF000AC656C72FEBD00007C0000200804002071
:101E000078000020C8030020790000207A0000201C
:101E10003412002010B5064C216906F033FE7F21F4
:101E2000C9052061884202DB0020E080206110BDEE
:101E30000C120020F8B52F4A002551782E4C0029AD
:101E400055D02E4B2E4E5B78012B01D1022901D0AB
:101E5000D6804AE0616A4B001B0E3FD113795B1CB0
:101E6000DBB21371112B01D906231371DFB23B00D2
:101E700006F076FD120A0C0E10121416181A1C1F0A
:101E80002225282B2E303234D68027E0012324E06F
:101E9000032322E0072320E00F231EE01F231CE082
:101EA0003F231AE07E2318E0FC2316E0FF23F933DA
:101EB00013E03F231B0110E03F235B010DE03F23B4
:101EC0009B010AE00E4B7E3B07E00D4BFC3B04E020
:101ED0000C4B02E00C4B00E00C4BD38006F0D2FD23
:101EE0003F2109066062884200DB6562F8BDD5804B
:101EF000FBE70000341200207C000020DC110020F1
:101F0000FF0F0000070E00000F0C00001F0800006C
:101F100010B5024802F0D2FC10BD00007001002094
:101F200010B5024802F0CAFC10BD00006403002096
:101F300010B504460068054940181421FEF7CCF995
:101F4000800020640248E06310BD0000F8FFFDBF80
:101F50000000024030B5056C0124AC40C56B6C60DC
:101F6000046863604368102B036803D099600068BD
:101F7000C26030BD9A600068C16030BD70B5234852
:101F8000002441782248012903D00481848104700F
:101F900070BD1F4A8388D1881289002B30D01B4C1A
:101FA00006780325E478002E07D0012E09D0022EF2
:101FB00010D0032EECD1038170BD934208D30126CB
:101FC0000670818191420CD98A420BD2018109E0CD
:101FD00002260670818191420AD28A4209D9018182
:101FE00007E00281002CE7D10189994206D270BD39
:101FF0000281002CFBD101899942F8D8057070BD8F
:10200000002A01D0018170BD048170BDDC11002067
:102010000C120020F1B55A485A4942780620002592
:10202000085E82B0002A73D002240C5F002C6FD0AF
:10203000554A564B12889A4201D2282306E0AF2215
:102040001201944201DA642300E08C234D490222FC
:1020500006268A5E8E5F271AB11ABC468E46002F6E
:1020600000DD39469942474974DA0A78002A1CD0C3
:102070000F460C26BE5F711C09B200911221795ED9
:10208000012A1FD0022A44D0032A53D03946042AF9
:102090000AD16246002A00DC72469A4203DBAF2274
:1020A0001201944262DB8C81FEBD844201DD01227B
:1020B00002E0844203DA02220A704882FEBD032055
:1020C0000870FEBD3882884201DDB88118E07D20AD
:1020D000C000844211D18E420DD12D4E0298F16B79
:1020E00006F0D0FC2B49F063884206DD0098B881E9
:1020F0007882F56301E02648C563788AB881388222
:10210000388A78820C20385E1430A0420FDAFEBD87
:102110002FE03882884201DAB88101E0B981398242
:10212000388A78820C20385E1438A042EFDC032015
:102130003870ECE7164F0298396C06F0A3FC812248
:102140001049D2053864A64205DA9042DFDB0098D8
:10215000888106E00AE0A64205DD9042D7DB761EC4
:102160008E813D64D3E704200870FAE70D70888102
:10217000CDE788810D824D8205480D70C563C6E7A5
:10218000DC110020F0110020300000209808000031
:102190007C00002000002041F8B5FF4D0C210024F8
:1021A000695E287EFFF756FBFEF77EFF06B20E2122
:1021B000695E287EFFF74EFBFEF776FF05B2F74813
:1021C000F74F017B002978D01B21F648FEF780F8F5
:1021D0000021F54803F066FDF34DC82029684863E7
:1021E000ED4E0820305EFF21F53188427ADDEF4860
:1021F000C07A002823D006220F210B2006F0E0FB36
:102200000E2211460C2006F0DBFB0C220F210D20C4
:1022100006F0D6FB0E210C22084606F0D1FB0F215A
:102220000E22084606F0CCFB04220E21102006F0F8
:10223000C7FB0825755F002D1CDB28461FE0002228
:102240000F210B2006F0BCFB00220E210C2006F013
:10225000B7FB00220F210D2006F0B2FB0E21002259
:10226000084606F0ADFB0F210022084606F0A8FB49
:102270000022DAE728466330632811D268427D21C4
:10228000C900FEF733F80A21FEF730F8CCB223007C
:1022900006F066FB0A14292B323436383F46480CC8
:1022A000BF48E9196438814208D80A2400220F2166
:1022B000104606F085FB04220AE05BE1BD4201DD29
:1022C0000F2227E000220F21104606F079FB0022A2
:1022D0000E21012006F074FB0825755F002D28DB18
:1022E000284632E031E1002214E00D220F210020C7
:1022F00006F066FB0622EBE7092214E0022212E058
:102300000B2200E00F220F21002006F059FB0C22C7
:10231000DEE701220F21002006F052FB0A22D7E758
:102320000F2200E00B220F21002006F049FB0E22B5
:10233000CEE728466330632801D20A244EE098484D
:10234000E9196438814207D868426421FDF7CEFF5D
:102350000A21FDF7CBFFCCB2230006F001FB0A06F1
:10236000191B222426282F36383F632D01DD0F222A
:1023700025E000220F21022006F022FB00220E2180
:10238000032006F01DFB0820305E00282DDA34E023
:10239000002214E00D220F21022006F011FB06227C
:1023A000EDE7092214E0022212E00B2200E00F22E6
:1023B0000F21022006F004FB0C22E0E701220F218E
:1023C000022006F0FDFA0A22D9E70F2200E00B22D4
:1023D0000F21022006F0F4FA0E22D0E700220F218E
:1023E000022006F0EDFA0422C9E70A21FDF77EFF7C
:1023F0000A21FDF77BFFCCB20AE001466331632975
:1024000004D36749C21964398A4201D84042ECE7D3
:10241000230006F0A5FA0A0608171E2022242B2DF9
:102420002F360F2200E000220F21042006F0C8FA08
:102430000A220E21052006F0C3FA0820305E00288B
:1024400026DA2AE00D220F21042006F0B9FA06222E
:10245000EFE709220FE002220DE00B2200E00F223D
:102460000F21042006F0ACFA0C22E2E70122DBE7A0
:102470000F2200E00B220F21042006F0A1FA0E2209
:10248000D7E700220F21042006F09AFA0422D0E7B1
:102490000A21FDF72BFFCCB20AE001466331632924
:1024A00004D33F49C21964398A4201D84042EFE758
:1024B000230006F055FA0A06082027292B2D34366A
:1024C000383F0F2200E000220F21062006F078FAA4
:1024D0000A220E21072006F073FA307E002830D041
:1024E00008210022084606F06BFA01221146052059
:1024F00006F066FA31E00D220F21062006F060FAA0
:102500000622E6E709220FE002220DE00B2200E09E
:102510000F220F21062006F053FA0C22D9E70122E0
:10252000D2E70F2200E00B220F21062006F048FA26
:102530000E22CEE700220F21062006F041FA0422E7
:10254000C7E7802211460720CDE70021164803F097
:10255000CDFCFF20296890304863124D00246006AE
:10256000295D000E012206F0F5F8641CE4B21B2C74
:10257000F5D3F8BD0948407B002875D000210A48F2
:1025800003F090FB0849C820096848631B210548EF
:10259000FDF79EFE004E0BE0F0110020DC11002044
:1025A000E7030000E4100020FC0100207C00002074
:1025B000707E002804D0012824D0022830D018E0F2
:1025C000F748807A00280AD0F648807B002806D198
:1025D00000220221082006F0F3F9002205E0022281
:1025E0001146082006F0ECF901220121032006F033
:1025F000E7F9ED48C07D002822D001284AD0022802
:1026000056D041E0E648807A002803D0E548807B38
:10261000002803D00422042108200CE00022FAE75D
:10262000DF48807A002803D0DE48807B002805D070
:1026300002220221092006F0C3F9D0E70022F8E7C0
:10264000D748807A002810D0D648807B01280CD14A
:10265000002201210C2006F0B3F9002201210A20FA
:1026600006F0AEF900220BE01DE2012211460C201B
:1026700006F0A6F9012211460A2006F0A1F902226D
:1026800002210A2006F09CF9307E002820D0012883
:1026900031D042E0C248807A002803D0C148807B14
:1026A000012803D00822082109200CE00022FAE7C3
:1026B000BB48807A002803D0BA48807B012805D027
:1026C00001220121112006F07BF9CEE70022F8E774
:1026D000B348807A002803D0B248807B042808D011
:1026E00080228021072006F06BF90022082108468D
:1026F00011E00022F5E7AA48807A002803D0A94813
:10270000807B04283BD008220821084606F058F9AF
:1027100000228021072006F053F9A14DA87A002855
:1027200003D0A048807B03282BD080228021012069
:1027300006F046F9A87A002803D09A48807B022840
:1027400021D00F221146122006F03AF900220E2164
:10275000112006F035F99348C07B00282ED00D22B9
:102760000F210B2006F02CF906220E210C2006F07A
:1027700027F91A25755F002D27DB28462AE000225D
:10278000C2E70022D2E700220F21122006F018F93A
:1027900000220E21112006F013F900220F210B2038
:1027A00006F00EF900220E210C2006F009F9002295
:1027B0000F210B2006F004F90022D6E700220F219A
:1027C0000B2006F0FDF80A22CFE728466330632885
:1027D00011D268427D21C900FDF788FD0A21FDF76D
:1027E00085FDCCB2230006F0BBF80A1226282F3153
:1027F00033353C43450B6D48E919814207D80A241B
:102800000022F021104606F0DBF8202209E0BD424C
:1028100001DDF02226E00022F021104606F0D0F87B
:1028200000227021012006F0CBF81A25755F002DDB
:1028300027DB284630E0002214E0D022F0210020DF
:1028400006F0BEF83022ECE7902214E0202212E0DD
:10285000B02200E0F022F021002006F0B1F8602262
:10286000DFE71022F021002006F0AAF85022D8E776
:10287000F02200E0B022F021002006F0A1F8702242
:10288000CFE728466330632801D20A244DE0474849
:10289000E919814207D868426421FDF727FD0A2122
:1028A000FDF724FDCCB2230006F05AF80A06191BE6
:1028B000222426282F36383F632D01DDF02225E023
:1028C0000022F021022006F07BF800227021032074
:1028D00006F076F81A20305E00282DDA34E0002267
:1028E00014E0D022F021022006F06AF83022EDE751
:1028F000902214E0202212E0B02200E0F022F02129
:10290000022006F05DF86022E0E71022F0210220AC
:1029100006F056F85022D9E7F02200E0B022F0216C
:10292000022006F04DF87022D0E70022F0210220AC
:1029300006F046F82022C9E70A21FDF7D7FC0A2154
:10294000FDF7D4FCCCB209E001466331632903D31F
:102950001649C2198A4201D84042EDE7230005F02A
:10296000FFFF0A06081727292B2D3436383FF0229F
:1029700000E00022F021042006F022F8502270210D
:10298000052006F01DF81A20305E00282FDA33E00B
:10299000D022F021042006F013F83022EFE70000E7
:1029A0007C000020DC1100200C12002083030000BA
:1029B00090220FE020220DE0B02200E0F022F02172
:1029C000042005F0FDFF6022D9E71022D2E7F022B3
:1029D00000E0B022F021042005F0F2FF7022CEE7E3
:1029E0000022F021042005F0EBFF2022C7E70A2196
:1029F000FDF77CFCCCB209E001466331632903D3C7
:102A0000FE49C2198A4201D84042F0E7230005F08E
:102A1000A7FF0A0608242B2D2F31383A3C43F02219
:102A200000E00022F021062005F0CAFF50227021AC
:102A3000072005F0C5FF80221146052005F0C0FFE4
:102A4000EF4D00246006295D000E012205F082FE94
:102A5000641CE4B21B2CF5D3F8BDD022F021062073
:102A600005F0AEFF3022E2E790220FE020220DE0D9
:102A7000B02200E0F022F021062005F0A1FF602244
:102A8000D5E71022CEE7F02200E0B022F0210620A8
:102A900005F096FF7022CAE70022F021062005F01B
:102AA0008FFF2022C3E70021D64803F0FBF8D54969
:102AB000C820096848631B21D148FDF709FC002E96
:102AC00003DB7D21C900304606E0304663306328D1
:102AD00011D27D217042C900FDF708FC0A21FDF7E3
:102AE00005FCCCB2230005F03BFF0A0E21232A2C63
:102AF0002E30373E40070A2400220F21104605F0F1
:102B00005FFF042209E0BE4201DD0F2225E0002222
:102B10000F21104605F054FF00220E21012005F080
:102B20004FFF002E28DB6421304631E0002214E004
:102B30000D220F21002005F043FF0622EDE70922B8
:102B400014E0022212E00B2200E00F220F210020ED
:102B500005F036FF0C22E0E701220F21002005F0EE
:102B60002FFF0A22D9E70F2200E00B220F210020BD
:102B700005F026FF0E22D0E730466330632801D2ED
:102B80000A2456E09D48F119814207D87042642119
:102B9000FDF7ACFB0A21FDF7A9FBCCB2230005F041
:102BA000DFFE0A0622242B2D2F31383F4148632EA9
:102BB0000ADD0F221146022005F002FF0A220E2133
:102BC000032005F0FDFE0BE000220F21022005F09E
:102BD000F7FE00220E21032005F0F2FE002E2FDB6F
:102BE0000A21304636E0002214E00D220F21022097
:102BF00005F0E6FE0622EDE7092214E0022212E0CB
:102C00000B2200E00F220F21022005F0D9FE0C223A
:102C1000E0E701220F21022005F0D2FE0A22D9E7C7
:102C20000F2200E00B220F21022005F0C9FE0E2228
:102C3000D0E700220F21022005F0C2FE0422C9E7DE
:102C400030466330632803D36C48F119814207D8BA
:102C500070420A21FDF74AFB0A21FDF747FBCCB27F
:102C6000230005F07DFE0A0608171E2022242B2DC6
:102C70002F360F2200E000220F21042005F0A0FED5
:102C80000A220E21052005F09BFE002E28DB0A21DA
:102C900030462FE00D220F21042005F091FE062280
:102CA000EFE709220FE002220DE00B2200E00F22E5
:102CB0000F21042005F084FE0C22E2E70122DBE76D
:102CC0000F2200E00B220F21042005F079FE0E22D6
:102CD000D7E700220F21042005F072FE0422D0E77E
:102CE00030466330632803D34448F119814204D845
:102CF00070420A21FDF7FAFACCB2230005F030FE4B
:102D00000A06083B424446484F51535A0F2200E0FE
:102D100000220F21062005F053FE0A220E21072073
:102D200005F04EFE384E707800284AD00022F0217F
:102D3000104605F045FE00227021012005F040FEFE
:102D40000022F021022005F03BFE0022702103202A
:102D500005F036FE0022F021042005F031FE0022AD
:102D60007021052005F02CFE0022F021062005F040
:102D700027FE0022A3E10D220F21062005F020FEF0
:102D80000622CBE709220FE002220DE00B2200E031
:102D90000F220F21062005F013FE0C22BEE70122B0
:102DA000B7E70F2200E00B220F21062005F008FEF6
:102DB0000E22B3E700220F21062005F001FE0422B7
:102DC000ACE7002D04D02BDB7D21C90028462EE086
:102DD0000022F021104605F0F3FD20227021012091
:102DE00005F0EEFD0022F021022005F0E9FD202291
:102DF0007021032005F0E4FD002207E083030000BA
:102E0000E4100020FC0100207C000020F0210420C0
:102E100005F0D6FD20227021052005F0D1FD66E1E8
:102E200028466330632809D27D216842C900FDF736
:102E30005DFA0A21FDF75AFACCB205E0F848E91923
:102E4000814201D80A2441E0230005F089FD0A06E9
:102E5000191B222426282F36383FBD4201DDF022DF
:102E600025E00022F021104605F0AAFD0022702185
:102E7000012005F0A5FD002D2FDB6421284638E058
:102E8000002214E0D022F021002005F099FD30222C
:102E9000EDE7902214E0202212E0B02200E0F022C0
:102EA000F021002005F08CFD6022E0E71022F021E7
:102EB000002005F085FD5022D9E7F02200E0B02285
:102EC000F021002005F07CFD7022D0E70022F021E7
:102ED000104605F075FD2022C9E7284663306328B7
:102EE00001D20A2456E0CE48E919814207D8684247
:102EF0006421FDF7FBF90A21FDF7F8F9CCB22300B4
:102F000005F02EFD0A0622242B2D2F31383F414893
:102F1000632D0ADDF0221146022005F051FD5022FA
:102F20007021032005F04CFD0BE00022F02102206F
:102F300005F046FD00227021032005F041FD002D23
:102F40002FDB0A21284636E0002214E0D022F021AF
:102F5000022005F035FD3022EDE7902214E020221A
:102F600012E0B02200E0F022F021022005F028FD5E
:102F70006022E0E71022F021022005F021FD50221E
:102F8000D9E7F02200E0B022F021022005F018FD80
:102F90007022D0E70022F021022005F011FD20224E
:102FA000C9E728466330632803D39D48E919814265
:102FB00007D868420A21FDF799F90A21FDF796F929
:102FC000CCB2230005F0CCFC0A0608171E202224F0
:102FD0002B2D2F36F02200E00022F021042005F0F6
:102FE000EFFC50227021052005F0EAFC002D28DBC3
:102FF0000A2128462FE0D022F021042005F0E0FC31
:103000003022EFE790220FE020220DE0B02200E016
:10301000F022F021042005F0D3FC6022E2E7102228
:10302000DBE7F02200E0B022F021042005F0C8FC2C
:103030007022D7E70022F021042005F0C1FC2022F5
:10304000D0E728466330632803D37548E9198142E5
:1030500004D868420A21FDF749F9CCB2230005F0F3
:103060007FFC0A06080F16181F21282A2C46F0227A
:1030700000E00022F021062005F0A2FC50221EE014
:10308000D022F021062005F09BFC302217E0902290
:1030900000E02022F021062005F092FC70220EE0D4
:1030A000B02200E0F022F021062005F089FC602229
:1030B00005E01022DEE7F022ECE7B022EAE770211B
:1030C000072005F07DFC574C2089B84259D97D2155
:1030D000C900FDF701F90A21FDF7FEF80B0005F024
:1030E0003FFC0A500D141B1D24262D2F31490022B0
:1030F000F021062005F064FC2022E0E700220F21E9
:10310000122005F05DFC0A221EE00D220F21122084
:1031100005F056FC062217E0092200E002220F21EA
:10312000122005F04DFC0E220EE00B2200E00F22D3
:103130000F21122005F044FC0C2205E00122DEE7FD
:103140000F22ECE70B22EAE70E21112005F038FCF4
:10315000208963285AD96421FDF7BEF80A21FDF7BA
:10316000BBF80B0005F0FCFB0A520F161D1F2628AA
:103170002F31334B00220F21122005F021FC0422B5
:10318000E2E70F22BBE700220F210B2005F018FC1D
:103190000A221EE00D220F210B2005F011FC062251
:1031A00017E0092200E002220F210B2005F008FCA5
:1031B0000E220EE00B2200E00F220F210B2005F063
:1031C000FFFB0C2205E00122DEE70F22ECE70B22D9
:1031D000EAE70E210C2005F0F3FB208909285AD9D3
:1031E0000A21FDF779F80A21FDF776F80B0005F0C2
:1031F000B7FB0A520F1B22242B2D3436384B0022EA
:103200000F210B2005F0DCFB0422E2E70F22BBE7D5
:1032100000220F210D2005F0D3FB0A2223E000003D
:10322000830300000C1200200D220F21104605F030
:10323000C7FB062217E0092200E002220F210D2021
:1032400005F0BEFB0E220EE00B2200E00F220F2144
:103250000D2005F0B5FB0C2205E00122D9E70F2275
:10326000ECE70B22EAE70E21084605F0A9FB2089CE
:103270000A21FDF731F80B0005F072FB0A0F11432C
:103280004A4C4E5057595B6200220F210D2005F029
:1032900097FB0422E7E70F22BBE70F2200E00022A2
:1032A0000F21084605F08CFB0A220E21102005F0A4
:1032B00087FBB07800284AD00022F021122005F0C8
:1032C0007FFB00227021112005F07AFB0022F02103
:1032D0000B2005F075FB002270210C2005F070FB1F
:1032E0000022F0210D2005F06BFB002270210E2042
:1032F00005F066FB0022F0210F2005F061FB0022A3
:103300004CE10F210D22084605F05AFB0622CCE7BE
:1033100009220FE002220DE00B2200E00F220F2114
:10332000084605F04DFB0C22BFE70122B8E70F224B
:1033300000E00B220F21084605F042FB0E22B4E705
:103340000F210022084605F03BFB0422ADE760890F
:10335000002811D0B84272D97D21C900FCF7BCFF0A
:103360000A21FCF7B9FF0B0005F0FAFA0A69252CCF
:1033700033353C3E454749610022F021122005F0DB
:103380001FFB20227021112005F01AFB0022F021E2
:103390000B2005F015FB202270210C2005F010FBFE
:1033A0000022F0210D2005F00BFB202270210E20C1
:1033B00005F006FBFBE00022F021122005F000FBE7
:1033C00050221EE0D022F021122005F0F9FA30221E
:1033D00017E0902200E02022F021122005F0F0FA00
:1033E00070220EE0B02200E0F022F021122005F061
:1033F000E7FA602205E01022DEE7F022ECE7B022D7
:10340000EAE77021112005F0DBFA608963285BD9B7
:103410006421FCF761FF0A21FCF75EFF0B0005F059
:103420009FFA0A5310171E2027293032344C0022ED
:10343000F021122005F0C4FA2022E2E7FFE7F02293
:10344000BAE70022F0210B2005F0BAFA50221EE064
:10345000D022F0210B2005F0B3FA302217E09022A1
:1034600000E02022F0210B2005F0AAFA70220EE0E5
:10347000B02200E0F022F0210B2005F0A1FA60223A
:1034800005E01022DEE7F022ECE7B022EAE7702147
:103490000C2005F095FA6089092855D90A21FCF716
:1034A0001BFF0A21FCF718FF0B0005F059FA0A4D23
:1034B0000F161D1F26282F3133460022F0210B2026
:1034C00005F07EFA2022E2E7F022BBE70022F0219D
:1034D0000D2005F075FA50221EE0D022F0210D20BB
:1034E00005F06EFA302217E0902200E02022F02151
:1034F0000D2005F065FA70220EE0B02200E0F02207
:10350000F0210D2005F05CFA602205E01022DEE7D4
:10351000F022ECE7B022EAE770210E2005F050FA25
:1035200060890A21FCF7D8FE0B0005F019FA0A0F92
:1035300011181F21282A313335400022F0210D2097
:1035400005F03EFA2022E7E7F022C0E7F02200E093
:103550000022F0210F2005F033FA50221EE0D02285
:10356000F0210F2005F02CFA302217E0902200E025
:103570002022F0210F2005F023FA70220EE0B02265
:1035800000E0F022F0210F2005F01AFA602205E099
:103590001022DEE7F022ECE7B022EAE770211020EB
:1035A00005F00EFAFA4D286800283FD106E0002207
:1035B000F0210F2005F004FA2022EFE7F549897881
:1035C000032933D000220F211A2005F0F9F9002237
:1035D0000721192005F0F4F900220F21182005F029
:1035E000EFF900220721172005F0EAF900220F2148
:1035F000162005F0E5F900220721152005F0E0F975
:1036000000220F21142005F0DBF9002207211320EE
:1036100005F0D6F900220121082005F0D1F9002299
:103620008021132005F0CCF900228CE1F178E1270C
:103630003F01002924D000220F211A2005F0C0F9F3
:1036400000220721192005F0BBF900220F211820C4
:1036500005F0B6F900220721172005F0B1F9002284
:103660000F21162005F0ACF900220721152005F0E6
:10367000A7F900220F21142005F0A2F900224DE144
:10368000002804D0E868B84220D3C34922E00022D1
:103690000F211A2005F094F902220721192005F0C4
:1036A0008FF900220F21182005F08AF90222072144
:1036B000172005F085F900220F21162005F080F96A
:1036C00002220721152005F07BF942E13B280DD9A4
:1036D0004B21C900FCF700FEC0B2030005F040F921
:1036E0000A080A19202224262D2F313800282FD02D
:1036F0000F2200E000220F211A2005F061F90522B7
:103700000721192005F05CF9E868B84227D339464B
:1037100028E00D220F211A2005F052F90322EFE7CD
:1037200009220FE002220DE00B2200E00F220F2100
:103730001A2005F045F90622E2E70122DBE70F2215
:1037400000E00B220F211A2005F03AF90722D7E7F3
:1037500000220F211A2005F033F90222D0E73B287E
:103760000ED93C21FCF7B8FD0A21FCF7B5FD0B0092
:1037700005F0F6F80A080A21282A2C2E3537394098
:10378000002837D00F2200E000220F21182005F07A
:1037900017F905220721172005F012F9E868B84249
:1037A0002FD33946FCF798FD08464B21C900FCF79A
:1037B00093FDC0B230E00D220F21182005F000F972
:1037C0000322E7E709220FE002220DE00B2200E0CE
:1037D0000F220F21182005F0F3F80622DAE7012264
:1037E000D3E70F2200E00B220F21182005F0E8F8A4
:1037F0000722CFE700220F21182005F0E1F802226E
:10380000C8E73B2801D8002845D03C21FCF764FDDF
:1038100008460A21FCF760FD030005F0A1F80A063E
:10382000081D2426282A3133353C0F2200E00022CF
:103830000F21162005F0C4F805220721152005F0F8
:10384000BFF8E868394688422CD3FCF745FD0846A6
:103850003C21FCF741FD2DE00D220F21162005F043
:10386000AFF80322E9E709220FE002220DE00B2264
:1038700000E00F220F21162005F0A2F80622DCE757
:103880000122D5E70F2200E00B220F21162005F0C0
:1038900097F80722D1E700220F21162005F090F8B3
:1038A0000222CAE73B2801D8002852D03C21FCF76D
:1038B00013FD08460A21FCF70FFD0B0005F050F838
:1038C0000A06080F16181F21282A2C490F2200E08B
:1038D00000220F21142005F073F805221EE00D22AE
:1038E0000F21142005F06CF8032217E0092200E0F4
:1038F00002220F21142005F063F807220EE00B22AC
:1039000000E00F220F21142005F05AF8062205E0EE
:103910000122DEE70F22ECE70B22EAE70721132062
:1039200005F04EF801221146082005F049F870799B
:10393000002815D000228021132005F041F8E86806
:10394000B8420FD2042204210A2005F039F80022DF
:103950000EE000220F21142005F032F80222DDE7EC
:103960008022E8E7002204210A2005F029F8082235
:1039700008210A2005F024F8084D287E00280FD0E1
:1039800008221146104605F01BF800220EE0000048
:1039900024120020DC110020A08C0000F011002077
:1039A00008210022084605F00BF88022802107201C
:1039B00005F006F8307900280FD0002202210820F7
:1039C00004F0FEFF00220121032004F0F9FF687ECD
:1039D000012809D002280BD00FE00222114608204E
:1039E00004F0EEFF0122EEE704221146082002E077
:1039F00002221146092004F0E3FF012211460520AE
:103A000004F0DEFF80221146052004F0D9FFDA48D9
:103A1000DA490088884201D2012200E00022012117
:103A2000072004F0CDFFD6480079002802D0F079B5
:103A300000280ED000220421092004F0C1FFB07933
:103A4000002808D0012808D0022820D0032813D14C
:103A500029E00422EFE7012200E0002201210C20EE
:103A600004F0AEFF012201210A2004F0A9FF022286
:103A700002210A2004F0A4FF802211460E2004F047
:103A80009FFFE07D012815D0022817D01BE00122FE
:103A900011460C2004F094FF012211460A2004F084
:103AA0008FFF0022E4E7012211460C2004F088FF7A
:103AB0000022D8E708221146092002E0012211461F
:103AC000112004F07DFFAF4CA079C00701D0102277
:103AD00000E0002210211A2004F072FFA079800774
:103AE00001D5082200E000220821172004F068FF19
:103AF000A079400701D5082200E000220821132008
:103B000004F05EFFA079000701D5102200E000223A
:103B10001021132004F054FFA079C00601D5202203
:103B200000E000222021132004F04AFFA079800643
:103B300001D5402200E000224021132004F040FF84
:103B4000A079400601D5802200E0002280211420C7
:103B500004F036FFA079000601D5802200E00022A3
:103B60008021162004F02CFFE088C00501D58022BA
:103B700000E000228021182004F022FFE088800568
:103B800001D5802200E0002280211A2004F018FFD5
:103B9000E088400501D5402200E0002240211A20A3
:103BA00004F00EFFE088000501D5202200E000228D
:103BB00020211A2004F004FF607800280FD020781C
:103BC000002809D0307A00285CD00022F02119208A
:103BD00004F0F6FE002280E03078002814D00022A5
:103BE000F021192004F0ECFE00227021182004F0CE
:103BF000E7FE0022F021172004F0E2FE00227021EF
:103C0000162004F0DDFE79E07022F021192004F086
:103C1000D7FE30227021182004F0D2FE0022F021BD
:103C2000172004F0CDFE20227021162004F0C8FEDB
:103C3000207A030004F094FE0A8D8F0C91939597DF
:103C4000999B9D1FF021152004F0BAFE50225BE0E5
:103C5000D022F021152004F0B3FE302254E0F021F0
:103C6000152004F0ADFE70224EE0F021152004F086
:103C7000A7FE602248E00022F021152004F0A0FEFB
:103C8000202241E0A078030004F06AFE0A06080F33
:103C900016181F214F515355F02200E00022F02149
:103CA000192004F08DFE502217E0D022F0211920B7
:103CB00004F086FE302210E0902200E02022F02165
:103CC000192004F07DFE702207E0B02200E0F0220F
:103CD000F021192004F074FE60227021182004F0F5
:103CE0006FFE0022F021172004F06AFE20227021CE
:103CF000162004F065FE707A00281ED00022F02104
:103D0000152004F05DFE00227021142004F058FEFE
:103D10001D4D00246006295D000E012204F01AFDED
:103D2000641CE4B21B2CF5D3F8BD1022B7E7F022D7
:103D3000C5E7B022C3E77022B8E7E078030004F0DB
:103D40000FFE0A080A070C0E10121416180692E746
:103D50007EE7F02276E7002274E790227FE72022B8
:103D60007DE7B02281E7F0227FE710226AE7F022A8
:103D700075E7B02273E700003000002098080000CB
:103D8000DC11002034120020E4100020F1B5A2481C
:103D90000189C06800F0F8FF9F4E0125AD079F4FD5
:103DA00001242036002806D19D48007B002875D1CB
:103DB0007079002803D03079012808D08DE096482A
:103DC000016A009804F05EFE9349086234719248DB
:103DD0000189C06800F0D8FF012834D18E48016AFB
:103DE000904809189048814228D28D4801790029CD
:103DF00002D03D60856021E0427B012A07D04178F6
:103E0000012913D089494B88002B0DD108E0817B13
:103E1000491CC9B2817304290CD90021817309E0BE
:103E2000834B9B88002B01D0002A17D07F4A0221A8
:103E30001170C4707B487F49404208600020307197
:103E400075497071086274487B49006A40187B4963
:103E5000884242D27079002810D03EE044700020A1
:103E60000870C97D012901D0022901D0744900E000
:103E70007449754A516075490860DBE76848017903
:103E8000002902D03D60856026E04178012906D0F6
:103E9000417B012905D0002917D019E099E03D6048
:103EA0001AE0002141738173614A6949137E0B77DF
:103EB000537E4B775D4BDB7D8B77528B20310A80B5
:103EC000C07B88706348047002E0447300218173F2
:103ED000544858494042086074714F48818E806B45
:103EE00000F052FF4C4E4036002806D14C48007B73
:103EF00000286ED1707C00280AD0307C012868D15F
:103F00004548818E806B00F03FFF012809D045E0D5
:103F10004148C16C009804F0B5FD3F49C864347451
:103F2000EEE73D48C16C3F4809183F48814230D216
:103F30003B480179002902D03D60856029E0417B42
:103F4000012908D00346407801280CD03748428820
:103F5000002A06D101E03D601BE0354A9288002A24
:103F600001D000292BD0314902200870DC703A487A
:103F70003C49047039482F4A0470394804700020C5
:103F8000086039490860394908602649494211608A
:103F900098700020307420497074C8641E483449F9
:103FA000C06C40183349884234D2707C002831D12B
:103FB0001B480179002913D03D60856029E05C70C1
:103FC00000210170C07D012801D0022802D01C48C8
:103FD00001E01FE01B481C4A50601C480160C6E716
:103FE000417B012904D011490A7D002A02D00CE04E
:103FF0003D600EE002220A70C4700C7516488C7584
:104000000470164804701648047006480949404276
:1040100008607474F8BD0000C80300201800002078
:10402000DC110020333333C23333F3010C12002090
:10403000F011002014000020FFFFBFBFFFFF3F0072
:104040000000F04100002042B4110020C000002018
:10405000B4100020700000207A00002079000020B9
:1040600078000020CC000020C8000020C400002000
:10407000FFFF3FC0FFFF7F0070B50120154C00031C
:104080002080401060800920C00601218902606004
:104090002181E060104864262061214626750025B4
:1040A00020318D71258501F06DFA01204003A08536
:1040B0004000E08509480121C9032063A186A0636F
:1040C000074821464031E0630E708D748D8201F007
:1040D00059FA70BDC80300208C0200200008004877
:1040E0004402002070B50C4C3C21A08B48431421A5
:1040F000FCF7F2F8FDF742F80026A0612546A683FA
:10410000403528893C2148431421FCF7E5F8FDF7A8
:1041100035F860642E8170BDC803002010B5012001
:10412000000300F053FD0120400300F04FFD10BDDF
:1041300010B5044801F026FA0021024801F0B8FB4E
:1041400010BD0000B401002072B6FEE70649002051
:10415000C8610648016904221143016101694022D6
:104160001143016170470000A803002000200240B5
:10417000064A0021D16106490A6902231A430A61ED
:10418000486108694022104308617047A803002075
:104190000020024010B5054B0022DA61044A136981
:1041A000012423431361018010BD0000A8030020F7
:1041B0000020024010B50B4A0020D168CB060A4906
:1041C00004D5C86902231843C8611020D3685B076F
:1041D00005D5CB6901242343CB6104210843D0607A
:1041E00010BD000000200240A803002070B5054665
:1041F00000F0D6FD0646104C0AE0681C08D0002DE1
:1042000004D000F0CDFD801BA84201D9032070BD71
:10421000E068C007F1D1E068800601D52020E060A9
:10422000E068C00602D4E068400703D5FFF7C2FF8C
:10423000012070BD002070BD0020024078B5002232
:104240000E4B4C1E15E0551CA5420ADCD5182E88D5
:104250006D462E802D7885546D466D788618757064
:1042600005E0D5182E886D462E802D788554921C39
:1042700092B28A42E7D3012078BD0000009800087E
:10428000F3B585B00D4600F071FC00200121174FF9
:104290000190039100900297694601A800F0CEFBBF
:1042A000002818D100246E1E1AE0601CB042059848
:1042B00005DC0019407801020598005D02E0015D0F
:1042C000FF200002081882B20023E119012000F04B
:1042D0000FFC002802D0002007B0F0BDA41CA4B23F
:1042E000AC42E2D300F0FAFB0120F5E700980008A9
:1042F00070B50A480A4D808800280DD0FCF73EFFB3
:1043000004460848408BFCF739FF2146FCF71CFEA9
:10431000294604F027FC70BD284670BD48000020E7
:1043200033335340A0F7FF1FF8B505460446203548
:10433000287D0026012808D0012028752068816882
:104340008907890F012908D101E00220F8BD016821
:10435000C9073CD1C168090439D4A16BFF220132DD
:10436000914302221143A163C1688907890F00911B
:10437000C16889088900C16020688168920711437B
:10438000816000F00DFD074612E000F009FDC01B42
:1043900002280DD920688068002809DAA06B022164
:1043A000884310210843A063002028750120F8BD30
:1043B000206880680028E8DB2068C168009A114303
:1043C000C160A06B80088000401CA06304E0A06B6B
:1043D00020210843A0630126002028753046F8BD3F
:1043E000F8B50025044620340095227D012A39D0F5
:1043F0000122227503689E68760767D4384F4E689D
:10440000BE424DD09E6A0F78BA4016439E62012389
:10441000C26A1B079A421FD0012A1DD0022A1BD054
:10442000032A19D0042A17D0052A15D0062A13D03A
:10443000072A11D002688B6856697607760FB34257
:104440000AD05369DB08DB005361006842690B7ACC
:104450005B075B0F1A4342610A68102A04D0112AD5
:1044600002D038E00220F8BD1E488368102A07D029
:1044700001229205134383600868102803D02AE0C4
:104480000122D205F6E7194817490068FBF724FF17
:104490000A21484300E0401E00900028FBD11AE0AA
:1044A000986A0E78B240904398620968102901D04A
:1044B000112910D10B488268102904D001218905E7
:1044C0008A43826007E00121C905F9E7816B202258
:1044D000114381630125002020752846F8BD0000A6
:1044E000011000000027014040420F000C00002096
:1044F000704770477047F8B504460068056846681D
:10450000690701D5710703D429072ED531072CD5AA
:10451000A16BC90604D4A16B012252021143A1630D
:10452000C1680C270905890F002919D1A17E00292E
:1045300016D1290714D581684A070121002A08DB12
:104540004268BA434260A06B0A0290430843A063EA
:1045500006E0A06B20221043A063E06B0843E063F9
:104560002046FFF7C5FF2068076028060CD53006F7
:104570000AD5A06B012109040843A063204600F07E
:10458000D7F8216880200860E80614D5F00612D517
:10459000A06A1025012803D02068C068C00708D091
:1045A000E06B02210843E063206805602046FFF7C6
:1045B000A1FF20680560F8BDF8B500260446002874
:1045C00005D0A06B25462035002802D007E0012049
:1045D000F8BD0020E0632875204600F0ABF8A06B22
:1045E0001022C006002870DB2068816849076CD45F
:1045F000A16B1301994302231943A16381688907C1
:10460000890F012905D10168C9070FD1C1680904C3
:104610000CD4C16818239943A3681943C16020686A
:104620000169636889008908194301612068C168CC
:104630003D4B1940C160207E617E8003C903084361
:10464000A17E4B031843A36A012B02D001231B0355
:1046500000E000231843E36818432369022B09D0C4
:10466000002318432B79E57E5B0018430123012DBD
:1046700002D00AE00423F4E7002927D0A16B20250B
:104680002943A163E16B1943E163E1690D46FF3DF5
:10469000C23D02D0256A294308432168CD680543FD
:1046A000CD600125E16A2D07A94213D0012911D05F
:1046B00002290FD003290DD004290BD0052909D0D8
:1046C000062907D0072905D010E028E001210904B8
:1046D0000843DAE721684D69ED08ED004D61216876
:1046E0004D69A78D7F077F0F3D434D612168C968E4
:1046F0000E4D2940814207D10020E063A06B800865
:104700008000401CA06308E0A06B02218843104396
:10471000A063E06B1843E06301263046F8BDA06B50
:104720001043A063F8E700001902FEFFE7FF3F8394
:104730007047000070B586B0054614216846FBF747
:10474000C9FD20492868884239D11F498A69401526
:1047500002438A618A69024005924A690002024363
:104760004A61496900260140059106200090032016
:104770000190092069460296C00600F033FA1348FA
:10478000134C41C48020266060604000A06080001F
:10479000E06020202061000260610D48083C00F0CC
:1047A000DBF8002801D0FFF7CFFC2C630022114674
:1047B0000C20656200F054FB0C2000F045FB06B0B5
:1047C00070BD0000002401400010024008000240BB
:1047D00070010020F7B50446006800258068400796
:1047E0003DD426462036307D01280AD00127377572
:1047F000607E012807D02046FCF76AFE050002D043
:104800002EE00220FEBDA06B16490840FF210131B9
:104810000843A0630020E0633075216B1248886272
:10482000216B1248C862216B1148086321681C2063
:104830000860206841681022114341602068C16807
:104840003943C1602168206B4031029B019A00F01E
:10485000ADF82068816804221143816000E00225E0
:104860002846FEBDFEF1FFFF41140008C7140008F2
:10487000AD14000870B50024014620314A78022AA0
:1048800003D004218163012416E0026813680E2519
:10489000AB431360026813685B085B00136001227E
:1048A000056C1346AB40C56B6B604A7000220A7002
:1048B000416B002900D08847204670BDF0B4C16B21
:1048C0000D6801680C680422066C1346B3402B4245
:1048D0000DD063070BD50B689B0602D40B6893437E
:1048E0000B60016C8A40C16B4A60C16A19E0022703
:1048F000B74002462F4001232032002F15D0A707D2
:1049000013D50C68A40604D40C680A25AC430C60CB
:104910005370036C02219940C36B596000211170E0
:10492000816A002916D0F0BC08470827B7402F42FB
:1049300010D024070ED50C680E25AC430C60046C17
:104940001946A140C46B61608363537000211170EC
:10495000016BE6E7F0BC704770B5040021D002217E
:104960002046203005464170226811680E48A36831
:104970000140606826691843E3683343184363695C
:104980001843A3691843E36918430843106020469D
:10499000FDF7CEFA0021A163012068702970084656
:1049A00070BD012070BD00000FC0FFFFF8B50446C8
:1049B0008C46203001780025012909D00126067097
:1049C00041780027012905D0077002252846F8BD47
:1049D0000220F8BD02214170A763206801684908E0
:1049E0004900016061462046FDF7B4FAE06A0028FC
:1049F0002068016802D00E22114306E00A2211430A
:104A00000160206801680422914301602068016808
:104A100031430160DAE7000070B5044600F0C0F9E8
:104A20000546601C02D004480078241800F0B8F94C
:104A3000401BA042FAD370BD00000020F8B5054627
:104A400023480F46017E012601290BD00121017662
:104A50002868204C012807D02046FFF7C7FB002814
:104A600013D030E00220F8BD2046FFF7BFFB00283E
:104A700029D1FFF76BFB2046FFF7B8FB0646164827
:104A800001690422914301611DE00020C0433860A8
:104A90006C6812E02046FFF76BFB0E48FFF7A6FBA1
:104AA00006460D48026902218A430261002E01D0A8
:104AB0003C6008E0012080022418A8688102686830
:104AC0000818A042E6D80248002101763046F8BD19
:104AD000A803002050C300000020024003480169E1
:104AE0008022114301610020704700000020024035
:104AF000F0B51FB407461A480024017E15461E462D
:104B0000012907D0012101761648FFF76FFB002825
:104B100003D020E0022005B0F0BD012F02D0022F0B
:104B200000D00427220128463146FBF723FB81B23F
:104B3000019862001018FFF72DFB0A48FFF756FB9B
:104B400009490A69520852000A61002803D1641C0D
:104B5000E4B2BC42E6D3024900220A76DBE7000059
:104B6000A803002050C30000002002400649002096
:104B70000A69120607D5054A4A60054A4A6009696A
:104B8000090600D501207047002002402301674537
:104B9000AB89EFCD30B50C4900220C88012384424B
:104BA00006D10C462034A579002D01D1A3710A85C8
:104BB000898D814206D104484030817C002901D191
:104BC0008374828230BD0000C803002010B5044900
:104BD0004A69024202D04861FFF7DCFF10BD0000C5
:104BE00000040140F8B5002303240125BAE02E4655
:104BF0009E40B44632407CD00E79B607B60F012EE7
:104C000001D0022E17D186682746B6465E00B7400F
:104C100000967646BE43B646CF68009EB7407646BD
:104C20003743876046686746BE430F79FF06FF0F2C
:104C30009F40374347600E79F643B6070ED0C668EB
:104C40002746B4465E00B646B7406646BE43B44605
:104C50008F687646B74066463743C7600E79B60719
:104C6000B60F022E14D1DE08B60036180096366A4A
:104C70005F07B446FE0E0F27B646B7406646BE43F2
:104C8000B4460F697646B74066463743009E3762A2
:104C900006682746B4465E00B646B7406646BE4341
:104CA0000F79B446BF07BF0F7646B7406646374315
:104CB00007604E68B603B60F53D02D4FBE692E4322
:104CC000BE61BE699F08F607F60F2A4EBF00BE19E7
:104CD0000096B6680F27B4469E07360FB646B74013
:104CE0006646BE430927FF06B446B84202D10027F4
:104CF00010E036E0204FB84201D101270AE01F4FF3
:104D0000B84201D1022705E01D4FB84201D1032767
:104D100000E005277646B74066463743009EB760F9
:104D2000184EB6684F689643FF0200D51643154FDC
:104D3000BE60FE684F689643BF0200D51643114F10
:104D4000FE607E684F689643BF0300D516430D4F43
:104D50007E603E684F689643FF0300D51643094ABC
:104D600016605B1C0A681646DE4000D03FE7F8BDBF
:104D70000010024000000140000400480008004804
:104D8000000C0048000401400069084000D00120E8
:104D90007047002A01D0816170478162704700002E
:104DA00001488068704700000000002002488168C8
:104DB00002788918816070470000002010B506480D
:104DC0000168102211430160002000F007F800F094
:104DD00027F8002010BD00000020024070B50446F6
:104DE0000D4D7D202978C000FBF776FA01460B486F
:104DF0000068FBF771FA00F0B7FA002809D1042C1B
:104E000007D200222146401E00F02AF800206C60E4
:104E100070BD012070BD0000000000200C000020CB
:104E200008B50848816901221143816181691140F7
:104E30000091C26901040A43C261C0690840009040
:104E400008BD000000100240002805DBC106C90EA5
:104E500001208840014908607047000000E100E03F
:104E600010B503F08BFD10BDBFF34F8F044903480D
:104E7000C860BFF34F8F00BFFDE700000400FA05D4
:104E800000ED00E0F8B50F46060059D03A4D28680D
:104E9000C007C00FB84209D2286840084000384314
:104EA00028602868C007C00FB84249D13068334C29
:104EB00081070CD5400704D5606807210902084323
:104EC00060606068F0218843B168084360603078B2
:104ED000C00726D0706801280ED0216802280ED0A5
:104EE000890700292CDA616889088900014361601B
:104EF000FFF756FF00900DE021688903F1E7890173
:104F0000EFE7FFF74DFF0099411A1D48814201D993
:104F10000320F8BD60680C21084071688900884250
:104F2000EFD12868C007C00FB8420BD928684008E5
:104F30004000384328602868C007C00FB84201D03D
:104F40000120F8BD3078400706D5606807210902C6
:104F50008843F1680843606000F018F86168094A06
:104F60000906090F515CC840074908600020FFF797
:104F700035FF0020F8BD0000002002400010024074
:104F800088130000748D00080C00002010B5104A32
:104F900051680C200B4603400E48042B17D0082BF9
:104FA00015D18B020C4C1B0FE45CD26A0A4B120722
:104FB000120F10339A5CC90305D500231946FBF77D
:104FC000EAF8214601E02046044903F0B1FC10BD97
:104FD0000010024000127A00548D000800093D00C4
:104FE000FEB5040070D02078DC4DC0074AD0686858
:104FF0000007800F012807D068680007800F02288B
:1050000009D16868C00306D5286880033AD560686E
:105010000028E7D036E06168012914D0012080041F
:10502000002901D0052914D02A68012109048A43E6
:105030002A602968814329606068002816D0FFF73C
:10504000AFFE06460EE028680121090408432860E7
:10505000F2E7296801432960F5E7FFF7A1FE801B0D
:1050600064286ED828688003F7D50BE0FFF798FE18
:10507000064604E0FFF794FE801B6428F1D82868F8
:105080008003F7D420780126800700283CDA68687E
:105090000007800F07D068680007800F022809D139
:1050A0006868C00306D42868800716D5E068012820
:1050B0000AD112E0E0680028286816D03043286042
:1050C000FFF76EFE074605E043E1FFF769FEC01BF0
:1050D0000228C6D828688007F7D52868F8218843B1
:1050E0002169C900084328600EE04008400028609C
:1050F000FFF756FE074604E0FFF752FEC01B0228EA
:10510000AFD828688007F7D42078000722D5E06957
:105110000028686A0ED030436862FFF741FE0746F8
:1051200004E0FFF73DFEC01B02289AD8686A80079A
:10513000F7D50FE0400840006862FFF731FE0746F0
:1051400005E09DE0FFF72CFEC01B022889D8686AA5
:105150008007F7D4207804274007002860DA002071
:105160000190E869C00008D4E969B8060143E96123
:10517000E969014001200091019079480168C90561
:1051800011D40168821511430160FFF709FE0090F8
:1051900005E0FFF705FE0099401A642870D87048B2
:1051A0000068C005F5D5A06801280AD0002801D004
:1051B000052810D0286A400840002862286AB843B1
:1051C00001E0286A30432862A068002812D0FFF767
:1051D000E7FD00900AE0286A38432862F1E7FFF70C
:1051E000DFFD0099411A5F48814249D8286A80074B
:1051F000F5D50DE0FFF7D4FD009006E0FFF7D0FDF8
:105200000099411A574881423AD8286A8007F5D454
:105210000198002804D0E969012000078143E96171
:105220002078C00635D5606901280CD0401D686B18
:1052300023D038436863686B400840006863FFF719
:10524000AFFD064622E0686B38436863686B304305
:105250006863FFF7A5FD064604E0FFF7A1FD801B8C
:1052600002285BD8686B8007F7D5686BF821884304
:10527000A169C900084368630BE0B8436863F4E7B9
:105280004CE0FFF78DFD801B022847D8686B800734
:10529000F7D4206A00285ED069680907890F0229BF
:1052A00042D0012636060228286805D0B04328607F
:1052B000FFF776FD044633E0B0432860FFF770FD4A
:1052C000074604E0FFF76CFDC01B022826D82868BB
:1052D0008001F7D4E86AE16A000900010843E86246
:1052E000616AA06A084369683D2212049143084339
:1052F0006860286830432860FFF752FD044604E0E8
:10530000FFF74EFD001B022808D828688001F7D55A
:1053100021E0FFF745FD001B022801D90320FEBD57
:1053200028688001F5D416E00128F8D06868E96A99
:1053300001221204636A02409A420AD10907E26A12
:10534000090F914205D10F2189040840A16A8842C2
:1053500001D00120FEBD0020FEBD00000010024073
:105360000070004088130000094910B5401E8842B3
:1053700001D9012010BD074C60610321081F03F013
:10538000FDFA0020A06107202061002010BD000070
:10539000FFFFFF0000E000E07047704730B50346B4
:1053A00020331A7F012A26D001221A770325CA68E2
:1053B0002D02AA438D6800242A430125AD02AA4389
:1053C0004D6800682A430125ED02AA430D682A436F
:1053D00001252D03AA430D692A4301256D03AA4324
:1053E0004D69C9692A430125AD03AA430A434264B2
:1053F0001C77002030BD022030BD0000F0B5024611
:105400002032137F012B1ED00125157702235377FD
:1054100006687468B3687027BC430F6827437760D9
:1054200000680A4CA04205D0094CA04202D0094CA9
:10543000A04204D180244968A34319438160557771
:1054400000201077F0BD0220F0BD0000002C0140CC
:10545000000400400040014070B5040005D025461E
:105460002035687F002802D006E0012070BD0020B2
:105470002877204600F014F802206877211D206864
:1054800002F022FD01204034A071A877E877207057
:105490006070A070E070207160716877002070BD4E
:1054A000F8B505462F4A03682F49102093420CD1C6
:1054B000CA690243CA61C9690022014000911146CC
:1054C0001120FFF7CDFC11200FE0284CA215A342BC
:1054D0000ED1C8691043C861C8691040002200900D
:1054E00011461320FFF7BCFC1320FFF7ADFCF8BDFD
:1054F0001F4CA3420ED18A690120000402438A6135
:10550000896900220140009111461420FFF7A8FC90
:105510001420EAE7174CA342E9D18C6901239B04CC
:105520001C438C618969154C194000911249216016
:105530006060234600208021083307C3C9008E0025
:10554000E6616161A0612046FFF706FA002801D0FC
:10555000FEF7FAFD0A480168314301606C622C6273
:105560006562F8BD001000400010024000200040BD
:1055700000400140004801401C000240640300203C
:1055800000000140014620314A7F012A01D001205C
:10559000704702224A770268D36801210B43D36027
:1055A0000068094A904205D0084A904202D0084A51
:1055B000904204D182685207520F062A02D0026834
:1055C0000A43026000207047002C014000040040A4
:1055D00000400140F8B5054604462035287F0026E6
:1055E000012817D001202877022068772268906868
:1055F0007727FF23B8431B02984390600868502820
:1056000038D00EDC20284FD006DC00284CD01028E3
:105610001ED149E00220F8BD302845D0402817D1DE
:105620003AE060282ED0702819D001221203801A87
:105630000FD090420CD1CB684A688968206802F08C
:1056400015FD20688168012292031143816000E00A
:10565000012601206877002028773046F8BDCB6806
:105660004A688968206802F001FD2168886838432B
:105670008860EEE7CA684968206802F007FE50219A
:10568000206806E0CA684968206802F039FE602197
:10569000206802F0F6FCDCE7CA684968206802F07E
:1056A000F5FD40212068F4E7226801461046F0E746
:1056B0007047000010B5054A0168914204D1007F8F
:1056C000012801D102F0BEFB10BD0000002C0140FA
:1056D000F8B504460020264620360090307F0D465F
:1056E00001280ED001203077002A0CD0042A19D0CE
:1056F000082A2AD00C2A51D0009000203077009838
:10570000F8BD0220F8BDEB6806CD083D206802F028
:10571000CFFD206882690C218A43826120688169FB
:10572000AA680FE0EB6806CD083D206802F0FBFD9B
:105730002068816903229202914381612068816916
:10574000AA68120211438161D7E72A682068964649
:10575000297B6A68036A9C46036AFF270137BB43BB
:105760000362C36909079B089B001343F02293431C
:10577000090E1943052263465202934372460A27D3
:105780003A4012021A43C16102622068C1690C22C8
:105790009143C1612068C169AA682CE02B68206828
:1057A0009E466F682B7B026ABC46016A01273F0355
:1057B000B9430162C16903273F02B94367463F020B
:1057C0000F430F2109038F431907090C05233943A0
:1057D0005B039A4373460A273B401B031343C16193
:1057E00003622068C269032189028A43C26120687A
:1057F000C169AA6812021143C1617EE770B5040055
:1058000005D025462035687F002802D006E001201B
:1058100070BD00202877204600F014F80220687739
:10582000211D206802F050FB01204034A071A877B0
:10583000E87720706070A070E07020716071687708
:10584000002070BD10B586B0044614216846FAF7F2
:1058500041FD15492068884223D114488269C1144A
:105860000A43826182690A400592426989010A43BA
:1058700042614069084005904812009000200221D2
:10588000029003900191049109206946C006FFF738
:10589000A9F9002211460E20FFF7E2FA0E20FFF7C9
:1058A000D3FA06B010BD0000002C014000100240E9
:1058B00070B503460446002520334030002908D047
:1058C000042909D008290AD046784279012E0BD143
:1058D00008E09E7F8278F9E7DE7FC278F6E70678F7
:1058E0000279F3E7012A01D0012070BD02220029CC
:1058F00009D004290ED0082912D0427042710C2917
:105900002ED001252AE09A7782702068C36813435D
:10591000C3600CE0DA77C2702068C268042304E038
:10592000027002712068C26808231A43C260012213
:10593000206802F015FB0C4A20680121904205D036
:105940000A4A904202D00A4A904204D18268520721
:10595000520F062A02D002680A430260284670BD30
:105960002068C2681023E0E7002C014000040040DA
:1059700000400140F8B504460068C6680569002784
:10598000A907002913DAB10711D5F91E0161012019
:105990002077206880698007204602D0FFF78AFEC2
:1059A00004E000F0C7F8204600F064F927776807A4
:1059B00016D5700714D504202168C0430861022061
:1059C0002077206880698005800F204602D0FFF78D
:1059D00071FE04E000F0AEF8204600F04BF92777A6
:1059E000280715D5300713D508202168C043086162
:1059F000042020772068C0698007204602D0FFF786
:105A000059FE04E000F096F8204600F033F92777BD
:105A1000E80616D5F00614D510202168C0430861A9
:105A2000082020772068C0698005800F204602D0BA
:105A3000FFF740FE04E000F07DF8204600F01AF980
:105A40002777E80708D0F00706D001202168C04377
:105A50000861204600F00AFB280608D5300606D566
:105A600080202168C04308612046FFF795FC680646
:105A700008D5700606D540202168C043086120463D
:105A800000F07AFEA80608D5B00606D520202168C9
:105A9000C04308612046FFF780FCF8BDF0B587B031
:105AA000044614216846FAF715FC1E4B22680024B0
:105AB0001D49181302251D4E9A421ED14B694210F2
:105AC00013434B614B69134005934A6902434A6192
:105AD0004969012701400591C020009009200294E6
:105AE0000497019503946946C006FFF77BF800957B
:105AF00002940497019503940EE00D4B9A420FD146
:105B00004A6902434A614969029401405815059166
:105B1000019504950394009069463046FFF762F8BA
:105B200007B0F0BD0004004000100240000400482F
:105B3000004801407047F8B5064604462036307FDD
:105B400000270D4601280ED001203077002A0CD006
:105B5000042A1BD0082A2FD00C2A3ED0012700206F
:105B600030773846F8BD0220F8BD206802F092FA7E
:105B700020688169082211438161206882690421BB
:105B80008A438261206881692A6912E0206802F0F4
:105B9000C5FA206882690121C9020A43826120682E
:105BA00081690122920291438161206881692A6999
:105BB000120211438161D2E7206802F0EFFA2068F7
:105BC000C16908221143C1612068C26904218A4366
:105BD000C2612068C1692A6912E0206802F020FBD6
:105BE0002068C1690122D2021143C1612068C269E3
:105BF000012189028A43C2612068C1692A691202AF
:105C00001143C161ABE770B5040005D025462035CE
:105C1000687F002802D006E0012070BD00202877B0
:105C2000204600F015F802206877211D206802F058
:105C30004BF901204034A071A877E877207060709C
:105C4000A070E070207160716877002070BD000066
:105C500008B500680549884207D10548C269022194
:105C60000A43C261C0690840009008BD00040040BA
:105C70000010024010B5074A0168914209D1007F27
:105C8000012806D104490020C870044803C800F068
:105C900077F910BD004801406A000020AC0A0020DE
:105CA0007047000030B504460222203000290AD097
:105CB00004290DD02046403008290ED04378012B0E
:105CC00010D0012030BD837F012BFAD182770AE00A
:105CD000C37F012BF5D1C27705E00378012BF0D10A
:105CE000027000E042700122206802F039F9124986
:105CF0002068124B884207D0984205D0104A904243
:105D000002D0104A904204D1426C0125ED032A438F
:105D1000426420680122884204D00B49884201D0A5
:105D2000984204D181684907490F062902D00168C9
:105D300011430160002030BD002C014000400140B3
:105D4000004401400048014000040040F8B504460A
:105D500000200D46009021462046203140309446D8
:105D6000002D0AD0042D0DD0082D10D04278022A23
:105D700012D04278012A11D075E08A7F022A0BD016
:105D80008A7FF7E7CA7F022A06D0CA7FF2E7027845
:105D9000022A01D00278EDE70220F8BD6246002A0F
:105DA00061D0002B5FD00226484F494A002D09D010
:105DB000042D18D0082D27D046700C2D44D001207A
:105DC000009080E08E77606A8762606AC262616A72
:105DD00040480863226861463432606AFEF7E6FD97
:105DE000002840D121E0CE77A06A8762A06AC26213
:105DF000A16A38480863226861463832A06AFEF713
:105E0000D5FD00282FD115E00670E06A8762E06AB0
:105E1000C262E16A2F480863226861463C32E06A48
:105E2000FEF7C4FD00281ED109E02068C1680122E8
:105E300052021EE02068C1680122920219E0206827
:105E4000C1680122D20214E0206B8762206BC2621B
:105E5000216B20480863226861464032206BFEF7C0
:105E6000A5FD002801D00120F8BD2068C1680122ED
:105E700012031143C16001222946206802F070F824
:105E8000154A20681549904207D0884205D0144B26
:105E9000984202D0134B984204D1436C0125ED0384
:105EA0002B43436420680123904204D00E4A904261
:105EB00001D0884204D181684907490F062902D0E0
:105EC0000168194301600098F8BD00007B7F00085D
:105ED000E17F000819800008002C014000400140CB
:105EE00000440140004801400004004070B50446F1
:105EF0000D460068002202F033F81D491B4B206854
:105F00008A10984208D01B4B984205D01A4B9842F1
:105F100002D01A4B98420AD1036A0B4207D1036A96
:105F2000134204D1436C0126F603B3434364206853
:105F3000036A0B4206D1016A114203D10168490884
:105F400049000160204620300121002D07D0042D9A
:105F500007D04034082D06D06170002070BD8177D5
:105F6000FBE7C177F9E72170F7E70000002C01405B
:105F70001111000000400140004401400048014070
:105F8000F8B500260D460446002907D0042D0DD093
:105F9000082D13D00C2D19D0012655E02068C168BA
:105FA000012252029143C160606A16E02068C16814
:105FB000012292029143C160A06A0EE02068C1688C
:105FC0000122D2029143C160E06A06E02068C16804
:105FD000012212039143C160206BFEF74BFC0022AB
:105FE0002946206801F0BCFF1C491B4B20688A1021
:105FF000984208D01A4B984205D01A4B984202D0CA
:10600000194B98420AD1036A0B4207D1036A134223
:1060100004D1436C0127FF03BB4343642068036A38
:106020000B4206D1016A114203D1016849084900B7
:106030000160214601202031002D07D0042D07D01A
:106040004034082D06D060703046F8BD8877FBE7F5
:10605000C877F9E72070F7E7002C01401111000024
:10606000004001400044014000480140F1B584B0C7
:10607000049801260168FA48B6070068F94D002720
:1060800081427DD1F84803908079002878D0F64885
:106090002038018D491C89B20185022970D3F34C47
:1060A000207B002805D12079002804D0F048066024
:1060B000A66005B0F0BD012109200903C006FEF766
:1060C00063FE01281ED1E8482038818B491C81835A
:1060D00002218177E5498978032902D0E34A012129
:1060E0009170E148203841884068FEF74DFEE14C50
:1060F000002808D0DC48203841884068FEF744FE7C
:1061000001287CD061E1D949487B002852D0887BA6
:10611000002808D001280ED0022815D003281BD053
:1061200004283FD051E1607E401CC0B26076022856
:10613000E8D9677649E1D048C17D491CC9B2C1752B
:106140000229DFD9C77540E1C87B401CC0B2C873C3
:106150000128D7D9CF7338E1608B643001B2E120D8
:1061600000016183814200DD60831A21615E0420A9
:10617000205EFF39F539814205DAA180012000E077
:1061800028E1BE4A1070BE4A00200C240346634337
:106190009B185C68A14200DA5960401CC0B2092813
:1061A000F3D912E1207E401CC0B220760128A9D983
:1061B00027760AE1B34800684000000EB2480BD0D1
:1061C000017A491CC9B20172092901D90121E9E00A
:1061D00001F0F2FBAB48F7E00278002A10D081789A
:1061E000491CC9B28170082901D901218170CAB244
:1061F000C1788A4201D3511CC1700272E1E06EE0A5
:106200008878012802D003283BD0DEE09648203869
:10621000007DFAF7B3FF94492039896902F0FAFC4E
:1062200013D20420205E7D21C9000090884201DA4B
:10623000401D1AE00A21FAF759F8002902D0009807
:10624000401AA080A0880A300FE0A0880A211430EC
:1062500000B2A0800090FAF749F8002906D07D220C
:106260000098D200904201DD401AA0801A20205EE2
:106270000421615EFF38F538814200DDA08083484B
:10628000A2E0794C203C207DFAF778FFA16902F06A
:10629000C1FC7F482C680BD2844201DA641D16E0F1
:1062A0003C212046FAF722F800290BD13C340EE0BD
:1062B000844201DA1E340AE03C212046FAF716F83F
:1062C000002902D0601A286002E0FF342D342C60CF
:1062D00070482968814200DD28606F4874E0634897
:1062E000417B002950D0817B002908D001290ED0A4
:1062F000022915D003291CD004293DD065E0607E19
:10630000002802D0401E60765FE00220FBE75A487A
:10631000C17D002902D0491EC17556E00221FBE76C
:10632000C17B002901D10221C173C9B2491EC173C9
:106330004BE0608BFF21643800B2F5316083884206
:1063400000DA61831A21615E0420205EFF39F5398D
:10635000814203DA494AA18001201070484A002096
:106360000C2343439B185C68A14200DA5960401C2F
:10637000C0B20928F4D928E0207E002802D0401EAF
:10638000207622E00120FBE73E4909684900090E1A
:106390000AD03D48017A491E0906090E017200D053
:1063A00016E70921017213E737490A78002A2ED02F
:1063B0008878401E0006000E887001D10820887081
:1063C000087201F0F9FA354806600398877126488B
:1063D000203807850498016831480068814200D060
:1063E00067E6214C2034A07C0028F9D0A08A401C0C
:1063F00080B2A0820228F3D31C48017B0029EFD190
:10640000017900296FD01A490E60866051E68078C4
:10641000012810D00328D8D1134C203C207DFAF756
:10642000ADFEA16902F0F6FB19482C6866D28442E1
:106430005CDC641F71E00C482038007DFAF79EFE9A
:1064400009492039896902F0E5FB36D20420205E33
:106450007D21C9000090884224DA401F3DE0000001
:106460008C02002024120020E8030020DC11002010
:1064700018000020F01100200C12002079000020EC
:1064800054100020C000002034120020C80000205A
:10649000100E0000C0A80000CC000020D00000209A
:1064A000440200200A21F9F721FF002902D00098B8
:1064B000401AA080A0880A380FE0A0880A2114386A
:1064C00000B2A0800090F9F711FF002906D07D22CC
:1064D0000098D200904201DD401AA0800420205E86
:1064E000002801DDCBE61FE0A780C8E63C2120465E
:1064F000F9F7FCFE00290BD13C3C0EE0844201DCA4
:106500001E3C0AE03C212046F9F7F0FE002902D0AB
:10651000601A286003E0FF3C2D3C20462C600028D8
:1065200000DBDAE62F60D8E68648407B012807D0FA
:10653000012149038448FEF727FC012803D090E09D
:1065400082480660B5E52089401C20810220A072A7
:106550007C488078032802D07A49022088707C48E1
:10656000C18D006BFEF710FC002807D07848C18D64
:10657000006BFEF709FC012878D072E075480068CE
:106580004000000E744807D0017A491CC9B201725C
:10659000092979D9012176E0017800290DD0C17847
:1065A000491CC9B2C17009297DD902217AE0C1789C
:1065B000017201F001FA694852E0624880780228CD
:1065C00002D003281FD04CE02078FAF7D7FD6049AD
:1065D000496C02F01FFB6248418806D20A3109B2B9
:1065E00041800A2906D164210AE01E3109B24180A6
:1065F0001E29F8D05A480222825E5A498A4200DD9A
:10660000418059482CE02078FAF7B8FD5049496C90
:1066100002F000FB2868554900900ED2884201DA4A
:10662000401D16E03C21F9F761FE002902D00098D8
:10663000401A0EE000983C300BE0884201DA1E3030
:1066400007E03C21F9F752FE0029F0D10098FF3015
:106650002D30014628604648814200DD28604548CB
:106660000660A774A78224E500E00DE039480068C1
:106670004000000E38480BD0017A491E0906090E69
:10668000017201D10921017201F096F9E9E70AE0EE
:10669000017800290FD0C178491EC9B2C170022902
:1066A00001D20921C170CAB281788A4200D97EE73D
:1066B000491CC1707BE723488078022810D003284A
:1066C000CFD12078FAF75AFD2149496C02F0A2FA9D
:1066D00028682649009024D2884217DC401F2CE00D
:1066E0002078FAF74BFD1A49496C02F093FA1C48DE
:1066F000418801D20A3900E01E3941801848022140
:10670000415E322900DB7CE747807AE73C21F9F7DC
:10671000EDFD002902D00098401A0EE000983C38A8
:106720000BE0884201DC1E3807E03C21F9F7DEFD72
:106730000029F0D10098FF382D38286000288EDA23
:106740002F608CE7DC1100200008004818000020B2
:10675000C8030020C000002034120020D400002014
:106760000C120020DC050000C4000020100E000008
:10677000C0A80000CC0000207047000010B5042124
:106780000148FFF78FFA10BDFC010020FEE7000072
:10679000FEB54649464C474B4A785B7DE16A01931A
:1067A000A6790025731EDBB20093731CDFB2012AA9
:1067B00015D0404A927D002A73D002F063F93F2140
:1067C0000906E06288426DDB01983A4900285FD0F3
:1067D000002E58D00098A071002857D05FE002F03A
:1067E00051F93F210906E06288424BDB314840887D
:1067F000002810D00198002807D0002E03D0009860
:10680000A071002808D1032003E0A771032F03D94A
:106810000120A07100E0A57127490420085E84468C
:10682000002803D02079C043207100E025711F4863
:106830000226C77B20481E49865F20484A79836824
:10684000D1434068C9B2002F0AD0002818D0002ECA
:1068500002D02679964213D0984211D0617110E08F
:1068600000280DD0144F002E02D02679964207D072
:10687000984205D060460028F0D038780328EDD043
:106880006571E562FEBD0320A07108E08D7506E02C
:10689000A771032F03D9A571F8E702E002E0E562D2
:1068A00000E0A57125716571FEBD0000DC110020BE
:1068B0007C0000200C120020F01100202412002087
:1068C000F1B582B04021DD48FEF75EFA0126B60739
:1068D000DB4F00240125002807D1DA48007B00287F
:1068E00079D1D948C178002904D0D7480078012847
:1068F00009D09FE0D4488168029802F0C3F8D249D9
:106900008860084605704021CC48FEF73DFA012812
:106910004BD1CD488168CD480918CD48814240D23D
:10692000C8480179002902D03E60866039E041788C
:10693000002902D1407B002801D03E6031E0C548EB
:106940004178012902D000291AD026E0C2490968FD
:106950004900090E0DD044700470047201F064F80F
:10696000BE480460BE480460BE480460BA48046083
:1069700013E0BD480570BD480570BD48057004E0D2
:1069800045700470057201F04FF8B4480460B448D3
:106990000460B4480460B0480660AC48B549404261
:1069A0000860A9480470C4708460A748B24982682E
:1069B0005218B2498A423DD2C07800283AD1A14843
:1069C0000179002908D14178012905D0407B0028B0
:1069D00005D03E602CE0A8E03E60866028E09D483F
:1069E000017800290FD04570047005728470C4705E
:1069F00001F01AF8994804609948046099480460C5
:106A00009548066010E002214170057085700921EB
:106A1000C170057291480460914804609148046017
:106A20008D48046001F000F88848924940420860AF
:106A30008548C57080218148FEF7A6F990490091EC
:106A4000002807D17F48007B00286ED17E4801795D
:106A5000002904D07C484078012809D051E07A48C8
:106A6000C168029802F00EF87749C8600846457080
:106A700080217248FEF788F9012819D172497348BC
:106A8000CA681218724882420FD26E48427B002AAE
:106A900001D03E6009E00279002A01D0047100E0D3
:106AA00005716A48734A404210604C700C71CC60AA
:106AB00065487149C268521870498A4221D20179E9
:106AC00000291ED15F490A79002A02D03E608E60FB
:106AD00016E0497B002912D16A496B4A0988891856
:106AE00027290CD269496A4A0D7000990C734A60D3
:106AF000684A8A607F225F49D2050A6000E03E60F2
:106B00000571FF2101314D48FEF73EF9002807D1FC
:106B10004C48007B00286CD14B484179002905D0B6
:106B20004948807801280AD056E062E04648016969
:106B3000029801F0A7FF4449086108468570FF21CB
:106B400001313E48FEF720F9012834D13E483F4943
:106B5000026952183E498A422AD23A490A79002AE1
:106B600002D03E608E6023E04A7B002A01D03E6066
:106B70001EE08A78032A0ED003228A70374A4649DB
:106B8000116035490C6036490C6036490C60364955
:106B90000D70364907E08C7040498C7740318C721B
:106BA0002E490C603249334A0D7028494942116020
:106BB00084704471046124482F49026952182F4996
:106BC0008A4209D24179002906D11E490A793E60DC
:106BD000002A00D08E60457101211848FEF7D4F8D4
:106BE000012807D0174D287B012802D1FEF73CF978
:106BF0002C73FEBD134E307B0028FAD135737473AD
:106C000027491F48B4730A7E203802774A7E254FF1
:106C10004277FA7D82770098498B0180224805707F
:106C20000C4844700470047200F0FEFE34717078F9
:106C30000128DED102203870F570FEBD0004004846
:106C400018000020DC1100201C000020333333C268
:106C50003333F30134120020C0000020CC000020A8
:106C6000C8000020C4000020780000207900002027
:106C70007A00002014000020FFFF3FC0FFFF7F00CC
:106C8000D4100020320000202BFCFFFF0011002058
:106C900000007A440000FA440000C040C80300200D
:106CA000F01100200C120020700000206420401E13
:106CB0000006000EFBD1704710B53C22FF210020DA
:106CC00001F048FD10BD10B500213C22084601F03E
:106CD00041FD10BD10B52A4C012220212046FEF7AF
:106CE00058F8012208212046FEF753F80122092016
:106CF000D103C006FEF74DF8FFF7D8FF0022202190
:106D00002046FEF746F8FFF7D1FF002001F0C4FD52
:106D1000012001F083FD032001F080FD042001F03B
:106D20007DFD052001F07AFD082001F077FD182097
:106D300001F074FD292001F071FD802001F06EFD4D
:106D4000402001F06BFDE32001F068FD01222021CD
:106D50002046FEF71EF80B48007B00280DD10021CD
:106D60000948FEF79FFF0849C82009684863FFF7F4
:106D7000A3FF7D20C000FDF74FFEFFF7A4FF10BD6D
:106D800000040048DC110020FC01002010B50C4874
:106D90000188491C01804188491C41808188491C27
:106DA0008180C188491CC1800189491C01814189B8
:106DB000491C41818189491C818100F061FF10BD1E
:106DC000F40000203EB5002121480091019102917C
:106DD0004160816001241D4A04610260C160042297
:106DE0004261017641768176C1769101C161890067
:106DF0000162014620310C718462FDF7DDFB002841
:106E000001D0FDF7A1F901200003019007200290B5
:106E1000009469460E48FDF7E3FA002801D0FDF71B
:106E200093F90220009069460948FDF7D9FA002835
:106E300001D0FDF789F91120009069460448FDF75B
:106E4000CFFA002801D0FDF77FF93EBD00240140B4
:106E50003001002008B50C4841690122114341610D
:106E6000406910400022009011460920FDF7F8FF0C
:106E70000920FDF7E9FF002211460A20FDF7F0FF87
:106E80000A20FDF7E1FF08BD00100240F0B587B011
:106E900014216846F9F71EFA494842690121C904DC
:106EA0000A43426142690A4005924269C9000A43A5
:106EB000426142690A400592426949110A434261AE
:106EC00042690A400592426949000A4342614069A9
:106ED000CD1108400590002229463A48FDF759FF98
:106EE000AF10092000223946C006FDF752FF0122EB
:106EF0000920D103C006FDF74CFF012228213148AB
:106F0000FDF747FF1124A800240400266A4651C259
:106F100069462D48FDF766FE032080030090019628
:106F2000694602962848FDF75DFEFF20C2300090BA
:106F30000196694602962348FDF754FE0095012507
:106F4000029669461F4803960195FDF74BFE0920FE
:106F500002966946C006009703960195FDF742FE2A
:106F60000320800200900920019669460296C0061F
:106F7000FDF738FE28036A4651C209206946C0065B
:106F8000FDF730FEE80300900324092001956946CF
:106F900002950394C006FDF725FE28200090019578
:106FA0006946029503940748FDF71CFE002211462E
:106FB0000720FDF755FF0720FDF746FF07B0F0BD9E
:106FC00000100240000400480008004810B50A48BC
:106FD00008490160FF21E0314160002181606322A6
:106FE0000161C2608161FEF737FA002801D0FDF728
:106FF000ABF810BD002000408C02002010B586B018
:1070000000240094174801940294039404941449B2
:10701000059401602F21846041600461446112493C
:107020008461C160FEF718FA002801D0FDF78CF8E2
:1070300001200003009069460A48FEF7CBFA0028B9
:1070400001D0FDF781F8202004A911C105480839B5
:10705000FEF7D4F9002801D0FDF776F806B010BD90
:1070600000400140D4020020E703000010B590B0BA
:107070001C2108A8F9F72EF920216846F9F72AF90A
:107080001F492048002412C004608460C4603B2172
:10709000046141600838FEF7DFF9002801D0FDF7F0
:1070A00053F81848FEF7AFFD002801D0FDF74CF863
:1070B00060200D94099408900A940B940C9400227B
:1070C00008A90E940F48FEF736FD002801D0FDF701
:1070D0003BF801200094400302940590019403942E
:1070E0000494694607940748FEF758F9002801D030
:1070F000FDF72AF80348FEF7D1FC10B010BD0000E0
:10710000004801401C03002010B586B000240594FF
:107110001848049400940194029415490394016062
:107120001549846041600461446114498461C1600F
:10713000FEF764FB002801D0FDF706F8049404A9CB
:107140000C480594FEF75AF9002801D0FCF7FCFF23
:10715000012001900094029400226946039405489E
:10716000FEF7B6FA002801D0FCF7EEFF06B010BD1E
:10717000002C0140B4010020BF120000FFFF0000FE
:1071800010B58AB0002407941C2168460894F9F7CA
:10719000A1F821481F490160772184604160FF21E7
:1071A000046190318461C160FEF72DFD002801D09B
:1071B000FCF7CAFF079407A917480894FEF71EF9C1
:1071C000002801D0FCF7C0FF6020009001940294D9
:1071D0000022694604941048FEF7ADFC002801D057
:1071E000FCF7B2FF042269460B48FEF7A4FC002816
:1071F00001D0FCF7A9FF0C2269460748FEF79BFC6B
:10720000002801D0FCF7A0FF0348FEF747FC0AB0B6
:1072100010BD000000040040FC01002010B50A4829
:1072200008490160FF21E031416000216322816053
:10723000C2608161FEF710F9002801D0FCF784FFDD
:1072400010BD00000010004044020020F3B561486A
:1072500085B00D46814200DD05465F490827CF5FB6
:107260002846FF23963890335C4C874202DAE3616C
:1072700007B0F0BD7D2212010026954219DC284698
:107280006438874215DA6168059801F0FBFB5449C0
:107290006060884202DAFA20E061E9E75049494239
:1072A000401803214905884201D2E661E0E76660A3
:1072B000DEE7954201DDAF42D9DBE81B31306328C0
:1072C00007D245481621415E022902DC0120607088
:1072D0000EE0607801280AD142484068F9F70AFEBA
:1072E000414A424BF9F7E2FCF9F7A6F8E060667014
:1072F0003C48E16841603846F9F738FF039028467A
:10730000F9F734FF0146374F394801903B46009763
:1073100002900C3B039A0598FAF75AF9FF20796A14
:10732000C005C14201D37E6203E03148814200DDE5
:1073300078622C48284F4068E0600820385EA842F8
:1073400019DA1620385EF9F711FF2649294B343136
:107350000293294A00910B46019202467F210C3B81
:10736000C9050598FAF734F91E483430416AFF2000
:10737000C005C14203D31B483430466205E0194AB8
:107380001D483432814200DD50620820385E1B4FB8
:10739000A84201DDE6611AE0A168059801F072FBE0
:1073A0000546A0600F483946406AF9F7CDFD2946E9
:1073B00001F030FC06D80B483430406AF9F774FE0F
:1073C000E06100E0E661A068B84200DC50E7A6603A
:1073D0004EE700001C0C0000F0110020040100200A
:1073E00000004040181100209A9999999999D93F25
:1073F0000000C8420000484200007A4300002041DB
:10740000F1B53448344942780025344C0E6884B0D4
:10741000012A02D1007B002802D0002065622BE007
:107420002F482E49838800934A6A5100002B40D090
:10743000C77D2A482B4B0C38012F17D0022F036031
:1074400016D0294B856043602248C078002816D0AA
:10745000080E0FD07F21C905104601F013FC6062B1
:10746000FF21C905C8422FD365622DE00360E9E71B
:107470001E4BE7E7606AF3E7306405B0F0BD1848DB
:10748000C088F9F77BFE05460098F9F777FE0146BC
:107490001748124B019002900C3B2A460094049826
:1074A000FAF796F8606AF9F725FE0B49096808644F
:1074B000E3E7080E0CD07F21C905104601F0E2FB7E
:1074C00060620C498842CFDB606AF9F713FED3E7AC
:1074D000606AF6E7DC110020FC010020B4110020F6
:1074E0000C1200200BD7A33C5939343CA69BC43B5B
:1074F0000000C8430000204210B50C210448FEF7EC
:10750000D1FB0122D1020348FDF743FC10BD00006E
:10751000FC010020000400480448034901600449BC
:1075200041600021816070470BD7233DA8110020E6
:1075300090C2753DFEE70000F3B5654D85B00A27A2
:10754000EF5F0698C01BF9F711FE0026009604466F
:107550006B7E604A6048012B0ED06049022B10D030
:1075600002605F4A426081605E4884420DDB06989B
:10757000F9F7FCFD5C490FE05C49026041605C4941
:10758000F1E75C4A02605C4AECE75C48844206DB57
:107590000698F9F7EBFD5A4901F0E4FA10E0594872
:1075A000844204DB0698F9F7E1FD5749F4E75748B0
:1075B000844231DB0698F9F7D9FD0121F9F7E2FDA4
:1075C0000646534884420ADAFF20F530874206DA3D
:1075D0000698F9F7CBFD4F4901F0C4FA06464E482C
:1075E0004E4920184E4D884232D27F21C905686924
:1075F00001F048FA01903846F9F7B8FD019901F019
:1076000009FB1AD20027324906202F61085EF9F7DC
:10761000ADFD68612F7044E04248844204DB069867
:10762000F9F7A4FD4049B7E70120C0058442C8DB53
:107630000698F9F79BFD3D49AEE72969059801F0E9
:1076400021FA3B492861884206DD0120287006E0C6
:1076500000202861287024E02878002821D006988E
:10766000F9F719FB0022334BF9F720FBF8F7E4FE9A
:10767000074617490A20085EF9F778FD0390069837
:10768000F9F774FD01463846134F2B4A0C37009723
:1076900001920290104B039A0598F9F799FF786AC6
:1076A00000903046009901F0EDF90121C9058C42A6
:1076B00005DA00200849286128700C314860F9F784
:1076C000F3FC01460598FFF7C1FD07B0F0BD0000CF
:1076D000F0110020CDCCCC3E74110020EC51B83D0F
:1076E000295C8F3D0000164366664640295C0F3ECC
:1076F0000BD7233ECDCC4C3EA69BC43C0000C842D9
:107700003333334000004842000020400000A041D5
:107710000000F0413333333FFFFF7FC0FFFFEF0234
:10772000040100200000A040CDCCCC3FCDCC8C3F4C
:10773000000020410000044000401C45FEB5074603
:107740003448874201DA0020FEBD3348874202DD1B
:107750007D204001FEBD314E0024A5007159384600
:1077600001F058FA05D8A8194168384601F0D0F957
:1077700005D3641CFF20A4B2A7308442EDD3204679
:10778000F9F7FCFC264901F07DF97F210546C90582
:1077900001F078F90290A0003158801900914068FA
:1077A00001F070FA41001F4A49081F4C1F4E9142D8
:1077B00010DAA54206DA3146284601F0D3F9F9F786
:1077C00099FC24E0284601F022F9F9F793FC0A21FC
:1077D00048431CE001902946029801F053FA0290B8
:1077E0003846009901F04EFA029901F0BBF901996F
:1077F000F9F7AAFB294601F045F9A04201DB01F0A7
:1078000006F9314601F0AEF9F9F774FC0A3080B29E
:10781000FEBD0000B86E6444B86E1A45848D000841
:107820000000B0C16F12833A0000C842000020413E
:10783000F0B5584D85B069880120F9F791FEF9F748
:1078400095FC554C206029880020F9F789FEF9F74E
:107850008DFC6060FCF74CFD2E46183E05463061FD
:107860004E4847688068394601F00CFA01464C489A
:10787000F9F76AFB4B49886001460090384601F0F1
:1078800071F9474901F0F2F94649486002900B212D
:10789000C9432068F9F776FC294601F063F971695C
:1078A000019101F05FF931462031086007460B2154
:1078B000C9436068F9F766FC294601F053F901995C
:1078C00001F050F93146203148600390B0683649E4
:1078D000019001F047F9F9F70DFB04460D463846D3
:1078E000F9F708FB314A324BF8F790FF22462B4656
:1078F000F8F75CFFF8F7A0FD31462831074608602D
:107900000398F9F7F7FA294A294BF8F77FFF22463F
:107910002B46F8F74BFFF8F78FFD314628314860CA
:1079200005463946019801F0ADF90446214938462B
:1079300001F018F92146F9F707FB194901F012F98E
:1079400037463037044638602946019801F09AF9E5
:1079500001901849284601F005F90199F9F7F4FA60
:107960000F4901F0FFF87860009901F0FBF80299E7
:1079700001F088F8F9F7BEFB30802046009901F04D
:10798000F1F8029901F07EF8F9F7B4FB708005B0C8
:10799000F0BD000048000020A00A0020D410002004
:1079A00000007A44001100207F526E3E333333339F
:1079B00033331B400000404012480C21007A134A28
:1079C0004843114941180889508011488B888380A9
:1079D000104BC96819600C4960310B7F03764B7FEF
:1079E0004376897FD175084980310A884283887837
:1079F0000949C873094901200870094908700949F3
:107A00000870704734120020541000200C1200201F
:107A1000F011002024120020DC1100207A00002048
:107A20007900002078000020F8B590212D48FCF75F
:107A300005FC2C4E2C4F344625463078803560347A
:107A4000AA2802D1687BC62823D000F05FF8274817
:107A50000C21007A4843821925491089488025481D
:107A600093888380D368244A1360227F0276627FE2
:107A70004276A27FCA75298841832048A978C173BC
:107A80001F49012008701F4908701F49087038708D
:107A900022E016480C21007A4843821914491089C3
:107AA0004880144893888380D368134A1360227FE8
:107AB0000276627F4276A27FCA75298841830F4889
:107AC000A978C1730E49012008700E4908700E494B
:107AD00008703878002803D00020387000F042F891
:107AE000F8BD000054100020700000203412002067
:107AF0000C120020F011002024120020DC110020C4
:107B00007A000020790000207800002030B5AA20FB
:107B1000114A0021FF2410707334084664250C2399
:107B20004B439B18491C9D60C9B25C60D860092911
:107B3000F5D90949094A80314A60094A8A600A46EA
:107B40000873203A107750779077E12212010A806B
:107B50008870C620487330BD5410002000007A445D
:107B60000000FA4410B590210148FCF789FB10BDD4
:107B70005410002070B5094C0025217800290BD045
:107B8000616800F07FFF3F2109066060884202DBE8
:107B9000FFF7E8FF257070BD656070BD70000020C4
:107BA0007047000070B51B4C616800F06BFF6060AF
:107BB0002046183081880220F9F7D2FCF9F7D6FA6E
:107BC0000546E0601448408BF9F7D8FA2946F9F7E2
:107BD000BBF960611148A060FFF72AFE7F21606851
:107BE000C905884215DB2088F9F7C8FAFFF7A6FD1A
:107BF0000B4D68816088F9F7C1FAFFF79FFD00B26D
:107C000028812188074A914200D26889E8800020B3
:107C1000606070BD30000020A0F7FF1F8B6C1F401C
:107C2000F0110020980800007047000010B50A4AC3
:107C30000A4853780168012B03D19278032A00D0B7
:107C40004168C16006484188418106488188C181F8
:107C5000FAF7A2FA10BD0000DC1100202412002067
:107C60000C120020F011002010B5FDF79FF803481A
:107C70000078002801D0FFF789F810BDDC11002042
:107C800070B5314C00252088022800D325806088FB
:107C90000A2813D32D4E3046FEF712FE3046FCF76D
:107CA00075F83046FFF77EFF3046F9F717FF30468C
:107CB000FAF764F93046FAF7ADF96580A088322802
:107CC00010D3234E3046FFF79BFB3046FAF7A2F85D
:107CD0003046F9F7E1FC304600F0DAFB3046F9F7C0
:107CE0003FFDA580E08864280DD31A4E304600F091
:107CF00035FB3046F9F7C6FD304600F0B5FB30469F
:107D0000F9F720FEE5802089C82800D32581608905
:107D1000FF21F531884208D33F2636063046F9F771
:107D2000BFFE3046FFF726FF6581A0897D21C9008F
:107D3000884208D37F26F605304600F07BFB3046AC
:107D4000FCF7D0F9A58170BDF40000200AD7233CD0
:107D5000CDCC4C3DCDCCCC3D30B591B0302168463A
:107D6000F8F7B8FA002411200F9400900120019038
:107D70000590102006900E940003099000010D94C8
:107D800002250A900C9408950B946846FDF728F993
:107D9000002801D072B6FEE707200C900E94012156
:107DA0000D950F940CA8FDF76DF8002801D072B660
:107DB000FEE711B030BD704770B5164C0026267036
:107DC00001211548FCF7E0FF0125012818D0267392
:107DD000FFF72AFEFEF77EFFFCF7AAF9FFF78CFB00
:107DE000FEF7CCFCFFF798FB00F0B4FB00F0FAFACA
:107DF000FCF742F9F9F700FB207B002802D004E0F1
:107E00002573E5E7064905480860F9F78DFC2570FC
:107E100070BD0000DC11002000040048CDCCCC3D3A
:107E20001400002010B50248FDF7A4FD10BD0000AD
:107E30008C02002010B50248FDF79CFD10BD00002B
:107E4000D402002070B511480068456B104C656085
:107E5000A068854201D9281A02E00E49081A401983
:107E60002060F9F78BF901460B48F9F76DF8A5602A
:107E70000A49E06000F076FE0949F9F765F8F9F77C
:107E800039F90849C8800020086170BDB40100209C
:107E9000D8000020FFFF000000401C460000704298
:107EA0000000A0400C12002010B50248FDF762FD52
:107EB00010BD0000B401002010B50248FDF75AFDC6
:107EC00010BD000044020020F0B502681E4B1F4C9C
:107ED000984201D0A04203D17025AA434D682A439D
:107EE0001B4D1C4E1C4F98420AD0A04208D01B4C80
:107EF000A04205D0A84203D0B04201D0B84205D17B
:107F00001446032212029443CA6822438024A243E7
:107F10004C69224302608A68C2620A68826298429F
:107F200005D0A84203D0B04201D0B84201D10969BE
:107F30000163012141610169C90703D00169490851
:107F400049000161F0BD0000002C01400004004028
:107F50000040014000440140004801400020004032
:107F600010B5CB06DB0E0121046A99408C430462F4
:107F7000016A9A401143016210BD10B5446A0121A3
:107F8000626A824206D121778069002822D13E2090
:107F900001551FE0A26A824207D10222227780693E
:107FA000002817D13F20015514E0E26A824207D130
:107FB00004222277806900280CD14020015509E075
:107FC000226B824206D1082222778069002801D1E3
:107FD000412001552046FDF74DFE0020207710BDC1
:107FE00010B5446A616A814201D101200DE0A16AA5
:107FF000814201D1022008E0E16A814201D10420DE
:1080000003E0216B814201D1082020772046FDF753
:1080100047FE0020207710BD10B5446A0121626A36
:10802000824203D121773E20015519E0A26A8242A3
:1080300004D1022020773F20015511E0E26A8242FC
:1080400004D1042020774020015509E0226B8242B0
:1080500004D1082020774120015501E03D20015541
:108060002046FDF725FB0020207710BD30B5846841
:10807000FF252D021B021343AC430B4323438360B4
:1080800030BD826870239A430A4307210A43826005
:1080900070470000F0B5056A026A52085200026299
:1080A000436882697024A24392080C6892001443CA
:1080B000022295438A68164E2A43144DA84207D0DF
:1080C000B04205D0134FB84202D0134FB84206D188
:1080D0000827BA43CF681743042297433A46A84279
:1080E00007D0B04205D00B4DA84202D00A4DA8429D
:1080F00006D103252D02AB434D691D438B692B43EC
:1081000043608461496841630262F0BD002C014014
:1081100000400140004401400048014070B5046A3D
:10812000026A10239A4302624368826973252D0212
:10813000AA430D682D021543202294438A68120138
:108140002243124CA04208D11446CA688026B44388
:10815000120122434024A24308E00D4CA04205D066
:108160000C4CA04202D00C4CA04208D10324A40223
:10817000A3434C69A4001C438B699B0023434360C9
:10818000856149688163026270BD0000002C014076
:1081900000400140004401400048014070B5046ABD
:1081A000026AFF2301339A4302624368C269702561
:1081B000AA4392080D68920015430122520294438B
:1081C0008A6812022243124CA04208D11446CA689F
:1081D000C614B443120222430415A24308E00D4C16
:1081E000A04205D00C4CA04202D00C4CA04208D1B9
:1081F00003242403A3434C6924011C438B691B0102
:1082000023434360C5614968C163026270BD0000D9
:10821000002C014000400140004401400048014062
:1082200030B5046A026A01231B039A430262436861
:10823000C26973252D02AA430D682D021543012240
:10824000520394438A68120322430C4CA04208D084
:108250000B4CA04205D00B4CA04202D00A4CA042CD
:1082600005D10124A403A3434C69A4012343436023
:10827000C56149680164026230BD0000002C014004
:1082800000400140004401400048014030B5036A0D
:10829000046A6408640004628469F025AC43120136
:1082A00022430A24A3430B438261036230BD0000D2
:1082B00070B5056A046A64086400046284690D4E3E
:1082C000B04205D00C4EB04202D00C4EB04202D1AA
:1082D000A408A40000E001221443F02294431A07EA
:1082E000120E0A2322439D431940294382610162F1
:1082F00070BD0000002C014000040040004001401F
:1083000030B5046A036A1025AB43036283690F2505
:108310002D031203AB431A43A0239C4309012143BD
:108320008261016230BD70B5056A046A1026B443EB
:108330000462846903263602B443120222430F24E6
:1083400024031B071B0CA2431343A02209019543DE
:10835000114029438361016270BD0000F8B51B49DB
:10836000002249781A4C00291CD01A491B4B0E8850
:1083700021468D78184F0221595EBE4208D3012D47
:1083800001D11A70A27000290CD0FEF75FFF0AE03D
:10839000002907D0002D02D11A700122A270FFF728
:1083A000CBF800E0E261E069F8F7E0FEF8F77CFE68
:1083B000FF219031002801DA002002E0884200DD30
:1083C0000846074909688863F8BD0000DC110020F1
:1083D000040100203000002098080000F011002067
:1083E000FC0100200B480A4901600C4A82600A49DE
:1083F00041600B4A343002600A4A426081600A4997
:1084000034300160094941600949816070470000CA
:10841000CDCC4C3F0C1100200BD7233D0BD7233E76
:108420000000AF43CDCCCC3ECDCC4C3EA69BC43C53
:10843000EC51B83D10B50A4C7F21C905A06900F088
:1084400021FB01218907A061884207DB05480189DA
:10845000828A8A1AC28281820020A06110BD000037
:1084600004010020F011002010B50446F9F7CAFB02
:108470002046F9F7DFFC2046F9F7ECFA2046F9F739
:1084800041FA2046FEF784F92046F9F78DFB10BD2E
:10849000F8B52B4E2B4C307B012810D00025FF2344
:1084A0001A4619462846009400F068F86D1CEDB293
:1084B0001A2DF4D92448006800281FD10CE00025AB
:1084C00000231A4619462846009400F057F86D1C00
:1084D000EDB21A2DF4D92BE0B07803280ED000238A
:1084E0001A46194600940C2000F048F830790094A0
:1084F000002808D0FF231A46194607E0FF231A4632
:1085000019460094EFE700231A4619460D2000F0A3
:1085100035F80E4840780094002803D0FF231A460F
:10852000194602E000231A4619460E2000F026F8EC
:108530000748C078002801D100F0F4F8F8BD000029
:10854000DC110020CDCCCC3E2412002034120020BF
:108550006A00002008B50848064901600021416012
:108560007F20C00500900B460A46FF2000F006F869
:1085700008BD00001C030020AC0A0020F0B5664DC9
:1085800087B02870654F0390049039727A72BB727D
:10859000491C0024154608090093F8F7EFFD0C99D3
:1085A00000F0E0FA5E4900F0DDFAF8F7A3FDC6B28C
:1085B0006D1CFE722809F8F7E1FD0C9900F0D2FA63
:1085C000574900F0CFFAF8F795FDC5B23D73009B0F
:1085D0005B1C1809F8F7D2FD0C9900F0C3FA50495A
:1085E00000F0C0FAF8F786FDC2B27A734A4B3946FA
:1085F00004989B1E1431FF280CD003981B2854D8D4
:1086000018246043188000202B4683401B064DD55C
:1086100029244CE00020188000202B4683401B06B4
:1086200001D5292300E014233B4F401CBF1E3F8887
:10863000C0B2BC467F00CB53374B67469B1E7F1CA6
:108640001F800828E9D30020334683401B0601D54C
:10865000292300E01423304F401CBF1E3F88C0B2C6
:10866000BC467F00CB532C4B67469B1E7F1C1F8054
:108670000828E9D30020134683401B0601D529238F
:1086800000E01423244F401CBF1E3F88C0B2BC46EC
:108690007F00CB53204B67469B1E7F1C1F80082802
:1086A000E9D3641CE4B21B2CB6D330E014241A4B7B
:1086B000401C9B1E1B88C0B25F00CC53164C5B1C39
:1086C000A41E238008289FD30023204634469C40C4
:1086D000240601D5292500E0142504885B1C6700C9
:1086E000641CCD53DBB20480082BEFD30023144667
:1086F0009C40240601D5292500E0142504885B1C34
:108700006600641C8D53DBB20480082BEFD3024853
:108710000121817007B0F0BD6A000020AC0A002082
:108720000000204110B5084CA07800280AD0074866
:10873000064A03C8064B1432FDF708FB0120E0701F
:108740000020A07010BD00006A000020AC0A0020CC
:10875000C9020000F7B5304D064600222021284608
:10876000FCF717FBFEF7A2FA012000F095F870065F
:108770000024060E0627002208212846FCF709FBE4
:10878000391B3046C840C00701D0012200E000225A
:1087900001210920C903C006FCF7FBFAFEF786FA9F
:1087A000012208212846FCF7F4FAFEF77FFA641C40
:1087B000E4B2062CDFD300242F4623E0019E0025DF
:1087C000002208213846FCF7E4FA0720401B314616
:1087D000C140C80701D0012200E000220121092088
:1087E000C903C006FCF7D5FAFEF760FA012208219A
:1087F0003846FCF7CEFAFEF759FA6D1C082DDFDB80
:10880000641CE4B202988442D8D301222021384665
:10881000FCF7BFFAFEBD000000040048F8B50024D4
:108820001C4D06460727002208212846FCF7B1FA0E
:10883000391B3046C840C00701D0012200E00022A9
:1088400001210920C903C006FCF7A3FAFEF72EFA9E
:10885000012208212846FCF79CFAFEF727FA641C3F
:10886000E4B2082CDFD3002208212846FCF791FA55
:10887000FEF71CFA012109200022C903C006FCF7FB
:1088800088FA012208212846FCF783FAFEF70EFA3F
:10889000F8BD000000040048F8B50746FEF706FAE8
:1088A000224D002208212846FCF773FAFEF7FEF954
:1088B00001220924D603E40631462046FCF769FA72
:1088C000012208212846FCF764FAFEF7EFF900229E
:1088D00008212846FCF75DFAFEF7E8F90022314648
:1088E0002046FCF756FAFEF7E1F901220821284656
:1088F000FCF74FFAFEF7DAF9002208212846FCF7C8
:1089000048FAFEF7D3F9002F0ED001223146204657
:10891000FCF73FFAFEF7CAF9012208212846FCF7C6
:1089200038FAFEF7C3F9F8BD0022EFE7000400486B
:10893000F8B5040C8BB2264682B25E430D0C10468D
:10894000370C5843360480190021794116466E438E
:10895000370C36048019794126466E438919F8BDD3
:1089600030B47446641E2578641CAB4200D21D46A8
:10897000635D5B00E31830BC184700008307FF22EB
:10898000DB0E9A408907090E9940002808DB83080E
:1089900009489B001B1818689043084318607047EB
:1089A0000007000F0838830804489B001B18D8698B
:1089B00090430843D861704700E400E000ED00E018
:1089C00030B5044CFF25235C691A0B401343235434
:1089D00030BD0000E4100020FCF7F0F9FFF7BCF90F
:1089E000FEF754FAFEF736FAFEF7ECF9FEF78CFBC9
:1089F000FEF7C6FBFEF702FBFEF738FBFEF7E6FAD2
:108A0000FEF70CFCFFF7D8F9FFF710F9FCE770B59B
:108A10000546F8F70BFC04460146284600F032F9FB
:108A20007F263F22BF23FF21F60512061B060906FB
:108A3000002D0CDA984202D343008B420CD99042AD
:108A400019DD4000884211D915E0044613E0984230
:108A500007D943008B4204D83146204600F012F972
:108A6000F3E7904207DB4000884204D831462046B5
:108A700000F008F8E9E760004008E90FC90708437B
:108A800070BD000070B501250400ED074C4020D4F6
:108A9000441A01D2001B0919C60D4B00F2B2FF2A7D
:108AA00029D01B0E2CD000020C02D31A2C43DC4020
:108AB0002843051910D2280A02D3401C6D0611D094
:108AC000761EF6058019FF2A00DA70BDC00DC005BC
:108AD00070BD694000F0DCF801200543C541521C1F
:108AE000761CE8E764089C40C90161408900E7D131
:108AF0000124A043E4E71B0E440200D0034870BDEC
:108B0000002AFCD1C00FC00770BD00BF0000C07FAD
:108B100001230200DB050A430DD4DA4203D49A4252
:108B200007D488427047D84214D4D94212D488421C
:108B3000704780427047DA4203D59A42F9D58142A4
:108B400070475B004200DA4204D24A00DA4201D2A6
:108B50008142704710B5024AF8F736FB10BD00BFDE
:108B60000900160470B5420064414B005C41120ECE
:108B700039D01B0E38D0FF2A3CD0FF2B3AD0400210
:108B80004902400A490A060045184E43000A090AEC
:108B9000D2184843ED017F3A0104731A4019190CA9
:108BA0004318990F04D001215B0849075B1A521C36
:108BB000D80904D3401CF50301D19D0607D0FF2A34
:108BC00008D2D50506D0E4072043401970BD012521
:108BD000A843F4E7002A01DCE00770BD2402FF206F
:108BE0002043C00570BD1B0EFF2A03D0FF2B01D010
:108BF000E00770BDFF2645003606B54206D84D0099
:108C0000B54203D8D218FF2A00D0E7E7004870BD6C
:108C10000000C07F01230A00DB0502430DD4DA42C5
:108C200003D49A4207D481427047D94214D4D8421F
:108C300012D48142704789427047DA4203D59A4282
:108C4000F9D5884270475B004A00DA4204D24200FC
:108C5000DA4201D2884270474840414010B5024A8A
:108C60004840F8F7B1FA10BD0900160470B50125A7
:108C7000ED07684004004C4002D5694000F008F858
:108C8000FFF706FF70B501250400ED074C4022D424
:108C9000441A02D26C40001B0919C60D4B00F2B2F7
:108CA000FF2A4BD01B0E50D000020C02D31A2C43CB
:108CB000DC40A843051B05D5AD0019D36D08761E11
:108CC000521E37D0F605280A01D2801970BD7041B6
:108CD0006D0603D070BD6940FFF7DAFE9C400902C3
:108CE0006140490001D0401E70BD0124A04370BD09
:108CF0006D081DD001202B0C01D12D0410302B0E3E
:108D000001D12D0208302B0F01D12D01001DAB0F19
:108D100001D1AD00801CEB0F01D16D00401C6D0036
:108D2000361A121A680AF5054019012A02DB70BDCD
:108D3000002070BDC036300AC00770BD1B0E440253
:108D400001D1FF2B00D1024870BD002AF0D070BDC8
:108D50000000C07F02030405060708090A0B0C0D7A
:108D60000E0F10100102030405060708090A0B0C78
:108D70000D0E0F10000000000000000001020304AF
:108D800006070809B86E6444E16A6544666666448D
:108D9000EC616744715D6844F65869447B546A44E9
:108DA0005C4F6B44E14A6C44C3456D4448416E449A
:108DB000293C6F440A377044EC317144CD2C724425
:108DC0000A277344EC217444291C75440A1776441D
:108DD00048117744850B7844C305794400007A44F0
:108DE0003DFA7A44D7F37B4414EE7C44AEE77D44ED
:108DF000ECE17E4485DB7F448F6A80445CE78044FD
:108E000029648144F6E08144715D82443DDA824404
:108E1000B856834433D38344AE4F844429CC84442E
:108E2000A44885441FC585449A41864414BE86449F
:108E30003D3A874466B68744E13288440AAF8844A5
:108E4000332B89445CA7894433238A445C9F8A443A
:108E5000851B8B445C978B4433138C440A8F8C4462
:108E6000330B8D44B8868D448F028E44667E8E44CB
:108E70003DFA8E44C3758F449AF18F441F6D904420
:108E8000A4E8904429649144AEDF9144335B92445A
:108E900066D69244EC5193441FCD9344A448944425
:108EA000D7C394440A3F95443DBA954471359644DE
:108EB000A4B09644852B9744B8A697449A21984429
:108EC000CD9C9844AE1799448F929944710D9A4461
:108ED00052889A44E1029B44C37D9B44A4F89B447E
:108EE00033739C44C3ED9C4452689D44E1E29D442D
:108EF000715D9E4400D89E448F529F44CDCC9F44C8
:108F00005C47A0449AC1A044D73BA14466B6A144A3
:108F1000A430A2448FAAA244CD24A3440A9FA34410
:108F2000F618A4443393A4441F0DA5440A87A5440E
:108F3000F600A644E17AA644CDF4A644B86EA74450
:108F400052E8A7443D62A844D7DBA844C355A944CE
:108F50005CCFA944F648AA448FC2AA44D73BAB448D
:108F600071B5AB440A2FAC4452A8AC44EC21AD44DB
:108F7000339BAD447B14AE44C38DAE440A07AF446B
:108F80000080AF4448F9AF448F72B04485EBB044E1
:108F90007B64B144C3DDB144B856B244AECFB244F1
:108FA0005248B34448C1B3443D3AB444E1B2B44436
:108FB000D72BB5447BA4B5441F1DB644C395B64416
:108FC000660EB7440A87B7445CFFB7440078B844DC
:108FD00052F0B844F668B94448E1B9449A59BA44E1
:108FE000ECD1BA443D4ABB448FC2BB448F3ABC4427
:108FF000E1B2BC44E12ABD4433A3BD44331BBE44AB
:109000003393BE44330BBF443383BF44E1FABF44C0
:10901000E172C0448FEAC0448F62C1443DDAC1446A
:10902000EC51C2449AC9C2444841C344F6B8C3444F
:10903000A430C44400A8C444AE1FC5440A97C54424
:10904000660EC644C385C6441FFDC6447B74C74430
:10905000D7EBC744E162C8443DDAC8444851C9442B
:10906000A4C8C944AE3FCA44B8B6CA44C32DCB4411
:10907000CDA4CB44851BCC448F92CC449A09CD44DB
:109080005280CD440AF7CD44C36DCE447BE4CE4438
:10909000335BCF44ECD1CF44A448D0440ABFD04482
:1090A000C335D14429ACD1448F22D244F698D2445E
:1090B0005C0FD344C385D34429FCD3448F72D4447A
:1090C000A4E8D444B85ED5441FD5D544334BD64428
:1090D00048C1D6445C37D74471ADD7443323D84414
:1090E0004899D8445C0FD9441F85D944E1FAD94442
:1090F000A470DA4466E6DA44295CDB44ECD1DB4454
:10910000AE47DC441FBDDC44E132DD4452A8DD44FF
:10911000C31DDE443393DE44A408DF44147EDF44E1
:1091200085F3DF44F668E04414DEE0443353E14461
:10913000A4C8E144C33DE244E1B2E2440028E34470
:109140001F9DE344EC11E4440A87E44429FCE44411
:10915000F670E544C3E5E5448F5AE6445CCFE64447
:109160002944E744F6B8E744C32DE8443DA2E84467
:109170000A17E944858BE9440000EA447B74EA4419
:10918000F6E8EA44715DEB44ECD1EB441446EC4460
:109190008FBAEC44B82EED4433A3ED445C17EE4493
:1091A000858BEE44AEFFEE44D773EF44AEE7EF4459
:1091B000D75BF044AECFF044D743F144AEB7F144AF
:1091C000852BF2445C9FF2443313F3440A87F34443
:1091D0008FFAF344666EF444ECE1F444C355F5446D
:1091E00048C9F544CD3CF64452B0F644D723F74481
:1091F0005C97F7448F0AF844147EF84448F1F84429
:109200007B64F94400D8F944334BFA4466BEFA440F
:109210004831FB447BA4FB44AE17FC448F8AFC44DA
:10922000C3FDFC44A470FD4485E3FD446656FE4442
:1092300048C9FE44293CFF44B8AEFF44CD10004568
:10924000144A004585830045CDBC004514F6004511
:109250005C2F0145A4680145C3A101450ADB014516
:1092600052140245714D02458F860245AEBF02453C
:10927000CDF80245EC3103450A6B034529A40345AB
:109280001FDD03453D160445334F04455288044510
:1092900048C104453DFA044533330545006C054596
:1092A000F6A40545ECDD0545B8160645854F06458F
:1092B0005288064548C10645ECF90645B8320745CF
:1092C000856B074552A40745F6DC0745C3150845DD
:1092D000664E08450A870845AEBF084552F808455E
:1092E000F63009459A69094514A20945B8DA0945D5
:1092F00033130A45AE4B0A4529840A45A4BC0A45E6
:109300001FF50A459A2D0B4514660B45669E0B45C5
:10931000E1D60B45330F0C4585470C45D77F0C45EF
:1093200029B80C457BF00C45CD280D45F6600D4560
:1093300048990D4571D10D459A090E45EC410E45F0
:10934000147A0E453DB20E453DEA0E4566220F45A4
:109350008F5A0F458F920F458FCA0F45B80210459F
:10936000B83A1045B8721045B8AA10458FE21045BA
:109370008F1A11458F521145668A11453DC211451C
:109380003DFA114514321245EC6912459AA1124575
:1093900071D9124548111345F6481345CD80134540
:1093A0007BB8134529F01345D7271445855F14452D
:1093B00033971445E1CE144566061545143E154510
:1093C0009A7515451FAD1545A4E41545291C16458C
:1093D000AE531645338B1645B8C2164514FA1645DA
:1093E0009A311745F668174552A01745AED717456D
:1093F0000A0F184566461845C37D1845F6B418454A
:1094000052EC184585231945B85A19451492194547
:1094100048C919457B001A4585371A45B86E1A4563
:1094200080807F7E7D7C7B7A7978777676757473A1
:10943000727171706F6E6E6D6C6C6B6A6A69686860
:10944000676666656464636362616160605F5F5EF6
:109450005E5D5D5C5C5B5B5A5A595958585757566C
:1094600056555555545453535252525151505050D1
:109470004F4F4F4E4E4D4D4D4C4C4C4B4B4B4A4A23
:109480004A49494948484847474747464646454567
:1094900045444444444343434342424242414141A0
:1094A0008182838485868788898B8C8D8E8F91922B
:1094B00093959697999A9C9D9FA0A2A3A5A7A8AAC9
:1094C000ACAEB0B2B3B5B7B9BCBEC0C2C5C7C9CCEB
:1094D000CED1D4D7D9DCDFE2E6E9ECF0F3F7FAFE3F
:1094E000009500080000002030010000AE130008C5
:1094F0000C9500083001002070170000F8000008EB
:0C9500004201920403FF127A01240000D3
:04000005080000B53A
:00000001FF
