:020000040800F2
:10000000107A0020E1010008B16D00087F6300084C
:10001000056C0008730C00085F84000800000000F5
:100020000000000000000000000000000978000847
:10003000C914000800000000356F0008F97C0008B2
:10004000FB010008FB010008FB010008FB010008A0
:10005000FB010008FB010008FB010008FB01000890
:10006000FB010008FB010008FB01000891120008D9
:10007000FB010008FB010008FB010008FB01000870
:10008000FB010008FB010008FB010008FB01000860
:10009000FB010008FB010008FB010008853B00088C
:1000A000FB010008FB010008FB010008FB01000840
:1000B000F17D0008FD7D0008FB010008FB01000840
:1000C000FB010008FB010008FB010008FB01000820
:1000D000FB010008FB010008FB010008ED8100089E
:1000E000FB010008FB010008FB010008FB01000800
:1000F000FB010008FB010008FB010008FB010008F0
:10010000FB010008FB010008097E0008FB01000854
:10011000FB010008FB010008157E0008FB01000838
:10012000FB010008FB010008FB010008FB010008BF
:10013000DFF810D000F008FC0048004731890008C3
:10014000AFF30080107A0020224B19680868B0E8ED
:10015000F00F80F30988BFF36F8F4FF0000080F33A
:1001600011884EF00D0E7047000000000648006830
:10017000006880F3088862B661B6BFF34F8FBFF3A3
:100180006F8F00DF00BF00BF08ED00E0EFF30980D4
:10019000BFF36F8F0F4B1A6820E9F00F106008B59E
:1001A0004FF0500080F31188BFF34F8FBFF36F8F74
:1001B00008F028FF4FF0000080F31188BDE80840E8
:1001C00019680868B0E8F00F80F30988BFF36F8FF3
:1001D000704700BF30000020EFF30580704700003B
:1001E0000648804706480047FEE7FEE7FEE7FEE7D1
:1001F000FEE7FEE7FEE7FEE7FEE7FEE78B7D000891
:1002000031010008202A04DB203A21FA02F0002103
:10021000704721FA02F3D040C2F120029140084316
:100220001946704740EA01039B0703D009E008C95B
:10023000121F08C0042AFAD203E011F8013B00F8AB
:10024000013B521EF9D27047D2B201E000F8012BF7
:10025000491EFBD270470022F6E710B513460A4646
:1002600004461946FFF7F0FF204610BD30B504469E
:100270000020034600E05B1C934203D2E05CCD5CAF
:10028000401BF8D030BDF0B480EA0102D40F420028
:10029000B2EB410F02D20246084611464A0042D054
:1002A000C30DDDB2C1F3C752AD1A202D35DAC1F34B
:1002B000160141F4000204B15242C5F1200602FACF
:1002C00006F12A411044B3EBD05F23D0C4B1012D15
:1002D000A0EBC35009DCF0BC4FF0004202EAC3526D
:1002E000DBB200F5000000F0A3BA400000F180701E
:1002F00000EBC350A0F1807040EAD170490009E0E2
:10030000490841EAC071A0EBC35000F50000400865
:1003100000EBC350F0BC00F082BA6142012202EB54
:100320004101001BF6E7F0BC704781F00041AAE7ED
:1003300080F00040A7E780EA010210B502F0004318
:10034000400022D04A001FD0010E01EB1261C0F321
:100350005600C2F3560240F4000042F40002A0FB33
:10036000022000047F39140400D0401C50EA1240DF
:1003700001D44000491EC2B20C0604EBD010401C50
:100380004008802A02D003E0002010BD20F00100C8
:10039000002900DA0020184310BD30B480EA0102C1
:1003A00002F0004530F0004221F0004013D090B13F
:1003B000C30DD40DC2F31601C0F31600E41A41F4C4
:1003C000000140F400027D34914201D3641C00E03E
:1003D0004900002C02DA30BC002070474FF40000C6
:1003E0000023914201D3891A034340084FEA410197
:1003F000F7D151B1914202D14FF0004105E002D254
:100400004FF0010101E06FF0010103EBC4502844FB
:1004100030BC00F004BA420005D0C0F3C7525242CB
:10042000914201DC0020704700EBC15070472DE97C
:10043000FE4F804681EA0300C00F0C46009021F079
:10044000004123F00045B8EB0200A94105D2404627
:10045000214690461C460B46024623F000401043BE
:1004600047D0270DC7F30A00C3F30A510290401A80
:10047000019040286BDAC3F3130040F4801B00980E
:10048000924620B10023D2EB030A63EB0B0B0198D9
:100490005946C0F14002504600F0A0F906460D460C
:1004A00050465946019A00F0A8F910EB0800614146
:1004B000002487EA115284EAE7731A4340D0009A75
:1004C00062B3019A012A4FEA075215DC001B61EB67
:1004D00002014FF0004202EA0752CDE90042001C3F
:1004E00041F5801132462B4600F0DFF903B0BDE83C
:1004F000F08F40462146F9E7001B61EB0201001C2A
:1005000041F5801300185B412018A2F5001747EB56
:10051000030140EAD570B6196D4111E06D084FEA4C
:10052000360645EAC0754FEA0752001B61EB02012F
:10053000001C41F5801149084FEA30000019514173
:1005400032462B4603B0BDE8F04F00F09FB900984B
:10055000012240000023D0EB020263EBE07300981D
:1005600021464FEAE074B8EB000061EB0401E9E7D3
:1005700083F000435BE781F0004158E72DE9FE4F2F
:1005800081EA030404F0004421F0004100944FF09C
:10059000000B23F0004350EA01045ED052EA03044A
:1005A0005BD0C3F30A54C1F30A552C44A4F2F334CC
:1005B0000194A0FB0254C1F3130141F48011C3F371
:1005C000130343F4801301FB024400FB034E840A2F
:1005D000970A44EA815447EA8357A4FB07680295C7
:1005E0008D0A05FB07854FEA932C04FB0C54270565
:1005F000029D4FEA065847EA1637B5EB08056EEB41
:10060000070C870E920E47EA811742EA8312A7FB76
:100610000201B6EB0B0164EB00042B0D43EA0C3333
:100620005E1844EB1C50DA465146E7FB0201C5F365
:1006300013044FEA0B3343EA14534FEA0432019C8C
:1006400043EA0603A4F10C040294009CCDE900B433
:1006500000F02BF903B0BDE8F08F00200146F9E768
:1006600070B521F0004303430CD0C1F30A550024B8
:10067000D5EB040564EB0403D617AD1AB34102DBD6
:100680000020014670BD201841EB025170BDC10F22
:1006900080EAE0700844CA079623002100F0C8B839
:1006A00096230022114600F0C3B800F0004220F06B
:1006B0000040C10DC0F3160040F400007F2901DAAC
:1006C00000207047962903DCC1F19601C84001E083
:1006D00096398840002AF4D04042704720F000400C
:1006E000C10DC0F3160040F400007F2901DA00209C
:1006F0007047962903DCC1F19601C84070479639CE
:100700008840704770B5C1F30A5201F000450024DB
:10071000C1F3130140F2FF3341F480119A4201DA30
:10072000002070BD40F233439A42A2F2334203DC10
:100730005242FFF767FD00E090402C43F1D0404269
:1007400070BD00F0004230F000400AD0C10D01F54C
:100750006071C0F3160042EA0151C208400711431C
:10076000704700200146704730B5041E71F1000447
:1007700004DB4FF00044404264EB0101141E73F1AE
:10078000000405DB1C464FF00043524263EB0403B8
:100790008B4208BF824230BD30B5041E71F10004A7
:1007A00004DB4FF00044404264EB0101141E73F17E
:1007B000000405DB1C464FF00043524263EB040388
:1007C000994208BF904230BD002801DBC0F10040D3
:1007D000002901DBC1F1004188427047202A04DB77
:1007E000203A00FA02F1002070479140C2F1200344
:1007F00020FA03F3194390407047202A06DBCB17F9
:10080000203A41FA02F043EAE07306E041FA02F3CB
:10081000D040C2F120029140084319467047002998
:10082000A8BF7047401C490008BF20F00100704776
:1008300010B4B0FA80FC00FA0CF050EA010404BFD6
:1008400010BC704749B1CCF1200421FA04F411FA2C
:100850000CF118BF012121430843A3EB0C01CB1D70
:100860004FEA00614FEA102042BF002010BC7047E1
:1008700000EBC35010440029A4BF10BC7047401CBB
:10088000490008BF20F0010010BC704710B5141ECD
:1008900073F1000408DA401C41F1000192185B4139
:1008A0001A4301D120F0010010BD2DE9F04D924610
:1008B0009B4611B1B1FA81F202E0B0FA80F2203227
:1008C0009046FFF78BFF04460F4640EA0A0041EAD4
:1008D0000B0153465A46084313D0114653EA010010
:1008E00019D0C8F140025046FFF78CFC05460E4671
:1008F000504659464246FFF771FF084305D0012094
:1009000004E020463946BDE8F08D0020054346EA64
:10091000E0762C4337430A986305E40AA0EB08000D
:100920000022FD0A44EA47540A3002D5002001465D
:10093000E9E7010510196941DDE908450019694138
:10094000BDE8F04DA2E70000064C074D06E0E06868
:1009500040F0010394E8070098471034AC42F6D306
:10096000FFF7EAFBE49400080495000830B58C1802
:1009700010F8012B12F00F0301D110F8013B1209FE
:1009800006D110F8012B03E010F8015B01F8015BC0
:100990005B1EF9D101E001F8013B521EFBD1A142DF
:1009A000E6D3002030BD00002DE9F04F8DB02B487C
:1009B00003F068FA0C222A49284803F039FCDFF8D2
:1009C000A4800024EA460DF1180B254D35F82400CB
:1009D000FFF766FE4AF82400064605EB84004088CF
:1009E000FFF75EFE4BF824001F485D4600EB8407CE
:1009F0004046796BFFF7D1FC8146012000EB4400B3
:100A0000C1B2304603F07AF94946FFF794FC144925
:100A1000303941F824004046796BFFF7BEFC0646AA
:100A20006006010E55F8240003F068F93146FFF71F
:100A300082FC0B49183941F824000C4806F07CFA76
:100A400004EBC4010A48641C00EBC100E4B2418B12
:100A50008184062CB9D30DB0BDE8F08F9407002037
:100A60002C65002000007A44F8650020CDCCCC3DF8
:100A7000FC69002070B5044600688168C943C90755
:100A800017D1816821F00101816004F0C1F80546A9
:100A90000AE000BF04F0BCF8401B022804D920681B
:100AA0008068C043C00706D020688068C043C00784
:100AB000F0D0002070BDA06A40F01000A062E06A93
:100AC00040F00100E062012070BD10B50146406AAF
:100AD000826A12F0500F05D0006A026BBDE8104028
:100AE00008461047816A41F4007181620168896893
:100AF000C1F3424107290CD1017B51B9816A21F42C
:100B000080718162816AC90403D4816A41F0010164
:100B1000816203F0A1FA10BD10B5406A816A41F00C
:100B200040018162C16A41F00401C16203F096FA9A
:100B300010BD10B5406A03F090FA10BDF8B500265C
:100B40000446009600688168C943C9072DD08168B2
:100B500041F001018160164816490068B0FBF1F0D0
:100B600000E0401E00900028FBD104F051F805463B
:100B700016E000BF04F04CF8401B022810D9206892
:100B80008068C043C0070BD0A06A40F01000A0628C
:100B9000E06A40F00100E06284F824600120F8BDC2
:100BA00020688068C043C007E4D10020F8BD000081
:100BB0000C00002040420F002DE9F05F92460A46EB
:100BC000DDE90A4783461E4651461046FFF7ADFB56
:100BD000E0603268814601461046FFF7ACFB2060BA
:100BE0001BF0FF4087F0004504D059464FF07E507F
:100BF000FFF7D3FB80465046216AFFF796FB41463C
:100C0000FFF799FB0146B06880F00040FFF793FBC7
:100C1000A06128464946FFF7D7FD01D2284607E0E4
:100C20003946E068FFF7D0FD01D2384600E0E068C1
:100C30007168FFF780FB5946FFF77DFB6168FFF79E
:100C400022FB606010F1FF4F01D3002106E00C99F8
:100C5000FFF7BAFD01D20C9900E06168616020687D
:100C6000FFF711FBA169FFF70EFBC4E908A0BDE87F
:100C7000F09FFEE72DE9F0411F4C07464FF40001BD
:100C800060681E4E884204DAA2688A4201DA0022B5
:100C900019E010F0FF4F09D001221146304603F051
:100CA000B2FF38466168FFF743FB6060A56815F046
:100CB000FF4F1FD038462168FFF7E5FA1049206042
:100CC000884206DA01223046BDE8F041012103F0F6
:100CD0009ABF0B490B4A494201449142D7D30A4972
:100CE000884207DB4FF07E512846FFF71EFBA060CD
:100CF00000202060BDE8F081700000200018014055
:100D0000CDCC4C3ECDCC4C009A99993E08B508F01C
:100D100049FA054C00902046FFF7ACFF32216846A7
:100D200008F002FAF7E70000CDCC4C3D2DE9F05F6A
:100D30003648DFF8E0C0DFF8E0A001683448DFF8AB
:100D4000DC900F1831496FEA000B3548D1E90432C5
:100D5000D1E902544E68674520D259468E421DDDC6
:100D600086421BDA8D4219DD854217DA8C4215DD89
:100D7000844213DA8B4211DD83420FDA5A450DDDCE
:100D800082420BDA9AF84C1041B90121DFF89480C5
:100D900089F800104FF07E51C8F80010674532D234
:100DA00059468E422FDD86422DDA8D422BDD85425B
:100DB00029DA8C4227DD844225DA8B4223DD834207
:100DC00021DA5A451FDD82421DDA17480189C068C1
:100DD00003F014FF002816D1012089F8000000213B
:100DE0008AF84C101149CAF83410CAF83810CAF8F9
:100DF0003C10CAF84010CAF84410CAF84810094913
:100E00004FF07E500860BDE8F09F0000FC640020B9
:100E1000FF7F88BBFFFF0400F865002078070020F3
:100E200000807C44740000208C51002000007A4433
:100E3000034C204600F006F8322008F025F8F8E7C9
:100E4000CDCC4C3D2DE9F047DFF8789099F80000C3
:100E5000002834D01C480068B0F5000F2FDA1B4E74
:100E60001C4DA6F1010898F80040305D401CC7B247
:100E70001748375550F8241055F82400FFF703FAA7
:100E800045F82400322F1AD347461349FFF785FA55
:100E9000124901EB84025063002045F824003055CC
:100EA000641CE2B23A70032A09D9012281F84C206D
:100EB0000C4989F800000A4808600B480270BDE838
:100EC000F087000078070020740000203A07002017
:100ED000FC640020B067002000004842F865002054
:100EE0000000A040780000203007002070B50446C4
:100EF000184800F1180650F8245056F82400A6F1BE
:100F00003001854201D9281A03E04FF6FF72101A0A
:100F1000284441F82400FFF7C3FB01460E48FFF7C1
:100F20003CFA0C49303141F8240046F824500B4972
:100F3000FFF701FA4FF0FF31FFF76DFAFFF7B5FB4E
:100F4000074904EBC40201EBC201C880002008611C
:100F500070BD00006066002000401C46000070422A
:100F6000FC6900202DE9F14F00251D4CDFF874804D
:100F700082B04FF07E594FF0020BAA4605EBC50731
:100F800004EBC7067078C8B1308C0028706B0090F5
:100F90001AD0002812DD96F82700032816D00DE09D
:100FA0000098401E706307D186F814B001200F49E5
:100FB00004F837000C48086048F825A06D1CEDB215
:100FC000062DDBD3BDE8FE8F0028F7DD58F825108D
:100FD0000298FFF758F948F825004845E0DAEDE7B0
:100FE000FC690020DC6800200000A04078000020A0
:100FF0002DE9F04700242E4DDFF8B8808246A14647
:1010000004EBC40615F83600E8B305EBC607B7F9DC
:101010000600642846DC58F824105046FFF733F9E0
:1010200048F82400B0F17E5F3CDD234987F8019049
:1010300005F83690214A81F801900121117020496C
:101040004846C1F800906978012929D095F84910DF
:10105000012925D095F89110012921D095F8D910B2
:1010600001291DD095F82111012919D095F8691190
:10107000012915D0296B6963A96FE967D5F8C010FC
:10108000C5F8C41000E00DE0D5F80811C5F80C1142
:10109000D5F85011C5F85411D5F89811C5F89C1120
:1010A00048F82400641CE4B2062CA9D3BDE8F087FC
:1010B000FC690020C8670020740700203807002062
:1010C0009400002070B5094C4FF400050646E16914
:1010D000A94202DBFFF72CF9E061616CA94203DB56
:1010E0003046FFF725F9606470BD00008C51002088
:1010F000F0B527484FF400010127406C254B88428A
:1011000001DB1F7002E01878012840D122480068F6
:1011100088423CDA21494978002938D110F0FF4F44
:1011200035D11F4D1F4C0E4601EBC10005EBC00031
:10113000B0F90420B0F908C0624507D004EB410CB7
:101140000281ACF80220027D02B10675B0F91820C8
:10115000B0F920C0624509D004EB410C0284ACF820
:101160000E2090F827200AB180F82760D0F838C008
:10117000026B624504D08263426304EB8100C2616A
:10118000491CC9B20629CFD3074807701E70F0BDAD
:101190008C510020380700209400002074070020A4
:1011A000FC690020F8650020300700202DE9F04799
:1011B000254C244F8246A0687E78002500F0FF4130
:1011C0006EB1D9B32149496CB1F5000F36DA6168C7
:1011D0004FF07C58894611F0FF4F06D027E00029D8
:1011E000F0D125706570A57028E04146FFF79DF8A5
:1011F0001549A0600978C943C9B236B1012E04D09F
:10120000022E05D0032E09D00DE02170657003E099
:1012100025706178C9436170A57004E02570657020
:10122000A178C943A17010F0FF4F00D17D704946ED
:101230005046FFF728F86060404500DB6560BDE878
:10124000F0870000740700208C0000208C510020E3
:101250002DE9F04700240D4E81464FF07E57A04601
:1012600004EBC40006EBC00548462969FFF70BF8FC
:101270002861B84203DBA5F80680C5F81080641C1D
:10128000E4B2062CECD3BDE8F0870000FC69002036
:10129000014803F0EBB80000C407002030B590F817
:1012A00040500124AC40C56B6C60046863604368C7
:1012B000102B036803D099600068C26030BD9A604B
:1012C0000068C16030BD000070B5284900EBC00463
:1012D00001EBC40042787AB3B0F908206AB3037D09
:1012E00003253BB1012B0BD0022B13D0032B00D1D4
:1012F000828170BDB0F90C309A4209DB012303757D
:10130000B0F90660B0F90C309E420BDD86810AE030
:1013100002230375B0F90660B0F90C309E420DDA75
:1013200086810CE0838111F834100029E1D1B0F9F5
:101330000C1091420BDA70BD13E00AE0838111F8C2
:1013400034100029F7D1B0F90C109142F3DC057587
:10135000F1E7B0F90620B0F90C108A42C8DB8181B0
:10136000E9E7002181810175E5E70000FC690020C3
:101370002DE9F05F83460D464E4801EBC50100EBB9
:10138000C10400276178B4F91A00DFF82C81002924
:1013900070D0B4F92060002E6CD04849484A51F80A
:1013A0002510914201DA282105E0B6F52F6F01DA08
:1013B000642100E08C21321A002A00DC821B8A4260
:1013C0006BDA94F827104FF0030941B1012913D0CB
:1013D000022950D0032900D1A684BDE8F09F86429F
:1013E00002DD4FF0010002E054DA4FF0020084F811
:1013F0002700608B6085F0E7618B2185608D8142DD
:1014000001D9A1842FE0B6F57A7F13D1B4F924A0D5
:1014100082450DD158F825105846FEF734FF29496A
:1014200048F82500884205DD0AF10100A0846085A6
:1014300048F82570B4F924A0A6EB0A0014280FDCA4
:1014400058F825105846FEF71EFF48F82500B0F161
:10145000804F05DD0AF10100A084608548F8257001
:10146000608DA0842085208D6085B4F92400B04271
:1014700010DAB2E715E0618B2185608D814201D2DF
:10148000A18401E0A0842085208D6085B4F924002A
:10149000B042A2DC84F827909FE784F82770A084EC
:1014A0009BE7A0842785678584F8277048F8257016
:1014B00093E70000FC69002068650020FC640020C0
:1014C000008009450000204170470000044948435E
:1014D0000921B0FBF1F000BF401EFCD270470000B4
:1014E0004019010071B54FF461754FF0E023104EC3
:1014F000009819E02C46A04200D804469869614241
:1015000001EBC10110EBC10105D49A69824208DAEE
:101510008A42FADA05E08A1999698142FCDD914232
:10152000FADC0098001B00900028E3D178BD000091
:10153000401901002DE9F05F0646B0F90C000A24BD
:10154000B0F57A7F1DDB4FF47A7190FBF1F090FBE0
:10155000F4F104FB110010F0FF0512D00422062163
:10156000382007F0D9F9B6F90C00642763280ADDA2
:1015700090FBF7F090FBF4F104FB1100C5B2294693
:1015800002E00622EBE70021002006F07FFAB6F920
:101590000C00092808DD90FBF4F090FBF4F104FB4B
:1015A0001100C5B2294600E00021012006F06EFAC4
:1015B00001221146302007F0AFF9DFF808B4DFF858
:1015C00008944FF4000A9BF8000030B1D9F84400A9
:1015D000504502DAFD48807830B3B6F90A0098B376
:1015E0004FF47A71884244DB90FBF1F090FBF4F108
:1015F00004FB110010F0FF053BD0012211462E2004
:1016000007F08AF900220221302007F085F9B6F9A7
:101610000A00632834DD90FBF7F090FBF4F104FB43
:101620001100C5B229462CE0002201212E2007F02E
:1016300073F900220221302007F06EF912210220F6
:1016400006F024FA12210FE0FFE7002201212E20EC
:1016500007F062F900220221302007F05DF90A212B
:10166000022006F013FA0A21032006F00FFA0022E6
:101670001CE0012211462E2007F04EF90222C2E79B
:101680000021022006F002FAB6F90A00092808DD56
:1016900090FBF4F090FBF4F104FB1100C5B2294675
:1016A00000E00021032006F0F1F9012201212A20A7
:1016B00007F032F9B6F924004FF46178002809DB0D
:1016C0004FF47A7190FBF1F090FBF4F104FB110000
:1016D000C5B209E010F1630101D34042F0E700F226
:1016E000E730404500D20A252946042006F0CEF90D
:1016F000B6F92400002807DB90FBF7F090FBF4F12B
:1017000004FB1100C5B20AE010F1630101D30A2500
:1017100005E000F2E731414501D24042ECE72946BD
:10172000052006F0B3F9B6F92400002808DB00BF55
:1017300090FBF4F090FBF4F104FB1100C5B209E05A
:1017400000F16301632903D300F2E731414501D27F
:101750004042EDE72946062006F098F9B6F9240044
:10176000002805DB90FBF4F104FB1100C5B209E091
:1017700000F16301632903D300F2E731414501D24F
:101780004042EFE72946072006F080F90122114682
:10179000352007F0C1F88B48407830B1D9F84400C3
:1017A000504502DA89488078E0B1B6F92200002875
:1017B0007EDD4FF47A7190FBF1F090FBF4F104FBC5
:1017C0001100C5B22946082006F060F9B6F92200DA
:1017D000002815DB90FBF7F090FBF4F104FB1100FF
:1017E000C5B218E01221082006F050F91221092094
:1017F00006F04CF912210A2006F048F912213EE0C9
:1018000010F1630101D30A2505E000F2E7314145FB
:1018100001D24042DEE72946092006F037F9B6F941
:101820002200002808DB00BF90FBF4F090FBF4F1ED
:1018300004FB1100C5B209E000F16301632903D381
:1018400000F2E731414501D24042EDE729460A2046
:1018500006F01CF9B6F92200002805DB90FBF4F134
:1018600004FB1100C5B209E000F16301632903D351
:1018700000F2E731414501D24042EFE729460B2013
:1018800006F004F9042211462B2007F045F8B06B4E
:101890004FF4616B00287CD0316C48F6A04091FB7E
:1018A000F0F0C1B20C2006F0F1F85D46306C00E0BB
:1018B0009DE090FBF5F090FBF4F104FB1100C1B248
:1018C0000D2006F0E3F8306C90FBF5F105FB1101FB
:1018D0004FF4167091FBF0F0C1B20E2006F0D6F86E
:1018E000306C90FBF5F105FB11013C2091FBF0F011
:1018F00090FBF4F104FB1100C5B229460F2006F05D
:10190000C5F804221146372007F006F82D488078E4
:1019100030B1D9F84400504502DA2C488078C8B379
:10192000306BC0B3F16B48F6A04091FBF0F0C1B250
:10193000102006F0ABF8F06B5D4690FBF5F090FBE5
:10194000F4F104FB1100C1B2112006F09FF8F06B16
:1019500090FBF5F105FB11014FF4167091FBF0F0CF
:10196000C1B2122006F092F8F06B90FBF5F105FB86
:1019700011013C2091FBF0F090FBF4F104FB11000D
:10198000C5B22946132006F081F8202211462D20E9
:1019900002E03AE048E056E006F0BEFF01221146C0
:1019A000282006F0B9FF02221146282006F0B4FFD5
:1019B00040221146292006F0AFFF0448807890B3FA
:1019C000002205E08C0000208C51002074070020CC
:1019D0008021292006F0A0FFF74890F90E0088B377
:1019E000012842D002285FD003284DD163E00A21AC
:1019F000082006F04BF80A21092006F047F80A21D2
:101A0000084606F043F80A2139E70A210C2006F0BF
:101A10003DF80A210D2006F039F80A210E2006F0C3
:101A200035F80A216AE71CE01221102006F02EF892
:101A30001221112006F02AF81221084606F026F895
:101A400012219FE70FE00A21102006F01FF80A215B
:101A5000112006F01BF80A21122006F017F80A21BF
:101A600090E78022ADE7012200E0002201213A2028
:101A700006F052FF022202213A2006F04DFF012219
:101A80000121382006F048FFCB4890F82600F0B13D
:101A9000002204213A2006F03FFFC8480168C848E8
:101AA000814216DA082215E0012211463A2006F09A
:101AB00033FF0022DFE7012211463A2006F02CFF17
:101AC000022211463A2006F027FF0022D8E704221E
:101AD000DFE7002208213A2006F01EFFB64890F802
:101AE000440030B3002280213B2006F015FFB6F9F8
:101AF0005400B0F57A7F1EDB4FF47A7190FBF1F061
:101B000090FBF4F104FB110010F0FF0513D0042248
:101B10000621242006F000FFB6F9540063280CDDEE
:101B200090FBF7F090FBF4F104FB1100C5B22946DD
:101B300004E08022D7E70622EAE70021142005F01E
:101B4000A5FFB6F95400092808DD90FBF4F090FBDE
:101B5000F4F104FB1100C5B2294600E00021152074
:101B600005F094FF012211461C2006F0D5FE954891
:101B7000007838B1D9F84400504503DA92488078AB
:101B8000012826D0B6F9520098B34FF47A718842F2
:101B900044DB90FBF1F090FBF4F104FB110010F03A
:101BA000FF053BD0012211461A2006F0B5FE0022A7
:101BB00002211C2006F0B0FEB6F95200632834DD85
:101BC00090FBF7F090FBF4F104FB1100C5B229463D
:101BD0002CE0002201211A2006F09EFE00220221A4
:101BE0001C2006F099FE1221162005F04FFF12214D
:101BF0000FE0FFE7002201211A2006F08DFE0022EF
:101C000002211C2006F088FE0A21162005F03EFF66
:101C10000A21172005F03AFF00221CE0012211469C
:101C20001A2006F079FE0222C2E70021162005F0F4
:101C30002DFFB6F95200092808DD90FBF4F090FB67
:101C4000F4F104FB1100C5B2294600E00021172081
:101C500005F01CFF01220121162006F05DFEB6F9F9
:101C60006C0000280ADB00BF4FF47A7190FBF1F0A2
:101C700090FBF4F104FB1100C5B209E010F163011F
:101C800001D34042F0E700F2E730404500D20A2598
:101C90002946182005F0FAFEB6F96C00002807DB8B
:101CA00090FBF7F090FBF4F104FB1100C5B20AE0E1
:101CB00010F1630101D30A2505E000F2E731414547
:101CC00001D24042ECE72946192005F0DFFEB6F9C3
:101CD0006C00002808DB00BF90FBF4F090FBF4F1EF
:101CE00004FB1100C5B209E000F16301632903D3CD
:101CF00000F2E731414501D24042EDE729461A2082
:101D000005F0C4FEB6F96C00002805DB90FBF4F189
:101D100004FB1100C5B209E000F16301632903D39C
:101D200000F2E731414501D24042EFE729461B204E
:101D300005F0ACFE01221146212006F0EDFD214800
:101D4000407838B1D9F84400504503DA1E4880780D
:101D500001281DD0B6F96A0000286FDD4FF47A71B2
:101D600090FBF1F090FBF4F104FB1100C5B22946A1
:101D70001C2005F08BFEB6F96A00002816DB00BFB8
:101D800090FBF7F090FBF4F104FB1100C5B223E0E7
:101D900012211C2005F07AFE12211D2005F076FE8E
:101DA00012211E2005F072FE122149E010F163019C
:101DB0000CD30A2510E00000FC690020FC64002020
:101DC000008009458C0000207407002000F2E731F4
:101DD000414501D24042D3E729461D2005F056FE79
:101DE000B6F96A00002807DB90FBF4F090FBF4F1F1
:101DF00004FB1100C5B209E000F16301632903D3BC
:101E000000F2E731414501D24042EDE729461E206C
:101E100005F03CFEB6F96A00002805DB90FBF4F102
:101E200004FB1100C5B20AE000F16301632903D38A
:101E300000F2E731414502D24042EFE7B3E02946E4
:101E40001F2005F023FE04221146172006F064FD32
:101E5000D6F88000E8B356F8881F48F6A04091FBFA
:101E6000F0F0C1B2202005F011FE30685D4690FB15
:101E7000F5F090FBF4F104FB1100C1B2212005F054
:101E800005FE306890FBF5F105FB11014FF416706B
:101E900091FBF0F0C1B2222005F0F8FD56F8880958
:101EA00090FBF5F105FB11013C2091FBF0F090FB5C
:101EB000F4F104FB1100C5B22946232005F0E6FD2C
:101EC00004221146232006F027FDFA48807848B105
:101ED00000E077E0D9F84400504503DAF64880780E
:101EE00001287DD0B06FE8B356F8841F48F6A040B3
:101EF00091FBF0F0C1B2242005F0C8FD30685D46CA
:101F000090FBF5F090FBF4F104FB1100C1B2252029
:101F100005F0BCFD306890FBF5F105FB11014FF4B5
:101F2000167091FBF0F0C1B2262005F0AFFD56F817
:101F3000840990FBF5F105FB11013C2091FBF0F0C9
:101F400090FBF4F104FB1100C5B22946272005F0EF
:101F50009DFD20221146192006F0DEFC01221146CB
:101F6000142000E04BE006F0D7FC022211461420BA
:101F700006F0D2FC40221146152006F0CDFCCE48DA
:101F80008078012849D000228021152006F0C4FC69
:101F9000CA4890F9560088B3012842D002285FD081
:101FA00003284DD163E00A211C2005F06FFD0A21B2
:101FB0001D2005F06BFD0A211E2005F067FD0A219A
:101FC0003EE70DE00A21202005F060FD0A212120D6
:101FD00005F05CFD0A21222005F058FD0A216CE77E
:101FE0001221242005F052FD1221252005F04EFD7E
:101FF0001221262005F04AFD1221A7E70FE00A2151
:10200000242005F043FD0A21252005F03FFD0A218B
:10201000262005F03BFD0A2198E78022B4E7012243
:1020200000E000220121262006F076FC0222022197
:10203000262006F071FC01220121242006F06CFC10
:102040009E4890F86E00F0B100220421262006F090
:1020500063FC9B4841689B48814216DA082215E0E0
:1020600001221146262006F057FC0022DFE701225C
:102070001146262006F050FC02221146262006F0CA
:102080004BFC0022D8E70422DFE7002208212620AB
:1020900006F042FC894890F88C0030B30022802181
:1020A000272006F039FCB6F99C00B0F57A7F1EDBDC
:1020B0004FF47A7190FBF1F090FBF4F104FB110006
:1020C00010F0FF0513D0202260214D2006F024FCE3
:1020D000B6F99C0063280CDD90FBF7F090FBF4F15F
:1020E00004FB1100C5B2294604E08022D7E7602234
:1020F000EAE70021282005F0C9FCB6F99C00092870
:1021000008DD90FBF4F090FBF4F104FB1100C5B284
:10211000294600E00021292005F0B8FC8022114664
:10212000452006F0F9FB6348007838B1D9F844003F
:10213000504503DA60488078022826D0B6F99A0024
:1021400098B34FF47A71884244DB90FBF1F090FB36
:10215000F4F104FB110010F0FF053BD08022114682
:10216000432006F0D9FB00224021452006F0D4FB95
:10217000B6F99A00632834DD90FBF7F090FBF4F198
:1021800004FB1100C5B229462CE000228021432027
:1021900006F0C2FB00224021452006F0BDFB1221C3
:1021A0002A2005F073FC12210FE0FFE700228021B6
:1021B000432006F0B1FB00224021452006F0ACFB95
:1021C0000A212A2005F062FC0A212B2005F05EFC82
:1021D00000221CE080221146432006F09DFB402295
:1021E000C2E700212A2005F051FCB6F99A0009281F
:1021F00008DD90FBF4F090FBF4F104FB1100C5B294
:10220000294600E000212B2005F040FC802280219F
:102210003F2006F081FBB6F9B40000280ADB00BFBE
:102220004FF47A7190FBF1F090FBF4F104FB110094
:10223000C5B209E010F1630101D34042F0E700F2BA
:10224000E730404500D20A2529462C2005F01EFC27
:10225000B6F9B400002807DB90FBF7F090FBF4F12F
:1022600004FB1100C5B20AE010F1630101D30A2595
:1022700005E000F2E731414501D24042ECE7294652
:102280002D2005F003FCB6F9B400002808DB00BFE0
:1022900090FBF4F090FBF4F104FB1100C5B213E0E5
:1022A00000F16301632903D300F2E73141450BD20A
:1022B0004042EDE78C00002074070020FC690020FC
:1022C000FC6400200080094529462E2005F0DEFB35
:1022D000B6F9B400002805DB90FBF4F104FB110013
:1022E000C5B209E000F16301632903D300F2E731CD
:1022F000414501D24042EFE729462F2005F0C6FBB9
:1023000080221146482006F007FBFE48407838B18D
:10231000D9F84400504503DAFB48807802281DD0E4
:10232000B6F9B20000287DDD4FF47A7190FBF1F030
:1023300090FBF4F104FB1100C5B22946302005F0F2
:10234000A5FBB6F9B200002816DB00BF90FBF7F042
:1023500090FBF4F104FB1100C5B218E0122130200B
:1023600005F094FB1221312005F090FB1221322060
:1023700005F08CFB12213EE010F1630101D30A2528
:1023800005E000F2E731414501D24042DEE729464F
:10239000312005F07BFBB6F9B200002808DB00BF56
:1023A00090FBF4F090FBF4F104FB1100C5B209E0DE
:1023B00000F16301632903D300F2E731414501D203
:1023C0004042EDE72946322005F060FBB6F9B20045
:1023D000002805DB90FBF4F104FB1100C5B209E015
:1023E00000F16301632903D300F2E731414501D2D3
:1023F0004042EFE72946332005F048FB20221146F2
:102400003E2006F089FAD6F8C800E8B356F8D01F87
:1024100048F6A04091FBF0F0C1B2342005F036FB45
:102420005D4600E09CE0306890FBF5F090FBF4F135
:1024300004FB1100C1B2352005F028FB306890FB89
:10244000F5F105FB11014FF4167091FBF0F0C1B2EC
:10245000362005F01BFB56F8D00990FBF5F105FB83
:1024600011013C2091FBF0F090FBF4F104FB110012
:10247000C5B22946372005F009FB202211464A2023
:1024800006F04AFA9F4800E078E0807838B1D9F841
:102490004400504503DA9C48807802287DD0D6F865
:1024A000C000E8B356F8CC1F48F6A04091FBF0F00E
:1024B000C1B2382005F0EAFA30685D4690FBF5F0CD
:1024C00090FBF4F104FB1100C1B2392005F0DEFAF3
:1024D000306890FBF5F105FB11014FF4167091FB8C
:1024E000F0F0C1B23A2005F0D1FA56F8CC0990FBD1
:1024F000F5F105FB11013C2091FBF0F090FBF4F1AC
:1025000004FB1100C5B229463B2005F0BFFA0422A6
:102510001146402006F000FA802211463D2000E0DE
:102520004AE006F0F9F9402211463D2006F0F4F9A0
:10253000022211463C2006F0EFF973488078022809
:1025400048D0002201213C2006F0E6F996F99E00D1
:1025500088B3012842D002285ED003284DD162E022
:102560000A21302005F092FA0A21312005F08EFA76
:102570000A21322005F08AFA0A213CE70A21342098
:1025800005F084FA0A21352005F080FA0A21362068
:1025900005F07CFA0A216DE7FFE71221382005F0EB
:1025A00075FA1221392005F071FA12213A2005F04E
:1025B0006DFA1221A8E70FE00A21382005F066FA2B
:1025C0000A21392005F062FA0A213A2005F05EFA64
:1025D0000A2199E70122B5E7802200E0002280214C
:1025E0004F2006F099F9402240214F2006F094F93F
:1025F000802280214D2006F08FF996F8B600F0B1C8
:10260000002220214F2006F087F940488168404889
:10261000814216DA102215E0802211464F2006F082
:102620007BF90022E0E7802211464F2006F074F982
:10263000402211464F2006F06FF90022D9E72022F0
:10264000DFE7002210214F2006F066F996F8D4004B
:1026500030B3002201214E2006F05EF9B6F9E40005
:10266000B0F57A7F1EDB4FF47A7190FBF1F090FBAE
:10267000F4F104FB110010F0FF0513D020226021BB
:10268000032006F049F9B6F9E40063280CDD90FB5D
:10269000F7F090FBF4F104FB1100C5B2294604E009
:1026A0000122D7E76022EAE700213C2005F0EEF99D
:1026B000B6F9E400092808DD90FBF4F090FBF4F192
:1026C00004FB1100C5B2294600E000213D2005F0C1
:1026D000DDF9802211460B2006F01EF9094800782A
:1026E00038B1D9F84400504503DA07488078032808
:1026F00030D0B6F9E200E8B34FF47A7188424EDB8D
:1027000008E000008C00002074070020FC6400201A
:102710000080094590FBF1F191FBF4F004FB1010EF
:1027200010F0FF053BD0802211460D2006F0F4F892
:10273000002240210B2006F0EFF8B6F9E2006328F2
:1027400034DD90FBF7F090FBF4F104FB1100C5B20F
:1027500029462CE0002280210D2006F0DDF8002221
:1027600040210B2006F0D8F812213E2005F08EF90A
:1027700012210FE0FFE7002280210D2006F0CCF8A7
:10278000002240210B2006F0C7F80A213E2005F068
:102790007DF90A213F2005F079F900221CE0802212
:1027A00011460D2006F0B8F84022C2E700213E2075
:1027B00005F06CF9B6F9E200092808DD90FBF4F0A9
:1027C00090FBF4F104FB1100C5B2294600E00021A2
:1027D0003F2005F05BF980228021112006F09CF853
:1027E000B6F9FC00002808DB4FF47A7190FBF1F198
:1027F00091FBF4F004FB10100BE010F163010AD31D
:1028000040424FF47A7190FBF1F090FBF4F104FB3D
:102810001100C5B204E000F2E730404500D20A25BD
:102820002946402005F032F9B6F9FC00002807DB04
:1028300090FBF7F090FBF4F104FB1100C5B20AE045
:1028400010F1630101D30A2505E000F2E7314145AB
:1028500001D24042ECE72946412005F017F9B6F9CC
:10286000FC00002808DB00BF90FBF4F090FBF4F1C3
:1028700004FB1100C5B209E000F16301632903D331
:1028800000F2E731414501D24042EDE729464220BE
:1028900005F0FCF8B6F9FC00002805DB90FBF4F12C
:1028A00004FB1100C5B209E000F16301632903D301
:1028B00000F2E731414501D24042EFE7294643208B
:1028C00005F0E4F880221146062006F025F8FE48BF
:1028D000407838B1D9F84400504503DAFB48807895
:1028E00003281DD0B6F9FA0000287DDD4FF47A7177
:1028F00090FBF1F090FBF4F104FB1100C5B2294606
:10290000442005F0C3F8B6F9FA00002816DB00BF32
:1029100090FBF7F090FBF4F104FB1100C5B218E056
:102920001221442005F0B2F81221452005F0AEF83E
:102930001221462005F0AAF812213EE010F16301B1
:1029400001D30A2505E000F2E731414501D24042BA
:10295000DEE72946452005F099F8B6F9FA00002887
:1029600008DB00BF90FBF4F090FBF4F104FB1100D6
:10297000C5B209E000F16301632903D300F2E73136
:10298000414501D24042EDE72946462005F07EF858
:10299000B6F9FA00002805DB90FBF4F104FB110006
:1029A000C5B209E000F16301632903D300F2E73106
:1029B000414501D24042EFE72946472005F066F83D
:1029C00020221146102005F0A7FFD6F81001E0B331
:1029D000D6F8181148F6A04091FBF0F0C1B248209B
:1029E00005F054F85D4600E0A0E0D6F8180190FB31
:1029F000F5F090FBF4F104FB1100C1B2492005F0A1
:102A000045F8D6F8180190FBF5F105FB11014FF4DC
:102A1000167091FBF0F0C1B24A2005F037F8D6F8F5
:102A2000180190FBF5F105FB11013C2091FBF0F042
:102A300090FBF4F104FB1100C5B229464B2005F0D0
:102A400025F820221146042000E07EE005F064FF16
:102A50009D48807838B1D9F84400504503DA9B4846
:102A6000807803287FD0D6F80801E8B3D6F814118F
:102A700048F6A04091FBF0F0C1B24C2005F006F8FA
:102A8000D6F814015D4690FBF5F090FBF4F104FBE1
:102A90001100C1B24D2004F0F9FFD6F8140190FBEB
:102AA000F5F105FB11014FF4167091FBF0F0C1B286
:102AB0004E2004F0EBFFD6F8140190FBF5F105FB76
:102AC00011013C2091FBF0F090FBF4F104FB1100AC
:102AD000C5B229464F2004F0D9FF042211460E202A
:102AE00005F01AFF802200E04CE01146132005F0AB
:102AF00013FF40221146132005F00EFF022211465B
:102B0000122005F009FF71488078032848D0002280
:102B10000121122005F000FF96F9E60088B3012894
:102B200042D002285ED003284DD162E00A21442021
:102B300004F0ACFF0A21452004F0A8FF0A2146203A
:102B400004F0A4FF0A2138E70DE00A21482004F030
:102B50009DFF0A21492004F099FF0A214A2004F030
:102B600095FF0A216AE712214C2004F08FFF122101
:102B70004D2004F08BFF12214E2004F087FF12211C
:102B8000A8E70FE00A214C2004F080FF0A214D2025
:102B900004F07CFF0A214E2004F078FF0A2199E717
:102BA0000122B5E7802200E000228021012005F00B
:102BB000B3FE40224021012005F0AEFE802280219C
:102BC000032005F0A9FE96F8FE00F0B100222021B6
:102BD000012005F0A1FE3E48C1683E48814216DA58
:102BE000102215E080221146012005F095FE0022FA
:102BF000E0E780221146012005F08EFE40221146BA
:102C0000012005F089FE0022D9E72022DFE700221B
:102C10001021012005F080FE96F81C0130B300223F
:102C20000121002005F078FEB6F92C01B0F57A7F7D
:102C30001EDB4FF47A7190FBF1F090FBF4F104FB92
:102C4000110010F0FF0513D004220621522005F0D8
:102C500063FEB6F92C0163280CDD90FBF7F090FBC6
:102C6000F4F104FB1100C5B2294604E00122D7E7C4
:102C70000622EAE70021502004F008FFB6F92C01F3
:102C8000092808DD90FBF4F090FBF4F104FB11003F
:102C9000C5B2294600E00021512004F0F7FE0122D0
:102CA00011465A2005F038FE0748007838B1D9F8A7
:102CB0004400504503DA05488078042830D0B6F93E
:102CC0002A01E8B308E000008C000020740700200F
:102CD000FC640020008009454FF47A71884244DB8F
:102CE00090FBF1F090FBF4F104FB110010F0FF05F4
:102CF0003BD0002202215A2005F00EFE012211468F
:102D00005C2005F009FEB6F92A0163282FDD90FB4F
:102D1000F7F090FBF4F104FB1100C5B2294627E05F
:102D2000002202215A2005F0F7FD002201215C203B
:102D300005F0F2FD1221522004F0A8FE12210FE04E
:102D4000FFE7002202215A2005F0E6FD00220121C2
:102D50005C2005F0E1FD0A21522004F097FE0A21D3
:102D6000532004F093FE002217E00222C2E7002164
:102D7000522004F08BFEB6F92A01092808DD90FBE9
:102D8000F4F090FBF4F104FB1100C5B2294600E019
:102D90000021532004F07AFE01220121602005F079
:102DA000BBFDB6F9440100280ADB00BF4FF47A717D
:102DB00090FBF1F090FBF4F104FB1100C5B209E0C7
:102DC00010F1630101D34042F0E700F2E7304045E3
:102DD00000D20A252946542004F058FEB6F94401D1
:102DE000002807DB90FBF7F090FBF4F104FB1100E7
:102DF000C5B20AE010F1630101D30A2505E000F233
:102E0000E731414501D24042ECE72946552004F024
:102E10003DFEB6F94401002808DB00BF90FBF4F04A
:102E200090FBF4F104FB1100C5B209E000F163016D
:102E3000632903D300F2E731414501D24042EDE777
:102E40002946562004F022FEB6F94401002805DB8D
:102E500090FBF4F104FB1100C5B209E000F163013D
:102E6000632903D300F2E731414501D24042EFE745
:102E70002946572004F00AFE01221146572005F08A
:102E80004BFDFE48407838B1D9F84400504503DA8C
:102E9000FB48807804281DD0B6F9420100287DDD6A
:102EA0004FF47A7190FBF1F090FBF4F104FB110008
:102EB000C5B22946582004F0E9FDB6F942010028C0
:102EC00016DB00BF90FBF7F090FBF4F104FB110060
:102ED000C5B218E01221582004F0D8FD1221592063
:102EE00004F0D4FD12215A2004F0D0FD12213EE05E
:102EF00010F1630101D30A2505E000F2E7314145F5
:102F000001D24042DEE72946592004F0BFFDB6F960
:102F10004201002808DB00BF90FBF4F090FBF4F1C5
:102F200004FB1100C5B209E000F16301632903D37A
:102F300000F2E731414501D24042EDE729465A20EF
:102F400004F0A4FDB6F94201002805DB90FBF4F182
:102F500004FB1100C5B209E000F16301632903D34A
:102F600000F2E731414501D24042EFE729465B20BC
:102F700004F08CFD04221146612005F0CDFCD6F84A
:102F80005801E0B3D6F8601148F6A04091FBF0F08C
:102F9000C1B25C2004F07AFD5D4600E0A0E0D6F806
:102FA000600190FBF5F090FBF4F104FB1100C1B25D
:102FB0005D2004F06BFDD6F8600190FBF5F105FB98
:102FC00011014FF4167091FBF0F0C1B25E2004F0D5
:102FD0005DFDD6F8600190FBF5F105FB11013C2089
:102FE00091FBF0F090FBF4F104FB1100C5B229460F
:102FF0005F2004F04BFD04221146552000E07EE0E6
:1030000005F08AFC9D48807838B1D9F844005045D5
:1030100003DA9B48807804287FD0D6F85001E8B3C3
:10302000D6F85C1148F6A04091FBF0F0C1B26020E8
:1030300004F02CFDD6F85C015D4690FBF5F090FBAA
:10304000F4F104FB1100C1B2612004F01FFDD6F8B9
:103050005C0190FBF5F105FB11014FF4167091FB3B
:10306000F0F0C1B2622004F011FDD6F85C0190FBD3
:10307000F5F105FB11013C2091FBF0F090FBF4F120
:1030800004FB1100C5B22946632004F0FFFC202296
:1030900011465F2005F040FC012200E04CE01146A3
:1030A000622005F039FC02221146622005F034FC52
:1030B00040221146632005F02FFC714880780428D7
:1030C00048D000228021632005F026FC96F92E01CD
:1030D00088B3012842D002285ED003284DD162E097
:1030E0000A21582004F0D2FC0A21592004F0CEFC19
:1030F0000A215A2004F0CAFC0A2138E70DE00A210F
:103100005C2004F0C3FC0A215D2004F0BFFC0A210E
:103110005E2004F0BBFC0A216AE71221602004F063
:10312000B5FC1221612004F0B1FC1221622004F0F0
:10313000ADFC1221A8E70FE00A21602004F0A6FCF4
:103140000A21612004F0A2FC0A21622004F09EFC06
:103150000A2199E78022B5E7012200E0002201213F
:10316000502005F0D9FB02220221502005F0D4FBAB
:1031700001220121522005F0CFFB96F84601F0B163
:1031800000220421502005F0C7FB3E4801693E485B
:10319000814216DA082215E001221146502005F07E
:1031A000BBFB0022E0E701221146502005F0B4FBF2
:1031B00002221146502005F0AFFB0022D9E704227D
:1031C000DFE700220821502005F0A6FB96F86401F5
:1031D00030B300228021512005F09EFBB6F9740126
:1031E000B0F57A7F1EDB4FF47A7190FBF1F090FB23
:1031F000F4F104FB110010F0FF0513D004220621A6
:10320000662005F089FBB6F9740163280CDD90FB9C
:10321000F7F090FBF4F104FB1100C5B2294604E07D
:103220008022D7E70622EAE70021642004F02EFC82
:10323000B6F97401092808DD90FBF4F090FBF4F175
:1032400004FB1100C5B2294600E00021652004F00E
:103250001DFC012211466E2005F05EFB0748007838
:1032600038B1D9F84400504503DA0548807805287C
:1032700030D0B6F97201E8B308E000008C000020FD
:1032800074070020FC640020008009454FF47A7127
:10329000884244DB90FBF1F090FBF4F104FB110059
:1032A00010F0FF053BD0002202216E2005F034FB18
:1032B00001221146702005F02FFBB6F97201632838
:1032C0002FDD90FBF7F090FBF4F104FB1100C5B289
:1032D000294627E0002202216E2005F01DFB002276
:1032E0000121702005F018FB1221662004F0CEFBAE
:1032F00012210FE0FFE7002202216E2005F00CFBF7
:1033000000220121702005F007FB0A21662004F04D
:10331000BDFB0A21672004F0B9FB002217E002225E
:10332000C2E70021662004F0B1FBB6F9720109285A
:1033300008DD90FBF4F090FBF4F104FB1100C5B242
:10334000294600E00021672004F0A0FB01220121B2
:10335000742005F0E1FAB6F98C0100280ADB00BF01
:103360004FF47A7190FBF1F090FBF4F104FB110043
:10337000C5B209E010F1630101D34042F0E700F269
:10338000E730404500D20A252946682004F07EFB3C
:10339000B6F98C01002807DB90FBF7F090FBF4F105
:1033A00004FB1100C5B20AE010F1630101D30A2544
:1033B00005E000F2E731414501D24042ECE7294601
:1033C000692004F063FBB6F98C01002808DB00BF1C
:1033D00090FBF4F090FBF4F104FB1100C5B209E09E
:1033E00000F16301632903D300F2E731414501D2C3
:1033F0004042EDE729466A2004F048FBB6F98C010B
:10340000002805DB90FBF4F104FB1100C5B209E0D4
:1034100000F16301632903D300F2E731414501D292
:103420004042EFE729466B2004F030FB01221146B1
:103430006B2005F071FAD948407838B1D9F84400CA
:10344000504503DAD648807805281DD0B6F98A01A0
:1034500000287DDD4FF47A7190FBF1F090FBF4F1E0
:1034600004FB1100C5B229466C2004F00FFBB6F92D
:103470008A01002816DB00BF90FBF7F090FBF4F107
:1034800004FB1100C5B218E012216C2004F0FEFA12
:1034900012216D2004F0FAFA12216E2004F0F6FADF
:1034A00012213EE010F1630101D30A2505E000F28C
:1034B000E731414501D24042DEE729466D2004F064
:1034C000E5FAB6F98A01002808DB00BF90FBF4F0AA
:1034D00090FBF4F104FB1100C5B209E000F16301B7
:1034E000632903D300F2E731414501D24042EDE7C1
:1034F00029466E2004F0CAFAB6F98A01002805DBD5
:1035000090FBF4F104FB1100C5B209E000F1630186
:10351000632903D300F2E731414501D24042EFE78E
:1035200029466F2004F0B2FA04221146752005F0F6
:10353000F3F9D6F8A001E8B3D6F8A81148F6A040F0
:1035400091FBF0F0C1B2702004F0A0FA5D4600E0FB
:103550009EE0D6F8A80190FBF5F090FBF4F104FB97
:103560001100C1B2712004F091FAD6F8A80190FBC5
:10357000F5F105FB11014FF4167091FBF0F0C1B2AB
:10358000722004F083FAD6F8A80190FBF5F105FB50
:1035900011013C2091FBF0F090FBF4F104FB1100D1
:1035A000C1B2732004F072FA04221146692005F0BA
:1035B000B3F900E07BE07948807838B1D9F844006D
:1035C000504503DA7648807805287ED0D6F89801F1
:1035D000F0B3D6F8A41148F6A04091FBF0F0C1B2C8
:1035E000742004F053FAD6F8A4015D4690FBF5F080
:1035F00090FBF4F104FB1100C1B2752004F046FA0F
:10360000D6F8A40190FBF5F105FB11014FF41670FB
:1036100091FBF0F0C1B2762004F038FAD6F8A4019C
:1036200090FBF5F105FB11013C2091FBF0F090FBC4
:10363000F4F104FB1100C1B2772004F027FA202234
:103640001146732005F068F901221146762000E04A
:103650004AE005F061F902221146762005F05CF996
:1036600040221146772005F057F94D48807805280B
:1036700048D000228021772005F04EF996F9760196
:1036800088B3012842D002285ED003284DD162E0E1
:103690000A216C2004F0FAF90A216D2004F0F6F9F1
:1036A0000A216E2004F0F2F90A213AE70DE00A211E
:1036B000702004F0EBF90A21712004F0E7F90A21E7
:1036C000722004F0E3F90A216BE71221742004F060
:1036D000DDF91221752004F0D9F91221762004F0C9
:1036E000D5F91221A8E70FE00A21742004F0CEF9E1
:1036F0000A21752004F0CAF90A21762004F0C6F9DF
:103700000A2199E78022B5E7012200E00022012189
:10371000642005F001F902220221642005F0FCF882
:1037200001220121662005F0F7F896F88E01F0B12C
:1037300000220421642005F0EFF81A4841691A4874
:10374000814216DA082215E001221146642005F0B4
:10375000E3F80022E0E701221146642005F0DCF8DE
:1037600002221146642005F0D7F80022D9E704228E
:10377000DFE700220821642005F0CEF896F8AC01BE
:1037800048B100228021652005F0C6F8BDE8F05F51
:10379000064802F0D3BD8022F4E700008C00002030
:1037A00074070020FC64002000800945806500202B
:1037B00010B503F029FA044801F0E4FEBDE810401A
:1037C000024801F0DFBE0000280900207009002037
:1037D0002DE9F14FB94C2189E06801F00FFA00257D
:1037E000B74FDFF8E092DFF8E0B24FF0804A0126F1
:1037F00010B994F8250020B194F82400012807D0CE
:10380000DCE0216A0098FCF73EFD206284F8246029
:103810002189E06801F0F2F901281AD1A848216A4B
:1038200040420144A94881420ED2A9488178491CEE
:10383000C9B28170052900D985704570A548056019
:10384000C4F81CA0C9F8007084F8245084F82550EE
:103850002562216A6FF07F5001449F4881427CD2EB
:1038600094F82500002878D199489C4A9C49807892
:10387000DFF870E29C4B52F820C0DFF870828C4574
:10388000D2F800C047DA8C4568DAD2F804C08C451B
:1038900064DAD2F808C08C4560DAD2F80CC08C45E6
:1038A0005CDAD2F810C08C4558DA52698A4255DA8F
:1038B00000EBC002002143460BEBC20201EBC10C3E
:1038C0000BEBCC00B2F8048003EB410CA0F80880AD
:1038D000ACF80280A0F80480B2F81880A0F820802C
:1038E000ACF80E80A0F81880D2F830C003EB810845
:1038F000C0F838C0C8F81CC0C0F830C0C0F834C028
:1039000092F801C0BCF1000F00D04670491CC9B24A
:103910000629D3D349E08C454CDDD2F804C08C4550
:1039200048DDD2F808C08C4544DDD2F80CC08C4587
:1039300040DDD2F810C08C453CDD52698A4239DD49
:1039400000EBC002002143460BEBC20201EBC10CAD
:10395000B2F804800BEBCC0001E02FE02AE003EB8F
:10396000410CA0F80880ACF80280A0F80480B2F8FE
:103970001880A0F82080ACF80E80A0F81880D2F84B
:1039800030C003EB8108C0F838C0C8F81CC0C0F8CC
:1039900030C0C0F834C092F801C0BCF1000F00D0B4
:1039A0004670491CC9B20629D0D38EF80060C9F808
:1039B000007001E0C3F800A084F82560218E606BE0
:1039C00001F01CF910B994F84D0058B194F84C006E
:1039D000012870D1218E606B01F010F902220128BC
:1039E00008D022E0A16C0098FCF74DFCA06484F89C
:1039F0004C60EFE73248A16C4042014433488142B9
:103A00000ED233484178491CC9B2417001293BD0DC
:103A1000032900D945702F49C9F80070C1F800A0EA
:103A200084F84C5084F84D50A564A16C6FF07F5021
:103A30000144294881423ED294F84D0000283AD1F1
:103A40009BF801105846012925D090F8491001290A
:103A500021D090F8911001291DD090F8D91001299A
:103A600019D090F82111012915D090F86911012978
:103A700011D0002101EBC10200EBC202491CC9B206
:103A800056700629F6D312E012490968B1F5000F05
:103A9000C1DB4270BFE7002101EBC10300EBC305AE
:103AA000491C2A75C9B200F833600629F4D3C9F855
:103AB000007084F84D60BDE8F88F00008C51002044
:103AC000CDCCCC3D74000020FC6900203333F301E1
:103AD0007407002094000020FFFF7F00FC6400209A
:103AE000008009453007002078000020F86500209C
:103AF00009488021202201804021418007494160FE
:103B000002814A15C16002858A1542850A15C16283
:103B100002864163704700008C5100200014014070
:103B200010B5094C2168FCF7AEFB2060B0F17E5F58
:103B300008DB06488169416100218161026CC0E9AE
:103B40000F21216010BD00007C0000208C5100205E
:103B500008B505F027FB094D094C0090287840B9BD
:103B60002046FFF735FE2046FFF7DAFF2046FDF737
:103B7000A9FA0A21684605F0D7FAEFE7780700208E
:103B80000AD7233C10B5802000F030FFBDE810407C
:103B90004FF4007000F02ABF10B5104801F0F2FC9D
:103BA0000F4801F0EFFC00210C4801F00FFF042149
:103BB0000A4801F00BFF0821084801F007FF0C211B
:103BC000064801F003FF0821054801F0FFFEBDE8AB
:103BD00010400C21024801F0F9BE000098080020B6
:103BE0005008002072B6FEE706490020C86106486A
:103BF000016941F004010161016941F04001016185
:103C000070470000000A002000200240064A002100
:103C1000D16106490A6942F002020A6148610869F5
:103C200040F0400008617047000A00200020024078
:103C3000044B0022DA61044A136943F00103136163
:103C400001807047000A0020002002401448002232
:103C5000C168CB06134904D5CA6942F00202CA61A1
:103C60001022C3685B0705D5CB6943F00103CB6124
:103C700042F00402C369DB0707D0CB6943F00403B9
:103C8000CB61C16921F00101C161A2F580710139E7
:103C900001D0C2607047C16921F00101C161704764
:103CA00000200240000A002070B5054600F0B0FF79
:103CB0000646114C09E0681C07D025B100F0A8FFAA
:103CC000801BA84201D9032070BDE068C007F2D173
:103CD000E068800601D52020E060E068C00605D4D9
:103CE000E069C00702D1E068400703D5FFF7AEFFE7
:103CF000012070BD002070BD002002402DE9F04180
:103D00000E46FCF7EBFC294F0004000C57F8264048
:103D10001AD0B0F5805F17D2FCF7C2FC6FF00B0130
:103D2000FCF779FB2249FCF706FBDFF8888020F0DE
:103D300000410546414507DB29461F48FCF7F5FAD7
:103D400020F00041414502DA2046BDE8F0811B49E0
:103D50002846FCF722FB05461A4819494068804668
:103D6000FCF7E9FA2946FCF78EFA0546014640467B
:103D7000FCF7DBFA804614492846FCF7DCFA41469A
:103D8000FCF70BFB1149FCF7D6FA05461049204613
:103D9000FCF7D1FA04460F492846FCF7CCFA214635
:103DA000FCF771FA47F82600CFE70000CC6400204A
:103DB0003333534017B7D1389A99993F9A99D940DC
:103DC0007F526E3E800000200000404000007A4498
:103DD0006666663FCDCCCC3D78B500220B4B4C1EC1
:103DE00010E0551CA54202EB03052D88ADF80050EC
:103DF0009DF80050855403DC86189DF801507570BD
:103E0000921C92B28A42ECD3012078BD00000108D6
:103E10002DE9F04186B00D46804600F05FFD0020A0
:103E200001900090164F0121CDE90371694601A868
:103E300000F0B6FCC0B900246E1E1BE0601CB0424E
:103E400007DC08EB040018F80410407801EB0020B0
:103E500003E018F8040000F57F4082B20023E11966
:103E6000012000F0FBFC18B1002006B0BDE8F08195
:103E7000A41CA4B2AC42E1D300F0E6FC0120F4E7BC
:103E800000000108F8B500250446009590F82400CC
:103E900001280BD0012084F824002046FCF7EAFD1D
:103EA0002046FCF74BFE060002D050E00220F8BD91
:103EB000A06A20F4885040F00200A062022000F0C6
:103EC00045FF25490968B1FBF0F0400000E0401EC5
:103ED00000900028FBD12068816841F008018160D2
:103EE00000F096FE074608E000F092FEC01B0A288C
:103EF00003D920688068000715D42068806800070F
:103F0000F2D42068816841F00401816000F080FEF5
:103F1000074612E000F07CFEC01B0A280DD920687D
:103F20008068400709D5A06A20F0020040F0100028
:103F3000A06284F824500120F8BD20688068400702
:103F4000E8D4A06A20F0020040F00100A06284F8EA
:103F500024503046F8BD00000C000020F8B50024C5
:103F6000009490F824202546012A12D0012280F8DE
:103F700024204A681F23072A0DD20668776B521E39
:103F800002EB820293409F430B6893401F43776389
:103F900019E00220F8BD06680D2A0AD2376BD21F3D
:103FA00002EB820293409F430B6893401F433763A9
:103FB00009E0F76A0D3A02EB820293409F430B68D7
:103FC00093401F43F7620A68072306680A2A0AD348
:103FD000F7680A3A02EB420293409F438B68934092
:103FE0001F43F76008E0376902EB420293409F43AA
:103FF0008B6893401F4337610A68102A01D0112A49
:1040000020D1124B02689A4217D193681B0219D42F
:10401000936843F4000393600968102912D10C4996
:104020000C4A0968B1FBF2F101EB8101490000E0A3
:10403000491E00910029FBD104E0816A41F0200172
:104040008162012480F824502046F8BD00240140FC
:104050000C00002040420F0070477047704700007E
:104060002DE9F04104004FF000057FD0A06A002642
:1040700028B9E66284F82460204600F081F82046E2
:10408000FCF7F8FCA16AC90600D420B1A06A40F090
:104090001000A0626AE0A16A21F4885141F0020197
:1040A000A162334923688B42E16904D1B1F5402F05
:1040B00001D14FF40021277B4FF4807C41EA470275
:1040C00061680A43A168614508D0012906D0002132
:1040D00094F814E0BEF1010F02D00AE06146F7E760
:1040E000C7B1A76A47F02007A762E76A47F0010750
:1040F000E7625F6827F469470F435F602368996848
:104100001C4F394011439960A16861450BD00129CA
:1041100009D00CE0DFF860E0A7690EEB47370F43EA
:1041200047F40061E5E7218A0D05A5F580152168B2
:10413000CB6A23F470032B43CB62216889680F4B51
:104140001940914208D1E662A16A21F0020141F0D2
:104150000101A162BDE8F081A06A20F0020040F0F8
:104160001000A062E06A40F00100E0620120F1E787
:10417000003C0140FDF7E1FF00E0FFFFFE0E1FFFE6
:10418000F0B585B000260546009601960296039686
:104190000068214988423DD12049886940F4007077
:1041A0008861886900F400700490886940F010000C
:1041B0008861886900F010000490886940F004006C
:1041C000886188693F24032700F00400CDE9004797
:1041D00004906946124800F015FCCDE90047694695
:1041E000104800F00FFC114C0F48C4E90006802075
:1041F000C4E9026040002061800060612020A0616D
:104200000002E061204600F055FA08B1FFF7EAFC31
:104210002C62656205B0F0BD002401400010024030
:10422000001001400008014008000240C4070020BF
:104230002DE9F047894604463B4900683B4F0E1D77
:104240009046884201D0B84207D1306810F4702FF0
:1042500003D001252846BDE8F08794F82400012802
:104260000CD0012084F824002046FCF767FC0500F0
:104270004FF0000004D084F82400EBE70220EAE7C6
:10428000A16A40F60162914341F48071A162216804
:10429000B94218D1326812F4702F14D0A16A41F4D7
:1042A0008011A1623168490505D5A16A21F4005148
:1042B00041F48051A162A16AC9040AD5E16A21F0E2
:1042C0000601E16206E0A26A22F48012A262496855
:1042D000E9E7E06284F82400216A15488862216ACF
:1042E0001448C862216A1448086321686FF002000C
:1042F00008602068816841F48071816021684346CC
:104300004A464C31206A00F013FA20688168C1F3F4
:1043100042410729816803D041F48011816099E707
:1043200041F4A001FAE70000002401400028014008
:10433000CB0A0008330B0008190B00082DE9F05FC9
:1043400090F821100024022903D004218163012464
:1043500085E001680A6822F00E020A6001680A68B6
:1043600022F001020A603F4E3E4FB215DFF8F4C062
:10437000DFF8F090DFF8ECA0DFF8E8B0DFF8E4E079
:104380000168783F13011502ACF1640CA9F15009E2
:10439000AAF13C0AABF1280BAEF1140E4FF48018D1
:1043A000B14227D9B9420ED0614512D049451DD03E
:1043B000514518D0594518D0714501D1424615E0F4
:1043C000294EB14201D1012210E0274E1436B142EC
:1043D00001D110220AE0244E2836B14206D0224AEA
:1043E0003C32914201D11A4600E02A461E49091F7B
:1043F0000A602BE0B94213D0614517D0494522D05D
:1044000051451DD059451DD0714501D142461AE094
:10441000B14202D14FF0807215E0134EB14201D18A
:10442000012210E0104E1436B14201D110220AE0F0
:104430000D4E2836B14206D00B4A3C32914201D192
:104440001A4600E02A46074980394A60012180F86F
:104450002110002180F82010416B01B188472046CF
:10446000BDE8F09F80000240080402402DE9F05FA3
:10447000C16B0A6801680B68046C4FF0040808FA05
:1044800004F8844D844E854FDFF814C2DFF814928F
:10449000DFF814A2DFF814B2DFF814E218EA020F12
:1044A00065D05FEA437862D50A68920603D40A6849
:1044B00022F004020A60DFF8F0814FF480620168A4
:1044C00008F1140813011402414524D9A9420DD062
:1044D000B1420FD0B9421AD0614515D0494515D027
:1044E000514501D1120312E0594501D104220EE0D9
:1044F000714501D140220AE06D4D1435A94206D024
:104500006B4A2832914201D11A4600E0224667499F
:10451000091F0A6029E0A94213D0B14215D0B9425F
:1045200020D061451BD049451BD0514502D14FF4E5
:10453000800217E0414502D14FF0806212E05945F8
:1045400001D104220EE0714501D140220AE0584D0C
:104550001435A94206D0564A2832914201D11A4652
:1045600000E022464B4908394A60C16A71E04FF0C9
:10457000020808FA04F818EA020F70D05FEA83789C
:104580006DD50A68920606D40A6822F00A020A600B
:10459000012180F82110DFF810814FF400720168CA
:1045A00008F1140813011402414524D9A9420DD081
:1045B000B1420FD0B9421AD0614515D0494515D046
:1045C000514501D1120312E0594501D102220EE0FA
:1045D000714501D120220AE0354D1435A94206D09B
:1045E000334A2832914201D11A4600E022462F492F
:1045F000091F0A6029E0A94213D0B14215D0B9427F
:1046000020D061451BD049451BD0514502D14FF404
:10461000001217E0414502D14FF0007212E05945F7
:1046200001D102220EE0714501D120220AE0204D85
:104630001435A94206D01E4A2832914201D11A46A9
:1046400000E02246134908394A60002180F8201012
:10465000816A00291CD0BDE8F05F0847FFE7082504
:10466000A540154214D01A0712D50A6822F00E028E
:104670000A6090F84020C36B012101FA02F25A60EF
:10468000816380F82110002180F82010016BE0E7A1
:10469000BDE8F09F080002401C00024030000240CC
:1046A00044000240580002406C00024008040240EE
:1046B0001C04024030B560B11A4B026814219A42C2
:1046C00009D2194B1344B3FBF1F189000164174976
:1046D0000AE0012030BD134B5B421344B3FBF1F100
:1046E000890001640F490839C163022180F8211053
:1046F000136843F6F0718B43F0E901142143D0E9CC
:1047000002452C43214304692143446921438469C0
:10471000214319431160002141630122427701774F
:10472000084630BD08040240F8FFFDBF000002400B
:1047300070B5044690F82000002501280CD0012017
:1047400084F8200094F821600020012E06D084F81F
:1047500020000225284670BD022070BD022684F884
:104760002160A0632068066826F0010606602046E6
:10477000FCF794FDE06A00282068016802D041F04F
:104780000E0106E021F0040101602068016841F09B
:104790000A0101602068016841F001010160D9E768
:1047A0002DE9F047054626480F460126017E0129DE
:1047B0000FD00121814601762868DFF888804CF20D
:1047C0005034022808D0A2462046FFF76DFAA8B15F
:1047D00031E00220BDE8F0872046FFF765FA08BB0C
:1047E0000120FFF701FA2046FFF75EFAD8F8101013
:1047F000064621F00401C8F810101CE04FF0FF300D
:104800003860AC6811E02046FFF700FA5046FFF729
:104810004BFAD8F81010060021F00201C8F8101069
:1048200001D03C6007E004F50064D5E9020100EB2B
:10483000C120A042E7D8002189F818103046C9E706
:10484000000A0020002002400348016941F0800175
:104850000161002070470000002002402DE9F05F58
:1048600007461C4888460024017E15461E4601293D
:1048700009D00121814601764CF2503A5046FFF7AB
:1048800013FA18B122E00220BDE8F09F012F02D0F8
:10489000022F00D00427D346DFF83CA0220128468F
:1048A0003146FBF7AFFC81B208EB4400FFF7C0F9DB
:1048B0005846FFF7F9F9DAF8102022F00102CAF899
:1048C000102018B9641CE4B2BC42E7D3002289F876
:1048D0001820D9E7000A00200020024006490020E5
:1048E0000A69120607D5054A4A60054A4A600969FD
:1048F000090600D5012070470020024023016745CA
:10490000AB89EFCD2DE9F047324C0746DFF8C88080
:104910002088324D4FF07E59B8422DD198F80000D2
:10492000002855D14946A069FBF7ADFCA0614FF0C6
:104930008040E0616188606800F060F9002630B175
:104940006188606800F05AF9012808D00EE0A87864
:10495000401CC0B2A870052808D9AE7006E0A8783F
:1049600008B90620A870C0B2401EA8701C486E701E
:104970001D4906601B480860208DB84228D198F870
:104980000000002824D14E464946206CFBF77BFCF2
:10499000C4E91006618DE06A00F030F980B1618DE4
:1049A000E06A00F02BF9012812D1E06BFBF796FECC
:1049B000C3B26A78A9780120BDE8F04702F0AEBF23
:1049C000E06BFBF78BFEC3B26A78A9780020F3E7AF
:1049D000BDE8F0878C510020780700207407002084
:1049E00094000020CDCCCC3D74000020044910B5CB
:1049F0000A68024202D00860FFF784FF10BD000081
:104A0000140401402DE9F84FDFF8C8910024A9F102
:104A1000040B23460F2709F1040AABF1040ED1E081
:104A20000125A54006EA0502AA4276D1DFF8A8C111
:104A30004E68A6EB0C0866452BD00DDC032E34D057
:104A400005DC36B3012E19D0022E2FD11BE0112E1A
:104A500016D0122E2AD119E0B8F5881F19D006DC1D
:104A6000B8F5803F15D0B8F5801F1FD111E0B8F51B
:104A7000001F0ED0B8F5041F18D10AE0CB6815E06E
:104A8000CB681B1D12E0CB6808330FE0CB680C33FA
:104A90000CE08B682BB1012B4FF0080303D045616C
:104AA00004E0042302E0056100E00023FF2A01D8AE
:104AB000064601E000F104064FEA840501D9A5F19C
:104AC0002005D6F8008007FA05FC28EA0C0803FA4E
:104AD00005F548EA0508C6F800804D68ED0070D578
:104AE0003E4DAE6946F00106AE61AD6924F00306A5
:104AF00005F0010500953A4D06EB050CDCF8085071
:104B0000A607360F07FA06F825EA0805DFF8D4806D
:104B1000404503D14FF0000825E052E0DFF8C8809F
:104B2000404502D14FF001081DE0DFF8C08040454C
:104B300002D14FF0020816E0DFF8B480404502D100
:104B40004FF003080FE0DFF8AC80404502D14FF092
:104B5000040808E0DFF8A080404502D14FF00508C6
:104B600001E04FF0060808FA06F848EA0508CCF814
:104B700008804D68D9F80060ED024D4601D5164316
:104B800000E096432E604D68DAF80060AD025546AD
:104B900001D5164300E096432E604D68DBF80060B7
:104BA000AD035D4601D5164300E096432E604D6887
:104BB000DEF80060ED03754601D5164300E096432C
:104BC0002E60641C0A681646E2407FF429AFBDE8F7
:104BD000F88F00000804014000001110001002408E
:104BE0000000014000080140000C0140001001409D
:104BF0000014014000180140001C0140806808407A
:104C000000D0012070470AB1016170470904FBE739
:104C10000148806870470000000000200248816859
:104C2000027811448160704700000020074810B5E9
:104C3000016841F010010160032000F075F80F20B9
:104C400000F006F800F024F8002010BD002002401B
:104C500070B50D4D04464FF47A712878B1FBF0F031
:104C60000A490968B1FBF0F000F0AEFB48B9102C1E
:104C700007D200222146501E00F036F800206C605A
:104C800070BD012070BD0000000000200C0000205D
:104C90000C4808B5816941F001018161816901F029
:104CA00001010091C16941F08051C161C06900F00A
:104CB000805000900448416821F0E06141F00071AB
:104CC000416008BD0010024000000140002809DBDF
:104CD00000F01F02012191404009800000F1E02016
:104CE000C0F8001170470000F0B40E4B1B680C4672
:104CF000C3F30223C3F10705042D00D90425191DB0
:104D0000072901D2002300E0DB1E012606FA05F187
:104D1000491E214099409E40761E16403143F0BC0A
:104D200003F084BD0CED00E0064900F007020868BE
:104D30004FF6FF03184040EA0220034A1043086080
:104D4000704700000CED00E00000FA0510B50146C8
:104D50000020284C04292FD00BDC012930D0022957
:104D600029D100F06BF96168C1F38131491C490018
:104D70001FE0082920D010291DD161682268D201C6
:104D800019D51D48C1F38342C903805C0AD5616807
:104D9000194AC1F34041921E515C184AB2FBF1F12D
:104DA000484301E0164948436168490203D4400082
:104DB0000321B0FBF1F010BDBDE8104000F04EB98A
:104DC000226AC2F30121012903D1920701D5C80348
:104DD00010BD022905D1626A920702D549F640400A
:104DE00010BD0329FCD121688903F9D54FF2244075
:104DF00010BD0000001002401494000800127A0058
:104E000000093D002DE9F84305460078354CC00700
:104E100054D0E0690026C00008D4E06940F080501A
:104E2000E061E069012600F0805000902E480168A2
:104E3000C90512D40168804641F480710160FFF712
:104E4000E7FE074605E000BFFFF7E2FEC01B64284F
:104E500023D8D8F80000C005F6D5206A10F44070B9
:104E600021D0A98801F4407181421CD0206A1F49D9
:104E7000012220F440700A6000220A602062C0070C
:104E800011D0FFF7C5FE074641F2883808E000BFA1
:104E9000FFF7BEFEC11B414502D90320BDE8F883E0
:104EA000206A8007F4D5206A696820F440700843BE
:104EB00020621EB1E06920F08050E0612878800710
:104EC00005D56068A96820F44040084360602878F0
:104ED000C00605D56068696920F4800008436060F9
:104EE0000020DBE700100240007000404004424216
:104EF0002DE9F0470F46050061D0434E306800F0C1
:104F00000700B84209D2306820F00700384330600B
:104F1000306800F00700B84251D128683B4C810747
:104F200012D5400703D5606840F4E06060602878DF
:104F3000000703D5606840F4605060606068A9684D
:104F400020F0F000084360602878C00728D0686827
:104F5000012810D02168022810D0890700292EDAF4
:104F6000616821F0030101436160FFF751FE804653
:104F700041F288390DE021688903EFE78901EDE707
:104F8000FFF746FEA0EB0801494502D90320BDE822
:104F9000F0876068696800F00C00B0EB810FEFD11A
:104FA000306800F00700B8420BD9306820F00700E5
:104FB00038433060306800F00700B84201D001206B
:104FC000E5E72878400705D56068E96820F4E060E7
:104FD000084360602878000706D56068296920F4D6
:104FE000605040EAC100606000F038F86168084A2B
:104FF000C1F30311515CC8400649086006480068C7
:10500000FFF726FE0020C2E7002002400010024009
:10501000249400080C0000200400002004480549E6
:1050200000684968044AC1F30221515CC8407047D6
:105030000C00002000100240349400080448054988
:1050400000684968044AC1F3C221515CC8407047F6
:105050000C00002000100240349400080E4A5168F1
:105060000E4801F00C03042B11D0082B0FD10C4873
:10507000C1F38343C903C05C0AD55168084AC1F330
:105080004041921E515C054A5043B0FBF1F070471D
:1050900004494843704700000010024000127A00A3
:1050A0000294000800093D002DE9F84F040070D07B
:1050B0002078C04DC00749D06868C0F3810001283E
:1050C00007D06868C0F38100022809D16868C0036E
:1050D00006D52868800339D560680028E7D035E018
:1050E0006068B0F5803F0BD010B1B0F5A02F11D0A3
:1050F000286820F480302860286820F4802002E0AE
:10510000286840F480302860606890B1FFF780FD27
:1051100006460AE0286840F480202860F0E700BFD7
:10512000FFF776FD801B642873D828688003F7D5C5
:105130000CE0FFF76DFD064605E000BFFFF768FDD8
:10514000801B6428F0D828688003F7D420789A4E12
:1051500080074FF001094FF0000839D5686810F05A
:105160000C0F07D06868C0F38100022809D1686875
:10517000C00306D42868800714D52069012808D107
:1051800010E02069B0B1C6F80090FFF741FD074676
:1051900005E00AE1FFF73CFDC01B0228C4D82868DF
:1051A0008007F7D52868616920F0F80040EAC1005F
:1051B00028600DE0C6F80080FFF72AFD074604E0EE
:1051C000FFF726FDC01B022823D828688007F7D4E4
:1051D000207800072CD57948A169D9B1C0F8009092
:1051E000FFF716FD074604E0FFF712FDC01B02287B
:1051F0000FD8686A8007F7D571484FF4FA510068F4
:10520000B0FBF1F0009000BF0098411E0091FAD26F
:105210000EE080E0C0F80080FFF7FAFC074604E0EB
:10522000FFF7F6FCC01B022875D8686A8007F7D420
:105230002078400760D5E8690027C00008D4E869F5
:1052400040F08050E861E869012700F0805000904C
:105250005C480168C90513D40168834641F4807134
:105260000160FFF7D5FC824606E000BFFFF7D0FCE7
:10527000A0EB0A0064284ED8DBF80000C005F5D585
:10528000E06801280AD008B1052813D0286A20F068
:1052900001002862286A20F0040002E0286A40F039
:1052A00001002862E06841F2883B98B1FFF7B0FC4A
:1052B00082460BE0286A40F004002862EEE700BF57
:1052C000FFF7A6FCA0EB0A0159455AD8286A8007C7
:1052D000F6D50CE0FFF79CFC824605E0FFF798FC52
:1052E000A0EB0A0159454CD8286A8007F6D41FB1B3
:1052F000E86920F08050E861E06988B36968C1F32B
:105300008101022944D00228C6F8608004D0FFF74A
:105310007FFC044638E034E0FFF77AFC074604E0FF
:10532000FFF776FCC01B02282BD828688001F7D431
:10533000206AB0F5803F05D16868A16820F400308C
:1053400008436860D4E908010843696821F47411CE
:1053500008436860C6F86090FFF75AFC044606E010
:1053600025E000BFFFF754FC001B022809D828687D
:105370008001F7D51BE000BFFFF74AFC001B0228A5
:1053800002D90320BDE8F88F28688001F4D40EE02C
:105390000128F7D06868226A00F48031914204D174
:1053A000616A00F47010884201D00120EAE7002011
:1053B000E8E7000000100240000042428004424240
:1053C0000C0000200070004010B5401EB0F1807F3E
:1053D00001D3012010BD4FF0E02460610F21601760
:1053E00003F024FA0020A06107202061002010BDF6
:1053F0007047704710B590F83C20012A22D0012256
:1054000080F83C20CA688C6822F4407222434C68C1
:1054100022F4806222430C6822F4006222430C6969
:1054200022F4805222434C6922F400522243C9697B
:10543000002322F480420A4301684A6480F83C3029
:10544000002010BD022010BD70B590F83C20012A4C
:105450002CD0012480F83C40022280F83D200368D3
:105460005A689D6822F070060A6832435A60104BF1
:1054700002689A420ED00F4B9A420BD0B2F1804F85
:1054800008D00D4B9A4205D00C4B9A4202D00C4BDF
:105490009A4204D1496825F080031943916080F84D
:1054A0003D40002180F83C10084670BD022070BDD0
:1054B000002C01400034014000040040000800407E
:1054C000000C004010B5040003D094F83D0010B16A
:1054D00007E0012010BD002084F83C00204600F0C9
:1054E0001FF8022084F83D00211D206802F098FC7E
:1054F000012084F8460084F83E0084F83F0084F8D8
:10550000400084F8410084F8420084F8430084F8A5
:10551000440084F8450084F83D00002010BD0000E0
:1055200008B5154A0168154891420ED1C16941F08C
:105530000801C161C069002200F008000090072145
:105540003220FFF7D1FB322010E00D4A914211D1F9
:10555000C16941F01001C161C069002200F0100072
:10556000009006213620FFF7BFFB3620BDE808403B
:10557000FFF7ACBB08BD0000000C0040001002406B
:105580000010004090F83D10012901D00120704723
:10559000022180F83D100168CA6842F00102CA6029
:1055A00000680E4988420ED00D4988420BD0B0F1F8
:1055B000804F08D00B49884205D00B49884202D061
:1055C0000A49884204D1816801F00701062903D005
:1055D000016841F00101016000207047002C01408A
:1055E000003401400004004000080040000C00406E
:1055F00070B5044690F83C000025012817D001261C
:1056000084F83C60022084F83D002068826822F023
:10561000770222F47F4282600868502838D00DDC7F
:1056200020284FD005DC90B3102811D14AE0022089
:1056300070BD302846D040280AD13BE060282FD0EA
:1056400070280DD0B0F5805F03D0B0F5005F12D0A8
:10565000012584F83D60002084F83C00284670BD98
:10566000CB68D1E90121206802F035FC206881680F
:1056700041F0770109E0CB68D1E90121206802F00F
:105680002AFC2068816841F480418160E1E719E0EB
:10569000CA684968206802F0F3FC5021206806E0DF
:1056A000CA684968206802F033FD6021206802F072
:1056B0001CFCCEE7CA684968206802F0E1FC402182
:1056C0002068F4E7226801461046F0E770B504460A
:1056D00000682149214D884224D1207F204E012895
:1056E00005D13068406B28600020FBF7FFFB207F6E
:1056F000022805D13068806B68600120FBF7F6FB5B
:10570000207F042805D13068C06BE8600320FBF7D8
:10571000EDFB207F082805D13068006C686105200A
:10572000FBF7E4FB2068B0F1804F14D1207F0D4ED1
:10573000042805D13068C06B28610420FBF7D6FB34
:10574000207F082807D13068006CA860BDE8704051
:105750000220FBF7CBBB70BD000400406066002058
:1057600098080020500800202DE9F041054690F8E7
:105770003C0000260C46012810D0012085F83C0092
:1057800072B1042A1CD0082A2CD00C2A50D0012631
:10579000002085F83C003046BDE8F0810220FBE7A0
:1057A000D4E90012E368286802F07CFC286881696B
:1057B00021F00C01816128688169A26811430FE022
:1057C000D4E90012E368286802F0B4FC2868816913
:1057D00021F44061816128688169A26841EA02215F
:1057E0008161D5E72868D4E9002C277B036A016A28
:1057F00021F480710162C16923F4007321F0030177
:1058000041EA0C0121F0F00C39074FF400774CEA23
:10581000116107EA02221A43C16102622868C16964
:1058200021F00C01C1612868C169A26811432BE015
:105830002868D4E90021E768036AD0F820C02CF476
:10584000805CC0F820C0D0F81CC023F400532CF4B6
:10585000407C4CEA012121F4704C4FF6FF7101EAC3
:1058600007314FF4005741EA0C0107EA02321A43AC
:10587000C16102622868C16921F44061C161286880
:10588000C169A26841EA0221C16181E710B5040043
:1058900003D094F83D0010B107E0012010BD0020B6
:1058A00084F83C00204600F01FF8022084F83D00F8
:1058B000211D206802F0B4FA012084F8460084F823
:1058C0003E0084F83F0084F8400084F8410084F8EA
:1058D000420084F8430084F8440084F8450084F8CA
:1058E0003D00002010BD000030B585B000240094BC
:1058F00001940294039400682F49304DB0F1804F19
:1059000032D02F4A90422DD1C86940F00200C861C0
:10591000C86900F002000490886940F004008861C2
:10592000886900F004000490886940F008008861EC
:105930008869694600F008000490C0200090214862
:10594000FFF760F80320CDE9000469462846029479
:10595000FFF758F8002208211D20FFF7C5F91D2088
:10596000FFF7B4F905B030BDC86940F00100C86167
:10597000C86900F001000490886940F0080088615F
:105980008869694600F0080004904FF44060009078
:105990002846FFF737F80C48416821F4407141F080
:1059A000E06141F400714160002208211C20FFF7F2
:1059B0009BF91C20D4E7000000100240000C0140BD
:1059C00000040040000801400000014030B50446DA
:1059D000002551B104290DD0082910D094F8412098
:1059E00094F84500012A11D10EE094F83E2094F875
:1059F0004200F7E794F83F2094F84300F2E794F868
:105A0000402094F84400EDE7012801D0012030BD8A
:105A1000022059B1042912D0082919D084F8410074
:105A200084F845000C293ED001253AE084F83E0078
:105A300084F842002068C26842F0020210E084F854
:105A40003F0084F843002068C26842F0040207E087
:105A500084F8400084F844002068C26842F00802DC
:105A6000C2600122206802F029FA114920688842A8
:105A70000ED0104988420BD0B0F1804F08D00E49AB
:105A8000884205D00D49884202D00D49884204D190
:105A9000816801F00701062903D0016841F0010186
:105AA0000160284630BD2068C26842F01002D7E786
:105AB000002C014000340140000400400008004078
:105AC000000C00402DE9F04104460068C6680569F5
:105AD0004FF00007A90713D5B10711D5F91E0161D1
:105AE00001202077206880698007204602D0FFF7D8
:105AF000EDFD04E000F0BCF8204600F06DF92777DA
:105B0000680716D5700714D521686FF00400086186
:105B1000022020772068806910F4407F204602D060
:105B2000FFF7D4FD04E000F0A3F8204600F054F99C
:105B30002777280715D5300713D521686FF008009F
:105B40000861042020772068C0698007204602D0C1
:105B5000FFF7BCFD04E000F08BF8204600F03CF9B4
:105B60002777E80616D5F00614D521686FF01000E7
:105B70000861082020772068C06910F4407F204623
:105B800002D0FFF7A3FD04E000F072F8204600F019
:105B900023F92777E80708D0F00706D021686FF0CF
:105BA00001000861204600F073F9280608D5300688
:105BB00006D521686FF0800008612046FFF718FCC9
:105BC000680608D5700606D521686FF040000861A8
:105BD000204600F0C5F9A8060AD5B00608D5216808
:105BE0006FF0200008612046BDE8F041FFF701BCDE
:105BF000BDE8F08100B585B00021009101910291CE
:105C00000391164B0268164802219A420FD182690D
:105C100042F0040282618069039100F00400049064
:105C20004FF46060CDE9000169460E4811E00E4B6B
:105C30009A4210D1826942F0080282618069039120
:105C400000F0080004904FF47070CDE9000169463F
:105C50000648FEF7D7FE05B000BD0000002C01404D
:105C6000001002400008014000080040000C014004
:105C7000704770B5044690F83C0000260D46012898
:105C80000FD0012084F83C006AB1042A1DD0082AF4
:105C90002FD00C2A3FD00126002084F83C0030464B
:105CA00070BD022070BD206802F028F9206881696B
:105CB00041F0080181612068816921F0040181615E
:105CC000206881692A69114311E0206802F046F9D1
:105CD0002068816941F4006181612068816921F453
:105CE00080618161206881692A6941EA02218161BC
:105CF000D2E7206802F068F92068C16941F0080124
:105D0000C1612068C16921F00401C1612068C169D5
:105D10002A69114311E0206802F08AF92068C169FC
:105D200041F40061C1612068C16921F48061C161F1
:105D30002068C1692A6941EA0221C161ACE710B556
:105D4000040003D094F83D0010B107E0012010BD1D
:105D5000002084F83C00204600F01EF8022084F861
:105D60003D00211D206802F05BF8012084F8460008
:105D700084F83E0084F83F0084F8400084F8410035
:105D800084F8420084F8430084F8440084F8450015
:105D900084F83D00002010BD08B50C4A01680C488D
:105DA000914207D1816941F400618161806900F409
:105DB000006009E0074A914207D1C16941F004013E
:105DC000C161C06900F00400009008BD002C0140D2
:105DD00000100240000800407047000010B5044663
:105DE000022249B104290ED0082913D094F84100A9
:105DF000012816D0012010BD94F83E000128F9D1E9
:105E000084F83E200FE094F83F000128F2D184F896
:105E10003F2008E094F840000128EBD184F84020AE
:105E200001E084F841200122206802F047F813497C
:105E30002068134A884201D0904203D1436C43F456
:105E400000434364206888420DD090420BD0B0F1EB
:105E5000804F08D00B49884205D00B49884202D0B8
:105E60000A49884204D1816801F00701062903D05C
:105E7000016841F001010160002010BD002C0140CB
:105E8000003401400004004000080040000C0040C5
:105E90002DE9F04101682C482C4C814207D1208823
:105EA000401C80B22080C82801D3002020802848D0
:105EB000814246D1274D2188274E2888884201D229
:105EC000002200E0012208213046FEF79CFE68888F
:105ED0002188884201D2002200E0012204213046BC
:105EE000FEF791FEA88821881C4F884201D200222B
:105EF00000E0012240213846FEF785FEE88821882F
:105F0000884201D2002200E0012202213046FEF741
:105F10007AFE28892188884201D2002200E00122ED
:105F200080213846FEF76FFE68892188884201D2B9
:105F3000002200E001223046BDE8F0410121FEF7D9
:105F400062BEBDE8F0810000000C00408800002027
:105F50000010004044650020001401400010014082
:105F60007047704770B5026804461068D16853697D
:105F700010F00F0F56D003F0010501F490762E4378
:105F80006AD0C20705D0CA0503D5226C42F00102CF
:105F90002264420705D5DA0703D0226C42F00202E0
:105FA0002264820705D5DA0703D0226C42F004028E
:105FB0002264020707D501F020022A4303D0226C95
:105FC00042F008022264226C002A3ED0800608D5E6
:105FD000880606D594F83D00222820462FD002F0EE
:105FE000D3F920684069216CC0F38010090700D400
:105FF00060B3204602F008F920684169490621D5BE
:10600000416921F040014161A06BD8B13849416339
:10601000A06BFEF793F9002817D0A06B416BBDE889
:1060200070400847830617D58B0615D594F83D00B8
:10603000222819D12046BDE8704002F0F3B802F0E2
:10604000F1F8CEE72046FFF78CFF70BD2046FFF742
:1060500088FF0020206470BD030634D50B0632D5BE
:1060600094F83D00122804D02046BDE8704002F0AC
:106070008BB994F83D001228EDD1A068B0F5805F8F
:1060800001D12069B0B1606A411C61622168007869
:106090004860608D401E0004000C6085DBD12068E4
:1060A000C16821F08001C1602068C16841F04001F1
:1060B000C16070BD606A0088C0F308005060606A0B
:1060C000801C6062E5E74006F3D54806F1D5D1684B
:1060D000204621F04001D16021684A6922F0010286
:1060E0004A61012184F83D1000F07BF870BD00008A
:1060F000F981000870B5040004D094F83D00002533
:1061000010B106E0012070BD84F83C50204600F03C
:106110001BF8022084F83D00204602F0CBF82068EE
:10612000016921F4804101612068416921F02A015F
:1061300041612068C16841F40051C16025640120BB
:1061400084F83D00002070BD30B585B00024009477
:1061500001940294039400681D49884235D11D487A
:10616000C16941F48021C161C16901F480210491B8
:10617000816941F0100181618069174D00F01000C4
:1061800004904FF4A050009002200190032003904F
:1061900069462846FEF736FCE814CDE90004694656
:1061A00028460294FEF72EFC0C48416821F030018D
:1061B00041F0E06141F010014160002205212720FB
:1061C000FEF792FD2720FEF781FD05B030BD0000EF
:1061D0000048004000100240001001400000014053
:1061E000704770477047000070B500211348FFF7F3
:1061F000F5FD124D00242868446304212846FFF76A
:10620000EDFD2868846308212846FFF7E7FD28682C
:10621000C4630C212846FFF7E1FD286804640421CB
:106220000748FFF7DBFD064D2868846308212846F0
:10623000FFF7D4FD2868C46370BD0000E0080020AB
:106240000808002070B50D46044600F0FFF87820DD
:1062500000F0BAF800F04AF9204600F0B5F800F076
:1062600045F9284600F0B0F800F040F9BDE870406C
:1062700000F014B910B5012202212248FEF7C3FC38
:106280000C212148FFF7AAFD012211031F48FEF748
:10629000BAFC00F0DBF8782000F096F800F026F960
:1062A000AA2000F091F800F021F900F0F7F805209D
:1062B000FBF70CF9C0210846FFF7C4FFC021C2203C
:1062C000FFF7C0FF0121D020FFF7BCFFF42182209F
:1062D000FFF7B8FF01218420FFF7B4FF0C218820CD
:1062E000FFF7B0FF03218620FFF7ACFFFF2000F08F
:1062F0000FF8C820FBF7EAF8BDE81040002000F0D6
:1063000007B800000018014008080020000C0140F8
:10631000094A30B100215054491CC9B27829FAD336
:1063200006E0002001461154401CC0B27828FAD380
:10633000014800F003B800000451002070B5054684
:1063400000F084F8782000F03FF800F0CFF88020CB
:1063500000F03AF800F0CAF8002000F035F800F03C
:10636000C5F80024285D00F02FF800F0BFF8641C89
:10637000E4B2782CF6D3BDE8704000F08FB8FEE7A9
:1063800006484FF400410160002141600121816015
:106390000321C16001460248FEF734BB7C51002056
:1063A000000C014006484FF40041016001214160AA
:1063B00081600321C16001460248FEF723BB000053
:1063C0007C510020000C01402DE9F04707460024D5
:1063D000FFF7E8FF1C4D4FF40046002231462846E7
:1063E000FEF711FC4FF40059002249462846FEF7FB
:1063F0000AFC0520FBF776F8B2464FF001084E463E
:10640000C4F1070108FA01F0384201D0012200E08E
:10641000002251462846FEF7F6FB0520FBF762F8FE
:10642000012231462846FEF7EEFB0520FBF75AF81D
:10643000002231462846FEF7E6FB641CE4B2082C35
:10644000DED3BDE8F0870000000C014070B5FFF717
:10645000A9FF0122104DD40321462846FEF7D3FBA5
:106460000122560331462846FEF7CDFB0520FBF7F7
:1064700039F8002221462846FEF7C5FB0520FBF728
:1064800031F8002231462846FEF7BDFBBDE87040DA
:106490000520FBF727B80000000C014070B5FFF79E
:1064A00081FF114D4FF40044002221462846FEF79B
:1064B000AAFBA610002231462846FEF7A4FB0520C1
:1064C000FBF710F8012231462846FEF79CFB052019
:1064D000FBF708F8012221462846FEF794FBBDE8A9
:1064E00070400520FAF7FEBF000C014070B5002493
:1064F000FFF746FF01220D4D560331462846FEF7B1
:1065000082FB0520FAF7EEFFB1002846FEF776FB86
:10651000012800D10124002231462846FEF773FBF2
:106520000520FAF7DFFF204670BD0000000C014097
:106530002DE9F0470025DFF89C80274F81462E4645
:1065400005EBC50108EBC1046078A0B357F825102E
:106550004846F9F798FE47F82500B0F17C5F2FDB3D
:10656000A08840B1A07B401C40B2A073032803DD8B
:106570000120A07300E0A673B4F9180028B194F8C4
:106580002610C94384F8261001E084F82660616B68
:1065900091B1218C29B194F8261094F944209142AC
:1065A0000AD018B194F82700032805D114F8440F35
:1065B000C043207002E009E084F8446047F8256099
:1065C0006D1CEDB2062DBBD3BDE8F087A67384F831
:1065D0002660F1E7FC690020506500202DE9FE4FA0
:1065E00000244D48009401944A49029401608915A1
:1065F00081600126067304750C2505614FF4602146
:106600004460C161FDF72CFD08B1FDF7EBFA4FF0D6
:106610000508CDE900864FF0070969463E48CDF8E8
:106620000890FDF79BFC08B1FDF7DCFA4FF0040B76
:106630004FF0020ACDE900BA69463748FDF78EFCF3
:1066400008B1FDF7CFFA0E200327CDE90007694610
:106650003148FDF783FC08B1FDF7C4FA0F20CDE9FE
:10666000000B69462C48FDF779FC08B1FDF7BAFA32
:10667000CDE9006869462848FDF770FC08B1FDF7D0
:10668000B1FA0620CDE9004069462348FDF766FCD3
:1066900008B1FDF7A7FA0D20CDE9000969461E48AB
:1066A000FDF75CFC08B1FDF79DFA0820CDE900502C
:1066B00069461948FDF752FC08B1FDF793FA092025
:1066C000CDE900A069461448FDF748FC08B1FDF784
:1066D00089FA0A24CDE9007469460F48FDF73EFCAB
:1066E00008B1FDF77FFA0B200090019069460A4837
:1066F000FDF734FC08B1FDF775FA69460648CDE9A7
:106700000045FDF72BFC002801D0FDF76BFABDE832
:10671000FE8F00000024014094070020094808B5BE
:10672000416941F0010141614069002200F001002E
:10673000009011460B20FEF7D7FABDE808400B2069
:10674000FEF7C4BA001002402DE9F04F85B00024D6
:106750004C480094019402940394816941F0100123
:106760008161816901F010010491816941F00401A6
:106770008161816901F004010491816941F008019E
:106780008161816901F008010491816941F0200172
:106790008161816901F020010491816941F040012A
:1067A00081618069DFF8E08000F040000490002201
:1067B0004FF430414046FEF726FADFF8D090002231
:1067C000C0214846FEF71FFADFF8C4A000220F21BF
:1067D0005046FEF718FADFF8BCB0002203215846F5
:1067E000FEF711FA4FF4805001250226CDE900058D
:1067F000CDE9024669464046FEF704F94FF42040D1
:10680000CDE900050327CDE9025769464046FEF76A
:10681000F9F84FF4AC60CDE90004694650460294A3
:10682000FEF7F0F84FF4207000901B48CDE901040A
:1068300069465046FEF7E6F8C020CDE90005CDE9EF
:10684000024669464846FEF7DDF80F20CDE900050F
:10685000CDE9024669465046FEF7D4F80097039604
:10686000CDE9015469465846FEF7CCF800220521CF
:106870001720FEF739FA1720FEF728FA05B0BDE811
:10688000F08F000000100240000C01400010014099
:1068900000140140001801400000111010B592B022
:1068A00000240F941C2168461094F9F7D4FC202191
:1068B00007A8F9F7D0FC2848264901602321C0E940
:1068C0000114C721C0E9031444618461FFF737FA5A
:1068D00008B1FDF787F90F940FA91F481094FEF730
:1068E000B3FD08B1FDF77EF96020CDE90004029404
:1068F0000394049405940422694617480694FFF70C
:10690000B8F908B1FDF76EF9082269461248FFF799
:10691000B0F908B1FDF766F90C2269460E48FFF799
:10692000A8F908B1FDF75EF90794089409944FF4AB
:1069300000500A94CDE90B4007A907480E94FEF7D2
:1069400059FD08B1FDF74EF90348FFF753F912B0AE
:1069500010BD0000002C01400808002010B586B0D2
:1069600000241D48059404940094019402944FF06F
:1069700080410394016041F61F41C0E901144FF6C4
:10698000FF71C0E903148461FEF780FF08B1FDF7D1
:1069900029F9049404A910480594FEF755FD08B19F
:1069A000FDF720F90120CDE900400820CDE90240A3
:1069B000024669460848FEF7D7FE08B1FDF712F90E
:1069C0000C2269460448FEF7CFFE002801D0FDF7EF
:1069D00009F906B010BD00005008002010B586B0BF
:1069E00000242648059404940094019402942249BA
:1069F0000394016041F61F41C0E901144FF6FF7195
:106A0000C0E903148461FEF741FF08B1FDF7EAF81D
:106A1000049404A919480594FEF716FD08B1FDF782
:106A2000E1F80120CDE900400820CDE90240002234
:106A300069461248FEF798FE08B1FDF7D3F8042224
:106A400069460E48FEF790FE08B1FDF7CBF8082224
:106A500069460A48FEF788FE08B1FDF7C3F80C2224
:106A6000694606480394FEF77FFE002801D0FDF733
:106A7000B9F806B010BD00000004004098080020DE
:106A800010B58AB0002407941C2168460894F9F7D1
:106A9000E2FB22482049C0E900144FF6FF71C0E92B
:106AA000024104618461FFF74AF908B1FDF79AF8E1
:106AB000079407A919480894FEF7C6FC08B1FDF72A
:106AC00091F86020CDE90004029400226946134841
:106AD0000494FFF7CEF808B1FDF784F80422694664
:106AE0000E48FFF7C6F808B1FDF77CF808226946A2
:106AF0000A48FFF7BEF808B1FDF774F80C226946A2
:106B00000648FFF7B6F808B1FDF76CF80348FFF741
:106B100071F80AB010BD000000080040E008002035
:106B200010B586B000241648009401940294039492
:106B300004941249059401604721C0E901140F2112
:106B4000C0E903148461FEF7BDFC08B1FDF74AF803
:106B50004FF48050009069460948FEF749FD08B19E
:106B6000FDF740F8049404A905480594FEF76CFC71
:106B7000002801D0FDF736F806B010BD000C00402B
:106B8000280900201CB500240E4800940C490194EB
:106B900001604721C0E901140F218461C160FEF743
:106BA00091FC08B1FDF71EF8009469460548019470
:106BB000FEF74AFC002801D0FDF714F81CBD0000C8
:106BC00000100040700900200D4810B50B4901600D
:106BD0004FF4E1314160002181600C22C160C0E9C5
:106BE00004128161C1610162FFF784FA002803D0B9
:106BF000BDE81040FCF7F6BF10BD000000480040A3
:106C0000B8090020FEE7000010B5114C0122114622
:106C10002046FDF7F8FF012202212046FDF7F3FF91
:106C2000012204212046FDF7EEFF01220821204623
:106C3000FDF7E9FF074C012240212046FDF7E3FF65
:106C400020460122BDE810408021FDF7DCBF000096
:106C500000140140001001402DE9F14F0024374F8E
:106C6000DFF8DCA0374DDFF8E08084B04FF07E5BCA
:106C7000A14600BF04EBC40107EBC100427892B308
:106C8000B0F9086086B317F8311079B104EB8400CD
:106C900005EBC006706A10F0FF4F03D05946F9F7B4
:106CA00044FB706210F1FF4F34D21FE0B0F90600D0
:106CB000F9F7EDFC03903046F9F7E9FC014623486B
:106CC00004EB840205EBC206CDE9006002901D4B87
:106CD000DDE903200C3BF9F76FFF716A50468142F2
:106CE00003DD084602E017E005E07062F9F7DDFC1D
:106CF00008F8040018E004EB840005EBC006706A95
:106D000010F0FF4F03D05946F9F70FFB70620146B0
:106D10005045E6DA4846E8E704EB840105EBC1019B
:106D20000B48486008F80490641CE4B2062CA1D318
:106D300005B00548BDE8F04F00F00CB8FC69002034
:106D40000000A041EC6700206807002000004843D5
:106D50000000C841044A0021435C22F81130491C5C
:106D6000C9B20629F8D37047446500200448034996
:106D70000160044941600021816070470BD7233DC9
:106D8000E067002090C2753D08B502F00BFA009054
:106D9000FFF7ECFF054C2046FFF75EFF2046FAF7B1
:106DA00027F93221684602F0BFF9F4E7CDCC4C3D1B
:106DB000FEE70000134F144D07F118085FF00004C0
:106DC00057F82400F9F7BDFC01F04AFBF9F79AFCEB
:106DD00004EBC40105EBC106F08358F82400F9F771
:106DE000B0FC01F03DFBF9F78DFC641CE4B2B0830C
:106DF000062CE5D3054800F09FF80A2002F044F87D
:106E0000DCE70000FC640020FC6900200AD7233C7A
:106E10002DE9F04150212548FCF7DEFF234C0126E7
:106E2000DFF88C802078234D234FAA2802D1607888
:106E3000B62819D000F042F85FF0000004EB4002E1
:106E400000EBC00105EBC10153888B80D2890A8316
:106E500004EB8002401CD269C0B20A630628EDD35D
:106E600088F800603E7018E05FF0000004EB40021C
:106E700000EBC00105EBC10153888B80D2890A83E6
:106E800004EB8002401CD269C0B20A630628EDD32D
:106E900088F800603878002805D000203870BDE8F8
:106EA000F04100F02DB8BDE8F0810000F865002049
:106EB00038070020FC6900203007002070B50E491B
:106EC000AA200E4E08700020024640F2DC544FF417
:106ED000B97500BF01EB40035C80DD8101EB8003ED
:106EE000401CC0B25E63DA610628F3D381F84C20FF
:106EF000B620487070BD0000F865002000007A449C
:106F000050210148FCF784BFF865002070B5084C9B
:106F10000025217851B16168F9F7B5F96060B0F1E9
:106F20007C5F02DBFFF7ECFF257070BD656070BD14
:106F300030070020F9F72AB92DE9F04FDFF8FCA05F
:106F400091B05446DAF80010F9F79DF920603C48FA
:106F50006060DFF8F08000240DF1280B3A4E36F81F
:106F60002400F9F79DFB4BF82400054606EB84004E
:106F70004088F9F795FB01AE46F82400334800EB52
:106F800084074046796BF9F708FA8146012000EB47
:106F90004400C1B22846FCF7B1FE4946F9F7CBF9E7
:106FA000294D303D45F824004046796BF9F7F5F955
:106FB00007466006010E56F82400FCF79FFE39468E
:106FC000F9F7B9F905F1180141F82400641CE4B29D
:106FD000062CC3D3DAF800005746B0F17E5F2ADBF7
:106FE0000024DFF86CA0DFF86C9088464FEA040BB1
:106FF00055F82400F9F7A5FB01F032FAF9F782FB06
:1070000004EBC40209EBC206F08358F82400F9F738
:1070100098FB01F025FAF9F775FB00B2B08355F83B
:107020002420524500DAF08B641C7083E4B2C7F868
:1070300000B0062CDCD311B0BDE8F08F800000203A
:107040000000204000007A442C650020F8650020F4
:1070500000800945FC6900202DE9F04107461848E9
:107060001C46154600780E46532801D001F07CFAE4
:10707000EFF31182202080F3118811495FF00000A6
:1070800000EB400301EBC303DB691BB10B69401C40
:107090008342F5DC0B6983420BDD00EB400301EB1F
:1070A000C3018F61CE610D6200238B624B62CC62A3
:1070B00001E04FF0FF30D1B281F31188BDE8F081DB
:1070C000AC6B00202DE9F04104461548DDF818802E
:1070D0001D46007816460F46532801D001F044FAA9
:1070E0000F48032C18D2EFF31181202282F311886C
:1070F00004EB440200EBC20060302CB10760466034
:10710000856000220261C260C0F81480C8B280F3BA
:1071100011880020BDE8F0814FF0FF30FAE7000051
:10712000AC6B00202DE9F04705461C4816460C467E
:107130000078532801D001F017FA184905EB4500F3
:1071400001EBC007A046D7E91B95002460374D45E9
:1071500011D9B868441BB44200D33446786822463B
:1071600041194046F9F75EF8B868361B2544A0443B
:10717000A84200D10025A9EB0500B04200D2064686
:107180003EB17868324641194046F9F74BF834442D
:10719000354404B13D612046BDE8F087AC6B00206A
:1071A0002DE9F0410F46194900EB400001EBC00406
:1071B0001646A16A656AE06918342844A94217D8BE
:1071C000A268521B531EB34201D3324614E0194445
:1071D000B14219D315463946F9F724F82A46761BE9
:1071E00004D0B91832466068F9F71CF8E66008E088
:1071F000491B491EB14207D33946F9F713F8A819BC
:10720000E0600120BDE8F0810020FBE7AC6B0020CE
:10721000084810B5054B064A014600F04DF8BDE898
:1072200010404FF0805000F055BA000089880008E7
:107230008C94000800A24A0470B5EFF31185202059
:1072400080F311881B48A0F12F040146626804E016
:1072500042F0800301F8013BD2097F2AF8D801F8F7
:10726000012BA26805E000BF42F0800301F8013B5A
:10727000D2097F2AF8D801F8012B226905E000BF66
:1072800042F0800301F8013BD2097F2AF8D801F8C7
:10729000012B002201F8012B182201F0F5F9E8B2C8
:1072A00080F31188606A002802D0BDE87040004772
:1072B00070BD0000937400202DE9F8431E46174668
:1072C0008846814600234FF480620D490DA0FFF7E8
:1072D000C3FE0E4CC0B200256070207608230C4A15
:1072E00008A10095FFF7EEFE0A4825614068C4F842
:1072F0000490C4E90280C4E908762570BDE8F883EB
:1073000064700020537973566965770064740020B7
:1073100088070020001000E010B5EFF31184202052
:1073200080F3118804481122014601F0ADF9E0B262
:1073300080F3118810BD00009374002010B5014641
:10734000EFF31184202080F311880B48A0F12F0265
:1073500012698A1A014604E042F0800301F8013BF9
:10736000D2097F2AF8D801F8012B082201F08CF904
:10737000E0B280F3118810BD9374002010B501466F
:10738000EFF31184202080F311880B48A0F12F0225
:1073900012698A1A014604E042F0800301F8013BB9
:1073A000D2097F2AF8D801F8012B042201F06CF9E8
:1073B000E0B280F3118810BD9374002010B501462F
:1073C000EFF31184202080F311880B48A0F12F02E5
:1073D00012698A1A014604E042F0800301F8013B79
:1073E000D2097F2AF8D801F8012B062201F04CF9C6
:1073F000E0B280F3118810BD937400200A4810B5E4
:10740000006A48B1006838B180470A460146BDE8C5
:1074100010400D2000F02AB804484168BDE8104033
:107420000C2000F005B8000064740020001000E09B
:1074300070B50246EFF31184202080F311880A48CA
:10744000034604E041F0800500F8015BC9097F298B
:10745000F8D800F8011B0146184601F015F9E0B212
:1074600080F3118870BD00009374002070B505464C
:10747000EFF31184202080F311880F48034604E0C5
:1074800041F0800600F8016BC9097F29F8D800F89F
:10749000011B04E042F0800100F8011BD2097F2AA1
:1074A000F8D800F8012B01462A46184601F0ECF8FE
:1074B000E0B280F3118870BD9374002010B50246CD
:1074C000EFF31184202080F311880448014601F075
:1074D000DBF8E0B280F3118810BD00009374002047
:1074E00070B501461E484468002C38D0002003E0E7
:1074F0002469002C33D0401C8842F9D3EFF3118665
:10750000202080F31188174D284604E041F08002C6
:1075100000F8012BC9097F29F8D800F8011BA168E0
:1075200005E000BF41F0800200F8012BC9097F2966
:10753000F8D800F8011B8022216801F047F80146C5
:107540001622284601F0A0F8F0B280F31188002C32
:1075500005D0E068002802D0BDE87040004770BD4B
:107560008007002093740020054810B54468002C63
:1075700004D0E06800B180472469F8E710BD00003E
:107580008007002010B5EFF31184202080F31188CC
:107590000B4A0A480146127805E000BF42F080031A
:1075A00001F8013BD2097F2AF8D801F8012B1B22F0
:1075B00001F06AF8E0B280F3118810BD93740020E6
:1075C0008007002070B5EFF31185202181F3118829
:1075D000074C01468022204600F0F8FF01460E22AB
:1075E000204601F051F8E8B280F3118870BD000028
:1075F000937400202DE9F0410546EFF31186202019
:1076000080F311882C4C2968A4F12F0720463A6991
:10761000891A04E041F0800200F8012BC9097F2992
:10762000F8D800F8011BA96805E000BF41F080020E
:1076300000F8012BC9097F29F8D800F8011B202286
:10764000696800F0C3FF01460922204601F01CF8DA
:1076500028683A692146801A05E000BF40F08002A0
:1076600001F8012BC0097F28F8D801F8010BE86860
:1076700005E000BF40F0800201F8012BC0097F281F
:10768000F8D801F8010B286905E000BF40F080023E
:1076900001F8012BC0097F28F8D801F8010B002060
:1076A00001F8010B1522204600F0EEFFF0B280F346
:1076B0001188BDE8F0810000937400200448006A3E
:1076C000002803D04068002800D000477047000021
:1076D0006474002001490861704700006474002050
:1076E00001490969401A70476474002070B5294C3B
:1076F00001202070EFF31185202686F31188607831
:107700000A222549FFF74CFDE8B280F311880A20D0
:10771000FFF7D4FEEFF3118586F3118804F12F00F3
:107720000146626805E000BF42F0800301F8013BBA
:10773000D2097F2AF8D801F8012BA26805E000BF22
:1077400042F0800301F8013BD2097F2AF8D801F802
:10775000012B226905E000BF42F0800301F8013BE4
:10776000D2097F2AF8D801F8012B002201F8012B59
:10777000182200F089FFE8B280F31188606A00B136
:107780008047FFF73BFEFFF799FFBDE87040FFF72A
:10779000F9BE0000647400207094000870B5EFF327
:1077A0001184202080F311880748A0F12F05297843
:1077B00029B10B22014600F067FF00202870E0B2DB
:1077C00080F3118870BD00009374002070B5EFF352
:1077D0001185202181F311880A4C01468022204620
:1077E00000F0F4FE012100F8011B002100F8011B4C
:1077F00001461A22204600F047FFE8B280F31188C4
:1078000070BD000093740020F8F79EBC2DE9F8438A
:107810000C46174680461E46052213A12046089DA9
:10782000F8F724FD00281CD0114A1068082804D35A
:10783000BDE8F8430F48FFF7C9BF00EB80010E4BCE
:10784000401C43F8218003EB81013346C1E9014725
:10785000C1E9036510603A4621464046009500F0B4
:1078600047F8BDE8F883000049444C45000000009B
:1078700090070020949400087075002070B51A4C91
:107880002268002A2FD00021184B06E001EB810569
:1078900053F82550854202D0491C9142F6D3501E20
:1078A000814204D101EB810003EB800015E091429D
:1078B00019D202EB820003EB800001EB810150F84A
:1078C000142D43F8212003EB810142684A6082684D
:1078D0008A60C268CA6002690A611421F8F7BBFCB9
:1078E0002068401E206070BD900700207075002049
:1078F0002DE9F04186B00D4604461F461646142178
:107900006846DDF83080F8F7A6FC8DE8F00168469F
:10791000FFF770FE06B0BDE8F0810000F0B5514CF5
:1079200001EBC1014FF47A7504EBC10150B10024A1
:10793000142B72D282B3012A5ED0022A5FD0032AAE
:1079400029D167E00A27484E4FF0640C40F2DC5022
:1079500040F61C44142B23D232B1012A04D0022A4F
:1079600009D0032A78D118E08A880A3212B28A80B4
:107970000A2A27D022E0B1F91800A84201DA401DF6
:1079800005E090FBF7F207FB12024ABB21E00883F7
:1079900000B2A04257DC5FE02EE0086B3C3026E0EE
:1079A00032B1012A04D0022A0FD0032A54D11BE09D
:1079B0008A881E3212B28A801E2A03D082424BDD90
:1079C000888049E0A1F804C046E0B1F91800A84257
:1079D00001DA0A30DBE790FBF7F207FB12020AB18B
:1079E0000D8339E01430D2E7086B00F59670086318
:1079F000B04231DD0E632FE088880A3817E0B1F914
:107A00001800A84201DC401F00E00A38088300B2D9
:107A100017E002E0086B3C381AE032B1012A04D0CA
:107A2000022A0AD0032A17D10FE088881E3800B234
:107A30008880322810DA8C800EE0088B143800B26F
:107A40000883002808DC0C8306E0086BA0F596701C
:107A50000863002800DC0C6304494FF08040086094
:107A6000F0BD0000FC69002080510100940000205E
:107A7000054C2046F9F73CFB2046FFF747FA642007
:107A800001F002FAF5E70000CDCCCC3D2DE9F8413C
:107A90000E461149C0EBC000104F002401EB400519
:107AA000A1F1070805EB44000088ADF80000B85DBF
:107AB00018F8041008429DF801109DF8000001D04C
:107AC0000A4600E0002200F027FF641CE4B2072C05
:107AD000E8D3BDE8F88100009F0000203C94000836
:107AE000124E134F5FF0000505EBC50006EBC00416
:107AF000A08860812846F9F7E7FB208B608429463F
:107B00003846F9F735FC206BE063606B6D1C3B3049
:107B1000EDB22064062DE7D3384600F05DFB034844
:107B2000F9F708FD642001F0AFF9DBE7FC690020FC
:107B3000CDCCCC3D08B501F035FB054C009020467E
:107B4000F9F786FB3221684601F0EEFAF7E700000C
:107B5000CDCC4C3D1CB501F051F93A490220CDE99C
:107B600000010023802238A13C4801F0AFFA3549DA
:107B700006201039CDE900010023802238A13B48BE
:107B800001F0A4FA2F4905201439CDE900010023A2
:107B9000802237A1394801F099FA2A490920203971
:107BA000CDE9000100234FF4807235A1384801F07F
:107BB0008DFA244903201C39CDE9000100238022DD
:107BC00034A1374801F082FA1E490A202439CDE950
:107BD00000010023802233A1354801F077FA1949CA
:107BE00004201839CDE900010023802231A1344856
:107BF00001F06CFA134908200C39CDE9000100238B
:107C0000802230A1334801F061FA0E49072008397B
:107C1000CDE90001002380222FA1324801F056FA5D
:107C200008490B20091FCDE90001002380222EA165
:107C3000304801F04BFA002001F042F9BDE81C4049
:107C400001F0EAB86407002043616C6962726174F4
:107C5000696F6E5F5461736B00000000310E0008A5
:107C600053706565645F5461736B0000357B000879
:107C70004D6F746F725F5461736B0000896D000803
:107C800053686F775F446973706C6179000000001E
:107C9000E17A000845433131415F5461736B000064
:107CA000513B000842757A7A65725F5461736B00CC
:107CB0000D0D00085054313030305F5461736B004B
:107CC000B56D000853657474696E675F5461736BBA
:107CD00000000000717A000854656D705F54617394
:107CE0006B000000A181000854696D655F546173E9
:107CF0006B000000B981000810B5FCF78FFF01F0A0
:107D000043FA012803D0BDE8104001F0C9B910BD05
:107D100030B595B028216846F8F79DFA14210AA8D5
:107D2000F8F799FA18210FA8F8F795FA0121080435
:107D3000CDE900100025029502240491CDE9074009
:107D40004FF4E01009906846FDF7AEF908B172B63D
:107D5000FEE70AA90F2081E831004FF48060CDE9E9
:107D60000D0502210AA8FDF7C3F808B172B6FEE7B7
:107D70004FF4004011900F940FA8FDF743F800282E
:107D800001D072B6FEE715B030BD70471CB5FFF7E5
:107D90003FFAFFF73DF8FBF7ABFEFBF7FDFEFEF702
:107DA00023FAFBF705FDFEF765FAF8F7FDFD0A4932
:107DB00008480860F8F7BAFF08490120CDE900013A
:107DC0000023802206A1094801F080F9BDE81C408B
:107DD00001F0DAB8CDCCCC3D740000207007002053
:107DE00053746172745F5461736B0000557B0008BB
:107DF0000148FDF767BE0000500800200148FDF76C
:107E000061BE0000980800200148FDF75BBE00003D
:107E1000280900200148FDF755BE00007009002028
:107E2000F0B50268204C214D214E224F224B4FF0DD
:107E3000804CA04209D0984207D0604505D0A842A6
:107E400003D0B04201D0B84204D122F0700E4A688B
:107E500042EA0E02A04209D0984207D0604505D000
:107E6000A84203D0B04201D0B84203D122F44075F9
:107E7000CA682A434D6922F080022A4302608A6858
:107E8000C2620A688262A04201D0984201D10969A7
:107E90000163012141610169C90703D0016921F032
:107EA00001010161F0BD0000002C01400004004010
:107EB00000080040000C00400034014010B501F003
:107EC0001F030121046A99408C430462016A9A40AD
:107ED0001143016210BD10B5846842EA032224F404
:107EE0007F440A432243826010BD826822F0700200
:107EF0000A4342F00701816070470000F0B5036A51
:107F0000026A22F00102026242688469124E24F081
:107F100073050C682C4323F002058B682B430D4D31
:107F2000A84201D0B04205D123F00807CB683B43FB
:107F300023F00403A84201D0B04205D14D6922F4D8
:107F4000407215438A692A434260846149684163EB
:107F50000362F0BD002C014000340140F0B5026A1C
:107F6000036A23F010030362436884690D6824F4F4
:107F7000E64444EA05248D6822F0200242EA051214
:107F80000F4D104EA84201D0B04206D1CF6822F06A
:107F9000800242EA071222F04002A84201D0B04219
:107FA00007D14D6923F4406343EA85038D6943EAB1
:107FB000850343608461496881630262F0BD00000B
:107FC000002C014000340140F0B5026A036A23F43A
:107FD000807303624368C46922F4007224F073055D
:107FE0000C68124E2C438D6842EA05220E4DA842C1
:107FF00001D0B04206D1CF6822F4006242EA0722E3
:1080000022F48062A84201D0B04207D14D6923F426
:10801000405343EA05138D6943EA05134360C46185
:108020004968C1630262F0BD002C01400034014088
:1080300030B5046A026A22F4805202624268C3695F
:108040000D6823F4E64343EA05238D6824F40054C5
:1080500044EA0534084DA84202D0084DA84204D194
:108060004D6922F4804242EA85124260C361496848
:108070000164046230BD0000002C01400034014066
:1080800010B5036A046A24F001040462846924F0D0
:10809000F00444EA021423F00A020A4384610262F3
:1080A00010BD000070B5056A046A24F00104046282
:1080B0008469124EB0420ED0114EB0420BD0B0F1D6
:1080C000804F08D00F4EB04205D00F4EB04202D0C4
:1080D0000E4EB04203D124F00304144301E044F0F7
:1080E00001041A0724F0F00444EA126225F00A039E
:1080F00001F00A0119438261016270BD002C014048
:10810000003401400004004000080040000C004022
:1081100010B5036A046A24F010040462846923F031
:10812000A00324F4704444EA023243EA011182615C
:10813000016210BD30B5046A056A25F010050562BC
:10814000856925F4407545EA022222F470454FF610
:10815000FF7202EA033224F0A0032A43A02404EAB7
:10816000011119438261016230BD000007484FF0E0
:108170007E51016006494160064981608906FC30F4
:10818000016005494160054981607047F46800203D
:108190006F12033C90C2F53C6F12033DEC51B83DA9
:1081A00008B500F0FFFF0090FFF7E0FF0A216846E6
:1081B00000F0BAFFFAE7000008B500F0F3FF054C45
:1081C00000902046F8F7CEFE6421684600F0ACFF30
:1081D000F7E70000CDCCCC3D10B50446FEF7A8F97A
:1081E0002046BDE81040F8F7E1BF00000148FDF768
:1081F000B9BE0000B809002010B5406A00214186D0
:108200004185FDF7AEFE10BD0168CA6822F4907288
:10821000CA6001684A6922F001024A61012180F8BE
:108220003D10704710B590F83D10222901D0022072
:1082300010BD82684FF480539A4201D1016921B187
:10824000C16A9A421ED04AB10AE00268C16A526805
:10825000C2F308020A80C16A891C08E002698AB177
:108260000268526802F07F020A70C16A491CC1624A
:10827000418E491E4186418E39B10068FF2141601F
:10828000002010BD02685268EEE70168CA6822F05B
:108290002002CA600168CA6822F48072CA6001685C
:1082A0004A6922F001024A61012180F83D10FDF780
:1082B00097FFE5E72DE9F04104460068C16821F029
:1082C0000C01C16020680169D4E906231A43E568FE
:1082D000236A21F47C512B431A430A4342F4006180
:1082E00001612268D16841F20C6081432369A06872
:1082F000184363690B431843D0602068416921F437
:10830000407141611F49206864253226884202D1AC
:10831000FCF794FE01E0FCF781FE00EBC00101EBED
:10832000001160686FF0180C8000B1FBF0F3B3FB34
:10833000F5F3B1FBF0F7B1FBF0F203FB0CF307EB45
:10834000830306EB0313B2FBF5F2B3FBF5F3120163
:1083500003F0F00302EB4302B1FBF0F3B1FBF0F0EA
:10836000B0FBF5F000FB0CF003EB800006EB001017
:10837000B0FBF5F0216800F00F0010448860BDE804
:10838000F08100000038014010B590F83D1032290E
:1083900001D0022010BD418D4FF4805311B301680C
:1083A0000A68D24312061DD482689A4201D102693A
:1083B00052B1426A541C446212784A60418D491E8F
:1083C0004185418D49B10DE0426A1288C2F308022D
:1083D0004A60416A891C4162F0E70168CA6822F07C
:1083E0008002CA60418EF9B101680A68D2439206E0
:1083F0001AD482689A4209D10269C2B9C26A49682C
:10840000C1F308011180C16A891C09E00AB9026937
:108410006AB1496801F07F01C26A1170C16A491CE2
:10842000C162418E491E4186418E11B115E04968F5
:10843000F2E70168CA6822F02002CA600168CA68CF
:1084400022F48072CA6001684A6922F001024A611E
:10845000012180F83D10FDF7C5FE002010BDFEE7AC
:108460002DE9F35F4FF0000882B0DFF8C890464670
:10847000314F43E0F7F7DBFF4FF0FF32F8F7F0F84A
:108480000C4605462D4A2E4BF8F778F82A46234627
:10849000F8F774F82A462346F8F770F883460191F6
:1084A000284A294B28462146F8F768F82A462346E9
:1084B000F8F764F88A460090244A254B284621465E
:1084C000F8F75CF80022234BF7F7B1FF5346009A08
:1084D000F7F7ADFF5A46019BF7F7A9FF00221E4BA5
:1084E000F8F74CF802460B46DDE90201F8F73CF9D3
:1084F00002D227462E4601E0A846A14642464B46F8
:1085000030463946F8F734F8144A154BF8F744F971
:1085100032463B4640464946ACD3F7F788FF002237
:10852000104BF8F72BF804B04FF0FF32BDE8F05FC6
:10853000F8F796B8000014C000C077400030550F1F
:10854000F4ECFEBCE0F43EE9A560A3BE549F8C3A77
:108550002602703F0000F03F00408F402D431CEB8F
:10856000E2361A3F0000244010B5134CA8212046E3
:10857000F7F771FE03202061606110A0A06104F193
:10858000A800E0614FF4806020620020A062606279
:10859000E0620AA1216604F5956161661021A16679
:1085A0002067E06660670849C0F10F028A5C2254C8
:1085B000401C1028F8D310BDAC6B00205465726DC0
:1085C000696E616C000000005F94000830B50346DE
:1085D000401C0C46802A04D97F2204E000F8015B8D
:1085E000491C521E02D30D78002DF7D1091B1970BA
:1085F00030BD000038B5234C01226946207EFEF7CD
:1086000091FD00281CD09DF80000052825D008DC2D
:10861000012816D0022817D0032818D0042808D122
:1086200018E006281CD007281DD07F2808D08028F5
:108630001CD0802804D3207E01226946FEF772FDFB
:1086400038BDFFF753F838BDFFF7A8F838BDFEF77F
:10865000D5FE38BDFFF732F838BDFEF7EDFD38BD69
:10866000FEF790FF38BDFEF77FFF38BD207E012268
:108670006946FEF757FD0028F7D09DF80000FEF789
:108680002FFF38BD647400202DE9F0474A4D07469E
:10869000144628780E464FF00109012808D000281A
:1086A00075D0022804D100F08DF8287801286ED109
:1086B000202C04D2E96909FA04F0014267D1E2B240
:1086C000182C0ED3F01B7F2807D9C1097B1E40F060
:1086D0008000197007F8020D01E007F8010D7F2CEA
:1086E00002D2791E0A7039E0E0B240F08000B4F5A1
:1086F000804F04D2E2097B1EB91E1A701DE0802350
:1087000043EAD411CAB2B4F5001F06D2A30B7C1EF3
:108710002370BB1EF91E1A700FE0802141EA9431CC
:1087200001F0FF0CB4F1805F09D2630D7C1E237051
:10873000FB1E07F802CC1A70391F08700EE04FEAD2
:10874000147843EA5453BC1E07F8018C23703B1F76
:10875000394607F803CC1A7001F8050D174844682C
:10876000E868201A05E000BF40F0800206F8012BFF
:10877000C0097F28F8D806F8010B721A6878FEF74E
:108780000FFD08B1EC6002E02878401C2870287EBC
:1087900000EB40010A4800EBC100C16E006F81424E
:1087A00008D0A878002805D185F80290FFF722FFAD
:1087B0000020A870BDE8F08764740020001000E07D
:1087C000AC6B00203EB50120164C8DF800006A46C7
:1087D000501C616905E000BF41F0800300F8013BD7
:1087E000C9097F29F8D800F8011B0F494D68E168D5
:1087F000691A04E041F0800300F8013BC9097F29B0
:10880000F8D800F8011B821A60786946FEF7C8FCA8
:1088100020B1E5602178491E21703EBD6169491C87
:1088200061613EBD64740020001000E00907090E7C
:10883000002804DB00F1E02080F80014704700F00D
:108840000F0000F1E02080F8141D704702E008C816
:10885000121F08C1002AFAD170477047002001E0BA
:1088600001C1121F002AFBD1704770B500F0A0FCB7
:108870004FF47A730146A1FB03050022144602FB64
:10888000035201FB042170BD10B504A0FEF79AFE4F
:10889000BDE810400EA0FEF795BE00004E3D4672AA
:1088A000656552544F532044656D6F204170706C64
:1088B00069636174696F6E2C443D436F72746578AF
:1088C0002D4D342C4F3D4672656552544F53000078
:1088D000492331353D5379735469636B00000000BF
:1088E000F8B500240A4D0B4E0EE000BF04EB8407E0
:1088F00005EB87000169001D009190E80E0055F816
:108900002700FEF7F5FF641C30688442EED3F8BD03
:10891000707500209007002010B5044CC1F1FF01D4
:10892000235C0B401343235410BD000080650020DE
:10893000FCF77CF9FFF7ECF9FDF706FFFDF7EEFE1B
:10894000FDF74CFEFDF7AAFFFEF708F8FEF746F824
:10895000FEF796F8FEF738F9FEF714F9FEF7E0F89F
:10896000FFF714FAFEE700002DE9F0411E4C0F4618
:108970000546E6682068001D00F0FAF938B920685D
:1089800090F82C1001208840216981432161681CE6
:1089900015D1A7B11549226848689060236882689C
:1089A000DA6022688368121D5A602268121D826094
:1089B000206841610868401C0860BDE8F0812068BB
:1089C0003544B5424560216805D2E06BBDE8F04111
:1089D000091D00F0EEB9A06B091D00F0EAF9A06ACC
:1089E0008542EAD2A562E8E730000020F05000207E
:1089F000F8B5044600F002FA3D4DA868401CA86096
:108A000028683C4F10B1686938B32CE02C60A86826
:108A1000012828D15FF0000606EB860007EB8000F6
:108A200000F0B9F9761C202EF6D3334800F0B3F9E4
:108A30003148143000F0AFF92F48283000F0ABF97E
:108A40002D483C3000F0A7F92B48503000F0A3F936
:108A50002948A8631430E86305E02868E16AC06A21
:108A6000884200D82C60686A401C6862606464B107
:108A70002046FEF763FC236B206804F13401C01A22
:108A800000902046E26AFEF7C1FE2046FEF796FC03
:108A9000E16A01202A6988401043286101EB8100C6
:108AA00007EB80004068A0608168E1608268211D5A
:108AB00051608160E06A00EB800007EB800161613A
:108AC00057F82010491C47F8201000F0A5F96869F4
:108AD00000280CD02868E16AC06A884207D207499A
:108AE0004FF080500860BFF34F8FBFF36F8FF8BD1A
:108AF00030000020204E0020A050002004ED00E0B7
:108B000010B50446006B00F091F92046BDE8104016
:108B100000F08CB90E484FF48841420706D0C01DC2
:108B20000B4920F00700411AC1F58841094A00238A
:108B30000144C2E900030839143A21F00701116029
:108B40004B600B600B1AC0E90013936053607047D1
:108B5000200A002024000020144E154CA6F52F7783
:108B60004FF08058DFF84C9012E000BF00F046F95B
:108B7000F068C568281D00F0FBF8A068401EA060E2
:108B80006068401E606000F047F92846FFF7B8FFB4
:108B900060680028EAD138680128F9D9C9F800804E
:108BA000BFF34F8FBFF36F8FF2E70000DC50002060
:108BB0003000002004ED00E02DE9F0470D46DDE92E
:108BC00009841746824691009946089EA522206B8B
:108BD000F7F73AFB6FF00301206B01EB87010844C4
:108BE00020F0070765B100202218295C82F83410B4
:108BF000295C11B1401C1028F6D3002084F84300F2
:108C0000202E00D31F26201DE66200F0CFF804F1CD
:108C1000180000F0CBF82461C6F120006462A06166
:108C20004A465146384600F091F82060B8F1000FEE
:108C300001D0C8F80040BDE8F087000030B5114908
:108C400000E011460A688242FBD34B685C188442FC
:108C500003D1406818444860084643681C18944291
:108C600009D1084C143C2468A24209D052681A4425
:108C700042600A6812680260814200D0086030BD1C
:108C80000460F9E7240000200548816B096821B1E0
:108C9000816BC9680968816270474FF0FF31FAE75C
:108CA00030000020502080F31188BFF34F8FBFF3B6
:108CB0006F8FFEE770B50446002600F09BF9224D49
:108CC000286808B9FFF726FFCCB304F00700C0F10D
:108CD0001000C1438C4232D8211800292FDD68686A
:108CE00081422CD8184814300246146801E020460E
:108CF000144662688A4202D22268002AF7D12A68A2
:108D000094421CD006682268026060680836421AE5
:108D1000102A04D9601842606160FFF78FFF616814
:108D20006868401A6860AA68904200D2A86041F062
:108D30000040606000202060E868401CE86000F0AF
:108D4000CBFA304670BD00001000002010B5031FA4
:108D50004FF080741C601B1F21F001011960191F66
:108D6000024B0B60143940380A6010BDA58C000816
:108D7000D0E9013201699A60D0E901235A604A685A
:108D8000824201D182684A60002202610868401E66
:108D900008600868704700F108014FF0FF32C0E931
:108DA0000112C16001610021016070470021016171
:108DB000704730B50B685A1C02D000F1080202E07F
:108DC000026904E02246546825689D42FAD9536836
:108DD0004B6099608A60516008610168491C0160BC
:108DE00030BD42684A6093688B60936859609160B7
:108DF00008610168491C016070470000502080F341
:108E00001188BFF34F8FBFF36F8F02480168491C71
:108E1000016070472C00002003490868401E08606C
:108E200001D180F3118870472C00002070B5002814
:108E30001BD0A0F108046068002816DA2168002918
:108E400013D120F00040606000F0D4F8074D606856
:108E50006968084468602046FFF7F0FE2869401CF6
:108E60002861BDE8704000F037BA70BD10000020E6
:108E70004FF0E02000210161816102494161072139
:108E8000016170473F19010010B504000DD000F0DA
:108E9000B1F821462320FEF7CBFA00212046FFF748
:108EA00063FD00F019FA002807D104494FF0805003
:108EB0000860BFF34F8FBFF36F8F10BD04ED00E06C
:108EC00070B50546FFF79AFF2B4C05B92568281D9C
:108ED000FFF74EFF58B9E86A284A00EB800152F8C4
:108EE000211021B901218140206988432061A86AAD
:108EF00018B105F11800FFF73BFF606A401C606283
:108F00002068854211D1291D1D48FFF76AFF60685E
:108F1000401C60602846FEF7E3FB01462220FEF776
:108F200087FA2846FEF7AAFC0EE0A068401EA06063
:108F30002846FEF7D5FB01462220FEF779FA28469F
:108F4000FEF79CFCFFF7A0FEFFF766FF2068854256
:108F500002D02846FFF7D4FD606900280AD02068B7
:108F6000854207D107494FF080500860BFF34F8F0B
:108F7000BFF36F8F70BD000030000020204E002036
:108F8000DC50002004ED00E07CB516480025CDE95A
:108F900000502B46802214A1154800F097F8114C80
:108FA0002C3C01281BD1502080F31188BFF34F8F38
:108FB000BFF36F8F4FF0FF30A06201206061E5606A
:108FC0002068052208A13430F7F750F918B120685D
:108FD000FEF7D4F901E0FEF79FF900F049F8206BA5
:108FE0007CBD00005C00002049444C4500000000AE
:108FF000598B00080248416B491C416370470000CF
:109000003000002010B5164C606B10B10120E061FB
:1090100010BD0020E06120691249B0FA80F0C0F173
:109020001F0000EB800001EB800000F108024168A6
:1090300049684160914201D149684160C868206037
:109040002068052208A13430F7F710F920B1206814
:10905000BDE81040FEF792B9BDE81040FEF75CB9DC
:1090600030000020204E002049444C450000000004
:10907000094810B5016841F470010160016841F0D0
:1090800070410160FFF7F4FE044900200860F7F723
:109090006DF8002010BD000020ED00E02C00002045
:1090A00010B5502080F31188BFF34F8FBFF36F8F3F
:1090B00000F084F818B104494FF080500860002097
:1090C00080F3118810BD000004ED00E02DE9FF5F82
:1090D0008346DDE90E87994616468A469000FFF7DB
:1090E000E9FD05001DD05420FFF7E4FD040015D074
:1090F0005421F7F7B0F825630021CDE90241CDE90D
:1091000000874B46324651465846FFF755FD2046EC
:10911000FFF76EFC012004B0BDE8F09F2846FFF782
:1091200085FE4FF0FF30F6E770B50C46034600268B
:10913000FFF760FF1248C5681A681444AA4204D9B0
:10914000A2420ED9AC4202D80BE0A242FAD90126C3
:1091500024201C60FEF7B2F9601B0021FFF704FC1D
:1091600000E01C6000F0B8F838B906494FF08050B4
:109170000860BFF34F8FBFF36F8F304670BD0000A4
:109180003000002004ED00E00548416919B1406B52
:1091900018B100207047012070470220704700007E
:1091A000300000200148C0687047000030000020F7
:1091B0000148C06870470000300000202DE9F047EA
:1091C000434D0027686B28B1A869401CA861384648
:1091D000BDE8F087EE68761CEE6008D1A86BE96BFD
:1091E000A963E863286A401C2862FFF74DFDA86A5E
:1091F000DFF8E08086420BD34FF0000AA86B0068CE
:10920000A0B1A86BC068C4686068864211D2A86229
:109210002868C06A00EB800158F82100012800D9B5
:109220000127E8690028D2D00127D0E74FF0FF30AE
:10923000EDE7D4E9021260698A60D4E9021204F110
:109240000409516042684A4501D1E1684160C4F8AF
:1092500014A002685146521E0260A06A80B1D4E98F
:1092600007239360D4E907235A60426804F1180386
:109270009A4201D1226A4260A1620168491E0160DE
:109280002046FEF79BF8E16A01202A6988401043D6
:10929000286101EB810108EB81014968A1608A68BE
:1092A000E2608B68C3F80490C1F80890E16A01EBB2
:1092B000810108EB8102626158F82120521C48F8B4
:1092C0002120E16A2868C06A814297D9012795E781
:1092D00030000020204E00202DE9F04700242546D4
:1092E000FFF78CFD4248416B491E4163416B0029E9
:1092F00078D181683F4EA0464FF00109002971D016
:1093000082463068F0B3F068C468D4E90721A06AE7
:109310009160D4E907125160426804F118018A4251
:1093200001D1216A4160C4F8288002684146521E7A
:109330000260D4E9023260699A60D4E90223271DF1
:109340005A604268BA4201D1E268426061610168D4
:10935000491E01602046FEF731F8E26ADAF8103063
:1093600009FA02F150461943CAF8101002EB8201C3
:10937000214A02EB81014968A1608B68E3608B6838
:109380005F6000E013E08F60E16A01EB810102EBB6
:109390008103636152F821305B1C42F82130E16A9D
:1093A0000268D26A9142ACD3C0F81C90A9E70CB114
:1093B000FFF76AFCDAF8186054464EB14FEA090725
:1093C000FFF7FCFE00B1E761761EF9D1C4F8188002
:1093D000E06938B10949012528070860BFF34F8FBC
:1093E000BFF36F8FFFF718FD2846BDE8F087000038
:1093F00030000020C8500020204E002004ED00E086
:10940000010202030405060708090A0B0C0D0E0FE2
:109410001010010202030405060708090A0B0C0DCF
:109420000E0F1010000000000000000001020304F5
:109430000607080900000000010203043F065B4F15
:10944000666D7D077F6F40777C395E79713D0030B6
:10945000313233343536373839414243444546009A
:109460000000000000545452205245474745530025
:1094700000000000000000000000303132333435BD
:109480003637383941424344454600006B8800086E
:10949000E188000853595354454D564945573A20E1
:1094A000436F756C64206E6F74207265636F7264B5
:1094B000207461736B20696E666F726D6174696F81
:1094C0006E2E204D6178696D756D206E756D6265CB
:1094D00072206F66207461736B73207265616368BC
:1094E00065642E0004950008000000209407000029
:1094F0006C090008BC9B0008940700207C720000E7
:109500005C88000842019210031E127A0531AAAA53
:10951000AAAA02381F10FF010204081020403601D9
:109520003602341036103808360436083401320159
:10953000320434083404340232082E022E042E1071
:109540002E203010300430082C012A022A042C0866
:109550002E082C022C043A103A203B013B043B021B
:109560003A403A80381038203901390439023840FD
:109570003880362034403480370237013640368018
:109580003208321032403301328034203220302011
:109590002E402F013101308030402E802C102C20A5
:1095A0002D012D042D022C402C802A082A102A80FF
:1095B0002B022B012A202A402804280828402901B0
:1095C0002880281028203B083920394039803B402A
:1095D0003B103B2039083708374037803720391097
:1095E00037103502350435203580354035083510C3
:1095F00033023304332033803340330833103102D5
:109600003104312031803140310831102F022F04D4
:109610002F202F802F10FF402F082F102D082B08F0
:109620002B202D802D402D102B10290229042920BC
:109630002B802B4029082910220122022010221001
:1096400024082204220820011E011E0420082004F0
:1096500020021E081A021A041A101A201C101C04D8
:109660001C0818011602160418081A081802180413
:1096700026102620270127042702264026802410B2
:109680002420250125042502244024802220204076
:10969000208023022301224022801E081E101E402B
:1096A0001F011E8020201E201C201A401B011D01AE
:1096B0001C801C401A801810182019011904190266
:1096C0001840188016081610168017021701162069
:1096D00016401404140814401501148014101420AA
:1096E00027082520254025802740271027202508EA
:1096F0002308234023802320251023102102210446
:10970000212021802140210821101F021F041F2039
:109710001F801F401F10FF081F101D021D041D2069
:109720001D801D401D081D101B021B041B201B80DB
:109730001B401B081B101908170817201980194017
:109740001910171015021504152017801740150859
:1097500015104B804B4049084B084D104B204B10C7
:1097600049804780472049104920494047404340AD
:1097700043204308430445084520451041803F40AD
:109780003F2041104310414041204F084F044E807C
:109790004E204E404F024F014D084D044C804C204E
:1097A0004C404D024D014B04490249014A404A8058
:1097B0004B024B01471047084702468047014904C6
:1097C0004704450443024280448045014502430169
:1097D00041084104408040204040410241013F1087
:1097E0003F083F013E403E803F043F023D203D1088
:1097F0003D023C803D013D083D044E104C044C02AE
:109800004C014E024E084E044C104A104A024A01C6
:109810004A044C084A20FE084840482048044801B1
:109820004802481048084640462046044601460281
:109830004610460844404420440444014402441075
:10984000440842404220420442014202421042087F
:1098500040103E103E044001400240083E083C409B
:109860003C203C043E013E023C103C080580054083
:109870000708050803100520051007800980092046
:1098800007100720074009400D400D200D080D046A
:109890000B080B200B100F80114011200F100D1022
:1098A0000F400F2001080104008000200040010249
:1098B00001010308030402800220024003020301A5
:1098C0000504070207010440048005020501091090
:1098D0000908090208800901070409040B040D02A4
:1098E0000C800A800B010B020D010F080F040E8083
:1098F0000E200E400F020F0111101108110110402F
:10990000108011041102132013101302128013018E
:10991000130813042C1002040202020100020008C2
:1099200010FF0402100410040204010404020804DD
:10993000080640062006040601060206100608086E
:10994000400820080408010802081008080A400A14
:10995000200A040A010A020A100A080C400C200C12
:10996000040C010C020C100C080E10101010040E48
:10997000010E020E081008124012201204100110ED
:109980000212101208540154025610541052085476
:1099900004540856015801580456085604560258F3
:1099A000025C025C045C105C205A105A045A085E87
:1099B00001600260045E085C085E025E04501050A4
:1099C00020510151045102504050805210522053F6
:1099D0000153045302524052805420564056805541
:1099E00002550154405480580858105840590158A5
:1099F00080562058205A205C405D015B015A805AF5
:109A0000405C805E105E205F015F045F025E405E2E
:109A100080600860106080610261016020604062C7
:109A200010FF04620862406301628062106220518C
:109A30000853205340538051405110512053085532
:109A4000085540558055205310551057025704575C
:109A50002057805740570857105902590459205928
:109A6000805940590859105B025B045B205B805BA6
:109A7000405B085B105D025D045D205D805D405DC4
:109A8000085D105F08610861205F805F405F1061C2
:109A9000106302630463206180614063086310689F
:109AA0000168026A1068106608680468086A016C38
:109AB000016C046A086A046A026C02700270047025
:109AC0001070206E106E046E0872017402740472BD
:109AD00008700872027204641064206501650465F0
:109AE000026440648066106620670167046702664E
:109AF00040668068206A406A80690269016840683F
:109B0000806C086C106C406D016C806A206C206E5B
:109B100020704071016F016E806E40708072107213
:109B20000098662073017304730272407280740897
:109B30007410748075027501742074407604760880
:109B4000764077017680761076206508672067403A
:109B5000678065406510652067086908694069800D
:109B60006920671069106B026B046B206B806B407F
:109B70006B086B106D026D046D206D806D406D087B
:109B80006D106F026F046F206F806F406F086F1051
:109B90007102710471207180714071087110730835
:109BA0007508752073807340731075107702770401
:0C9BB00077207580754077087710000062
:0400000508000131BD
:00000001FF
