:020000040800F2
:10000000B80F002059010008FD6B0008C364000808
:1000100000000000000000000000000000000000E0
:10002000000000000000000000000000096D000852
:100030000000000000000000D16C0008156E0008F0
:100040006B010008000000006B0100086B01000854
:100050006B0100086B0100086B0100088D4200086D
:1000600000000000FD1A00080D1B00086B010008CD
:10007000551300086B0100086B0100080000000028
:100080006B0100086B0100080000000019700008F7
:1000900029700008397000086B0100086B01000826
:1000A0006B0100086B0100086B0100086B01000880
:1000B0006B01000800F002F800F03EF80CA030C818
:1000C000083824182D18A246671EAB4654465D46D4
:1000D000AC4201D100F030F87E460F3E0FCCB64660
:1000E0000126334200D0FB1AA246AB4633431847E1
:1000F0006C9500008C950000103A02D378C878C146
:10010000FAD8520701D330C830C101D504680C6059
:10011000704700000023002400250026103A01D378
:1001200078C1FBD8520700D330C100D50B607047AF
:100130001FB51FBD10B510BD01F0AAF81146FFF79D
:10014000F7FF07F0D7FC01F0C2F803B4FFF7F2FFA6
:1001500003BC01F0F7F80000074880470748004754
:10016000FEE7FEE7FEE7FEE7FEE7FEE70448054997
:10017000054A064B704700006F6F0008B500000885
:10018000B8090020B80F0020B80B0020B80B0020E1
:1001900010B5202A04DB0846203AD040002110BDCB
:1001A0000B462024D340D040A21A91400843194660
:1001B00010BDFEB5054610460C46184373D0AE463A
:1001C0008C460020AD1A01469C4167D36646002745
:1001D00001243D46B61A9D4102D313463A462124D6
:1001E000654676462F04360C3E432D0CB61A9D41CB
:1001F00004D3150C1B042B431204103465467646B9
:100200002F06360A3E432D0AB61A9D4104D3150E19
:100210001B022B4312020834654676462F07360927
:100220003E432D09B61A9D4104D3150F1B012B43E4
:100230001201241D65467646AF07B6083E43AD0859
:10024000B61A9D4104D3950F9B002B439200A41C2A
:1002500065467646EF0776083E436D08B61A9D411F
:100260001AD392185B41641C16E000187646654666
:100270004941B71A9D410191009009D36046B11AD6
:1002800098418E468446009801990025401C69419A
:10029000DD0752082A435B08641EE6D572466346B2
:1002A00003B0F0BDFFE700200146C046C0462A4625
:1002B0002346F5E701E004C0091F0429FBD28B07A0
:1002C00001D50280801CC90700D002707047002948
:1002D0000BD0C30702D00270401C491E022904D370
:1002E000830702D50280801C891EE3E70022EEE727
:1002F0000022DFE7002203098B422CD3030A8B4242
:1003000011D300239C464EE003460B433CD400220D
:1003100043088B4231D303098B421CD3030A8B421F
:1003200001D394463FE0C3098B4201D3CB01C01AED
:10033000524183098B4201D38B01C01A52414309B8
:100340008B4201D34B01C01A524103098B4201D3A6
:100350000B01C01A5241C3088B4201D3CB00C01A13
:10036000524183088B4201D38B00C01A524143088B
:100370008B4201D34B00C01A5241411A00D20146B0
:100380005241104670475DE0CA0F00D04942031049
:1003900000D34042534000229C4603098B422DD398
:1003A000030A8B4212D3FC22890112BA030A8B4240
:1003B0000CD3890192118B4208D3890192118B428F
:1003C00004D389013AD0921100E08909C3098B4214
:1003D00001D3CB01C01A524183098B4201D38B0157
:1003E000C01A524143098B4201D34B01C01A5241FA
:1003F00003098B4201D30B01C01A5241C3088B423F
:1004000001D3CB00C01A524183088B4201D38B0029
:10041000C01A5241D9D243088B4201D34B00C01AB3
:100420005241411A00D20146634652415B101046C8
:1004300001D34042002B00D54942704763465B1010
:1004400000D3404201B50020C046C04602BD7047FF
:10045000704770470246C80FC00781434B0030B554
:100460004B405B009B0D20D01923DB06C9180123EC
:100470001B05994220DB0324A40704251346AB4047
:100480000BD3002B04D1EB0613409B00E34204D4B2
:1004900001246407002312195941FF231B059942C7
:1004A0000BD2C9000143500F09E0CB0204D5014330
:1004B0000803024305D0054830BDFF21C9050843A4
:1004C00030BD084607210905884330BD0000C07FC4
:1004D000F0B50C46871A9C410D46861A9D4103D201
:1004E000C01BA141D21963410D0D1F0DC94EEC1B5C
:1004F000AE435CD07F057F0D0026002F51D02D0527
:10050000AC46A943DD020123ED0A1B051D43202350
:100510001B1B24D41746E740381871412F46E7408B
:10052000CC199D402818314661410C0D27D16144FA
:100530009A4013D50023401C594152000ED1400867
:10054000400001224B005205D34207D3052040074B
:10055000C14201D5B04900E0B0493046F0BD6B0062
:10056000002A00D001229A181F23203C1B1B01D512
:10057000002302E0E540281871410C0DD7D001247A
:1005800024050919C407CD0740084908E40F28438A
:100590006144002CD5D00024401C61419A40D0D148
:1005A000CDE76A05520DD9D1C90FC907D5E79C4DD2
:1005B0004E00002801D0012400E0002434195F001F
:1005C000002A01D0012600E00026BE19954FAC425A
:1005D0000CD8AE420AD8B44206D001256D05EC42D3
:1005E000BCD010461946F0BD9942FCD000203946D7
:1005F000F0BDF0B51FB40C460F46811A9F41254649
:10060000861A9D4106D20125ED076F40401ABC4174
:1006100052187B41210D1E0D8D1BAC467D4D8D4327
:100620007ED075056D0D7CD00D05AE46AC431B0329
:100630001B0B794D52429D41202366469B1B14D3D0
:100640001746F740381800260090744160462F4640
:100650000741E41900989D402818664116D4714658
:1006600071189A4025D5012320E093182A466A4143
:100670005200002B00D0521C1E23203E9B1B002B3F
:1006800061DD3541EE1728186641E8D5001876413E
:100690005B1C9A4000D3401C4B05F3181524E34023
:1006A00010D3002B52D071467118D30FC01802D34B
:1006B000491C05B0F0BD0123DB079A42F9D140087F
:1006C0004000F6E701225205B21801D1002853D0AC
:1006D0000123CC0ADB029943891E002A08D1020CAF
:1006E00003D0020C0004103902E002460020203939
:1006F0000023550B05D112020823550B01D15201DD
:100700000D23550C01D112011B1DD50C01D19200F6
:100710009B1C150D01D152005B1C2025EE1A01E037
:100720002CE022E00546F54015439840CA1AE1073F
:1007300069181305C918002ABBDA032040070818F6
:10074000C10FC9070FE071466118B2E7F107400811
:100750000843711071444A000CD001235B059A4292
:10076000A7D2C90FC9070020A3E74905490D26D123
:10077000002001E00028F4D100219AE7284D66000E
:10078000002801D0012100E0002171185F00002A3B
:1007900001D0012600E00026BE19224FA94210D840
:1007A000AE420ED8B14208D001256D05E94206D00F
:1007B0001946A802414010467BE79C4201D02146E1
:1007C00077E70020394674E710B50C465C4005D544
:1007D0000124E4076340FFF70CFF10BDFFF778FE2C
:1007E00010BD30B40C465C4004D50124E4076340DE
:1007F00030BC6DE630BCFCE670B50124E407614016
:100800000D465D4002D4FFF763FE70BD6340FFF705
:10081000F0FE70BDFF0700000000F0FF0000F07F59
:100820000000E0FF0000F87FF0B5F94D0C091E094B
:100830002C402E402F468BB0A7437DD0B543FCD033
:10084000002E7AD0002CFCD00D465D40ED0F2543E4
:10085000AC1BFF25AD0464190894C502440DC90200
:100860002143500DDC0204430120C007014304432F
:10087000D2020191200C110C00958C4601042346F4
:100880008B430A9161460904E24D8A430991010AAA
:100890007D4449198039097805464D4301266D1874
:1008A000F605751B6943C90C640B891C4C4364181D
:1008B000B5012C1B250C2E04B4434C434D43210C95
:1008C000691889090591009DE90701D00121C9072F
:1008D00004912C4601996708CD072F434C08059DCC
:1008E000E10B4D432D0C29466646754302950D4696
:1008F00045432E46029D7D1BB44100950D465D4348
:1009000001942C0C2F040D465543AE462D0C3D434F
:10091000029503947546049C2D04641B049406D22E
:10092000029C039D641C002675410395029401AC52
:1009300070CC009F7D1B01E03EE162E1B4410904FF
:100940000095079101940599A4086143090C0C4690
:100950004443650BE7040C4666467443A646640BA5
:100960003C43039502947446049DE4042C1B0494B8
:1009700006D2029C039D641C0026754103950294D7
:1009800001AC70CC009F7D1BB44101940C465C43CC
:100990000095650FE7000C465443A646640F3C43A0
:1009A000039502947446049DE4002C1B049406D223
:1009B000029C039D641C002675410395029401ACC2
:1009C00070CC009F7D1BB441AE09AF06049DC900E9
:1009D000AD092F43049DA406AD060495079D34433D
:1009E00069180791059DE10B4D432D0C294666467C
:1009F000754302950D4645432E46029D7D1BB4412D
:100A000000950D465D4301942C0C2F040D46554373
:100A1000AE462D0C3D43029503947546049C2D046F
:100A2000641B049406D2029C039D641C002675413D
:100A30000395029401AC70CC009F7D1BB4410194DE
:100A40008C050694079C890A611800950791019C02
:100A50000599A4086143090C0D464543680BEF0452
:100A60000D46644665436C0B3C43049FED047D1BBF
:100A7000AC4602D20025641C6841009E019D371BD4
:100A800085410846584301950C46460FC50054431E
:100A9000600F28436546E4002C1B02D20025401C51
:100AA0006E41019D3F1AB5412846BD098006284385
:100AB0008446A009BF064E020699A406761807438D
:100AC000079D002068410A99079019430020099B5F
:100AD00000906046FF1913434041E20F64003A431F
:100AE000A4460446D71A8C41A04203D901200090A5
:100AF00020463A46C70F941840416246D20F22431F
:100B0000644664000494009CBE466400D71AA44660
:100B1000044602978C417746002F01D1A04204D9A8
:100B20006046401C8446029A2046C40FA64694188C
:100B30004041049A0546D20F224364466400D31A0A
:100B40008D417146002901D1A84202D928461A4692
:100B5000641C10430122002800D0164361020020CB
:100B6000079B891904465C410223002C02DB4918CB
:100B700013466441089DCE0A2D145D194B05670587
:100B8000E10A2C050D1908993E43C9076940002B5D
:100B900008D0934006D30022761C5141002B01D18E
:100BA000760876001C4A002D43DB154241D0AA434B
:100BB0003FD030460BB0F0BD06180D464D41174CE6
:100BC0007642AC411AD395181C465C41134A6D42DB
:100BD000A24113D3012252054C00D4420AD15C0039
:100BE000D4420BD04B4002D592021143E2E74900B8
:100BF0004908DFE75940C90FC90718E00020084934
:100C0000D8E7054801420DD10342F7D0F2E70000D2
:100C10000000FF07088D00000000F07F0000E0FFEB
:100C20000000F87F114859400143C01241400020A4
:100C3000C0E70123089A9B069A4205DC032252076B
:100C40008918C90FC907B5E7052252078918074A4D
:100C50001143D2125140ADE770B515461C4602460D
:100C60000B4628462146FFF7DFFD70BDFFFFFF7FE3
:100C7000F0B58B4C0F09254689B0BD437BD01D09CB
:100C80002646AE43FAD00E465E402740F60F3E435E
:100C9000254071D024012142FBD0FF24AD19A404CA
:100CA0002D1B039501252D05DB02DB0AC9022B4311
:100CB000C90A29431E010901040F130F050121432D
:100CC0001701880B820391432D098C46A90B1E4303
:100CD0008A039543B30B9A0396433F09BA0B9403D7
:100CE000A74302962E467E430497B6464E19D7195F
:100CF0000C460196544305977E43371B7646BF1B2F
:100D00003601B646BE0B361900967646BC04371936
:100D1000009C01D3641C00946400002F01D00126C4
:100D20003443029E049F754366467E4304967600D4
:100D300034196E0034190094029C019E1C196643FC
:100D4000751BAE46069465464519059C05956C4392
:100D5000594375460891691A0191049E0146514311
:100D6000A41B0491611A009C0791E10605D061095A
:100D70000122114302E072E06EE06109089D002744
:100D80002C0A2D066918049D7C412A0A2D06691833
:100D9000019D6241AC0DAD026D185441079A910D51
:100DA000920255196141029A644658435443069B86
:100DB000059A5A43121A131B9A0E9B015B187A412B
:100DC000010B0005C3185141220A200644195A415B
:100DD0009A4200D2491C01204002814203D31523CC
:100DE0000226F64302E014230326F6432020C51A08
:100DF000A9401746AF40DA400A4320460399D8403D
:100E00000914731819055118039A3843D207514031
:100E1000AC4009D00122944006D30022401C51412D
:100E2000002C01D1400840001E4A934212D30122F7
:100E300003989206904207DB0520400709181A48DC
:100E40000143C012414004E0032040070818C10FCD
:100E5000C907002009B0F0BD0020F107FAE7051826
:100E60000C464C4111486D42A04115D394181A46C6
:100E70005A410E48644290410ED301204A00400579
:100E8000824209D35A00824206D35940C90F084A08
:100E9000C90700201143DDE700200649DAE700001A
:100EA0000000FF07FE070000FFFFFF7F0000E0FFDC
:100EB0000000F07F0000F87F70B505464800440D43
:100EC000124B0020002C0AD0634008D09A4206DA68
:100ED0006642B24203DD12054019514170BD002C3B
:100EE00008D0002B09D0C90FC907002AF6DB084A31
:100EF000114370BDC90FC90770BD28460A031043CE
:100F000002D00020034970BD284670BDFF070000D5
:100F10000000F07F0000F87F0121C905012341187E
:100F200042001B06D3185B0E0AD0C1100722D2065E
:100F3000891840075242D14201D5520089187047A2
:100F4000090208D50146002A03D0C10FC9070020B5
:100F5000704710467047420202D000200249704795
:100F6000072109050143F4E70000F87FF0B5FF25EC
:100F70002D04C609C209FF2704462E400137CB09BC
:100F80003E4348402A402B400746002A6BD0002BA6
:100F900069D0AA4267D0AB4265D0002800DA324659
:100FA0000125ED0529432C4309022002090AD21A22
:100FB0004B0C7F24E31A434C000A7C44E35C7D2401
:100FC0002404121914145B00A218884201D3521C85
:100FD00000E0400049420C465C4324115C43DB01C5
:100FE0006415E318040A5C43C502200D0C46444313
:100FF0006419250A5D432303EC0C0D466543000389
:101000000019EB184C42A34201D35B18401CD405D5
:101010002018002B07D05B00C91804D3401C0029FE
:1010200001D1400840003F2189048A4209D3002AA7
:1010300008DC1106090F04D0032149074018C00F2E
:10104000C007F0BD01224100120689187F22520616
:101050009142F6D205214907C84201D59010F0BD52
:10106000FF20C005F0BD002F00DA32461648AA4224
:1010700007D2AB4205D21902090E17D0F80FC007EC
:10108000F0BDFF2563002D06AB42F9D84900A94207
:10109000F6D8AB4201D1A942F2D0A94201D1002138
:1010A00001E061004908D0050843F0BD1102090EB6
:1010B000FBD0FF200243D005F0BD0A460146104692
:1010C00054E700005E8600000000C07F10B50146B6
:1010D0009E240002CA15A307002A02D01843002A42
:1010E00004DBA21A002A0CDDD04010BD1206120E3D
:1010F00001D140004008A21A03D4D0404042002849
:10110000F3DDFF2248001206904201D9002010BDF5
:10111000C817C043584010BD0102C21504D00123B6
:10112000DB071943002A0ADB9E239A1A02D40846D9
:10113000D0407047FF2241001206914201D90020A1
:101140007047C017C04370471F22030C02D10F2203
:1011500000041CD0030E01D10002083A030F01D194
:101160000001121F830F01D18000921E002801DBB5
:101170004000521ED20551180212511819229040F7
:1011800004D3491C002801D149084900084670478A
:10119000C10FC90700D04042012292071143D3E793
:1011A00001218907D0E7000010B5FF22C30D1340CD
:1011B00009D05A4007D0914205DA5C42A14202DDD3
:1011C000C905081810BDC40FE407002B06D0002A7B
:1011D00006D0002902DBFF20C0050443204610BDD5
:1011E0004102FCD0004810BD0000C07F10B5FF23B5
:1011F0001B0644009C421DD84C009C421AD8034652
:10120000124A0B4307D4401A02D3EFF3008010BDFB
:10121000EFF3008010BD081A06D2EFF30080012121
:101220009043C907084302E0EFF30080904380F346
:10123000008810BD0D231B041A4204D01146002063
:1012400000F006F810BD00F01BF810BD0000009083
:10125000C80212D54803400F002804D0C803C04379
:10126000012188407047EFF300800001000903214D
:101270000907084380F3008870470020704700008A
:1012800010B5024800F02BF810BD00000000C07F30
:10129000754600F053F8AE46050069465346C0084F
:1012A000C000854618B020B5FEF760FF60BC00277F
:1012B0004908B6460026C0C5C0C5C0C5C0C5C0C522
:1012C000C0C5C0C5C0C5403D49008D46704710B57A
:1012D0000446C046C0462046FEF737FF10BD10B595
:1012E0000C461107090F092904D00A290AD0082938
:1012F0000CD104E011460820FFF7AAFF06E05106D2
:1013000006D501E0510601D50120C007214610BDD8
:10131000D10607D501010909CC084907000E0006CE
:10132000044309E0410F20024907000A0143200E4F
:1013300000061D22D14101430846E7E700487047F7
:101340005409002001491820ABBEFEE72600020028
:101350007047000010B5024803F0B7F910BD000057
:10136000D400002010B50F4803F0C8F80E4804F070
:1013700043FB02220D490B4803F016FB002400F04A
:10138000EBF8052003F032FC641CE4B2642CF6D3C5
:1013900006480C38806900F09DF805494880C880EF
:1013A00010BD0000D4000020300200202C000020DE
:1013B0003409002010B50146406A826B50231A425E
:1013C0000AD1816B01225202114381630168CA680C
:1013D0001205920F05D020E0006B026B0846904783
:1013E00010BD827E002A18D10A68120715D58A68B6
:1013F00053070122002B09DB4B680C24A3434B60ED
:10140000816B130299431143816306E0816B2023B2
:1014100019438163C16B1143C16303F053F910BDDC
:1014200010B5406A816B402211438163C16B042275
:101430001143C16303F048F910BD10B5406A03F0D1
:1014400042F910BDF8B5044600200090206881687C
:101450008907890F012905D10168C90731D1C16800
:1014600009042ED48168184A10261140012500294C
:101470001AD1816829438160154814490068FEF734
:1014800039FF00E0401E00900028FBD103F07AFEF7
:10149000074611E003F076FEC01B02280CD9206835
:1014A0000068C043C00707D0A06B3043A063E06B67
:1014B0002843E0630120F8BD20680068C043C007EE
:1014C000E8D10020F8BD00001700008040420F0066
:1014D0000C000020F8B51C491C4F044688420ADA6B
:1014E0000025A8003958204606F064FB11D36D1C76
:1014F000DC2DF6DB25E01449164E494260181449EC
:1015000088420DD2DC25A8003958204606F052FB4F
:1015100002D22C46DC3C14E06D1CB542F3DB10E03B
:101520000C4DC935B0003958204606F043FB05D2B2
:101530000A204643AF208001341A02E0761CAE42F6
:10154000F0DB2046F8BD000000007A44287E000849
:10155000A2153300C404000070B57F261A4CF605AE
:10156000266102F01FFFFFF713FE214614310860C9
:10157000FFF7D2FC154A164BFFF77AFB0B22D2433A
:10158000FFF79AFC134A144BFFF74EF9134A144B1A
:10159000FFF74AF9134A144BFFF716F9FEF75AFF03
:1015A000054660602946304606F0BEFB06460F49F8
:1015B000284606F029FB3146FFF7D8FC216906F0E2
:1015C00023FBA06170BD00002000002066666666F7
:1015D00066660A40CDCCCCCCCC4C2E40C1CAA145CD
:1015E000B6F30340CE4EAB8D565AB53F00401C4675
:1015F000FFB585B008461F460E9C079906F094FB80
:10160000E06001460090386806F0FEFA2060059818
:101610000121C9070F9E109D4000000E4E404D4015
:10162000002804D07F20C0050599FFF79FFC029099
:10163000216A079806F078FB029906F0E5FA014660
:101640000122B868D207504006F0DEFAA0613046A9
:10165000009906F031FB01D2304607E0E0680F99AF
:1016600006F02AFB01D20F9800E0E068796806F0E6
:10167000CBFA059906F0C8FA616806F055FA0146FA
:101680006060284606F018FB01D2294607E0606832
:10169000109906F011FB01D2109900E061686160B9
:1016A000206806F041FAA16906F03EFA60620798E8
:1016B000206209B0F0BD0000F1B51F4C0121C90541
:1016C00009276068CE13FF06884204DAA2688A42BE
:1016D00001DA002219E04000000E09D00122314653
:1016E000384603F048FD6168009806F011FB606021
:1016F000A5686800000E0CD02168009806F014FA66
:101700000E492060884205DA01223146384603F04E
:1017100032FDF8BD09490A4A494241189142D8D3DD
:1017200008498842F5DB7F21C905284606F0FCFA06
:10173000A06000202060F8BD3C000020CDCC4C3ED5
:10174000CDCC4C009A99993E70B506461148007868
:1017500000281ED0012149030F4803F007FD002592
:101760000E4C002814D13046616806F0DDF90C49B2
:10177000606088420DDB0B480B4985704570022084
:1017800008740A49012008700A4A0949116020704A
:10179000656070BD4D000020000800485C0000201E
:1017A000CDCCCC3DD00000201C0900206C000020D6
:1017B0000000F04144000020F8B5144FB978012929
:1017C00023D1134C134E6568002D0ED0316806F0FE
:1017D000ABF930607F21C905884216DB0020002D5F
:1017E00005D06D1E656002D00EE03068F2E7B8707B
:1017F000094A787002211174084A01211170216888
:101800006160084A064911603060F8BDD0000020D0
:1018100040090020C80000201C0900206C000020A6
:101820000000A04044000020F8B50D4D00262F68B0
:101830000C4C7900090E002910D0E16906F074F90A
:101840003F210906E061884207DBE078C043E07091
:10185000384606F069FA2860E661F8BDE670F8BD22
:10186000580000207000002070B5074C0546A07F8E
:10187000002807D0FFF794FC294606F055FAFFF739
:101880004BFCA07770BD0000E807002070B50E4C3F
:101890000026A17A00290DD00C4DA96906F044F963
:1018A0003F210906A861884203DB207AC0432072E9
:1018B000AE6170BD06484078022801D0267270BD26
:1018C0000120207270BD000034090020700000204B
:1018D000D000002070B51A491A4A09681A4D002430
:1018E000914201DB2C6070BD296806F01DF90121D1
:1018F00089072860884201DD296001E08842F2DB27
:10190000124802220021825E415E8A4205DC3232A8
:1019100044728A42E7DC847270BD417A0029FBD1AF
:101920000121417281720B4A094810600A480B4A32
:1019300084704470022010740948017070BD00006A
:10194000380000200000FA44CC00002034090020B8
:101950000000A04044000020D00000201C0900200E
:101960006C00002070B5184B187800282BD0174D4C
:101970006878002827D11648002486880188154AEF
:101980008E420BD081805180017C002900D00474EC
:10199000A878012802D111490F4808601049042590
:1019A00000204D5F085E854201D0888090800D4800
:1019B000856801688D4202D08160416091600A496A
:1019C000012008701C7070BD6C000020D000002049
:1019D0001C09002010080020CDCCCC3D4000002088
:1019E00034090020400900206400002070B50E4931
:1019F000002509780D4C002913D0E1684A00120E29
:101A000007D12279521CD2B22271062A01D90122B1
:101A1000227106F089F80649E060884200DBE56043
:101A200070BD2571FBE700005C0000207000002005
:101A3000CDCC4C3EF8B5244C0025216A00914900DC
:101A4000090E002903D02149897F002903D0257080
:101A50006570A57036E0A16801274A00120E1C4E81
:101A6000002A1DD1184B72785B78DB43DBB2002A69
:101A700006D0012A04D0022A05D0032A0BD00FE099
:101A80002570637005E0134A17722278D2432270E2
:101A90006570A57004E025706570A278D243A270CD
:101AA00006F042F83F210906A06088420BDB00984F
:101AB00006F03AF90121C9052062884202DA064897
:101AC00075700770A560F8BD70000020E807002061
:101AD000D0000020340900206C00002010B5064C16
:101AE000E16806F021F87F21C905E060884202DB49
:101AF00000206080E06010BD1C09002010B5024885
:101B000002F0C6FF10BD00001401002010B502480D
:101B100002F0BEFF10BD0000C002002010B5044658
:101B20000068054940181421FEF7E4FB800020649A
:101B30000248E06310BD0000F8FFFDBF0000024056
:101B400030B5056C0124AC40C56B6C600468636003
:101B50004368102B036803D099600068C26030BDF1
:101B60009A600068C16030BD70B51C4883781C481D
:101B700001894A1E95B24288012B05D0002902D066
:101B8000914200D9058170BD154B067C03249B88CA
:101B9000002E07D0012E09D0022E13D0032EF2D131
:101BA000038170BD8B420BD3012505748A4202D993
:101BB000914201D2491C018189B299420CD270BD77
:101BC000022606748A4203D2914202D9058100E0BE
:101BD000018101899942F2D8047470BDD0000020BF
:101BE0001C090020FFB58FB00546182106A8FEF796
:101BF0007FFBFB48BF270178FA4800290078049052
:101C00003BD00020024606A90A54401CC0B2162848
:101C1000FAD3F5480079022801D102F024FA042809
:101C2000FBD004980028F8D008AB5878FB21084076
:101C300004210843FD22104002210843587098787F
:101C400001234008400018436B461C7E40233C4063
:101C50001C436B4610401C76084308A9887000247A
:101C600006AD6006295D000E012205F00DFE641C24
:101C7000E4B2162CF5D313B0F0BDDC48072685423C
:101C80007CD9411C2846FEF735FB0A21FEF732FBC2
:101C90000B0005F0FFFE0A060C1F2C324667747F0E
:101CA00085546846007EC108C90031436BE0684630
:101CB000007EC108C90068460176407EC108C9009F
:101CC0000420014368464176807E41084900012096
:101CD000014332E06846007EC108C9000620014386
:101CE00068460176407EC108C9000320E9E76846DE
:101CF000007EC108C900042057E06846007E01222A
:101D0000C108C900114368460176407EC108C90078
:101D10000620014368464176807E41084900114310
:101D20000BE06846007EC108C900052001431EE0A3
:101D300068464176807E4108490068468176F924EC
:101D4000632D70D964212846FEF7D4FA0A21FEF7E4
:101D5000D1FA0B0005F09EFE0A3B4751636873847D
:101D600096A0A5B96846007EC108C90031436846FF
:101D70000176407EC108C9003143D9E71DE06846BD
:101D8000007EC108C90068460176407EC108C900CE
:101D9000052096E76846007EC108C900314305E08A
:101DA0006846007EC108C9000520014368460176E7
:101DB000407EC108C900314384E76846007EC108FF
:101DC000C90068460176407EC108C900B0E7684690
:101DD000817E06202140014368468176C07EC1088D
:101DE000C900052056E06846817E21408176C07E8C
:101DF000C108C90060E0014365E06846817E0420B7
:101E00002140014368468176C07EC108C900314344
:101E10006846C176007F810889000120EBE76846AB
:101E2000817E214043E062E06846817E02222140BB
:101E300011438176C07EC108C90011433CE0684669
:101E4000817E0222214011438176C07EC108C900F3
:101E500031436846C176007F81088900114332E032
:101E60006846817E06202140014368468176C07E17
:101E7000C108C90031436846C176007F81088900E6
:101E80000220B8E76846817E21408176C07EC10885
:101E9000C900012001430FE06846817E21400620F1
:101EA00003E06846817E2140022001436846817636
:101EB000C07EC108C90031436846C176007F8108F1
:101EC0008900032097E768460177092D73D90A2115
:101ED0002846FEF70FFA0A21FEF70CFA0B0005F070
:101EE000D9FD0A1328324753656B879198AA684633
:101EF000817E21408176C07EC108C9006846C176D6
:101F0000007F81088900DEE76946087FFB210840E1
:101F10000421084369460877487F0521C008C000AE
:101F2000084369464877887FC008C00030438877F7
:101F300081E06846017FFB20014068460177407FD1
:101F4000C108C9002BE06846017FFB200140042046
:101F5000014368460177407FC108C900062001435C
:101F600068464177807FC108C9000320014360E0D3
:101F70006846017FFB20014068460177407FC10829
:101F8000C900062001434EE06846017FFB20014066
:101F900068460177407FC108C900032001436846B5
:101FA0004177807FC108C9000620DFE76846017FCE
:101FB000FB20014006E04DE06846017FFB20014028
:101FC0000420014368460177407FC108C9003143BE
:101FD00068464177807FC108C9000520C6E7000038
:101FE0005C0000204D00002070000020E70300008E
:101FF0006846017FFB20014068460177407FC108A9
:10200000C90010E06846017FFB2001400420014325
:1020100003E06846017FFB20014068460177407F6E
:10202000C108C900314368464177807FC108C900B3
:10203000314368468177002D7ED00A212846FEF77D
:1020400059F90B0005F026FD0ACD1529373D5259E7
:10205000ADB9BF6C6846017FFB200140684601773F
:10206000407FC108C90068464177807FC108C90028
:10207000DFE76846C07FC108C9006846C17708A885
:102080000078C108C9000420014308A80170407805
:10209000410849000120014340E06846C07FC10873
:1020A000C900062001436846C17708A80078C10826
:1020B000C9000320E8E76846C07FC108C9000420C2
:1020C00086E06846C07F0122C108C9001143684606
:1020D000C17708A80078C108C9000620014308A8F4
:1020E0000170407841084900114317E06846C07FFD
:1020F000C108C9000520014304E06846C07FC1084B
:10210000C90031436846C17708A80078C108C900F2
:10211000314308A8017040784108490008A841707F
:10212000F848C72440783825002860D06846017EEA
:1021300021400176417E00E053E021404176827EDD
:10214000F7210A40CF20024068468276C27E2240B4
:10215000C276027FC720024068460277427F224053
:102160004277827F22408277C27F2240C27708A8CE
:1021700002782240027042780A404270E249119887
:1021800088427DD9491CFEF7B5F80A21FEF7B2F85E
:102190000B0005F07FFC0AF3F2F1F0EFEEEDECEB53
:1021A000EAE96846C07FC108C9006846C17708A847
:1021B0000078C108C900052066E76846C07FC108ED
:1021C000C900314305E06846C07FC108C900052049
:1021D00001436846C17708A80078C108C9003143A7
:1021E00053E76846C07FC108C9003143DDE7C649EF
:1021F0001098884270D9491CFEF77CF80A21FEF736
:1022000079F80B0005F046FC0A060B1B262B405FF5
:102210006971764D6846017E2140294360E0684639
:10222000017E21400176417E214020200143684605
:102230004176817EF7200140082001432FE0684667
:10224000017E30202140014368460176417E2140D5
:102250001820EBE76846017E214020204EE06846CA
:10226000027E082122400A430276427E302022402C
:10227000024368464276827EF72002400A4300E02D
:10228000CFE2684682760CE06846017E2820214035
:10229000014368461BE04176817EF7200140684695
:1022A0008176109863286AD96421FEF723F80A2101
:1022B000FEF720F80B0005F0EDFB0A2F3B466368A4
:1022C000748596A2A8BB6846017E21402943017609
:1022D000417E21402943DEE717E06846017E214028
:1022E0000176417E21402820A0E76846017E2140FA
:1022F000294305E06846017E2140282001436846C5
:102300000176417E2140294392E76846017E2140C3
:102310000176417E2140BEE76846817ECF200140A4
:102320003020014368468176C17E2140282063E049
:102330006846817ECF20014068468176C17E21407B
:102340006EE0014372E06846817ECF20014020208C
:10235000014368468176C17E21402943C176017FD1
:10236000E72001400820ECE72FE240E212E2FEE124
:10237000F2E1DEE1D7E1BFE1A6E192E17CE169E0D3
:102380006846817ECF20014045E06846817ECF20AF
:1023900001401022114368468176C17E21401143DD
:1023A0003EE06846817ECF200140102211436846FE
:1023B0008176C17E21402943C176017FE72001401B
:1023C000114333E06846817ECF2001403020014335
:1023D00068468176C17E21402943C176017FE7208E
:1023E00001401020ADE76846817ECF20014068465D
:1023F0008176C17E214008200143684610E068468E
:10240000817ECF200140302004E06846817ECF20CD
:1024100001401020014368468176C17E2140294356
:10242000C176017FE720014018208AE768460177DE
:102430001098092865D90A21FDF75CFF0A21FDF7EC
:1024400059FF0B0005F026FB0A131F283C48586271
:10245000727B82906846817ECF20014068468176FB
:10246000C17E2140C176017FE7200140DEE768465A
:10247000017FDF2001402020014368460177417F32
:102480002140282025E06846017FDF200140684682
:102490000177417F21402AE06846017FDF2001402B
:1024A0002020014368460177417F302021400143CD
:1024B00068464177817F214018200143684652E0F9
:1024C0006846017FDF20014068460177417F214057
:1024D00030200143684642E06846017FDF2001402A
:1024E00068460177417F18202140014368464177C3
:1024F000817F21403020E0E76846017FDF200140F6
:102500000AE041E070000020E70300006846017F18
:10251000DF2001402020014368460177417F2140B0
:1025200029434177817F21402820C6E76846017F03
:10253000DF20014068460177417F21400FE0684677
:10254000017FDF2001402020014303E06846017F36
:10255000DF20014068460177417F214029434177D0
:10256000817F214029438177109800287FD00A215C
:10257000FDF7C0FE0B0005F08DFA0A7A13212D320B
:10258000444B59626706F9E56846017FDF20014048
:1025900068460177417F21404177817F2140E2E712
:1025A0006846C17F2140C17708A8017821402020DA
:1025B000014308A853E008A84170DFE56846C17FE1
:1025C0003020214001436846C17708A801782140A6
:1025D0001820EDE76846C17F2140202038E068469A
:1025E000C17F082221401143C17708A8017830201B
:1025F0002140014308A801704178F72001401143B0
:10260000D9E76846C17F282021400143684603E09E
:102610006846C17F21402943C17708A8017821403D
:10262000294301704178F7200140C4E76846C17F23
:102630002140C17708A8017821402820B8E76846E2
:10264000C17F2140294305E06846C17F2140282001
:1026500001436846C17708A80178214029430170E9
:102660004178F720014008200143A4E7FFE76846CE
:10267000C17F21402943DCE76846407EC0228106B5
:10268000890E114368464176837E40213B400B43CF
:10269000837608A8C07A83069B0E134308A8C372EA
:1026A0008DE06846407E8106890E68464176817ECF
:1026B0004020394001436846817664E008A8C17231
:1026C000007B8106890E2BE06846407E4021820611
:1026D000920E0A4368464276827E3A400A438276E8
:1026E00008A8C07A8206920E0A4308A8C272007B2C
:1026F0008106890EC02012E06846407E4022810695
:10270000890E114368464176817E394011438176B6
:1027100008A8C07A8106890EC02001437AE00143EF
:1027200008A8017351E06846407E8206920E80211F
:1027300035E06846407EC0218206920E0A43684614
:102740004276827E3A40827608A8C07A8206920E4D
:102750000A4308A8C2725FE06846407EC021820634
:10276000920E0A4368464276827E3A401FE06846EF
:10277000407E40218206920E0A4368464276827E5F
:102780003A400A43827608A8C07A8106890E8020E2
:10279000014393E76846407E8206920EC0210A43B9
:1027A00068464276827E40203A40024368468276FE
:1027B00008A8C07A8206920E0A4308A8C272007B5B
:1027C0008206920E0A4308A802731198632874D9EE
:1027D0006421FDF78FFD0A21FDF78CFD0B0005F04C
:1027E00059F90A2E41546D868C97A2B5E2D06846FD
:1027F000407EC0228106890E114368464176817E63
:102800004020394001436846817608A8C07A810695
:10281000890E114308A8C172007B8106890E8020B1
:102820007DE76846407E8106890E68464176817E56
:102830003940817608A8C07A8106890E3EE768464D
:10284000C07EC0238106890E19436846C176027F87
:1028500040213A400A43027708A8407A8206920E45
:102860001A4386E06846C07E8106890E6846C176B6
:10287000017F402039400143684601775FE008A8A6
:102880004172807A8106890E2EE06846C07E402122
:102890008206920E0A436846C276027F3A400A4395
:1028A000027708A8407A8206920E0A4308A842726C
:1028B000807A8106890EC02015E08EE06846C07ED1
:1028C00040218206920E0A436846C276027F3A4051
:1028D0000A43027708A8407A8106890EC020014386
:1028E00008A8417274E0014308A8817249E0684673
:1028F000C07E8206920E80212DE06846C07EC021F7
:102900008206920E0A436846C276027F3A4057E03A
:102910006846C07EC0218206920E0A436846C2768F
:10292000027F3A401FE06846C07E40218206920E38
:102930000A436846C276027F3A400A43027708A8F3
:10294000407A8106890E8020014398E76846C07E60
:102950008206920EC0210A436846C276027F40205A
:102960003A4002436846027708A8407A8206920EEF
:102970000A4308A84272807A8206920E0A4308A887
:1029800082721198092874D90A21FDF7B3FC0A2133
:10299000FDF7B0FC0B0005F07DF80A2E47546D8260
:1029A000889BA6C0EADB6846C07EC0218206920EE4
:1029B0000A436846C276027F40203A400243684696
:1029C000027708A8407A8206920E0A4308A842724B
:1029D000807A8106890E802085E76846C07E810660
:1029E000890E6846C176017F3940017708A8407A90
:1029F0008106890E43E76846407FC0218206920E19
:102A00000A4368464277837F40223B4013438377E3
:102A100008A8C07983069B0E0B4308A8C371007AEF
:102A20008106890E114375E06846407F8106890E54
:102A300068464177817F402039400143684681776D
:102A40005DE06846407F40218206920E0A43684658
:102A50004277827F3A400A43827708A8C07982068B
:102A6000920E0A4308A8C271007A8106890EC0201E
:102A700013E096E06846407F40218206920E0A43AA
:102A800068464277827F3A400A43827708A8C07935
:102A90008106890EC02001437CE001433AE068468C
:102AA000407F8206920E80213CE06846407FC02134
:102AB0008206920E0A4368464277827F3A408277C6
:102AC00008A8C0798206920E0A4308A8C27163E082
:102AD0006846407FC0218206920E0A4368464277CC
:102AE000827F3A4026E06846407F40218206920E6F
:102AF0000A4368464277827F3A400A43827708A8B1
:102B0000C0798106890E8020014308A8C171007A2E
:102B10008106890E08A801721AE06846407F820685
:102B2000920EC0210A4368464277827F40203A4095
:102B300002436846827708A8C0798206920E0A434B
:102B400008A8C271007A8206920E0A4308A802728F
:102B50001198002879D00A21FDF7CCFB0B0004F076
:102B600099FF0A354E5C758C929EAAC4FDDF6846BB
:102B7000407FC0228106890E114368464177817FDC
:102B80004020394001436846817708A8C079810612
:102B9000890E114308A8C171007A8106890E802030
:102BA0007BE76846407FC0228106890E1143684654
:102BB0004177837F40213B400B43837708A8C0794E
:102BC00083069B0E134308A8C371BBE76846C07F0A
:102BD000C0218206920E0A436846C27708A803788D
:102BE00040223B4013430370007983069B0E0B4346
:102BF00008A8037140798106890E114372E0684686
:102C0000C07F8106890E6846C17708A801784020F8
:102C10003940014308A801705AE06846C07F40214E
:102C20008206920E0A436846C27708A802783A40A4
:102C30000A43027000798206920E0A4308A80271C4
:102C400040798106890EC02015E0BAE06846C07F51
:102C500040228106890E11436846C17708A8017891
:102C600039401143017000798106890EC02001436B
:102C700008A80171A0E0014334E06846C07F8206E5
:102C8000920E802136E06846C07FC0218206920EF7
:102C90000A436846C27708A802783A4085E0684649
:102CA000C07FC0218206920E0A436846C27708A8F8
:102CB00002783A4027E06846C07F40218206920EA3
:102CC0000A436846C27708A802783A400A4302706D
:102CD00000798106890E8020014308A8017140799E
:102CE0008106890E08A841711AE06846C07F8206F5
:102CF000920EC0210A436846C27708A80278402095
:102D00003A40024308A8027000798206920E0A43F4
:102D100008A8027140798206920E0A4308A84271FF
:102D2000FA48FB490068029088427DDAF948007849
:102D300000285BD008A8C17A2140C172017B2140E4
:102D40000173417BF720014008A84173007ADF211D
:102D5000084008A94A7A22404A7200E017E08A7ABD
:102D600022408A7289799F22114008AAD379234090
:102D7000D371E722104008AA107210792040107118
:102D8000507920405071EF200140104657E26846CC
:102D9000C07FC0218206920E0A436846C27708A807
:102DA000027840203A40024308A802700079820667
:102DB000920E0A4308A8027140798106890E80208C
:102DC00059E76846C07FC0228106890E11436846D4
:102DD000C17708A8037840213B400B43037000797A
:102DE00083069B0E134308A8037193E712980028EB
:102DF00073DB7D21C900FDF787FA0A21FDF784FA0C
:102E0000C8B2030004F046FE0A062E354049565D5E
:102E1000646A7A87C049129888427CDD08A8C17A22
:102E200021402943C17200E0EBE3017B21402820CF
:102E3000014308A85AE0C172017B214066E008A85E
:102E4000417364211298FDF75FFA0A21FDF75CFADD
:102E5000C8B2030004F01EFE0A638E9AACBCCED347
:102E6000D8E9FA7C08A8C17A18202140014308A8B3
:102E7000E1E708A8C17A30202140014308A8C172C7
:102E8000017B21401820D3E708A8C17A21402943BB
:102E9000C172017B2140182009E008A8C17A1820DE
:102EA0002140014308A8C172017B21403020014329
:102EB00008A82BE008A8C17A28202140014308A8CF
:102EC00020E008A8C17A28202140014308A809E091
:102ED00008A8C17A21402943ADE7B2E108A8C17A28
:102EE00021402943C172017B214029430173417B69
:102EF000F720014008200143A1E70CE008A8C17AAF
:102F000021402943C172017B214029430173417B48
:102F1000F720014093E708A8C17A21408BE7129877
:102F2000632808A8017A0BDDDF200140202001433F
:102F300008A80172417A28202140014308A87FE0B7
:102F4000DF20014008A80172417A214069E08172C6
:102F50000A211298FDF7D8F901910A21FDF7D4F959
:102F6000C8B2030004F096FD0AF48497AAB8C4DA44
:102F7000E0F5F2F408A8017ADF20014020200143A7
:102F800008A80172417A2140082048E008A8017A87
:102F9000DF2001402020014308A80172417A30203F
:102FA0002140014308A84172817A214018205CE049
:102FB00008A8017ADF2001402020014308A80172FF
:102FC000417A214029434172817A214008204CE016
:102FD00008A8017ADF2001402022114308A80172CD
:102FE000417A18202140014308A84172817A21408A
:102FF0001143ACE708A8017ADF2001402CE008A8C3
:10300000017ADF20014016E008A8017ADF200140A4
:103010002020014308A80172417A21402820014361
:1030200008A84172817A214091E708A8017ADF203F
:1030300001402020014308A80172417A2140294320
:103040004172817A2140294381E7FFE708A8017A8C
:10305000DF2001402020014308A80172417A21406D
:1030600029434172817A21402820014308A86EE754
:1030700008A881799F20014020205AE008A8017209
:103080000199C8B2030004F005FD0A88FD90FC9B7D
:10309000ABFBFAF9C1CF08A881799F2001406020DD
:1030A000014308A88171C17921401020014308A87B
:1030B000C171017AE7200140182024E008A8817935
:1030C0009F2001406020014308A88171C179182028
:1030D0002140014308A811E008A881799F20014000
:1030E0002020014308A88171C1792140294328E0AB
:1030F00008A881799F20014040203BE0C171017AFE
:10310000E720014008200143B8E700003800002014
:103110000000FA4470000020E703000008A881794D
:103120009F200140402019E008A881799F2001409C
:103130006020014308A88171C17908202140014322
:1031400008A8C171017AE720014097E70DE000E08F
:1031500017E008A881799F2001406020014308A85A
:103160008171C17921402943A2E708A881799F2074
:1031700001406020014308A88171C17921402943A1
:10318000BCE708A881799F2001406020014308A87E
:103190008171C1792140282088E708A90879204059
:1031A00028430871487920403CE108A80179302083
:1031B0002140014308A801714179214018203BE0DA
:1031C00008A9087918212040084308A908714879FE
:1031D00030212040084308A98DE108A9887153E3F4
:1031E00008A8017928202140014308A812E00171B4
:1031F0004179214047E10171417921405AE1417112
:103200008179EF200140102001430BE008A80179EB
:1032100021402943017141792140294333E18179DA
:10322000EF20014008A80AE008A8017921402943BD
:103230000171417921402820014308A8DFE781710D
:1032400022E31299633049420191632873D208A89E
:10325000C27AC7210A40C272027B0A400273427BD3
:10326000F720024008A84273047ADF20044008A82F
:103270000472427A10200A40024304E0D0E2CAE21B
:10328000C2E2B8E29DE208A84272827A0A408272E3
:103290000A210198FDF738F80A21FDF735F8C8B280
:1032A000030004F0F7FB0A06143549576478849646
:1032B000A32708A881799F2001406020014308A826
:1032C0008171C179C72001402820014369E008A924
:1032D00088799F2108402021084308A98871C8796E
:1032E000C72108400821084308A9C871E720044005
:1032F0004FE004720A210198FDF706F8C8B20300F6
:1033000004F0C8FB0A88929DA8B4C3CEDAE4F0EEBC
:1033100008A988799F2108406021084308A988717D
:10332000C879C72108401021084308A9C871E720BF
:10333000044018202CE0E3E008A988799F21084088
:103340006021084308A98871C879C721084018215D
:10335000084318E008A881799F20014020200143FC
:1033600008A88171C179C720014029432CE008A930
:1033700088799F2108404021084308A98871C879AD
:10338000C7210840284308A9C871E7200440082045
:1033900004430846ADE708A881799F2001404020FA
:1033A0001CE008A8C171E720044018202FE008A8FD
:1033B00081799F2001406020014308A88171C17973
:1033C000C72001400820014308A8C171E72004403C
:1033D0001EE008A881799F2001406020014308A8D1
:1033E0008171C179C72001402943DAE708A88179B2
:1033F0009F2001406020014308A88171C179C72046
:103400000140294308A8C171E72004400820044373
:1034100008A86EE708A90879C72210402843087158
:10342000487910402821DDE108A90879C722104019
:103430001821084308A90871487910405BE008A9E1
:103440000879C72210403021084308A9087148793B
:103450001040C6E108A80279C7210A402A43027138
:10346000427918200A40024308A82DE008A80179F3
:10347000C72211401820014308A801714179114069
:103480003020014308A84171C9E608A80179C72284
:1034900011402820014308A8017141791140BCE680
:1034A00008A80179C72211402820014308A801710A
:1034B000417911402943A2E608A80279C7210A40B0
:1034C0002A43027142790A404271A8E608A90879A4
:1034D000C72210402843087148791040284383E1EF
:1034E0008EE0FFE708A90879C72210402843087139
:1034F00048791040284348718879EF2108406CE6EC
:10350000FE4912984018FD496439884278D808A8C5
:10351000C17A2140C172017B10202140014308A8DB
:103520000173417BF720014008A841736421019891
:10353000FCF7EAFE0A21FCF7E7FEC8B2030004F03C
:10354000A9FA0A06142234446A6F748595A708A85C
:10355000017ADF2001402020014308A80172417A4E
:1035600028202140014308A87BE008A8017ADF2039
:1035700001402020014308A80172417A214008201F
:103580005EE0817233E008A8017ADF20014020204C
:10359000014308A80172417A30202140014308A864
:1035A0004172817A214018206FE008A8017ADF205B
:1035B00001402020014308A80172417A214029439B
:1035C0004172817A214008205FE008A8027ADF205A
:1035D000024020210A4308A80272427A18202240A1
:1035E000024308A84272827A22400A4382720A2168
:1035F0000198FCF789FE0A21FCF786FEC8B201E0BB
:1036000042E112E1030004F045FA0A4C5872859336
:103610009FACB2C4D06008A8017ADF2001402BE043
:1036200008A8017ADF20014016E008A8017ADF200F
:1036300001402020014308A80172417A214028203E
:10364000014308A84172817A21409AE708A8017ACB
:10365000DF2001402020014308A80172417A214067
:1036600029434172817A214029438AE708A8017AD7
:10367000DF2001402020014308A80172417A214047
:1036800029434172817A21402820014308A878E724
:1036900008A8017ADF20014008A80172417A214080
:1036A000D0E708A881799F2001406020014308A845
:1036B0008171C1792140282024E008A881799F20C8
:1036C0000140202058E008A801720A210198FCF767
:1036D0001BFEC8B2030004F0DDF90A09747B8E08F2
:1036E00007979EA306D791E57AE569E59CE508A8CA
:1036F00081799F2001406020014308A88171C17930
:1037000021401020014308A8C171017AE72001403F
:10371000182024E008A881799F20014060200143FF
:1037200008A88171C17918202140014308A811E03F
:1037300008A881799F2001402020014308A88171B9
:10374000C179214029431FE008A881799F200140C9
:1037500040202FE0C171017AE72001400820014399
:10376000B1E708A881799F200140402016E008A811
:1037700081799F2001406020014308A88171C179AF
:1037800008202140014308A8C171017AE7200140C7
:1037900099E708A881799F2001406020014308A88B
:1037A0008171C17921402943AEE708A881799F2022
:1037B00001406020014308A88171C179214029435B
:1037C000C8E708A8017918202140014308A80EE5A0
:1037D00008A9087930212040084308A908714879D0
:1037E00020401821084308A948718879EF21084032
:1037F00010210843F1E408A801792140294301710F
:103800004179214018203CE608A801792820214070
:10381000014308A8EFE408A8017921402943E6E420
:1038200008A8017921402943E5E408A8C17A1022BB
:103830002140C172017B08AD214011430173417BDE
:10384000F720014008A84173007ADF21084008A949
:103850004B7A234013434B728B7A23408B728979C6
:103860009F231940EB7923401343EB71E723184062
:1038700028722879204028716879204010436871A7
:10388000EF2001402846DAE41D4881781D480029D0
:10389000C068039038D008A8C07AFB22C108C900CC
:1038A00008A8C172007BC108C90008A80173407B49
:1038B0004108490008A84173017A407A1140C308C1
:1038C000DB0008A84372807AC308DB0008A8837273
:1038D0008079C308DB0008A88371C079C308DB00C6
:1038E00008A8C3714808400008A90872C8781040A9
:1038F000C8700879C008C00056E20000E703000065
:103900007000002040090020FA48006800287AD0A2
:10391000E12403982401A0421ED221461898FCF706
:10392000E9FC08460C464B21C900FCF7E3FCC5B294
:1039300020463C21FCF7DEFC0A21FCF7DBFC0C46B0
:103940003C211898FCF7D6FC084600910A21FCF7A8
:10395000D1FC0D90009818E0E7491898FCF7CAFCD4
:10396000C5B221461898FCF7C5FC00910A21FCF766
:10397000C1FC0C464B21C9000098FCF7BBFCC0B24F
:103980000D903C210098FCF7B5FC0A21FCF7B2FC35
:10399000009108A9087AFD2108400221084308A9DE
:1039A00008722B0004F076F80A061122303B484ECC
:1039B000545E7019C97ACA08D200324308A9CA7283
:1039C000097BCA08D20005211BE0C97ACA08D200C7
:1039D00003210A4340E008A94A73230004F05AF87F
:1039E0000A64718799A9BBBEC1D2E27DC97ACA08AF
:1039F000D20006210A4308A9CA72097BCA08D2006C
:103A000003210A4338E0FDE1C97ACA08D2003243F3
:103A100008A9CA72097BCA08D20003210AE0C97A40
:103A2000CA08D20003210A4308A9CA72097BCA083E
:103A3000D20006210A4331E0C97ACA08D200052122
:103A40000A4325E0C97ACA08D20005210A430DE0DD
:103A5000C97ACA08D200324308A9CA72097BCA08C7
:103A6000D2001BE0C97ACA08D200324308A9CA7240
:103A7000097BCA08D200324308A90A73497B4A0865
:103A8000520001210A43A6E7C97ACA08D20032438C
:103A900008A9CA72097BCA08D200324308A90A736E
:103AA000497B4A08520096E7FB210840042108435D
:103AB00008A90872487A0521C008C000084308A96F
:103AC0006AE0FB2108400421084308A90872487AEB
:103AD000C008C00001214EE088720D98030003F079
:103AE000D9FF0A737E909DA8B5BBC1CBDD86FB21B3
:103AF00008400421084308A90872487A0621C00832
:103B0000C000084308A94872887AC008C000032191
:103B100057E0FB2108400421084308A90872487AAD
:103B2000C008C00030434872887AC008C000012134
:103B300047E0FB2108400422104308A90872487A94
:103B40000321C008C000084308A94872887AC00849
:103B5000C0001043C0E7FB21084027E0FB210840DC
:103B600014E0FB2108400421084308A90872487AA0
:103B7000C008C0000521084308A94872887AC00817
:103B8000C000A9E7FB2108400421084308A90872E6
:103B9000487AC008C00030434872887AC008C00024
:103BA000304399E7FB2108400421084308A9087223
:103BB000487AC008C00030434872887AC008C00004
:103BC0000521084308A987E78879C108C90031435E
:103BD00008A88171C079C108C90005201CE0887956
:103BE000C108C9000320014340E008A80172009801
:103BF000030003F04FFF0A6371839AADC1C6CBDFA8
:103C0000F3998879C108C9000620014308A8817189
:103C1000C079C108C9000320014337E08879C10891
:103C2000C900314308A88171C079C108C9000320C7
:103C30000AE08879C108C9000320014308A88171FE
:103C4000C079C108C9000620014331E08879C10864
:103C5000C9000520014325E08879C108C900052075
:103C600001430DE08879C108C900314308A881717A
:103C7000C079C108C9001BE08879C108C900314377
:103C800008A88171C079C108C900314308A8C17171
:103C9000007A4108490001200143A6E78879C1085C
:103CA000C900314308A88171C079C108C9003143F6
:103CB00008A8C171007A4108490096E708A8C178B0
:103CC000FB2001400420014308A8C1700079C1080D
:103CD000C9000520014379E008A9C878FB21084004
:103CE0000421084308A9C8700879C008C000012150
:103CF00058E0000040090020A08C000008A8C1780E
:103D0000FB2001400420014308A8C1700079C108CC
:103D1000C9000620014308A801714079C108C90003
:103D200003206DE008A84171ABE008A8C178FB2032
:103D300001400420014308A8C1700079C108C900EE
:103D4000314308A801714079C108C900012057E03A
:103D500008A8C178FB2001400422114308A8C170C3
:103D60000079C108C9000320014308A80171407906
:103D7000C108C9001143D5E708A8C178FB2001405C
:103D800032E008A8C178FB20014019E008A9C878F2
:103D9000FB2108400421084308A9C8700879C0081D
:103DA000C0000521084308A908714879C008C0006F
:103DB000487166E008A8C178FB2001400420014357
:103DC00008A8C1700079C108C900314308A8017171
:103DD0004079C108C9003143A4E7FFE708A8C178CA
:103DE000FB2001400420014308A8C1700079C108EC
:103DF000C900314308A801714079C108C9000520F4
:103E000001438FE708A8C07AC108C90008A8C17299
:103E1000007B0221C208D2000A4308A80273407B3B
:103E20004208520008A84273037A407AFB22C40871
:103E3000E4000C4308A84472807A1340C408E400EC
:103E400008A8847280795B08C408E40008A884711B
:103E5000C0795B00C408E4000C4308A8C471C478AE
:103E60001440C4700079C208D2000A4308A8027145
:103E70004079C108C90008A84171FD20034008A885
:103E800003720498002830D008AB5878FB21084012
:103E900004210843FD2108400222104358709878FD
:103EA00001234008400018436B461C7E40233C40E1
:103EB0001C436B4608401C76104308A9887048785C
:103EC000EF230A46184010242043DF210840202514
:103ED000284350706D48807A002817D0012827D0D9
:103EE000022835D0032853D141E008A84178FB20AF
:103EF0000140FD22114008A84170694680780B7E80
:103F000040083B4040000B761040D6E76A46107EE2
:103F10004606760E80200643167608AA527B402677
:103F20003A4032435606760E064308AA56732FE0EF
:103F30006846007E4206520E6846027608A8407B1C
:103F40004022384010434206520E802002431DE0BA
:103F50006E46307E80224006400E1043307608AE1A
:103F6000707B38404006400E1043707310E0684686
:103F7000007E4206520E802002436846027608A860
:103F8000407B4022384010434206520E08A842733C
:103F900008A8427B0A402A43427380794106490EB1
:103FA0008020014308A881710546C078184020434D
:103FB000E870374D2D7A002D02D01A40224300E0E0
:103FC0001A4008AB5A73334A029B934204DAF72330
:103FD00019400823194301E0F723194008AB9971F0
:103FE0000299914204DAF72108400821084301E0D0
:103FF000F7210840D870284819460078002803D0D7
:104000002648C07800280CD0487BFB210840587314
:1040100023481946007C0028587B08D0FD21084021
:1040200009E0487BFB21084004210843EFE7FD211C
:104030000840022108435873E1210398090188428E
:10404000D878194606D2FD210840022108434008CD
:10405000400005E0FD2108404008400001210843E0
:10406000D870FDF7FCFD08A94878FB210840FD2227
:10407000104008A94870887869460B7E40084000C7
:104080003B400B761040FDF7E8FD00001C090020C6
:10409000340900200000FA444C0000207000002089
:1040A0004009002010B50421014802F061F810BD5C
:1040B00058010020F8B5514E07463189F06801F0EB
:1040C00055F8344601252034002806D14C480078A4
:1040D00000286FD1607900280ED0207901287AD18C
:1040E00046480189C06801F041F801229207454B1A
:1040F0000021012807D02BE03846316A03F014FD77
:1041000030622571ECE73D483F4E006A80193F4E12
:10411000B04219D23E480078002804D03D480260E1
:104120003D48026010E03D488678002E20D0817026
:1041300041703B4E022030743A4805702F483A4E89
:1041400081773148C043306021712C486171016230
:104150002A4F364E386A8019354EB0423BD26079CC
:10416000002838D12D488678002E2CD0294831E0FF
:10417000304E314F3668BE4246780FDA761CF6B2C2
:104180004670012E03D0032E12D9457010E001268F
:104190001F68F605B7420BDB022612E0761CF6B26A
:1041A0004670012E07D0022E0AD0032E00D941708E
:1041B0001A60C3E70FE001261F68F605B742F7DB78
:1041C00003264670F4E7124E3678002E04D01148CC
:1041D000026011480260F8BD194E8570174A72607E
:1041E0000F4A117441700F480570B977064819607D
:1041F0000D49C04308606571F8BD0000E807002064
:104200005C00002090000020323333C23233F301CF
:104210004C0000204400002058000020D000002066
:104220001C0900206C00002040000020FFFF3FC060
:10423000FFFF7F00380000200000FA440000E0414A
:10424000F4080020074820210180402141800921F5
:10425000C906802241600281C160034901612821B1
:1042600001757047E80700207802002010B5064C61
:104270003C21A08B48431421FCF73CF8FCF790FF4D
:10428000A0610020A08310BDE807002010B5202009
:1042900000F08EFE10BD000010B5044801F0ACFB2C
:1042A0000021024801F020FD10BD0000E8010020BF
:1042B00072B6FEE706490020C8610648016904227B
:1042C00011430161016940221143016170470000FF
:1042D0000803002000200240064A0021D16106495F
:1042E0000A6902231A430A6148610869402210439F
:1042F00008617047080300200020024010B5054BFC
:104300000022DA61044A1369012423431361018006
:1043100010BD0000080300200020024010B50B4A29
:104320000020D168CB060A4904D5C8690223184386
:10433000C8611020D3685B0705D5CB6901242343EE
:10434000CB6104210843D06010BD00000020024072
:104350000803002070B5054600F014FF0646104C17
:104360000AE0681C08D0002D04D000F00BFF801B71
:10437000A84201D9032070BDE068C007F1D1E06810
:10438000800601D52020E060E068C00602D4E06825
:10439000400703D5FFF7C2FF012070BD002070BDAC
:1043A0000020024070B51149114B0C880C390A7875
:1043B00000205500521CD2B25C530A70642A01D10D
:1043C00000220A7000214A009A5A491C1018C9B2EA
:1043D0006429F8D30649C031C988002903D0642173
:1043E000FBF792FF70BD188870BD00002C00002004
:1043F0001E07002070B51149124B4C88104900204F
:104400000A785500521CD2B25C530A70642A01D15A
:1044100000220A7000214A009A5A491C1018C9B299
:104420006429F8D30749C031C988002903D0642121
:10443000FBF76AFF70BD188870BD00002C000020DB
:10444000A00000202008002078B500220E4B4C1E52
:1044500015E0551CA5420ADCD5182E886D462E8025
:104460002D7885546D466D788618757005E0D518E1
:104470002E886D462E802D788554921C92B28A42E9
:10448000E7D3012078BD000000FD0008F3B585B03A
:104490000D4600F055FC00200121174F01900391BB
:1044A00000900297694601A800F0B2FB002818D1DD
:1044B00000246E1E1AE0601CB042059805DC00194D
:1044C000407801020598005D02E0015DFF200002D6
:1044D000081882B20023E119012000F0F3FB002844
:1044E00002D0002007B0F0BDA41CA4B2AC42E2D3BD
:1044F00000F0DEFB0120F5E700FD0008F8B50546F9
:1045000004462035287D0026012808D00120287582
:10451000206881688907890F012908D101E00220FC
:10452000F8BD0168C9073CD1C168090439D4A16B41
:10453000FF220132914302221143A163C16889071E
:10454000890F0091C16889088900C160206881686D
:1045500092071143816000F015FE074612E000F05B
:1045600011FEC01B02280DD920688068002809DAD6
:10457000A06B0221884310210843A0630020287506
:104580000120F8BD206880680028E8DB2068C16849
:10459000009A1143C160A06B80088000401CA0639A
:1045A00004E0A06B20210843A063012600202875A9
:1045B0003046F8BDF8B50025044620340095227D2C
:1045C000012A39D00122227503689E68760767D4D4
:1045D000384F4E68BE424DD09E6A0F78BA4016439F
:1045E0009E620123C26A1B079A421FD0012A1DD076
:1045F000022A1BD0032A19D0042A17D0052A15D065
:10460000062A13D0072A11D002688B6856697607EC
:10461000760FB3420AD05369DB08DB0053610068B0
:1046200042690B7A5B075B0F1A4342610A68102AE2
:1046300004D0112A02D038E00220F8BD1E48836859
:10464000102A07D0012292051343836008681028BE
:1046500003D02AE00122D205F6E71948174900687D
:10466000FBF748FE0A21484300E0401E0090002866
:10467000FBD11AE0986A0E78B240904398620968BC
:10468000102901D0112910D10B488268102904D0BB
:10469000012189058A43826007E00121C905F9E704
:1046A000816B20221143816301250020207528465B
:1046B000F8BD0000011000000027014040420F003B
:1046C0000C000020704770477047F8B5044600683A
:1046D00005684668690701D5710703D429072ED5F7
:1046E00031072CD5A16BC90604D4A16B012252025B
:1046F0001143A163C1680C270905890F002919D14D
:10470000A17E002916D1290714D581684A07012105
:10471000002A08DB4268BA434260A06B0A02904359
:104720000843A06306E0A06B20221043A063E06B67
:104730000843E0632046FFF7C5FF206807602806AE
:104740000CD530060AD5A06B012109040843A063EB
:10475000204600F0D7F8216880200860E80614D5CC
:10476000F00612D5A06A1025012803D02068C06881
:10477000C00708D0E06B02210843E06320680560B1
:104780002046FFF7A1FF20680560F8BDF8B50026B8
:104790000446002805D0A06B25462035002802D00D
:1047A00007E00120F8BD0020E0632875204600F0F6
:1047B000ABF8A06B1022C006002870DB206881686F
:1047C00049076CD4A16B1301994302231943A163D8
:1047D00081688907890F012905D10168C9070FD1AF
:1047E000C16809040CD4C16818239943A36819430C
:1047F000C160206801696368890089081943016103
:104800002068C1683D4B1940C160207E617E8003F5
:10481000C9030843A17E4B031843A36A012B02D0AE
:1048200001231B0300E000231843E36818432369B6
:10483000022B09D0002318432B79E57E5B00184337
:104840000123012D02D00AE00423F4E7002927D038
:10485000A16B20252943A163E16B1943E163E16961
:104860000D46FF3DC23D02D0256A29430843216819
:10487000CD680543CD600125E16A2D07A94213D01B
:10488000012911D002290FD003290DD004290BD002
:10489000052909D0062907D0072905D010E028E00E
:1048A000012109040843DAE721684D69ED08ED00AC
:1048B0004D6121684D69A78D7F077F0F3D434D6195
:1048C0002168C9680E4D2940814207D10020E0636C
:1048D000A06B80088000401CA06308E0A06B022150
:1048E00088431043A063E06B1843E0630126304621
:1048F000F8BDA06B1043A063F8E700001902FEFFAB
:10490000E7FF3F837047000070B586B0054614216D
:104910006846FBF7EDFC20492868884239D11F49D9
:104920008A69401502438A618A69024005924A6990
:10493000000202434A6149690026014005910520B1
:10494000009003200190092069460296C00600F0FD
:104950003BFB1348134C41C480202660606040003C
:10496000A0608000E06020202061000260610D48AE
:10497000083C00F0DBF8002801D0FFF799FC2C631D
:10498000002211460C20656200F05CFC0C2000F057
:104990004DFC06B070BD0000002401400010024034
:1049A0000800024014010020F7B504460068002505
:1049B000806840073DD426462036307D01280AD045
:1049C00001273775607E012807D02046FCF73AFDA5
:1049D000050002D02EE00220FEBDA06B1649084063
:1049E000FF2101310843A0630020E0633075216B93
:1049F00012488862216B1248C862216B1148086313
:104A000021681C2008602068416810221143416021
:104A10002068C1683943C1602168206B4031029B26
:104A2000019A00F0ADF8206881680422114381608A
:104A300000E002252846FEBDFEF1FFFFB513000889
:104A40003B1400082114000870B5002401462031F1
:104A50004A78022A03D004218163012416E0026807
:104A600013680E25AB431360026813685B085B0094
:104A700013600122056C1346AB40C56B6B604A7036
:104A800000220A70416B002900D08847204670BD83
:104A9000F0B4C16B0D6801680C680422066C134603
:104AA000B3402B420DD063070BD50B689B0602D495
:104AB0000B6893430B60016C8A40C16B4A60C16A0A
:104AC00019E00227B74002462F4001232032002F71
:104AD00015D0A70713D50C68A40604D40C680A25C2
:104AE000AC430C605370036C02219940C36B596056
:104AF00000211170816A002916D0F0BC08470827F0
:104B0000B7402F4210D024070ED50C680E25AC43B9
:104B10000C60046C1946A140C46B616083635370E0
:104B200000211170016BE6E7F0BC704770B504001E
:104B300021D00221204620300546417022681168AC
:104B40000E48A3680140606826691843E368334350
:104B5000184363691843A3691843E369184308437A
:104B600010602046FCF7DAFF0021A1630120687085
:104B70002970084670BD012070BD00000FC0FFFF06
:104B8000F8B504468C46203001780025012909D06B
:104B90000126067041780027012905D007700225FB
:104BA0002846F8BD0220F8BD02214170A7632068A5
:104BB000016849084900016061462046FCF7C0FFD2
:104BC000E06A00282068016802D00E22114306E046
:104BD0000A221143016020680168042291430160A8
:104BE0002068016831430160DAE7000070B50446CF
:104BF00000F0C8FA0546601C02D00448007824186A
:104C000000F0C0FA401BA042FAD370BD00000020A3
:104C1000F8B5054623480F46017E012601290BD031
:104C2000012101762868204C012807D02046FFF793
:104C300091FB002813D030E00220F8BD2046FFF79A
:104C400089FB002829D1FFF735FB2046FFF782FBBF
:104C50000646164801690422914301611DE00020C7
:104C6000C04338606C6812E02046FFF735FB0E4801
:104C7000FFF770FB06460D48026902218A43026174
:104C8000002E01D03C6008E0012080022418A868B2
:104C9000810268680818A042E6D80248002101761F
:104CA0003046F8BD0803002050C300000020024039
:104CB0000348016980221143016100207047000010
:104CC00000200240F0B51FB407461A480024017EB8
:104CD00015461E46012907D0012101761648FFF727
:104CE00039FB002803D020E0022005B0F0BD012FE1
:104CF00002D0022F00D00427220128463146FBF7BC
:104D000047FA81B2019862001018FFF7F7FA0A48D3
:104D1000FFF720FB09490A69520852000A6100287E
:104D200003D1641CE4B2BC42E6D3024900220A76F5
:104D3000DBE700000803002050C300000020024011
:104D4000064900200A69120607D5054A4A60054A45
:104D50004A600969090600D5012070470020024019
:104D600023016745AB89EFCDF8B5854C0546208812
:104D7000A84273D18348007800286FD1206900F0E1
:104D80003BFE20460188C07FEFE0A942FCD17C4C6D
:104D9000206900F059FE0020E077A08B401CA08322
:104DA0000220A0776188606800F0E0F90126B6076C
:104DB000754F764D764C002807D071484188406881
:104DC00000F0D4F9012866D0D2E0724800780028BB
:104DD00065D171484078002811D001280FD00228F1
:104DE00017D003282CD0C3E00A3000E0143028800C
:104DF00081B24B200001814200D92880B3E0604C91
:104E0000207DFCF7CDF9A16902F056FF2888EDD28C
:104E1000EAE75B4C207DFCF7C3F9A16902F04CFF87
:104E20005E48018801D20A3100E0283101805B48E8
:104E30000022825EAF2109018A4200DD018092E0FA
:104E40004F4D287DFCF7ACF9A96902F035FF5448B5
:104E500025680BD2854202DA6D1D0AE08EE03C2106
:104E60002846FBF751FA002967D101E0854202DAB2
:104E70003C35256009E03C212846FBF745FA00292E
:104E80005BD14B20C0002818206046482168814231
:104E900069DD206067E03F480078002804D0424880
:104EA00006604248066063E03B48407800280FD027
:104EB00001280DD0022815D003282AD058E00A383E
:104EC00000E01438288080B232284CD2322094E797
:104ED0002B4C207DFCF764F9A16902F0EDFE2888D7
:104EE000EFD2ECE7264C207DFCF75AF9A16902F0DD
:104EF000E3FE2A48018801D20A3900E028390180FE
:104F0000264802210022415E825E32318A4295DBD0
:104F100029E01B4D287DFCF743F9A96902F0CCFE7E
:104F20001F4825680BD2854201DC6D1F0AE03C2139
:104F30002846FBF7E9F9002903D01948A9E785427B
:104F400003DC3C3D2846256009E03C212846FBF770
:104F5000DBF90029F1D14B20C000281A206000287D
:104F600001DC002095E73E6002E0022800D80CE753
:104F7000034C206900F068FD0020E077F8BD0000D8
:104F8000E80700205C000020900000201C090020A1
:104F9000400900204C000020D000002034090020EF
:104FA000100E000080510100440000205800002035
:104FB00010B504494A69024202D04861FFF7D4FEA5
:104FC00010BD000000040140F8B5002303240125B2
:104FD000BAE02E469E40B44632407CD00E79B607E9
:104FE000B60F012E01D0022E17D186682746B6468D
:104FF0005E00B74000967646BE43B646CF68009E38
:10500000B74076463743876046686746BE430F79A8
:10501000FF06FF0F9F40374347600E79F643B60700
:105020000ED0C6682746B4465E00B646B740664610
:10503000BE43B4468F687646B74066463743C7607E
:105040000E79B607B60F022E14D1DE08B600361858
:105050000096366A5F07B446FE0E0F27B646B74085
:105060006646BE43B4460F697646B7406646374348
:10507000009E376206682746B4465E00B646B740D3
:105080006646BE430F79B446BF07BF0F7646B740AA
:105090006646374307604E68B603B60F53D02D4FB0
:1050A000BE692E43BE61BE699F08F607F60F2A4E01
:1050B000BF00BE190096B6680F27B4469E07360F8C
:1050C000B646B7406646BE430927FF06B446B84217
:1050D00002D1002710E036E0204FB84201D101276D
:1050E0000AE01F4FB84201D1022705E01D4FB84228
:1050F00001D1032700E005277646B74066463743CF
:10510000009EB760184EB6684F689643FF0200D500
:105110001643154FBE60FE684F689643BF0200D528
:105120001643114FFE607E684F689643BF0300D55B
:1051300016430D4F7E603E684F689643FF0300D5CF
:105140001643094A16605B1C0A681646DE4000D00A
:105150003FE7F8BD00100240000001400004004895
:1051600000080048000C00480004014000690840A5
:1051700000D001207047002A01D081617047816210
:105180007047000001488068704700000000002060
:105190000248816802788918816070470000002009
:1051A00010B506480168102211430160002000F08C
:1051B00007F800F027F8002010BD00000020024092
:1051C00070B504460D4D7D202978C000FBF792F89C
:1051D00001460B480068FBF78DF800F0CFFA002875
:1051E00009D1042C07D200222146401E00F02AF8E3
:1051F00000206C6070BD012070BD00000000002028
:105200000C00002008B50848816901221143816122
:10521000816911400091C26901040A43C261C069F9
:105220000840009008BD000000100240002805DB87
:10523000C106C90E0120884001490860704700007E
:1052400000E100E010B502F033FC10BDF8B50F46E8
:10525000060059D03A4D2868C007C00FB84209D29D
:10526000286840084000384328602868C007C00FFD
:10527000B84249D13068334C81070CD5400704D57A
:10528000606807210902084360606068F021884374
:10529000B168084360603078C00726D07068012884
:1052A0000ED0216802280ED0890700292CDA616807
:1052B0008908890001436160FFF764FF00900DE0F9
:1052C00021688903F1E78901EFE7FFF75BFF0099A8
:1052D000411A1D48814201D90320F8BD60680C21A4
:1052E0000840716889008842EFD12868C007C00F64
:1052F000B8420BD928684008400038432860286825
:10530000C007C00FB84201D00120F8BD3078400777
:1053100006D56068072109028843F1680843606088
:1053200000F018F86168094A0906090F515CC84085
:10533000074908600020FFF743FF0020F8BD000088
:10534000002002400010024088130000187E000870
:105350000C00002010B5104A51680C200B46034089
:105360000E48042B17D0082B15D18B020C4C1B0FA9
:10537000E45CD26A0A4B1207120F10339A5CC9031D
:1053800005D500231946FAF714FF214601E020460F
:10539000044902F067FB10BD0010024000127A00C1
:1053A000F87D000800093D0030B587B0022001906B
:1053B0000320039000200D46FF2101310C4C029088
:1053C00000910490616901204004014361616169B9
:1053D0000140059109206946C006FFF7F5FD6068A8
:1053E0000F21090688432843606007B030BD0000E4
:1053F00000100240FEB5040070D02078DC4DC007DC
:105400004AD068680007800F012807D06868000745
:10541000800F022809D16868C00306D52868800378
:105420003AD560680028E7D036E06168012914D0D9
:1054300001208004002901D0052914D02A68012107
:1054400009048A432A60296881432960606800282A
:1054500016D0FFF797FE06460EE0286801210904E2
:1054600008432860F2E7296801432960F5E7FFF760
:1054700089FE801B64286ED828688003F7D50BE06E
:10548000FFF780FE064604E0FFF77CFE801B6428E1
:10549000F1D828688003F7D42078012680070028F7
:1054A0003CDA68680007800F07D068680007800F43
:1054B000022809D16868C00306D42868800716D579
:1054C000E06801280AD112E0E0680028286816D0B8
:1054D00030432860FFF756FE074605E043E1FFF73B
:1054E00051FEC01B0228C6D828688007F7D5286857
:1054F000F82188432169C900084328600EE040086C
:1055000040002860FFF73EFE074604E0FFF73AFE42
:10551000C01B0228AFD828688007F7D4207800077E
:1055200022D5E0690028686A0ED030436862FFF730
:1055300029FE074604E0FFF725FEC01B02289AD883
:10554000686A8007F7D50FE0400840006862FFF7FF
:1055500019FE074605E09DE0FFF714FEC01B022878
:1055600089D8686A8007F7D4207804274007002884
:1055700060DA00200190E869C00008D4E969B80643
:105580000143E961E96901400120009101907948F6
:105590000168C90511D40168821511430160FFF744
:1055A000F1FD009005E0FFF7EDFD0099401A642839
:1055B00070D870480068C005F5D5A06801280AD0E9
:1055C000002801D0052810D0286A40084000286231
:1055D000286AB84301E0286A30432862A06800289E
:1055E00012D0FFF7CFFD00900AE0286A3843286206
:1055F000F1E7FFF7C7FD0099411A5F48814249D89A
:10560000286A8007F5D50DE0FFF7BCFD009006E0A5
:10561000FFF7B8FD0099411A574881423AD8286AE5
:105620008007F5D40198002804D0E969012000071B
:105630008143E9612078C00635D5606901280CD026
:10564000401D686B23D038436863686B4008400096
:105650006863FFF797FD064622E0686B384368638E
:10566000686B30436863FFF78DFD064604E0FFF783
:1056700089FD801B02285BD8686B8007F7D5686BB3
:10568000F8218843A169C900084368630BE0B84367
:105690006863F4E74CE0FFF775FD801B022847D8EC
:1056A000686B8007F7D4206A00285ED06968090714
:1056B000890F022942D0012636060228286805D023
:1056C000B0432860FFF75EFD044633E0B043286036
:1056D000FFF758FD074604E0FFF754FDC01B022802
:1056E00026D828688001F7D4E86AE16A0009000139
:1056F0000843E862616AA06A084369683D221204AF
:10570000914308436860286830432860FFF73AFDFA
:10571000044604E0FFF736FD001B022808D828687D
:105720008001F7D521E0FFF72DFD001B022801D9EC
:105730000320FEBD28688001F5D416E00128F8D0CA
:105740006868E96A01221204636A02409A420AD137
:105750000907E26A090F914205D10F218904084027
:10576000A16A884201D00120FEBD0020FEBD0000DC
:10577000001002400070004088130000094910B575
:10578000401E884201D9012010BD074C60610321F1
:10579000081F02F08DF90020A06107202061002081
:1057A00010BD0000FFFFFF0000E000E07047704701
:1057B00030B5034620331A7F012A26D001221A77FA
:1057C0000325CA682D02AA438D6800242A430125B7
:1057D000AD02AA434D6800682A430125ED02AA43A1
:1057E0000D682A4301252D03AA430D692A4301258B
:1057F0006D03AA434D69C9692A430125AD03AA4334
:105800000A4342641C77002030BD022030BD0000F6
:10581000F0B502462032137F012B1ED001251577EB
:105820000223537706687468B3687027BC430F6817
:105830002743776000680A4CA04205D0094CA0427B
:1058400002D0094CA04204D180244968A3431943E3
:105850008160557700201077F0BD0220F0BD000078
:10586000002C0140000400400040014070B5044697
:10587000022240340546002908D004290BD008290B
:105880000ED06079012810D0012070BDA0780128C9
:10589000FAD1A2700AE0E0780128F5D1E27005E0C3
:1058A00020790128F0D1227100E062710422286879
:1058B00001F01BFC2868416C0122D20311434164B2
:1058C0000A4A28680121904205D0094A904202D034
:1058D000084A904204D182685207520F062A02D029
:1058E00002680A430260002070BD0000002C0140E5
:1058F000000400400040014070B5040005D025467A
:105900002035687F002802D006E0012070BD00200D
:105910002877204600F014F802206877211D2068BF
:1059200001F092FB01204034A071A877E877207045
:105930006070A070E070207160716877002070BDA9
:1059400010B586B0044614216846FAF7D1FC264B00
:105950002268264819019A4221D1C369821513434E
:10596000C361C3691340059342690A4342614069B8
:105970000840059010200090022001900020029025
:1059800003900420049009206946C006FFF71CFB21
:10599000002202211320FFF755FC132010E0144BC6
:1059A0009A4211D18269012109040A438261806906
:1059B00000220840059011461420FFF743FC1420F4
:1059C000FFF734FC06B010BD0A4B9A42FAD1826947
:1059D0000A43826180690022084005900221152057
:1059E000FFF730FC1520EBE70020004000100240DC
:1059F0000040014000440140014620314A7F012A15
:105A000001D00120704702224A770268D368012141
:105A10000B43D3600068094A904205D0084A90427F
:105A200002D0084A904204D182685207520F062AD7
:105A300002D002680A43026000207047002C014037
:105A400000040040004001400168CA68520852004A
:105A5000CA6001680A6A084B1A4207D10A6A9B1099
:105A60001A4203D10A68520852000A60012120300C
:105A7000417700207047000011110000F8B505467D
:105A800004462035287F0026012817D001202877DA
:105A900002206877226890687727FF23B8431B02AB
:105AA000984390600868502838D00EDC20284FD0EA
:105AB00006DC00284CD010281ED149E00220F8BD99
:105AC000302845D0402817D13AE060282ED07028E1
:105AD00019D001221203801A0FD090420CD1CB684A
:105AE0004A688968206801F086FB20688168012285
:105AF00092031143816000E00126012068770020B5
:105B000028773046F8BDCB684A688968206801F07C
:105B100072FB2168886838438860EEE7CA68496884
:105B2000206801F077FC5021206806E0CA684968C7
:105B3000206801F0A9FC6021206801F067FBDCE728
:105B4000CA684968206801F065FC40212068F4E7D4
:105B5000226801461046F0E77047000010B5054A7C
:105B60000168914204D1007F012801D101F01EFAA1
:105B700010BD000000200040F8B504460020264675
:105B800020360090307F0D4601280ED0012030775E
:105B9000002A0CD0042A19D0082A2AD00C2A4ED068
:105BA0000090002030770098F8BD0220F8BDEB6827
:105BB00006CD083D206801F03FFC206882690C2179
:105BC0008A43826120688169AA680FE0EB6806CD8C
:105BD000083D206801F06BFC206881690322920275
:105BE0009143816120688169AA6812021143816131
:105BF000D7E788CD287921688446086AFF220132D8
:105C000090430862C8690A6A800880003843F02718
:105C1000B84367463F073F0E0743052040028243D3
:105C20000A20034018021043CF6108622068C1694E
:105C30000C229143C1612068C1692A682CE02B685D
:105C400020689E466F682B7B016ABC4601221203C6
:105C500091430162C169026A03273F02B943674663
:105C60003F020F430F2109038F431907090C052336
:105C700039435B039A4373460A273B401B03134394
:105C8000C16103622068C269032189028A43C2613B
:105C90002068C169AA6812021143C16181E770B529
:105CA000040005D025462035687F002802D006E094
:105CB000012070BD00202877204600F014F8022053
:105CC0006877211D206801F0BFF901204034A071E0
:105CD000A877E87720706070A070E0702071607124
:105CE0006877002070BD704770B5034604460025F4
:105CF00020334030002908D0042909D008290AD0CF
:105D000046784279012E0BD108E09E7F8278F9E730
:105D1000DE7FC278F6E706780279F3E7012A01D040
:105D2000012070BD0222002909D004290ED00829C3
:105D300012D0427042710C292ED001252AE09A77A8
:105D400082702068C3681343C3600CE0DA77C270C6
:105D50002068C268042304E0027002712068C268EF
:105D600008231A43C2600122206801F0B1F90C4AED
:105D700020680121904205D00A4A904202D00A4A86
:105D8000904204D182685207520F062A02D002685C
:105D90000A430260284670BD2068C2681023E0E70D
:105DA000002C0140000400400040014070B5044652
:105DB000006801690025C9438907002915DBC1680E
:105DC000C943890711D4E91E0161012020772068A9
:105DD00080698007204602D0FFF7C0FE04E000F093
:105DE000E3F8204600F0ACF9257720680169C94343
:105DF000490717D4C168C943490713D40421C943CB
:105E0000016102202077206880698005800F20468C
:105E100002D0FFF7A3FE04E000F0C6F8204600F031
:105E20008FF9257720680169C943090716D4C1682D
:105E3000C943090712D40821C9430161042020770E
:105E40002068C0698007204602D0FFF787FE04E083
:105E500000F0AAF8204600F073F925772068016960
:105E6000C943C90617D4C168C943C90613D4102150
:105E7000C9430161082020772068C0698005800F30
:105E8000204602D0FFF76AFE04E000F08DF82046BD
:105E900000F056F9257720680169C943C90708D180
:105EA000C168C943C90704D1891E0161204600F0B9
:105EB000F9FA20680169C943090609D4C168C943D0
:105EC000090605D48021C94301612046FFF76EFC15
:105ED00020680169C943490609D4C168C943490614
:105EE00005D44021C9430161204600F0E9FA206849
:105EF0000169C943890609D4C168C943890605D423
:105F00002021C94301612046FFF751FC70BD00000C
:105F100070B586B0044614216846FAF7E9F91E4EBA
:105F20002368012200241D49920402251C48B34223
:105F30001ED14B6913434B614B69134005934B6969
:105F4000C20113434B6149690095114005910294C8
:105F50000195049503946946FFF736F828020090EE
:105F6000092002940195694604950394C0060FE048
:105F70000C4EB3420ED14B6913434B6149690294F5
:105F80001140059101210091049101950394694606
:105F9000FFF71AF806B070BD002C01400010024057
:105FA00000040048000400407047F8B50646044667
:105FB0002036307F00270D4601280ED00120307793
:105FC000002A0CD0042A1BD0082A2FD00C2A3ED03D
:105FD0000127002030773846F8BD0220F8BD206840
:105FE00001F01CF920688169082211438161206851
:105FF000826904218A438261206881692A6912E0EA
:10600000206801F04FF9206882690121C9020A4322
:106010008261206881690122920291438161206836
:1060200081692A69120211438161D2E7206801F077
:1060300079F92068C16908221143C1612068C269E9
:1060400004218A43C2612068C1692A6912E020687C
:1060500001F0AAF92068C1690122D2021143C1618D
:106060002068C269012189028A43C2612068C1692E
:106070002A6912021143C161ABE770B5040005D073
:1060800025462035687F002802D006E0012070BD3B
:1060900000202877204600F015F802206877211D9F
:1060A000206800F0D1FF01204034A071A877E87784
:1060B00020706070A070E0702071607168770020BF
:1060C00070BD000038B505460068184A184990426E
:1060D00007D18A69C01402438A618969014000912D
:1060E00038BD144A9042FBD1CA6902200243CA61FA
:1060F000C969124C014000910F4820601020606077
:106100008021E1600020A060490021618900616177
:10611000A0618800E0612046FEF708FD002801D05C
:10612000FEF7C6F8EC62656238BD0000002C014045
:1061300000100240000400401C000240C002002089
:1061400010B5074A0168914209D1007F042806D1A1
:10615000044900208870044803C800F02DF910BDE0
:1061600000040040110000202803002070470000B8
:1061700030B504460222203000290AD004290DD06F
:106180002046403008290ED04378012B10D0012042
:1061900030BD837F012BFAD182770AE0C37F012BC8
:1061A000F5D1C27705E00378012BF0D1027000E051
:1061B00042700122206800F08BFF12492068124BC8
:1061C000884207D0984205D0104A904202D0104A27
:1061D000904204D1426C0125ED032A4342642068B9
:1061E0000122884204D00B49884201D0984204D150
:1061F00081684907490F062902D0016811430160EF
:10620000002030BD002C014000400140004401400E
:106210000048014000040040F8B5044600200D4647
:10622000009021462046203140309446002D0AD06F
:10623000042D0DD0082D10D04278022A12D04278B9
:10624000012A11D075E08A7F022A0BD08A7FF7E7F6
:10625000CA7F022A06D0CA7FF2E70278022A01D05A
:106260000278EDE70220F8BD6246002A61D0002BDB
:106270005FD00226484F494A002D09D0042D18D07E
:10628000082D27D046700C2D44D00120009080E0CE
:106290008E77606A8762606AC262616A404808639A
:1062A000226861463432606AFEF76AFC002840D1F9
:1062B00021E0CE77A06A8762A06AC262A16A3848EC
:1062C0000863226861463832A06AFEF759FC00284C
:1062D0002FD115E00670E06A8762E06AC262E16A67
:1062E0002F480863226861463C32E06AFEF748FCAA
:1062F00000281ED109E02068C168012252021EE078
:106300002068C1680122920219E02068C168012258
:10631000D20214E0206B8762206BC262216B20489E
:106320000863226861464032206BFEF729FC002892
:1063300001D00120F8BD2068C16801221203114379
:10634000C16001222946206800F0C2FE154A20687B
:106350001549904207D0884205D0144B984202D08C
:10636000134B984204D1436C0125ED032B43436446
:1063700020680123904204D00E4A904201D0884206
:1063800004D181684907490F062902D001681943E1
:1063900001600098F8BD0000057100086B710008ED
:1063A000A3710008002C014000400140004401405E
:1063B0000048014000040040F8B500260D460446A0
:1063C000002907D0042D0DD0082D13D00C2D19D085
:1063D000012655E02068C168012252029143C16044
:1063E000606A16E02068C168012292029143C16090
:1063F000A06A0EE02068C1680122D2029143C16008
:10640000E06A06E02068C168012212039143C1607E
:10641000206BFEF719FB00222946206800F058FE89
:106420001C491B4B20688A10984208D01A4B98428E
:1064300005D01A4B984202D0194B98420AD1036AF0
:106440000B4207D1036A134204D1436C0127FF03B7
:10645000BB4343642068036A0B4206D1016A1142C0
:1064600003D101684908490001602146012020311B
:10647000002D07D0042D07D04034082D06D06070C1
:106480003046F8BD8877FBE7C877F9E72070F7E773
:10649000002C014011110000004001400044014067
:1064A00000480140044900680968884203D1034953
:1064B000C87F401CC877704778020020E80700209A
:1064C0007047FEE738B51048104C0078009400285B
:1064D00003D0FF231A46194602E000231A46194644
:1064E000002001F005F90A4800780094002803D044
:1064F000FF231A46194602E000231A4619460120D6
:1065000001F0F6F838BD00004C000020CDCCCC3EA8
:106510004D000020F1B504214148FEF727FE012778
:10652000BF07002501263F4C002806D13E480078D1
:10653000002874D1A078002809D0207800282BD01A
:1065400004213748FEF712FE012807D018E0A168A1
:10655000009801F0E9FAA0602670F1E73348A168DD
:1065600009183348814208D22079002801D02571CA
:1065700000E0267130492F4808602570A570A5609D
:106580002E48A16809182E48814205D2A07800281B
:1065900002D12C480760A67080212148FEF7E6FD55
:1065A000002806D120480078002838D1E07800285B
:1065B00009D06078002832D080211948FEF7D6FD36
:1065C000012807D01FE0E168009801F0ADFAE06013
:1065D0006670F1E71548E1680918154881420FD245
:1065E0002079002803D017480760276108E0607908
:1065F000002801D0657100E066710F490D48086000
:106600006570E570E5600D48E16809180C48814245
:1066100005D2E078002802D10A480760E670F8BD8C
:1066200000040048480000205C0000203233B3C260
:1066300032337302CDCCCC3D40000020FFFF3FC081
:10664000FFFF7F00440000206420401E0006000E73
:10665000FBD1704710B53C22FF21002001F014F956
:1066600010BD10B500213C22084601F00DF910BD07
:1066700070B50122264DD40321462846FEF77BFD46
:10668000012251032846FEF776FD01221103284618
:10669000FEF771FDFFF7D8FF002221462846FEF7DE
:1066A0006AFDFFF7D1FF002001F090F9012001F011
:1066B0004FF9032001F04CF9042001F049F90520BD
:1066C00001F046F9082001F043F9182001F040F9E3
:1066D000292001F03DF9802001F03AF9402001F035
:1066E00037F9E32001F034F9012221462846FEF76C
:1066F00042FD08210748FFF7B9F806498C200968D0
:10670000C863FFF7A7FFFAF72DFEFFF7AAFF70BDDA
:10671000000400485801002010B50E480188491CAB
:1067200001804188491C41808188491C8180C18841
:10673000491CC1800189491C01814189491C418151
:106740008189491C8181C189491CC18100F06EFB8E
:1067500010BD0000B80000203EB500241B491C48B5
:1067600000940194029412C0046004224460012148
:10677000C2608160047444748474C4740A02426107
:106780008A02826102461832117101620838FDF7EF
:10679000FDFF002801D0FDF78BFD012000030190D3
:1067A00007200290009469460948FDF703FF00287E
:1067B00001D0FDF77DFD0220009069460448FDF7F9
:1067C000F9FE002801D0FDF773FD3EBD0024014015
:1067D000D400002008B50C484169012211434161F1
:1067E000406910400022009011460920FEF72AFD62
:1067F0000920FEF71BFD002211460A20FEF722FDAC
:106800000A20FEF713FD08BD00100240F0B587B066
:1068100014216846F9F76CFD374842690121C90423
:106820000A43426142690A4005924269C9000A432B
:10683000426142690A400592426949110A43426134
:1068400042690A400592426949000A43426140692F
:106850000B250840294F2D03059001222946384673
:10686000FEF789FCFF260136092000223146C006CA
:10687000FEF781FC700100240090019469460294A7
:106880001F48FEF7A1FB202000901120000401907A
:10689000092069460294C006FEF796FBC0200090CE
:1068A0000920019469460294C006FEF78DFB8420FE
:1068B00000900194694602943846FEF785FB0095E6
:1068C0000125032003900195694602953846FEF79D
:1068D0007BFB092002946946C0060096019503944B
:1068E000FEF772FB002201210720FEF7ABFC072018
:1068F000FEF79CFC07B0F0BD001002400004004809
:10690000000800481FB50024154800940194029423
:106910001249039401601349846041600461124983
:106920008461C160FEF7E8FF002801D0FDF7C0FCDC
:106930000B48FFF7B4F9002801D0FDF7B9FC01209E
:106940000190009402940022694603940448FFF7E2
:1069500013F9002801D0FDF7ABFC1FBD002000405B
:10696000E8010020BF120000FFFF000010B586B054
:106970000024009417480194029403940494144949
:10698000059401602F2184604160046144611249D3
:106990008461C160FEF7B0FF002801D0FDF788FCDC
:1069A00001200003009069460A48FFF767F80028B5
:1069B00001D0FDF77DFC202004A911C1054808394C
:1069C000FEF726FF002801D0FDF772FC06B010BDCF
:1069D0000040014030020020E703000010B50B48E2
:1069E00009490160FF21E03141600021816063229B
:1069F0000161C260416180218161FEF77DFF002855
:106A000001D0FDF755FC10BD004401407802002084
:106A100010B592B000240F941C2168461094F9F729
:106A200067FC202107A8F9F763FC28482649016084
:106A30007721846041600461FF2144619031846169
:106A4000C160FFF71AFB002801D0FDF731FC0F945D
:106A50000FA91E481094FEF7DBFE002801D0FDF7B9
:106A600027FC60200090022001940290039404947B
:106A700005940422694606941448FFF796FA002804
:106A800001D0FDF715FC0822694610480294FFF773
:106A90008CFA002801D0FDF70BFC0120079440037D
:106AA00009940C9008940A940B9407A90E94074833
:106AB000FEF77EFE002801D0FDF7FAFB0348FFF742
:106AC00027FA12B010BD0000002C01405801002030
:106AD00010B58AB0002407941C2168460894F9F781
:106AE00007FC1649164812C0046084603B2104610B
:106AF00041600838FFF7C1FA002801D0FDF7D8FB44
:106B0000079407A90E480894FEF782FE002801D0DA
:106B1000FDF7CEFB602000900194029408226946A4
:106B200004940748FFF741FA002801D0FDF7C0FBA5
:106B30000348FFF7EDF90AB010BD00000004004063
:106B4000A0010020F1B52148002581782048214C82
:106B5000066884B0012914D0606A4100090E04D08F
:106B60007F21C90501F0E0F860620146FF20C00501
:106B7000C14200D36562606AFAF7CEFAB06305B02D
:106B8000F0BD15488788002F1ED04088FAF708FB13
:106B900006463846FAF704FB014610480D4B0190B3
:106BA00002900C3B324600940498FAF721FDFF2036
:106BB000616AC005C14200D36562606AFAF7ACFA47
:106BC000034909688863DAE7B563D8E7D000002095
:106BD00058010020F40800201C0900200000C843D0
:106BE0000448034901600449416000218160704705
:106BF0000BD7233DE808002090C2753DFEE700005A
:106C0000F8B510211548FDF71FFC144A144D1078F3
:106C1000144E154F0123154CAA2802D1107BC4280D
:106C20000BD000F027F8508828809088308090683A
:106C300038600F48037023700AE0508828809088DD
:106C40003080906838600A4803702078002803D0AC
:106C50000020207000F01EF8F8BD00001008002091
:106C60001C09002034090020400900206400002095
:106C70006C0000200648AA2101704B2109014180C7
:106C8000FF217331818005218160C4210173704728
:106C90001008002010B510210148FDF7F7FB10BDCA
:106CA0001008002070B5094C0025217800290BD070
:106CB000616800F039FF3F2109066060884202DB0D
:106CC000FFF7E8FF257070BD656070BD64000020AF
:106CD0007047000070B50546FAF73EFC084C2846A0
:106CE000A16800F021FF7F21C905A060884206DB72
:106CF000A069FAF7EFFB034948800020A06070BD4F
:106D000020000020340900207047000038B5164CE0
:106D10000025A1684A00120E002A06D12278521CD2
:106D2000D2B22270042A00D9257000F0FDFE0F496E
:106D3000A060884200DBA56021780D48002905D0BD
:106D4000012908D0022901D0032904D000231A46C2
:106D5000FF21009003E000231A4619460090FF200F
:106D600000F0C6FC38BD000010000020CDCC4C3E29
:106D7000CDCCCC3E38B50F4C0F4A2188E1805378FA
:106D80000E48022B07D04388C38092780C4B002A10
:106D900003D05A6802E00388F6E71A68DA60628A6C
:106DA000A282DB6800930623C35E2089FAF71AFFEC
:106DB00038BD00001C090020D0000020340900204C
:106DC0004009002070B51049002489780F4A104D01
:106DD000012917D19188002914D029694B001B0E75
:106DE00007D1937A5B1CDBB29372032B01D9012389
:106DF000937200F099FE3F2109062861884200DB6A
:106E00002C6170BD9472FBE7D00000201C090020AB
:106E10007000002010B5FEF7BBF903480078002889
:106E200001D0FFF779FC10BDD0000020F8B52F4C41
:106E300000252088022803D32D48FAF795FE2580E7
:106E400060882C4E0A280FD33046FAF77DFC304676
:106E500000F048FB3046FFF73DFF3046FFF75AFB96
:106E60003046FDF727F96580A088142803D322480F
:106E700000F0C4FBA580E08832280AD31F4F3846B3
:106E8000FFF760FE3846FAF729FE3846FAF714FC99
:106E9000E5802089642807D3194F384600F080FB2D
:106EA0003846FFF7FFFE258160890A2809D330465E
:106EB000FAF758FD3046FAF77FFC3046FAF70AFD3C
:106EC0006581A089FF21F531884204D33F20000667
:106ED000FAF7CAFCA581E0897D21C900884204D364
:106EE0007F20C005FDF7C2F9E581F8BDB80000209C
:106EF0006F12033B0AD7233C0AD7A33CCDCC4C3DB1
:106F0000CDCCCC3D30B591B030216846F9F7F0F9E1
:106F1000002411200F940090012001900590102072
:106F200006900E940003099000010D9402250A902A
:106F30000C9408950B946846FEF75CFA002801D083
:106F400072B6FEE707200C900E9401210D950F9468
:106F50000CA8FEF77BF9002801D072B6FEE70022EC
:106F6000012189061046FEF71FFA11B030BD7047A7
:106F700010B50B4C00202070FFF742FEFDF792F891
:106F8000FDF78AF9FFF72CFEFDF75CF900F0A6FB90
:106F9000FFF76EFB0449034808600120207010BD14
:106FA000D0000020CDCCCC3D4000002070B513486F
:106FB0000068456B124C6560A068854201D9281AAB
:106FC00002E01049081A40192060FAF7E9F8014672
:106FD0000D48F9F7CBFF0D49A56000F015FE0C49EF
:106FE000F9F7C4FF0121C943FAF7DEF8FAF794F87C
:106FF000084948800020C86070BD0000E8010020FA
:1070000094000020FFFF000000401C46000070427A
:107010000000A0401C09002010B50248FEF7C6FE83
:1070200010BD0000E801002010B50248FEF7BEFECA
:1070300010BD00003002002010B50248FEF7B6FE79
:1070400010BD000078020020F0B502681A4B1B4CFE
:10705000984201D0A04203D17025AA434D682A432B
:10706000174D184E184F98420AD0A04208D0174C1E
:10707000A04205D0A84203D0B04201D0B84205D109
:107080001446032212029443CA6822438024A24376
:107090004C69224302608A68C2620A68826298422E
:1070A00005D0A84203D0B04201D0B84201D109694D
:1070B000016301214161F0BD002C0140000400404A
:1070C00000400140004401400048014000200040D1
:1070D00010B5CB06DB0E0121046A99408C43046293
:1070E000016A9A401143016210BD10B5CB06DB0E58
:1070F0000421046A99408C430462016A9A40114356
:10710000016210BD10B5446A0121626A824206D153
:1071100021778069002822D13E2001551FE0A26A14
:10712000824207D1022222778069002817D13F20AE
:10713000015514E0E26A824207D104222277806975
:1071400000280CD14020015509E0226B824206D173
:10715000082222778069002801D14120015520466C
:10716000FEF7EEFF0020207710BD10B5446A616A7B
:10717000814201D101200DE0A16A814201D10220AA
:1071800008E0E16A814201D1042003E0216B8142E1
:1071900001D1082020772046FEF7E8FF0020207765
:1071A00010BD10B5446A0121626A824203D1217781
:1071B0003E20015519E0A26A824204D102202077C4
:1071C0003F20015511E0E26A824204D10420207779
:1071D0004020015509E0226B824204D1082020772B
:1071E0004120015501E03D2001552046FEF7B4FC49
:1071F0000020207710BD30B58468FF252D021B02CA
:107200001343AC430B432343836030BD8268702338
:107210009A430A4307210A4382607047F0B5026A25
:10722000520852000262056A436882697024A243D0
:1072300092080C6892001443022295438A68164E05
:107240002A43144DA84207D0B04205D0134FB8428C
:1072500002D0134FB84206D10827BA43CF6817436C
:10726000042297433A46A84207D0B04205D00B4DBE
:10727000A84202D00A4DA84206D103252D02AB43F5
:107280004D691D438B692B434360846149684163A9
:107290000262F0BD002C014000400140004401406A
:1072A0000048014070B5026A10239A430262056AE1
:1072B0004268836973242402A3430C6824021C439C
:1072C00020239D438B681B012B43124DA84208D1FC
:1072D0001D46CB688026B5431B012B434025AB439D
:1072E00008E00D4DA84205D00C4DA84202D00C4D2F
:1072F000A84208D10325AD02AA434D69AD0015434C
:107300008A6992002A43426084614968816303620A
:1073100070BD0000002C01400040014000440140CD
:107320000048014070B5026AFF2301339A430262AC
:10733000056A4368C2697024A24392080C689200EF
:1073400014430122520295438A6812022A43124DC5
:10735000A84208D11546CA68C614B54312022A438A
:107360000515AA4308E00D4DA84205D00C4DA842D2
:1073700002D00C4DA84208D103252D03AB434D6923
:107380002D011D438B691B012B434360C461496878
:10739000C163026270BD0000002C0140004001404A
:1073A000004401400048014030B5026A01231B033C
:1073B0009A430262046A4268C36973252D02AB4393
:1073C0000D682D021D4301235B039C438B681B0347
:1073D00023430C4CA04208D00B4CA04205D00B4CD0
:1073E000A04202D00A4CA04205D10124A403A2432A
:1073F0004C69A40122434260C5614968016403628B
:1074000030BD0000002C014000400140004401401C
:107410000048014030B5036A046A640864000462ED
:107420008469F025AC43120122430A24A3430B4391
:107430008261036230BD000070B5046A64086400B4
:1074400004628469056A0D4EB04205D00C4EB0420C
:1074500002D00C4EB04202D1A408A40000E00122E8
:107460001443F02294431A07120E0A2322439D4329
:10747000194029438261016270BD0000002C014067
:10748000000400400040014030B5036A1024A343CB
:1074900003628469036A0F252D031203AC43224360
:1074A000A024A343090119438261016230BD70B574
:1074B000046A1025AC4304628569046A0326360217
:1074C000B54312022A430F252D031B071B0CAA43A9
:1074D0001343A022090194431140214383610162B7
:1074E00070BD0000F8B52549254C8978254E00254A
:1074F000012904D065616560A560E5603AE0216915
:1075000000F012FB2061FCF775FFF9F741FE6061A6
:107510007F222169D20591422EDB1B4900F074FBCA
:107520001A496060F9F722FD1949F9F71FFD194959
:10753000A06000F069FB1849F9F718FD0746E06004
:107540007088F9F72DFE01463846F9F70FFD022144
:10755000F9F72AFE114900F057FB0F4900F054FBE0
:107560000121C943F9F720FEF9F7B0FD00B270829E
:10757000002800DC75822561F8BD0000D0000020E5
:10758000A00000201C0900203333533A0000A8411A
:10759000CDCC4C3D0000C04100007A440038154677
:1075A00070B50446FAF772F92046FAF743FA204616
:1075B000FAF71CFA2046FFF705FC2046FAF734F9E3
:1075C0000B492046897800260A4C012901D02674EF
:1075D00070BD094D696900F0A7FA3F21090668618D
:1075E0008842F5DB207CC04320746E6170BD0000D2
:1075F000D0000020400900207000002038B504466B
:107600003148007800280CD130480078002809D093
:107610002046FFF77BFB2E488078002801D100F040
:107620001DF938BD2B482C4980780091012809D0DC
:10763000FF231A461946184600F05AF82046FEF76E
:1076400041FFE8E7FF231A461946184600F050F8B4
:107650002046FEF737FF1E49491EC8681430C8602F
:107660003221F8F747FE0407240FA41C102C00D980
:1076700002247F25FF23ED051A4619462046009572
:1076800000F036F8641C112C00D90224FF231A469E
:1076900019462046009500F02BF8641C112C00D9E7
:1076A0000224FF231A4619462046009500F020F8D0
:1076B000601C112800D90220FF231A4619460095A4
:1076C00000F016F8A7E70000640000205C0000202E
:1076D00011000020D0000020CDCCCC3E0348024950
:1076E0000160082141607047A001002028030020AC
:1076F000FEB504465648574D047029726A72AB7243
:10770000491C0026174608090193F9F749FD089915
:1077100000F07AFA504900F077FAF9F7FDFCC0B2B0
:10772000E8727F1C00903809F9F73AFD089900F0DB
:107730006BFA494900F068FAF9F7EEFCC7B22F730B
:10774000019B5B1C1809F9F72BFD089900F05CFA06
:10775000414900F059FAF9F7DFFC3D4B2A46C1B226
:107760005B1E14326973FF2C0BD0122C6BD81820BF
:10777000444300205C603D4685402D063AD52925CE
:1077800039E0334B00205B1E586000233C469C4090
:10779000240601D5292400E0142445005B1CDBB23B
:1077A000401C5453082BF1D30023009C9C4024061A
:1077B00001D5292400E0142445005B1CDBB2401CE9
:1077C0005453082BF1D300230C469C40240601D5CA
:1077D000292400E0142445005B1CDBB2401C5453F8
:1077E000082BF1D3761CF6B2122ECED31849491EBF
:1077F000486028E014256600401CC0B2641C955304
:107800000828B8D300205C60009D85402D0601D576
:10781000292500E014256600401CC0B2641C955365
:107820000828F1D300205C600D4685402D0601D567
:10783000292500E014256600401CC0B2641C955345
:107840000828F1D35C60024801214170FEBD0000B0
:1078500011000020280300200000204110B5084C32
:10786000607800280BD00748064A03C8FF23F2338C
:107870001432FEF7D1FC0120A0700020607010BD12
:107880001100002028030020F7B5304E05460121E5
:107890000022C9033046FDF76EFCFEF7D5FE01203D
:1078A00000F094F868060024070E01256D030022FD
:1078B00029463046FDF75FFC0620001B3946C140D3
:1078C000C80701D0012200E000220121090330464F
:1078D000FDF751FCFEF7B8FE012229463046FDF7C0
:1078E0004AFCFEF7B1FE641CE4B2062CDFD3002490
:1078F0002F4622E0019E0025002239461348FDF75D
:107900003AFC0720401B3146C140C80701D0012284
:1079100000E00022012109030C48FDF72CFCFEF7D2
:1079200093FE012239460948FDF725FCFEF78CFE3F
:107930006D1C082DE0DB641CE4B202988442D9D3AC
:107940000122D1030148FDF716FCFEBD00040048EA
:10795000F8B5002401251C4E07466D030022294678
:107960003046FDF708FC0720001B3946C140C80718
:1079700001D0012200E00022012109033046FDF779
:10798000FAFBFEF761FE012229463046FDF7F3FBC4
:10799000FEF75AFE641CE4B2082CDFD3002229460D
:1079A0003046FDF7E8FBFEF74FFE012100220903F8
:1079B0003046FDF7E0FB012229463046FDF7DBFBB0
:1079C000FEF742FEF8BD000000040048F8B5074687
:1079D000FEF73AFE0125224E6D030022294630466D
:1079E000FDF7C9FBFEF730FE0122140321463046A5
:1079F000FDF7C1FB012229463046FDF7BCFBFEF72F
:107A000023FE002229463046FDF7B5FBFEF71CFE9B
:107A1000002221463046FDF7AEFBFEF715FE01229F
:107A200029463046FDF7A7FBFEF70EFE0022294649
:107A30003046FDF7A0FBFEF707FE002F0ED0012217
:107A400021463046FDF797FBFEF7FEFD0122294651
:107A50003046FDF790FBFEF7F7FDF8BD0022EFE79B
:107A600000040048F8B5040C8BB2264682B25E438F
:107A70000D0C1046370C584336048019002179410B
:107A800016466E43370C36048019794126466E43FC
:107A90008919F8BD30B47446641E2578641CAB4265
:107AA00000D21D46635D5B00E31830BC1847000040
:107AB0008307FF22DB0E9A408907090E99400028B0
:107AC00008DB830809489B001B181868904308438B
:107AD000186070470007000F0838830804489B00AF
:107AE0001B18D86990430843D861704700E400E050
:107AF00000ED00E0FDF754FBFFF704FAFEF786FE09
:107B0000FEF768FEFEF728FEFEF782FFFEF7E0FFB5
:107B1000FEF7F8FEFEF762FFFEF728FFFFF728FAF0
:107B2000FFF728F9FCE7000070B501250400ED0718
:107B30004C4020D4441A01D2001B0919C60D4B0039
:107B4000F2B2FF2A29D01B0E2CD000020C02D31A4D
:107B50002C43DC402843051910D2280A02D3401CCC
:107B60006D0611D0761EF6058019FF2A00DA70BD69
:107B7000C00DC00570BD694000F0DCF80120054370
:107B8000C541521C761CE8E764089C40C90161406D
:107B90008900E7D10124A043E4E71B0E440200D092
:107BA000034870BD002AFCD1C00FC00770BD00BFE4
:107BB0000000C07F01230200DB050A430DD4DA4236
:107BC00003D49A4207D488427047D84214D4D94289
:107BD00012D48842704780427047DA4203D59A42F5
:107BE000F9D5814270475B004200DA4204D24A0074
:107BF000DA4201D28142704710B5024AF9F7F6FA2B
:107C000010BD00BF0900160470B5420064414B006E
:107C10005C41120E39D01B0E38D0FF2A3CD0FF2B0E
:107C20003AD040024902400A490A060045184E432C
:107C3000000A090AD2184843ED017F3A0104731A79
:107C40004019190C4318990F04D001215B0849070A
:107C50005B1A521CD80904D3401CF50301D19D06C0
:107C600007D0FF2A08D2D50506D0E40720434019E3
:107C700070BD0125A843F4E7002A01DCE00770BDD0
:107C80002402FF202043C00570BD1B0EFF2A03D035
:107C9000FF2B01D0E00770BDFF2645003606B54238
:107CA00006D84D00B54203D8D218FF2A00D0E7E726
:107CB000004870BD0000C07F01230A00DB050243BD
:107CC0000DD4DA4203D49A4207D481427047D94294
:107CD00014D4D84212D48142704789427047DA42A4
:107CE00003D59A42F9D5884270475B004A00DA42D0
:107CF00004D24200DA4201D28842704748404140F3
:107D000010B5024A4840F9F771FA10BD090016048F
:107D100070B50125ED07684004004C4002D569406C
:107D200000F008F8FFF706FF70B501250400ED0725
:107D30004C4022D4441A02D26C40001B0919C60DD3
:107D40004B00F2B2FF2A4BD01B0E50D000020C02A7
:107D5000D31A2C43DC40A843051B05D5AD0019D32D
:107D60006D08761E521E37D0F605280A01D28019FA
:107D700070BD70416D0603D070BD6940FFF7DAFE3B
:107D80009C4009026140490001D0401E70BD0124A1
:107D9000A04370BD6D081DD001202B0C01D12D0416
:107DA00010302B0E01D12D0208302B0F01D12D01E7
:107DB000001DAB0F01D1AD00801CEB0F01D16D0098
:107DC000401C6D00361A121A680AF5054019012A7E
:107DD00002DB70BD002070BDC036300AC00770BD28
:107DE0001B0E440201D1FF2B00D1024870BD002AB6
:107DF000F0D070BD0000C07F02030405060708092B
:107E00000A0B0C0D0E0F10100102030405060708E3
:107E1000090A0B0C0D0E0F100000000000000000FE
:107E20000102030406070809E96E6444C35564446B
:107E30008B3C6444642364442D0A644406F1634427
:107E4000CFD76344A8BE634471A563444A8C63449E
:107E5000A06A654479516544423865441B1F6544F6
:107E6000F4056544CDEC644496D364446FBA64442D
:107E700048A1644410886444566666442F4D6644A5
:107E8000F8336644D11A6644AA01664483E865441F
:107E90004CCF654425B66544FE9C6544C783654464
:107EA000FC616744D5486744AE2F67447716674442
:107EB00050FD664429E4664402CB6644DBB1664467
:107EC000A49866447D7F6644715D68444A44684472
:107ED000232B6844FC116844D5F86744BEDF67442F
:107EE00098C6674471AD67444A946744237B6744EE
:107EF000F6586944CF3F6944A8266944810D694416
:107F00005AF4684433DB68440CC26844E5A868440A
:107F1000BE8F6844987668444A546A44233B6A4456
:107F20000C226A44E5086A44BEEF6944A8D6694455
:107F300081BD69445AA46944338B69441D72694404
:107F40009E4F6B4477366B44601D6B4439046B4421
:107F500012EB6A44FCD16A44D5B86A44AE9F6A44C5
:107F600087866A44716D6A44E14A6C44BA316C4454
:107F7000A4186C447DFF6B4466E66B443FCD6B44B4
:107F800019B46B44029B6B44DB816B44C5686B4442
:107F900004466D44EE2C6D44C7136D44B0FA6C4436
:107FA00089E16C4473C86C445CAF6C4435966C4496
:107FB0001F7D6C44F8636C4406416E44F0276E44A8
:107FC000D90E6E44B2F56D449CDC6D4485C36D449E
:107FD0006FAA6D4458916D4431786D441B5F6D44B8
:107FE000083C6F44F2226F44DB096F44B4F06E44E6
:107FF0009ED76E4487BE6E4471A56E445A8C6E4403
:1080000033736E441D5A6E44FA367044E31D704457
:10801000CD047044B6EB6F44A0D26F4489B96F446D
:1080200062A06F444C876F44356E6F441F556F4498
:10803000DB317144C5187144AEFF704498E670445A
:1080400081CD70446AB47044549B70443D82704446
:1080500027697044105070449C2C724485137244FC
:108060006FFA714468E1714452C871443BAF714486
:10807000259671440E7D714408647144F24A71443E
:108080004C277344350E73442FF5724419DC724447
:1080900002C37244FCA97244E5907244CF777244E3
:1080A000B85E7244B2457244DB217444D50874440E
:1080B000BEEF7344B8D67344A2BD73449CA473440A
:1080C000858B73447F727344685973446240734470
:1080D0006A1C7544640375445EEA744448D1744470
:1080E00042B874442B9F7444258674440E6D7444C6
:1080F00008547444F23A7444E9167644E3FD754436
:10810000CDE47544C7CB7544C1B27544AA99754492
:10811000A48075448D677544874E754471357544E8
:108120004811774442F876443BDF764425C67644CE
:108130001FAD764419947644127B76440C627644E3
:10814000F6487644F02F7644960B78448FF27744C5
:1081500089D9774483C077447DA77744778E774465
:10816000607577445A5C7744544377444E2A774489
:10817000D3057944CDEC7844C7D37844C1BA784468
:10818000BAA17844B4887844AE6F7844A85678444D
:10819000A23D78449C24784400007A4406197A442D
:1081A0000C327A44024B7A4408647A440E7D7A4455
:1081B00014967A441BAF7A4410C87A4417E17A4483
:1081C0001DFA7A4412137B44192C7B441F457B44CF
:1081D000145E7B441B777B4421907B4417A97B442E
:1081E0001DC27B4423DB7B4419F47B441F0D7C447C
:1081F00014267C441B3F7C4421587C4417717C44EA
:108200001D8A7C4412A37C4419BC7C440ED57C445A
:1082100014EE7C440A077D4410207D4406397D44D9
:108220000C527D44026B7D44F8837D44FE9C7D446A
:10823000F4B57D44FACE7D44F0E77D44E5007E440C
:10824000EC197E44E1327E44D74B7E44DD647E44AB
:10825000D37D7E44C9967E44CFAF7E44C5C87E445C
:10826000BAE17E44B0FA7E44B6137F44AC2C7F441E
:10827000A2457F44985E7F448D777F4493907F44EE
:1082800089A97F447FC27F4475DB7F446AF47F44C1
:10829000B00680442B138044A61F8044292C8044C0
:1082A000A43880441F4580449A518044145E804421
:1082B0008F6A80440A77804485838044009080449C
:1082C0007B9C8044F6A8804471B58044ECC1804416
:1082D00066CE8044E1DA804454E78044CFF38044A2
:1082E0004A008144C50C81443F198144BA25814428
:1082F00035328144A83E8144234B81449E578144BA
:108300001964814493708144067D8144818981444C
:10831000FC95814477A28144E9AE814464BB8144E9
:10832000DFC781445AD48144CDE0814448ED814483
:10833000C3F9814435068244B0128244231F82442B
:108340009E2B8244193882448B44824406518244D5
:10835000795D8244F46982446F768244E18282448A
:108360005C8F8244CF9B82444AA88244BCB482443E
:1083700037C18244AACD82441DDA824498E6824401
:108380000AF3824485FF8244F80B834473188344C4
:10839000E524834458318344D33D8344464A83448F
:1083A000B85683442B638344A66F8344197C83446B
:1083B000938883440695834479A18344ECAD834438
:1083C00066BA8344D9C683444CD38344BEDF834416
:1083D00031EC8344ACF883441F05844491118444F8
:1083E000041E8444772A8444E93684445C438444EC
:1083F000D74F84444A5C8444BC6884442F758444C9
:10840000A2818444148E8444879A8444FAA68444C6
:108410006DB38444DFBF844452CC8444C5D88444C3
:1084200037E58444AAF184441DFE84448F0A8544C0
:108430000217854475238544DF2F8544523C8544CB
:10844000C548854437558544AA6185441D6E8544D9
:108450008F7A8544FA8685446D938544DF9F8544F1
:1084600052AC8544C5B885442FC58544A2D1854406
:1084700014DE85447FEA8544F2F68544640386442D
:10848000D70F8644421C8644B42886442735864448
:1084900091418644044E86446F5A8644E166864480
:1084A00054738644BE7F8644318C86449C988644AF
:1084B0000EA5864479B18644ECBD86445ECA8644E6
:1084C000C9D686443BE38644A6EF864410FC864426
:1084D00083088744EE14874460218744CB2D87446A
:1084E0003D3A8744A846874412538744855F8744B2
:1084F000F06B874462788744CD8487443791874402
:10850000A29D874414AA87447FB68744E9C2874462
:108510005CCF8744C7DB874431E887449CF48744B9
:108520000E018844790D8844E31988444E26884416
:10853000B83288442B3F8844964B8844005888447E
:108540006A648844D57088443F7D8844AA898844F9
:10855000149688447FA28844F2AE88445CBB884469
:10856000C7C7884431D488449CE0884406ED8844D9
:1085700071F98844DB05894446128944B01E894458
:108580001B2B89447D378944E743894452508944F1
:10859000BC5C89442769894491758944FC8189447C
:1085A000668E8944D19A894433A789449EB389440D
:1085B00008C0894473CC8944DDD889443FE58944A7
:1085C000AAF1894414FE89447F0A8A44E1168A4448
:1085D0004C238A44B62F8A44213C8A4483488A44E7
:1085E000EE548A4458618A44BA6D8A44257A8A4492
:1085F00087868A44F2928A445C9F8A44BEAB8A444E
:1086000029B88A448BC48A44F6D08A4458DD8A4407
:10861000C3E98A442DF68A448F028B44FA0E8B44B8
:108620005C1B8B44BE278B4429348B448B408B448A
:10863000F64C8B4458598B44C3658B4425728B444C
:10864000877E8B44F28A8B4454978B44BEA38B4421
:1086500021B08B4483BC8B44EEC88B4450D58B44F3
:10866000B2E18B441DEE8B447FFA8B44E1068C44CF
:1086700044138C44AE1F8C44102C8C4473388C44AF
:10868000D5448C4437518C44A25D8C44046A8C449C
:1086900066768C44C9828C442B8F8C448D9B8C4491
:1086A000F0A78C445AB48C44BCC08C441FCD8C447D
:1086B00081D98C44E3E58C4446F28C44A8FE8C447A
:1086C0000A0B8D446D178D44CF238D4410448D4487
:1086D000933C8D44F6488D4458558D44BA618D4481
:1086E0001D6E8D447F7A8D44E1868D4444938D4484
:1086F0009E9F8D4400AC8D4462B88D44C5C48D44AA
:1087000027D18D4489DD8D44E3E98D4446F68D44BF
:10871000A8028E440A0F8E446D1B8E44C7278E44D8
:1087200029348E448B408E44EE4C8E4448598E44FE
:10873000AA658E440C728E44667E8E44C98A8E442D
:108740002B978E4485A38E44E7AF8E444ABC8E445B
:10875000A4C88E4406D58E4460E18E44C3ED8E4499
:1087600025FA8E447F068F44E1128F443B1F8F44CD
:108770009E2B8F44F8378F445A448F44B4508F4413
:10878000175D8F4471698F44CB758F442D828F4460
:10879000878E8F44E99A8F4444A78F44A6B38F44B1
:1087A00000C08F445ACC8F44BCD88F4417E58F4407
:1087B00071F18F44D3FD8F442D0A90448716904465
:1087C000E9229044442F90449E3B9044F8479044C3
:1087D0005A549044B46090440E6D9044687990442B
:1087E000C3859044259290447F9E9044D9AA90449A
:1087F00033B790448DC39044E7CF904442DC90441B
:10880000A4E89044FEF4904458019144B20D914480
:108810000C1A914466269144C13291441B3F914405
:10882000754B9144CF57914429649144837091448E
:10883000DD7C91443789914491959144ECA1914418
:1088400046AE914498BA9144F2C691444CD39144B7
:10885000A6DF914400EC91445AF89144B404924448
:1088600006119244601D9244BA29924414369244EF
:108870006F429244C14E92441B5B9244756792448E
:10888000CF739244218092447B8C9244D598924439
:1088900027A5924481B19244DBBD92442DCA9244F3
:1088A00087D69244E1E2924433EF92448DFB9244A6
:1088B000E70793443914934493209344E52C93445D
:1088C0003F39934491459344EC5193443D5E934426
:1088D000986A9344E976934444839344968F9344EF
:1088E000F09B934442A893449CB49344EEC09344B9
:1088F0003FCD93449AD99344ECE5934446F2934494
:1089000098FE9344E90A944444179444962394446B
:108910001B339444423C944493489444E554944417
:1089200037619444916D9444E3799444358694443A
:1089300087929444E19E944433AB944485B7944425
:10894000D7C3944429D094447BDC9444D5E8944420
:1089500027F5944479019544CB0D95441D1A95440F
:108960006F269544C1329544123F9544644B95441B
:10897000B6579544086495445A709544AC7C954428
:10898000FE88954450959544A2A19544F4AD954434
:1089900046BA954498C69544E9D295443BDF954440
:1089A0008DEB9544DFF7954431049644831096444B
:1089B000CD1C96441F29964471359644C341964474
:1089C000144E96445E5A9644B0669644027396449A
:1089D000547F9644A68B9644F097964442A49644BE
:1089E00093B09644DDBC96442FC9964481D59644F5
:1089F000CBE196441DEE96446FFA9644B806974430
:108A00000A1397445C1F9744A62B9744F837974462
:108A10004244974493509744DD5C97442F699744B0
:108A200081759744CB8197441D8E9744669A9744ED
:108A3000B8A6974402B397444CBF97449ECB974443
:108A4000E7D79744D7E3974483F09744D5FC9744FE
:108A50001F09984468159844BA219844042E9844F4
:108A60004E3A9844A0469844E9529844335F98445B
:108A7000856B9844CF779844198498446A909844B9
:108A8000B49C9844FEA8984448B5984491C1984431
:108A9000E3CD98442DDA984477E69844C1F298449F
:108AA0000AFF98445C0B9944A6179944F023994413
:108AB00039309944833C9944CD4899441755994499
:108AC00060619944AA6D9944F47999443D8699442A
:108AD00087929944D19E99441BAB994464B79944B9
:108AE000AEC39944F8CF994442DC99448BE8994449
:108AF000D5F499441F019A44680D9A44B2199A44D6
:108B0000FC259A4446329A448F3E9A44D14A9A446C
:108B10001B579A4464639A44AE6F9A44F87B9A4414
:108B200039889A4483949A44CDA09A4417AD9A44C4
:108B300058B99A44A2C59A44ECD19A4435DE9A4475
:108B400077EA9A44C1F69A440A039B444C0F9B442B
:108B5000961B9B44DF279B4421349B44F6409B4457
:108B6000AC4C9B44F6589B443F659B4481719B44AD
:108B7000CB7D9B440C8A9B4456969B4498A29B4475
:108B8000E1AE9B4423BB9B446DC79B44AED39B4447
:108B9000F8DF9B4439EC9B4483F89B44C5049C4418
:108BA0000E119C44501D9C4491299C44DB359C44EF
:108BB0001D429C44664E9C44A85A9C44E9669C44D1
:108BC00033739C44757F9C44B68B9C44F8979C44BB
:108BD00042A49C4483B09C44C5BC9C440EC99C44A4
:108BE00050D59C4491E19C44D3ED9C4414FA9C44A0
:108BF0005E069D44A0129D44E11E9D44232B9D448E
:108C000064379D44A6439D44E74F9D44315C9D4499
:108C100073689D44B4749D44F6809D44378D9D4493
:108C200079999D44BAA59D44FCB19D443DBE9D44A7
:108C30007FCA9D44C1D69D4402E39D4444EF9D44B8
:108C400085FB9D44C7079E4408149E444A209E44C9
:108C50008B2C9E44CD389E4406459E4448519E44EC
:108C6000895D9E44CB699E440C769E444E829E4410
:108C70008F8E9E44C99A9E440AA79E444CB39E443C
:108C80008DBF9E44C7CB9E4408D89E444AE49E4470
:108C90008BF09E44C5FC9E4406099F4448159F44A2
:108CA00089219F44C32D9F44043A9F443D469F44DD
:108CB0007F529F441D569F44B2599F44505D9F442C
:108CC000EE609F4483649F4421689F44B66B9F4439
:108CD000546F9F44E9729F44EECC9F4427D99F4430
:108CE00068E59F44A2F19F44E3FD9F441D0AA04410
:108CF0005E16A0449822A044D92EA044123BA04462
:108D00004C47A0448D53A044C75FA044086CA044C6
:108D10004278A0447B84A044BC90A044F69CA0442C
:108D20002FA9A04471B5A044AAC1A044E3CDA0449A
:108D30001DDAA0445EE6A04498F2A044D1FEA0440F
:108D40000A0BA1444C17A1448523A144BE2FA14482
:108D5000F83BA1443148A1446A54A144AC60A14409
:108D6000E56CA1441F79A1445885A1449191A14487
:108D7000CB9DA14404AAA1443DB6A14477C2A1441D
:108D8000B0CEA144E9DAA14423E7A1445CF3A144B5
:108D900096FFA144CF0BA2440818A2444224A24447
:108DA0007B30A244B43CA244EE48A2442755A244DE
:108DB0006061A2449A6DA244D379A2440486A2447D
:108DC0003D92A244779EA244B0AAA244E9B6A2442E
:108DD00023C3A24454CFA2448DDBA244C7E7A244DC
:108DE00000F4A2443100A3446A0CA344A418A34491
:108DF000DD24A3440E31A344483DA3448149A34448
:108E0000B255A344EC61A344256EA344567AA3440F
:108E10008F86A344C192A344FA9EA34433ABA344D8
:108E200064B7A3449EC3A344CFCFA34408DCA344A8
:108E3000A4E8A34473F4A344A400A444DD0CA44414
:108E40000E19A4444825A4447931A444B23DA44455
:108E5000E349A4441D56A4444E62A4447F6EA44436
:108E6000B87AA444E986A4441B93A444549FA44420
:108E700085ABA444BEB7A444F0C3A44421D0A44409
:108E800052DCA4448BE8A444BCF4A444EE00A54402
:108E9000270DA5445819A5448925A544BA31A544F0
:108EA000EC3DA5441D4AA5444E56A5448762A54401
:108EB000B86EA544E97AA5441B87A5444C93A54404
:108EC000859FA544B6ABA544E7B7A54419C4A544FE
:108ED0004AD0A5447BDCA544ACE8A544DDF4A54418
:108EE0000E01A6443F0DA6447119A644A225A6442E
:108EF000D331A644043EA644354AA6446656A64449
:108F00009862A644C96EA644FA7AA6442B87A64462
:108F10005493A644859FA644B6ABA644E7B7A6449F
:108F200019C4A6444AD0A64473DCA644A4E8A644C7
:108F3000D5F4A6440601A744370DA7446019A744F9
:108F40009125A744C331A744EC3DA7441D4AA7443B
:108F50004E56A7447F62A744A86EA744D9FAA644F8
:108F60000A87A6443313A644649FA5448D2BA544C9
:108F7000BEB7A444F043A44419D0A3444A5CA3441C
:108F800073E8A744A4F4A744CD00A844FE0CA84469
:108F90002719A8445825A8443D32A844B23DA84406
:108FA000DB49A8440C56A8443562A844666EA84420
:108FB0008F7AA844C186A844E992A844129FA84485
:108FC00044ABA8446DB7A84496C3A844C7CFA844EF
:108FD000F0DBA84419E8A8444AF4A8447300A94463
:108FE0009C0CA944C518A944F624A9441F31A944DE
:108FF000483DA9447149A944A255A944CB61A9445B
:10900000F46DA9441D7AA9444686A9447792A944DF
:10901000A09EA944C9AAA944F2B6A9441BC3A94465
:1090200044CFA9446DDBA94496E7A944BEF3A94403
:10903000E7FFA944100CAA443918AA446224AA44A0
:109040008B30AA44B43CAA44DD48AA440655AA443D
:109050002F61AA44586DAA448179AA44AA85AA44DA
:10906000D391AA44FC9DAA4425AAAA444EB6AA4478
:1090700077C2AA4498CEAA44C1DAAA44E9E6AA442F
:1090800012F3AA443BFFAA445C0BAB448517AB44E4
:10909000AE23AB44D72FAB44003CAB442148AB4498
:1090A0004A54AB447360AB44936CAB44BC78AB4460
:1090B000E584AB440691AB442F9DAB4458A9AB4427
:1090C00079B5AB44A2C1AB44CBCDAB44ECD9AB44F6
:1090D00014E6AB4435F2AB445EFEAB44870AAC44C5
:1090E000A816AC44D122AC44F22EAC441B3BAC4499
:1090F0003B47AC446453AC44855FAC44AE6BAC447A
:10910000CF77AC44F083AC441990AC44399CAC4468
:1091100062A8AC4483B4AC44A4C0AC44CDCCAC4451
:10912000EED8AC440EE5AC4437F1AC4458FDAC4449
:109130007909AD44A215AD44C321AD441B9BAD4498
:109140006A14AE44B28DAE44F206AF442980AF44F7
:1091500050F9AF446F72B04485EBB0449364B144AE
:109160009ADDB1449856B24485CFB2447348B344B3
:1091700050C1B344253AB444F2B2B444B62BB5441A
:109180006AA4B5441F1DB644C395B6445E0EB744E9
:10919000F286B7447DFFB7440078B84473F0B84412
:1091A000DD68B94448E1B944A259BA44F4D1BA449B
:1091B000354ABB4477C2BB44A83ABC44D9B2BC448C
:1091C000FA2ABD4412A3BD441B1BBE442393BE44D4
:1091D000310CBF447384BF44FAFABF44D972C0440F
:1091E000B0EAC0447F62C1443DDAC144FC51C2448C
:1091F000AAC9C2445041C344EEB8C3448330C444F6
:1092000008A8C4448D1FC5440297C5446F0EC644C8
:10921000D385C6442FFDC6448374C744C7EBC744F7
:109220000263C8443DDAC8446851C9448BC8C94484
:10923000A63FCA44B0B6CA44BA2DCB44B4A4CB446A
:10924000A61BCC448F92CC447109CD444A80CD44B6
:1092500012F7CD44DB6DCE4493E4CE44445BCF445F
:10926000ECD1CF448B48D0441BBFD044AA35D14465
:1092700029ACD144A022D2440E99D244750FD344D4
:10928000CB85D34421FCD3446672D444ACE8D444A7
:10929000E15ED5440ED5D5442B4BD64448C1D644C7
:1092A0005437D74460ADD7445C23D8445099D84450
:1092B000330FD9441785D944F2FAD944BC70DA4443
:1092C0007FE6DA44395CDB44ECD1DB449647DC448E
:1092D0002FBDDC44C932DD4452A8DD44D31DDE4439
:1092E0004C93DE44BC08DF441D7EDF4485F3DF443D
:1092F000CD68E04414DEE0445453E1448BC8E144BB
:10930000BA3DE244E1B2E244F827E344069DE34477
:109310000C12E4440A87E44400FCE444EE70E544A3
:10932000CBE5E544A05AE64475CFE6443944E7442A
:10933000EEB8E744A22DE8444EA2E844E916E94419
:109340007D8BE9440800EA448B74EA4406E9EA4468
:10935000795DEB44DBD1EB443546EC448FBAEC4409
:10936000D12EED4412A3ED444C17EE447D8BEE4418
:109370009EFFEE44B673EF44C7E7EF44CF5BF04483
:10938000CFCFF044BE43F144AEB7F1448D2BF2444D
:10939000649FF2443313F344FA86F344B8FAF34477
:1093A000666EF44414E2F444B255F54448C9F544F9
:1093B000D53CF64452B0F644CF23F7443B97F744EC
:1093C000A80AF844047EF84458F1F844A464F94427
:1093D000DFD7F9441B4BFA4446BEFA446831FB44DC
:1093E00083A4FB449617FC44A08AFC449AFDFC44E9
:1093F0009370FD447DE3FD445E56FE4437C9FE4450
:10940000083CFF44D1AEFF44C51000451D4A00454D
:1094100071830045C5BC00450CF60045542F01453D
:1094200098680145D3A101450ADB01453D14024579
:109430006D4D024598860245BEBF0245DDF80245E6
:10944000F8310345126B034525A403452FDD034581
:10945000391604453F4F04453D880445000000008F
:1094600000000000000000000000000000000000FC
:1094700000000000000000000000000000000000EC
:1094800000000000000000000000000000000000DC
:1094900000000000000000000000000000000000CC
:1094A00000000000000000000000000000000000BC
:1094B00000000000000000000000000000000000AC
:1094C000000000000000000000000000000000009C
:1094D000000000000000000000000000000000008C
:1094E000000000000000000000000000000000007C
:1094F000000000000000000000000000000000006C
:10950000000000000000000000000000000000005B
:10951000000000000000000000000000000000004B
:10952000000000000000000000000000000000003B
:10953000000000000000000000000000000000002B
:10954000000000000000000000000000000000001B
:10955000000000000000000000000000000000000B
:1095600000000000000000000000000000000000FB
:1095700000000000000000000000000000000000EB
:1095800000000000000000000000000000000000DB
:1095900000000000000000000000000080807F7ECE
:1095A0007D7C7B7A79787776767574737271717059
:1095B0006F6E6E6D6C6C6B6A6A696868676666650B
:1095C0006464636362616160605F5F5E5E5D5D5C99
:1095D0005C5B5B5A5A59595858575756565555550A
:1095E0005454535352525251515050504F4F4F4E6A
:1095F0004E4D4D4D4C4C4C4B4B4B4A4A4A494949B8
:1096000048484847474747464646454545444444F9
:109610004443434343424242424141418182838425
:1096200085868788898B8C8D8E8F9192939596975E
:10963000999A9C9D9FA0A2A3A5A7A8AAACAEB0B2E0
:10964000B3B5B7B9BCBEC0C2C5C7C9CCCED1D4D7DB
:10965000D9DCDFE2E6E9ECF0F3F7FAFE7C960008ED
:1096600000000020D4000000F80000085097000817
:10967000D4000020E40E00001401000801000000E6
:10968000040000000000000000127A00000000004A
:1096900000000000000000000000000000000000CA
:1096A00000000000000000000000000000000000BA
:1096B00000000000000000000000000000000000AA
:1096C000000000000000000000000000000000009A
:1096D000000000000000000000000000000000008A
:1096E000000000000000000000000000000000007A
:1096F000000000000000000000000000000000006A
:109700000000000000000000000000000000000059
:109710000000000000000000000000000000000049
:109720000000000000000000000000000000000039
:109730000000000000000000000000000000000029
:109740000000000000000000000000000000000019
:04000005080000B53A
:00000001FF
