:020000040800F2
:10000000D06B0020E1010008C19A0008C58F0008EC
:10001000259700084F0F0008EDAF00080000000012
:1000200000000000000000000000000089A500089A
:100030005517000800000000819D00082DAA000847
:10004000FB010008FB010008FB010008FB010008A0
:10005000FB010008FB010008FB010008FB01000890
:10006000FB010008FB010008FB0100081D1500084A
:10007000FB010008FB010008FB010008FB01000870
:10008000FB010008FB010008FB010008FB01000860
:10009000FB010008FB010008FB010008996F000844
:1000A000FB010008FB010008FB010008FB01000840
:1000B000FB01000825AB0008FB010008FB0100085C
:1000C000FB010008FB010008FB010008FB01000820
:1000D000FB010008FB010008FB010008FB01000810
:1000E000FB010008FB010008FB010008FB01000800
:1000F000FB010008FB010008FB010008FB010008F0
:10010000FB010008FB010008FB010008FB010008DF
:10011000FB010008FB010008FB010008FB010008CF
:10012000FB010008FB010008FB010008FB010008BF
:10013000DFF810D000F048FC0048004709B700087D
:10014000AFF30080D06B0020224B19680868B0E83C
:10015000F00F80F30988BFF36F8F4FF0000080F33A
:1001600011884EF00D0E7047000000000648006830
:10017000006880F3088862B661B6BFF34F8FBFF3A3
:100180006F8F00DF00BF00BF08ED00E0EFF30980D4
:10019000BFF36F8F0F4B1A6820E9F00F106008B59E
:1001A0004FF0500080F31188BFF34F8FBFF36F8F74
:1001B0000BF00EFE4FF0000080F31188BDE8084000
:1001C00019680868B0E8F00F80F30988BFF36F8FF3
:1001D000704700BF30000020EFF30580704700003B
:1001E0000648804706480047FEE7FEE7FEE7FEE7D1
:1001F000FEE7FEE7FEE7FEE7FEE7FEE7BFAA000830
:1002000031010008202A04DB203A21FA02F0002103
:10021000704721FA02F3D040C2F120029140084316
:100220001946704740EA01039B0703D009E008C95B
:10023000121F08C0042AFAD203E011F8013B00F8AB
:10024000013B521EF9D27047D2B201E000F8012BF7
:10025000491EFBD270470022F6E710B513460A4646
:1002600004461946FFF7F0FF204610BD30B504469E
:100270000020034600E05B1C934203D2E05CCD5CAF
:10028000401BF8D030BDF0B480EA0102D40F420028
:10029000B2EB410F02D20246084611464A0042D054
:1002A000C30DDDB2C1F3C752AD1A202D35DAC1F34B
:1002B000160141F4000204B15242C5F1200602FACF
:1002C00006F12A411044B3EBD05F23D0C4B1012D15
:1002D000A0EBC35009DCF0BC4FF0004202EAC3526D
:1002E000DBB200F5000000F0E3BA400000F18070DE
:1002F00000EBC350A0F1807040EAD170490009E0E2
:10030000490841EAC071A0EBC35000F50000400865
:1003100000EBC350F0BC00F0C2BA6142012202EB14
:100320004101001BF6E7F0BC704781F00041AAE7ED
:1003300080F00040A7E780EA010210B502F0004318
:10034000400022D04A001FD0010E01EB1261C0F321
:100350005600C2F3560240F4000042F40002A0FB33
:10036000022000047F39140400D0401C50EA1240DF
:1003700001D44000491EC2B20C0604EBD010401C50
:100380004008802A02D003E0002010BD20F00100C8
:10039000002900DA0020184310BD30B480EA0102C1
:1003A00002F0004530F0004221F0004013D090B13F
:1003B000C30DD40DC2F31601C0F31600E41A41F4C4
:1003C000000140F400027D34914201D3641C00E03E
:1003D0004900002C02DA30BC002070474FF40000C6
:1003E0000023914201D3891A034340084FEA410197
:1003F000F7D151B1914202D14FF0004105E002D254
:100400004FF0010101E06FF0010103EBC4502844FB
:1004100030BC00F044BA420005D0C0F3C75252428B
:10042000914201DC0020704700EBC15070472DE97C
:10043000FE4F804681EA0300C00F0C46009021F079
:10044000004123F00045B8EB0200A94105D2404627
:10045000214690461C460B46024623F000401043BE
:1004600047D0270DC7F30A00C3F30A510290401A80
:10047000019040286BDAC3F3130040F4801B00980E
:10048000924620B10023D2EB030A63EB0B0B0198D9
:100490005946C0F14002504600F0E0F906460D46CC
:1004A00050465946019A00F0E8F910EB0800614106
:1004B000002487EA115284EAE7731A4340D0009A75
:1004C00062B3019A012A4FEA075215DC001B61EB67
:1004D00002014FF0004202EA0752CDE90042001C3F
:1004E00041F5801132462B4600F01FFA03B0BDE8FB
:1004F000F08F40462146F9E7001B61EB0201001C2A
:1005000041F5801300185B412018A2F5001747EB56
:10051000030140EAD570B6196D4111E06D084FEA4C
:10052000360645EAC0754FEA0752001B61EB02012F
:10053000001C41F5801149084FEA30000019514173
:1005400032462B4603B0BDE8F04F00F0DFB900980B
:10055000012240000023D0EB020263EBE07300981D
:1005600021464FEAE074B8EB000061EB0401E9E7D3
:1005700083F000435BE781F0004158E72DE9FE4F2F
:1005800081EA030404F0004421F0004100944FF09C
:10059000000B23F0004350EA01045ED052EA03044A
:1005A0005BD0C3F30A54C1F30A552C44A4F2F334CC
:1005B0000194A0FB0254C1F3130141F48011C3F371
:1005C000130343F4801301FB024400FB034E840A2F
:1005D000970A44EA815447EA8357A4FB07680295C7
:1005E0008D0A05FB07854FEA932C04FB0C54270565
:1005F000029D4FEA065847EA1637B5EB08056EEB41
:10060000070C870E920E47EA811742EA8312A7FB76
:100610000201B6EB0B0164EB00042B0D43EA0C3333
:100620005E1844EB1C50DA465146E7FB0201C5F365
:1006300013044FEA0B3343EA14534FEA0432019C8C
:1006400043EA0603A4F10C040294009CCDE900B433
:1006500000F06BF903B0BDE8F08F00200146F9E728
:100660002DE9F04D81EA030404F0004B21F0004530
:1006700014464FF0000A23F0004150EA050220D052
:1006800054EA01021DD0C5F30A570246C5F313030D
:10069000C1F31300C1F30A5640F4801543F48013EC
:1006A000A7EB0608101BD64608F2FD3873EB0500D1
:1006B00002D308F1010801E092185B41B8F1000F84
:1006C00003DA00200146BDE8F08D00204FF48011D0
:1006D000064684460EE0171B73EB050705D3121B75
:1006E00063EB050306434CEA010C49084FEA30006E
:1006F00092185B4150EA0107EDD152EA030012D093
:1007000082EA040083EA0501084305D0101BAB41CF
:1007100006D20122002306E000224FF0004302E04F
:100720006FF0010253101AEB06004CEB085110EB6E
:100730000A0041EB0B01BDE8F04D00F0E7B8C10F36
:1007400080EAE0700844CA079623002100F0B0B8A0
:1007500096230022114600F0ABB80EB5C10F80EA17
:10076000E0700844CA07002140F233438DE80E00D0
:100770000A460B4600F0D9F803B000BD00F0004275
:1007800020F00040C10DC0F3160040F400007F29A6
:1007900001DA00207047962903DCC1F19601C840B8
:1007A00001E096398840002AF4D04042704720F09A
:1007B0000040C10DC0F3160040F400007F2901DAAB
:1007C00000207047962903DCC1F19601C8407047AC
:1007D00096398840704700F0004230F000400AD05F
:1007E000C10D01F56071C0F3160042EA0151C20863
:1007F00040071143704700200146704701F0004355
:1008000030B421F0004150EA010206D00A0DA2F5F1
:100810006072C1F31301002A02DC30BC0020704773
:10082000440F44EAC104C100E01830BC00EBC250E0
:1008300000F035B8002801DBC0F10040002901DBE1
:10084000C1F1004181427047002801DBC0F1004046
:10085000002901DBC1F1004188427047202A04DBF6
:10086000203A00FA02F1002070479140C2F12003C3
:1008700020FA03F3194390407047202A06DBCB1778
:10088000203A41FA02F043EAE07306E041FA02F34B
:10089000D040C2F120029140084319467047002918
:1008A000A8BF7047401C490008BF20F001007047F6
:1008B00010B4B0FA80FC00FA0CF050EA010404BF56
:1008C00010BC704749B1CCF1200421FA04F411FAAC
:1008D0000CF118BF012121430843A3EB0C01CB1DF0
:1008E0004FEA00614FEA102042BF002010BC704761
:1008F00000EBC35010440029A4BF10BC7047401C3B
:10090000490008BF20F0010010BC704710B5141E4C
:1009100073F1000408DA401C41F1000192185B41B8
:100920001A4301D120F0010010BD2DE9F04D92468F
:100930009B4611B1B1FA81F202E0B0FA80F22032A6
:100940009046FFF78BFF04460F4640EA0A0041EA53
:100950000B0153465A46084313D0114653EA01008F
:1009600019D0C8F140025046FFF74CFC05460E4630
:10097000504659464246FFF771FF084305D0012013
:1009800004E020463946BDE8F08D0020054346EAE4
:10099000E0762C4337430A986305E40AA0EB08008D
:1009A0000022FD0A44EA47540A3002D500200146DD
:1009B000E9E7010510196941DDE9084500196941B8
:1009C000BDE8F04DA2E70000064C074D06E0E068E8
:1009D00040F0010394E8070098471034AC42F6D386
:1009E000FFF7AAFB38C9000858C900082DE9F047ED
:1009F000184806F039FC08221749164806F00CFE84
:100A0000DFF858800025164F08F11009DFF854A0D0
:100A100000F068F95FF0000458F8240000F0C6F810
:100A200004EBC40107EBC106F08359F8240000F081
:100A3000BDF8B083504609F0A5F9641C708BE4B290
:100A4000B084042CE8D36D1CEDB2642DE0D3BDE876
:100A5000F08700000C010020F4490020E45600203B
:100A6000485C00209A99193F70B504460068816877
:100A7000C943C90717D1816821F00101816007F0DE
:100A80002DFA05460AE000BF07F028FA401B0228AD
:100A900004D920688068C043C00706D020688068F9
:100AA000C043C007F0D0002070BDA06A40F0100025
:100AB000A062E06A40F00100E062012070BD10B564
:100AC0000146406A826A12F0500F05D0006A026B3C
:100AD000BDE8104008461047816A41F40071816208
:100AE00001688968C1F3424107290CD1017B51B9E2
:100AF000816A21F480718162816AC90403D4816AA8
:100B000041F00101816206F099FC10BD10B5406A08
:100B1000816A41F040018162C16A41F00401C16211
:100B200006F08EFC10BD10B5406A06F088FC10BDC2
:100B3000F8B500260446009600688168C943C907D5
:100B40002DD0816841F00101816016481649006886
:100B5000B0FBF1F000E0401E00900028FBD107F050
:100B6000BDF9054616E000BF07F0B8F9401B0228A2
:100B700010D920688068C043C0070BD0A06A40F03D
:100B80001000A062E06A40F00100E06284F8246096
:100B90000120F8BD20688068C043C007E4D1002070
:100BA000F8BD00000C00002040420F002DE9F0418C
:100BB00007464548874202DA0120BDE8F0814348F4
:100BC000D0F898163846FFF73FFE01D20220F4E72E
:100BD0003F4C00203D4D20804FF4D37060801AE0E0
:100BE00055F820103846FFF725FE0FD82088618879
:100BF0000844400855F820103846FFF725FE05D276
:100C00002088618808444008208004E020886188AA
:100C100008444008608060882188411A0129DFDC8F
:100C20002C488742208855F8201038463EDAFFF7D6
:100C300001FE3ED0608855F820103846FFF7FAFDD7
:100C400040D020462688408855F8261055F82000C8
:100C50000C46FFF76AFB10F0FF4F21D005462146F6
:100C60003846FFF762FB1C49FFF765FB1B49FFF79E
:100C70000AFB1B49FFF791FB2946FFF78EFB044651
:100C8000163E06EB86004000FFF759FD2146FFF7B0
:100C9000FAFAFFF773FD07E0163800EB800002E078
:100CA000163E06EB8600400080B286E7FFF7C2FDE5
:100CB00001D12088F0E7608855F820103846FFF70A
:100CC000B9FDF6D16088E7E7B86E644408C2000851
:100CD00080000020C321AD440000C8420000A040B5
:100CE000000020412DE9F04F89B000244FF0333B44
:100CF000204606F001FAFFF722FD5B4F47F834006B
:100D0000204606F029FAFFF71AFD07EBC4018046DA
:100D100048605748554940680090FFF70CFBFFF7C3
:100D20005AFDDFF8509105460E4649464046FFF70A
:100D300002FB6FF00B0A5146FFF76DFBFFF74BFD0F
:100D4000DFF834815A464346FFF78AFC2A46334689
:100D5000FFF76DFBFFF752FD07F1200141F824007A
:100D6000039057F834004946FFF7E5FA5146FFF77C
:100D700052FBFFF730FD5A464346FFF771FC2A4607
:100D80003346FFF754FBFFF739FD07F13001064604
:100D900041F82400002C60D0012C60D0022C60D0DF
:100DA000012503990098FFF7C0FADFF8D0900746B5
:100DB00049460398FFF7BFFA3946FFF7EEFADFF826
:100DC000C0804146FFF7B7FA27490746603141F82E
:100DD000250031460098FFF7A8FA8246494630467A
:100DE000FFF7A9FA5146FFF7D8FA4146FFF7A3FAF1
:100DF0001D490646703141F82500224800EB850068
:100E0000416A4046FFF7C9FA80463946FFF793FA30
:100E10001549403141F8250040463146FFF78BFA2D
:100E2000114E194F5036B84246F825000DDB3946B1
:100E3000FFF77BFA1549FFF7B0FA1549FFF77BFA80
:100E40003946FFF720FA46F82500641CE4B2042C6A
:100E5000FFF44EAF09B0BDE8F08F0225A1E70025F1
:100E60009FE703259DE70000A45600207F526E3EB9
:100E7000800000203333534033331B400000404098
:100E800000007A4494570020ECD1DB44806B364359
:100E900090C2C6432DE9F05F92460A46DDE90A4753
:100EA00083461E4651461046FFF73FFAE06032681F
:100EB000814601461046FFF73EFA20601BF0FF40D6
:100EC00087F0004504D059464FF07E50FFF765FA91
:100ED00080465046216AFFF728FA4146FFF72BFA71
:100EE0000146B06880F00040FFF725FAA06128466F
:100EF0004946FFF7A9FC01D2284607E03946E068D9
:100F0000FFF7A2FC01D2384600E0E0687168FFF705
:100F100012FA5946FFF70FFA6168FFF7B4F96060FB
:100F200010F1FF4F01D3002106E00C99FFF78CFC74
:100F300001D20C9900E0616861602068FFF7A3F9B5
:100F4000A169FFF7A0F9C4E908A0BDE8F09FFEE79A
:100F50002DE9F041204C80464FF4000160688E136B
:100F60001E4F884204DAA2688A4201DA002219E0A0
:100F700010F0FF4F09D001223146384606F0A9FF94
:100F800040466168FFF7D4F96060A56815F0FF4F2F
:100F90001FD040462168FFF776F91149206088424A
:100FA00006DA012231463846BDE8F04106F091BF2D
:100FB0000B490C4A494201449142D7D30A4988421D
:100FC00007DB4FF07E512846FFF7AFF9A060002005
:100FD0002060BDE8F081000070000020001001409A
:100FE000CDCC4C3ECDCC4C009A99993E08B50AF038
:100FF000BFFF054C00902046FFF7AAFF322168464C
:101000000AF078FFF7E70000CDCC4C3D2DE9F05F0A
:101010002848284A294F01682748D2E901530E1869
:10102000DFF89C90274CDFF8A080C0432749D268A6
:101030004FF0010A4FF07E5BBE4214D2854212DDB2
:101040008D4210DA83420EDD8B420CDA82420ADDD9
:101050008A4208DA99F834C0BCF1000F03D184F851
:1010600000A0C8F800B0BE4222D2854220DD8D42E9
:101070001EDA83421CDD8B421ADA824218DD8A4274
:1010800016DA13480189C06806F01EFF00280FD148
:1010900084F800A0002189F834100E49C9F8241002
:1010A000C9F82810C9F82C10C9F83010C8F800B0D9
:1010B000BDE8F09FE4560020FF7F88BBFFFF0400DF
:1010C00094570020F00000207400002000807C4431
:1010D000A449002000007A44034C204600F006F8A2
:1010E00032200AF0B7FDF8E7CDCC4C3D2DE9F047B2
:1010F000DFF8789099F80000002834D01C48006888
:10110000B0F5000F2FDA1B4E1C4DA6F1010898F820
:101110000040305D401CC7B21748375550F82410C6
:1011200055F82400FFF7AFF845F82400322F1AD302
:1011300047461349FFF731F9124901EB8402506227
:10114000002045F824003055641CE2B23A70032AAE
:1011500009D9012281F834200C4989F800000A4895
:1011600008600B480270BDE8F0870000F000002026
:1011700074000020A6000020E4560020BC58002087
:1011800000004842945700200000A0407800002052
:101190009C00002070B50446184800F1100650F875
:1011A000245056F82400A6F12001854201D9281ABE
:1011B00003E04FF6FF72101A284441F82400FFF7AD
:1011C000C7FA01460E48FFF7E8F80C49203141F80C
:1011D000240046F824500B49FFF7ADF84FF0FF31DB
:1011E000FFF719F9FFF7CAFA074904EBC40201EB4C
:1011F000C201C8800020086170BD0000DC570020DB
:1012000000401C4600007042485C00202DE9F14F70
:1012100000251D4CDFF8748082B04FF07E594FF0EE
:10122000020BAA4605EBC50704EBC7067078C8B1E8
:10123000308C0028706B00901AD0002812DD96F8D0
:101240002700032816D00DE00098401E706307D1D8
:1012500086F814B001200F4904F837000C480860E4
:1012600048F825A06D1CEDB2042DDBD3BDE8FE8F40
:101270000028F7DD58F825100298FFF704F848F821
:1012800025004845E0DAEDE7485C0020385C0020A6
:101290000000A040780000202DE9F0470024274DF1
:1012A000DFF89C808246A14604EBC40615F83600A0
:1012B000E8B305EBC607B7F90600642837DC58F831
:1012C00024105046FEF7DFFF48F82400B0F17E5F9F
:1012D0002DDD1C4987F8019005F836901A4A81F8EF
:1012E00001900121117019492046C1F80090002198
:1012F00008F0B0FB6878012817D095F8490001285C
:1013000013D095F8910001280FD095F8D900012845
:101310000BD0286B6863A86FE867D5F8C000C5F8E4
:10132000C400D5F80801C5F80C0148F82490641CE5
:10133000E4B2042CB8D3BDE8F0870000485C00207C
:10134000CC580020EC000020A400002094000020D5
:1013500070B5094C4FF400050646E169A94202DB6D
:10136000FEF7E6FFE061616CA94203DB3046FEF761
:10137000DFFF606470BD0000A4490020F0B527487D
:101380004FF400010127406C254B884201DB1F70A0
:1013900002E01878012840D12248006888423CDAEF
:1013A00021494978002938D110F0FF4F35D11F4D20
:1013B0001F4C0E4601EBC10005EBC000B0F9042044
:1013C000B0F908C0624507D004EB410C0281ACF8CB
:1013D0000220027D02B10675B0F91820B0F920C0D4
:1013E000624509D004EB410C0284ACF80A2090F865
:1013F00027200AB180F82760D0F838C0026B624518
:1014000004D08263426304EB81004261491CC9B28B
:101410000429CFD3074807701E70F0BDA4490020EF
:10142000A400002094000020EC000020485C002074
:10143000945700209C0000202DE9F047254C244FB4
:101440008246A0687E78002500F0FF416EB1D9B3D6
:101450002149496CB1F5000F36DA61684FF07C58CC
:10146000894611F0FF4F06D027E00029F0D1257002
:101470006570A57028E04146FEF757FF1549A0604A
:101480000978C943C9B236B1012E04D0022E05D065
:10149000032E09D00DE02170657003E0257061789E
:1014A000C9436170A57004E025706570A178C943D7
:1014B000A17010F0FF4F00D17D7049465046FEF7F5
:1014C000E2FE6060404500DB6560BDE8F08700003B
:1014D000EC0000208C000020A44900202DE9F047FA
:1014E00000240D4E81464FF07E57A04604EBC40009
:1014F00006EBC00548462969FEF7C5FE2861B842DB
:1015000003DBA5F80680C5F81080641CE4B2042C47
:10151000ECD3BDE8F0870000485C0020014806F0ED
:1015200001B900003C01002030B590F84050012482
:10153000AC40C56B6C60046863604368102B036843
:1015400003D099600068C26030BD9A600068C160D5
:1015500030BD000070B5284900EBC00401EBC400A9
:1015600042787AB3B0F908206AB3037D03253BB112
:10157000012B0BD0022B13D0032B00D1828170BD25
:10158000B0F90C309A4209DB01230375B0F906600B
:10159000B0F90C309E420BDD86810AE00223037510
:1015A000B0F90660B0F90C309E420DDA86810CE08D
:1015B000838111F834100029E1D1B0F90C10914267
:1015C0000BDA70BD13E00AE0838111F834100029B2
:1015D000F7D1B0F90C109142F3DC0575F1E7B0F9E1
:1015E0000620B0F90C108A42C8DB8181E9E70021AE
:1015F00081810175E5E70000485C00202DE9F05F7E
:1016000083460D464E4801EBC50100EBC10400279F
:101610006178B4F91A00DFF82C81002970D0B4F990
:101620002060002E6CD04849484A51F8251091425C
:1016300001DA282105E0B6F52F6F01DA962100E0E6
:10164000BE21321A002A00DC821B8A426BDA94F82F
:1016500027104FF0030941B1012913D0022950D0BE
:10166000032900D1A684BDE8F09F864202DD4FF039
:10167000010002E054DA4FF0020084F82700608B8A
:101680006085F0E7618B2185608D814201D9A1845D
:101690002FE0B6F57A7F13D1B4F924A082450DD19D
:1016A00058F825105846FEF7EEFD294948F8250060
:1016B000884205DD0AF10100A084608548F82570A4
:1016C000B4F924A0A6EB0A0014280FDC58F8251062
:1016D0005846FEF7D8FD48F82500B0F1804F05DDEB
:1016E0000AF10100A084608548F82570608DA0840F
:1016F0002085208D6085B4F92400B04210DAB2E76D
:1017000015E0618B2185608D814201D2A18401E0C9
:10171000A0842085208D6085B4F92400B042A2DC2D
:1017200084F827909FE784F82770A0849BE7A08423
:101730002785678584F8277048F8257093E70000AF
:10174000485C002084570020E456002000800945B2
:101750000000204170470000044948430921B0FBC4
:10176000F1F000BF401EFCD270470000401901009C
:1017700071B54FF461754FF0E023104E009819E0F9
:101780002C46A04200D804469869614201EBC10191
:1017900010EBC10105D49A69824208DA8A42FADA6A
:1017A00005E08A1999698142FCDD9142FADC0098D2
:1017B000001B00900028E3D178BD00004019010013
:1017C0002DE9F05F0546B0F99C004FF47A790A24C0
:1017D000484527DB90FBF9F090FBF4F104FB110086
:1017E00010F0FF071ED0002202214E2009F080FFDA
:1017F000022211464D2009F07BFFB5F99C006426BA
:10180000632873DD90FBF6F090FBF4F104FB11000C
:10181000C7B20A2F24D2DFE807F078070F373E4A15
:10182000565D6A710222DFE7002254E003214B205B
:1018300009F05EFF02220FE0012211464D2009F05F
:1018400057FF052207214C2009F052FF03221146C1
:101850004B2009F04DFF002202214A2009F048FFE9
:10186000B5F99C00092875DD90FBF4F090FBF4F1CC
:1018700004FB1100C7B20A2F6DD2DFE807F0FC525B
:101880005A6D748087DCE8F0012211464D2009F082
:101890002FFF012211E0002201214D2009F028FF35
:1018A000032207214C2009F023FF0122BEE7012279
:1018B00011464D2009F01CFF022207214C2009F09F
:1018C00017FF0322B2E7012211464D2009F010FF55
:1018D0000622F2E7012201214D2009F009FF012231
:1018E00007214C2009F004FF00229FE70DE00122B0
:1018F00011464D2009F0FCFE0722DEE701221146C9
:101900004D2009F0F5FE0322D7E7012211464D20B4
:1019100009F0EEFE072211464C2009F0E9FE0222F2
:1019200084E7002288E00321482009F0E1FE032239
:101930003CE0012211464A2009F0DAFE022203218E
:10194000492009F0D5FE03221146482009F0D0FEB7
:1019500001222BE08FE02DE0012211464A2009F000
:10196000C7FE002281E0002201214A2009F0C0FECA
:1019700001220321492009F0BBFE0122D3E7012205
:1019800011464A2009F0B4FE012205E00122114669
:101990004A2009F0ADFE03220321492009F0A8FEE8
:1019A00003221146482009F0A3FE0222032147200A
:1019B00009F09EFE01221146462009F099FEF948E1
:1019C000DFF8E4A34FF4000B007838B1DAF84400F4
:1019D000584503DAF5488078022858D0B5F99A00BE
:1019E00000287DD048457CDB90FBF9F090FBF4F1BA
:1019F00004FB110010F0FF0773D0002201214520E5
:101A000009F076FE01221146442009F071FEB5F975
:101A10009A00632866DD90FBF6F090FBF4F104FB7E
:101A20001100C7B20A2F7DD2DFE807F05C979FB0A4
:101A3000B7C3CFF8F7F6012201214A2009F058FE7A
:101A400000220321492009F053FE00226BE7012206
:101A500011464A2009F04CFE032206E0FFE701226E
:101A600011464A2009F044FE01220321492009F0D1
:101A70003FFE032257E7012211464A2009F038FEB3
:101A800003221146492009F033FE02224BE70022CF
:101A90000121452009F02CFE00220121442009F0FB
:101AA00027FE00220121432009F022FE002201210D
:101AB000422009F01DFE00220321412009F018FEFA
:101AC00000220321402009F013FE002201213F20C3
:101AD00009F00EFE002206213F2009F009FE02E077
:101AE00003E038E0D0E000222AE000220121452076
:101AF00009F0FEFD00220121442009F0F9FD002239
:101B00000121432009F0F4FD00220121422009F0C7
:101B1000EFFD01220321412009F0EAFD002203210B
:101B2000402000E06AE009F0E3FD002201213F20AF
:101B300009F0DEFD002206213F2009F0D9FD022236
:101B400007213E2009F0D4FD002203213D2009F0A9
:101B5000CFFD0022DEE0012250E7002267E00321F2
:101B6000402009F0C5FD012244E001221146432036
:101B700009F0BEFD00220121422009F0B9FD032237
:101B80001146412009F0B4FD0222E8E70122114686
:101B9000432009F0ADFD00226BE00022012143202B
:101BA00009F0A6FD01221146422009F0A1FD012203
:101BB00047E001221146432009F09AFD0122114617
:101BC000422009F095FD01220AE00122114643203E
:101BD00009F08EFD01221146422009F089FD032201
:101BE0000321412009F084FD03221146402009F021
:101BF0007FFD002201213F2009F07AFDB5F99A000E
:101C0000092873DD90FBF4F090FBF4F104FB110064
:101C1000C7B20A2F7DD202E025E018E006E0DFE837
:101C200007F0963F4652596769868D8F0122012140
:101C3000432009F05DFD00220121422009F058FDFA
:101C400000220321412009F053FD012287E70122F0
:101C50001146432009F04CFD01221146422009F0B3
:101C600047FD03220AE001221146432009F040FD0E
:101C700001220121422009F03BFD012203214120E4
:101C800009F036FD03226AE701221146432009F0DC
:101C90002FFD01221146422009F02AFD0222EDE724
:101CA000002206213F2009F023FD042218E006222D
:101CB00011463F2009F01CFD022207213E2009F0B9
:101CC00017FD032221E0042206213F2009F010FD28
:101CD0000622F2E7002206213F2009F009FD072233
:101CE00007213E2009F004FD02220EE02FE010E063
:101CF000042200E0062206213F2009F0F9FC072219
:101D000011463E2009F0F4FC012203213D2009F098
:101D1000EFFC022202213C2009F0EAFCB5F9B400F4
:101D20004FF46178002819DB90FBF9F11CE00022E8
:101D300006213F2009F0DCFC0422BEE7062200E079
:101D4000042206213F2009F0D3FC0722B5E7062232
:101D500011463F2009F0CCFC0522AEE710F16301EB
:101D600008D3414291FBF9F191FBF4F204FB12110B
:101D7000CFB205E000F2E731414501D20A276CE01D
:101D80000A2F6AD2DFE807F0052A313D3F46485462
:101D90005B5D48450CDB0C2211464E2009F0A8FC87
:101DA000142254E08C000020A4490020EC00002004
:101DB00000220C214E2009F09BFC00221C214D200A
:101DC00009F096FC002218214C2009F091FCB5F98D
:101DD000B400002848DB90FBF6F151E000220C2112
:101DE0004E2009F085FC002231E008220C214E2013
:101DF00009F07EFC1C2211464D2009F079FC0822D6
:101E0000E1E700221EE004220C214E2009F070FCC4
:101E100008221CE0042200E00C220C214E2009F0D4
:101E200067FC1C2211464D2009F062FC1022CAE713
:101E300000220C214E2009F05BFC042207E00C225A
:101E400000E004220C214E2009F052FC1C221C212F
:101E50004D2009F04DFC1822B5E700220C214E2040
:101E600009F046FC0822A9E710F1630101D30A2713
:101E700052E000F2E731414507D2414291FBF6F1D1
:101E800091FBF4F204FB1211CFB20A2F44D2DFE827
:101E900007F0051D1F26282A2C333A3C632806DD4F
:101EA0003C2211464B2009F023FC2C2205E00022A5
:101EB0003C214B2009F01CFC002238214A2009F06B
:101EC00017FCB5F9B40000282DDA34E0002214E044
:101ED00034223C214B2009F00BFC1822EDE7242290
:101EE00014E0082212E02C2200E03C223C214B208E
:101EF00009F0FEFB3022E0E704223C214B2009F0F0
:101F0000F7FB2822D9E73C2200E02C223C214B2081
:101F100009F0EEFB3C22D0E700223C214B2009F0E7
:101F2000E7FB1022C9E790FBF4F090FBF4F104FB0F
:101F30001100C7B209E000F16301632903D300F285
:101F4000E731414501D24042EDE70A2F64D2DFE894
:101F500007F0050C1C282A3138445057042211463A
:101F60004A2009F0C5FB142250E0002204214A2037
:101F700009F0BEFB002236E01C21482009F0B8FB26
:101F8000B5F9B400002853DA58E0002204214A20B1
:101F900009F0AEFB1C221146492009F0A9FB1422CE
:101FA000EAE700222DE0042211464A2009F0A0FBB6
:101FB000082218E0042211464A2009F099FB0C225D
:101FC00005E0042211464A2009F092FB1C221C2144
:101FD000492009F08DFB1822CEE7002204214A2077
:101FE00009F086FB04221C21492009F081FB0C2208
:101FF000C2E7042211464A2009F07AFB1C2205E0C0
:10200000042204214A2009F073FB0C221C214920E0
:1020100009F06EFB1C22AFE7002204214A2009F0E0
:1020200067FB08221C21492009F062FB0022A3E77C
:1020300090FBF4F104FB1100C7B209E000F1630169
:10204000632903D300F2E731414501D24042EFE773
:102050000A2F6AD2DFE807F00507363D3F464854AD
:102060005B5D1C224DE000221C21472009F040FB53
:10207000082254E00221452009F03AFB20221146B3
:10208000482009F035FBFE48407838B1DAF84400C2
:10209000584503DAFB48807802284DD0B5F9B200E4
:1020A00000287DDD90FBF9F191FBF4F204FB1211A5
:1020B000CFB20A2F75D2DFE807F07590979EA0A7E0
:1020C000A9B5B7B918221C21472009F011FB062237
:1020D00025E010221EE004221C21472009F008FB05
:1020E0000C221CE0142200E01C221C21472009F0D5
:1020F000FFFA0E220E21462009F0FAFA0022B9E773
:1021000000221C21472009F0F3FA0A2207E01C22D2
:1021100000E014221C21472009F0EAFA0E220E21C9
:10212000462009F0E5FA0222A4E700221C214720FC
:1021300009F0DEFA0422DDE700221C21452009F027
:10214000D7FA00220E21442009F0D2FA00220221FF
:10215000432009F0CDFA00221C21432009F0C8FADF
:1021600000220E21422009F0C3FA0022042141205E
:1021700009F0BEFA00221821412009F0B9FA002224
:102180001C21402009F0B4FA002218213F2009F058
:10219000AFFA002238213E2009F0AAFA0022B9E164
:1021A000BEE14FE0484506DB1C221C21452009F01A
:1021B0009FFA0A2240E000221C21452009F098FAEB
:1021C000002229E00221432009F092FAB5F9B20079
:1021D00000283EDB90FBF6F147E000221C21452061
:1021E00009F086FA082227E018221C21452009F070
:1021F0007FFA062220E0102219E004221C2145204B
:1022000009F076FA0C2217E0142200E01C221C21AF
:10221000452009F06DFA0E220E21442009F068FADB
:102220000022CFE70022C0E71C2200E014221C217C
:10223000452009F05DFA0E220E21442009F058FADB
:102240000222BFE700221C21452009F051FA042296
:10225000E2E710F1630101D30A2762E000F2E731FF
:10226000414507D2414291FBF6F191FBF4F204FBA8
:102270001211CFB20A2F54D2DFE807F0051E252C29
:102280002E3537434547484506DB1C221C21432099
:1022900009F02EFA0A223EE000221C21432009F018
:1022A00027FA002227E00421412009F021FAB5F99C
:1022B000B20000283CDA43E000221C21432009F050
:1022C00017FA082227E018221C21432009F010FAEF
:1022D000062220E0102219E004221C21432009F0EC
:1022E00007FA0C2217E0142200E01C221C214320D4
:1022F00009F0FEF90E220E21422009F0F9F9002220
:10230000D1E70022C2E71C2200E014221C21432056
:1023100009F0EEF90E220E21422009F0E9F904221B
:10232000C1E700221C21432009F0E2F90422E2E780
:1023300090FBF4F090FBF4F104FB1100C7B209E04C
:1023400000F16301632903D300F2E731414501D273
:102350004042EDE70A2F55D2DFE807F0050C1C28B4
:102360002A31333F464818221146412009F0C0F96E
:10237000142241E000221821412009F0B9F900227D
:102380003AE018213F2009F0B3F9B5F9B20000286E
:1023900044DA49E010221821412009F0A9F91C2251
:1023A0001146402009F0A4F90822EAE700221EE0C5
:1023B00008221821412009F09BF908221CE008227C
:1023C00000E018221821412009F092F91C22114640
:1023D000402009F08DF91022D3E700221821412076
:1023E00009F086F9042207E0182200E008221821EB
:1023F000412009F07DF91C221C21402009F078F9C8
:102400001822BEE700221821412009F071F90822A4
:102410001C21402009F06CF90022B2E790FBF4F196
:1024200004FB1100C7B209E000F16301632903D383
:1024300000F2E731414501D24042EFE70A2F63D273
:10244000DFE807F0052C333A3C44464D5456382219
:1024500046E008213C2009F04BF9202211463F209C
:1024600009F046F9D5F8C80078B3D5F8D01048F689
:10247000A04091FBF0F010F0FF007DD0012803E0B8
:102480008C000020EC00002077D0022876D00022BB
:10249000C0214F2009F02CF94022A9E00022382168
:1024A0003E2009F025F9102228E0302238213E2074
:1024B00009F01EF90C2221E020221AE0082238211E
:1024C0003E2009F015F9182218E05BE0282200E010
:1024D000382238213E2009F00BF91C221AE0002294
:1024E00038213E2009F004F9142207E0382200E0E8
:1024F000282238213E2009F0FBF81C221C213D2017
:1025000009F0F6F80822A4E7002238213E2009F05D
:10251000EFF808221C213D2009F0EAF8002298E794
:1025200000221C21452009F0E3F804220E2144205A
:1025300009F0DEF800220221432009F0D9F8002238
:102540001C21432009F0D4F804220E21422009F076
:10255000CFF800220421412009F0CAF800221821F6
:10256000412009F0C5F808221C21402009F0C0F8DC
:10257000002218213F2002E02DE033E050E009F076
:10258000B7F8C1E70022C0214F2009F0B1F840227E
:10259000F0214E2009F0ACF80022E0214D2009F096
:1025A000A7F84022E0214C2009F0A2F80022802167
:1025B0004B2009F09DF80022C0214A2009F098F82C
:1025C0004022E021492009F093F80022C021482050
:1025D00009F08EF84DE1C02211464F2009F088F82D
:1025E000B02205E00022C0214F2009F081F8A0228E
:1025F000F0214E2009F07CF8D5F8D0004FF4616747
:1026000090FBF7F090FBF4F104FB1100C0B20A2834
:1026100061D2DFE800F00C132D393B42444B525499
:102620008022C0214F2009F063F87022E0E7E02209
:1026300011464D2009F05CF8A02246E0002236E069
:1026400080214B2009F054F8D5F8D00090FBF7F129
:1026500007FB11014FF4167091FBF0F0C0B20A288D
:1026600075D2DFE800F03F466875777E808C9395E1
:10267000A022E0214D2009F03BF8E022E0214C208F
:1026800009F036F80022DBE7202219E04022E021A1
:102690004D2009F02DF8602217E0602200E0E022D2
:1026A000E0214D2009F024F8C0220EE02022E02194
:1026B0004D2009F01DF8202207E0E02200E0602212
:1026C000E0214D2009F014F8E022E0214C2009F02F
:1026D0000FF88022B4E70022E0214D2009F008F82D
:1026E0004022CBE7C02211464A2009F001F8A0227F
:1026F00054E00022C0214A2008F0FAFF00224DE0F9
:10270000C021482008F0F4FFD5F8D00090FBF7F185
:1027100007FB11013C2091FBF0F090FBF4F104FB6E
:102720001100C7B20A2F74D2DFE807F04A4C4E55A9
:102730005C63656C74768022C0214A2008F0D8FF63
:10274000E0221146492008F0D3FF4022D8E72BE0D1
:1027500000221EE04022C0214A2008F0C9FF40228A
:102760001CE0402200E0C022C0214A2008F0C0FF47
:10277000E0221146492008F0BBFF8022C0E700227A
:10278000C0214A2008F0B4FF202207E0C02200E068
:102790004022C0214A2008F0ABFFE022E02149207E
:1027A00008F0A6FFC022ABE70022C0214A2008F0B3
:1027B0009FFF4022E021492008F09AFF00229FE776
:1027C000A02209E000220EE0C022E021472008F00C
:1027D0008FFFB02222E04022E021472008F088FF4E
:1027E000F0221BE06022E021472008F081FF6022F8
:1027F00014E0602200E0E022E021472008F078FFAA
:10280000D0220BE00022E021472008F071FF702267
:1028100004E02EE0E022DFE76022DDE7F021462041
:1028200008F066FF402211464B2008F061FFFE4889
:10283000807838B1DAF84400584503DAFB488078EC
:1028400002281DD0D5F8C000F0B3D5F8CC1048F65A
:10285000A04091FBF0F010F0FF0067D001286CD091
:1028600002287DD04022E021452008F041FF0022CF
:1028700069E04022E021472008F03AFF0022CDE73E
:102880000022E021452008F033FF0022F0214420FF
:1028900008F02EFF0022E021432008F029FF00224B
:1028A000F021422008F024FF0022C021412008F03E
:1028B0001FFF0022E021402008F01AFF0022C02163
:1028C0003F2008F015FF00E006E00022C0213E2076
:1028D00008F00EFF002223E04022E021452008F00E
:1028E00007FF0022F021442008F002FF4022E021EF
:1028F000432008F0FDFE0022F021422008F0F8FEFF
:102900000022C021412008F0F3FE4022E0211046C1
:1029100008F0EEFE0022C0213F2008F0E9FE61E150
:10292000E0213D2008F0E4FE00221DE1A022E0218C
:10293000452008F0DDFEF02205E00022E0214520E0
:1029400008F0D6FE6022F021442008F0D1FED5F830
:10295000CC004FF4616790FBF7F090FBF4F100E0DE
:102960000BE004FB1100C0B20A2852D2DFE800F0ED
:102970000C0E282F31383A41484AC022E021452028
:1029800008F0B6FEB022DEE7A0223CE0002221E003
:10299000F021422008F0ACFED5F8CC0090FBF7F116
:1029A00007FB11014FF4167091FBF0F0C0B20A283A
:1029B00074D2DFE800F0353C5E6A6C747682898BF5
:1029C000C022E021432008F093FEB022E0E740223D
:1029D00019E06022E021432008F08AFE6022D7E758
:1029E000602200E0E022E021432008F081FED022B6
:1029F000CEE70022E021432008F07AFE7022C7E7EC
:102A0000E02200E06022E021432008F071FEF02285
:102A1000BEE74022E021432008F06AFE0022B7E72B
:102A2000C0221146412008F063FEA02254E000229B
:102A3000C021412008F05CFE00224DE0C0213F2073
:102A400008F056FED5F8CC0090FBF7F107FB11011A
:102A50003C2091FBF0F090FBF4F104FB1100C7B2B5
:102A60000A2F73D2DFE807F04A515D696B7375AEC8
:102A7000B5B78022C021412008F03AFEE02211467D
:102A8000402008F035FE4022D8E700221FE0402217
:102A9000C021412008F02CFE40221DE022E040220F
:102AA00000E0C022C021412008F022FEE0221146B1
:102AB000402008F01DFE8022C0E70022C0214120F6
:102AC00008F016FE202207E0C02200E04022C021CC
:102AD000412008F00DFEE022E021402008F008FE31
:102AE000C022ABE70022C021412008F001FE4022B5
:102AF000E021104608F0FCFD00229FE7C0221146AD
:102B00003E2008F0F5FDA02205E00022C0213E2075
:102B100008F0EEFD0022E0213D2008F0E9FD6022F2
:102B200022E08022C0213E2008F0E2FDE022114692
:102B30003D2008F0DDFD202216E000224CE040227E
:102B4000C0213E2008F0D4FD4022E4E74AE04022C4
:102B500000E0C022C0213E2008F0CAFDE02211465C
:102B60003D2008F0C5FD402260213C2008F0C0FD5A
:102B700020221146412008F0BBFD042211463C20D2
:102B800008F0B6FD102211463C2008F0B1FD80226D
:102B900011463C2008F0ACFD24488078022828D05B
:102BA000032826D0002201213C2008F0A1FD204866
:102BB00090F99E00F8B101281FD0022848D00328C0
:102BC0002AD14CE00022C0213E2008F091FD2022B5
:102BD000A1E7C02200E04022C0213E2008F088FD8D
:102BE000E02298E70022C0213E2008F081FD40222B
:102BF00096E60122D7E7012200E0002201214F20C2
:102C000008F076FD022202214F2008F071FD01221A
:102C100001214E2008F06CFD054890F8B60050B335
:102C2000002204214F2005E08C000020EC00002051
:102C3000485C002008F05CFD002210214F2008F0C5
:102C400057FDF7488168F74881421BDA08221AE0ED
:102C5000012211464F2008F04BFD0022D3E701224C
:102C600011464F2008F044FD022211464F2008F083
:102C70003FFD0022CCE7042211464F2008F038FD2A
:102C80001022DAE7002208214F2008F031FDE64843
:102C900090F8D40078B3002220214F2008F028FDBE
:102CA000B5F9E400484528DB90FBF9F191FBF4F01D
:102CB00004FB101010F0FF071FD0002202213A2061
:102CC00008F016FD02221146392008F011FDB5F971
:102CD000E400632875DD90FBF6F090FBF4F104FB53
:102CE0001100C7B20A2F26D2DFE807F07A0911399E
:102CF000404C585F6C732022CEE70222DEE70022B0
:102D000054E00321372008F0F3FC02220FE00122F7
:102D10001146392008F0ECFC05220721382008F084
:102D2000E7FC03221146372008F0E2FC00220221D2
:102D3000362008F0DDFCB5F9E400092875DD90FBCC
:102D4000F4F090FBF4F104FB1100C7B20A2F6DD22E
:102D5000DFE807F0F7525A6D748087D7E4EB012261
:102D60001146392008F0C4FC012211E000220121A3
:102D7000392008F0BDFC03220721382008F0B8FCF8
:102D80000122BEE701221146392008F0B1FC0222DF
:102D90000721382008F0ACFC0322B2E701221146DB
:102DA000392008F0A5FC0622F2E701220121392092
:102DB00008F09EFC01220721382008F099FC00222F
:102DC0009FE70DE001221146392008F091FC07220F
:102DD000DEE701221146392008F08AFC0322D7E7FA
:102DE00001221146392008F083FC072211463820C1
:102DF00008F07EFC022284E7002283E003213420D5
:102E000008F076FC03223CE001221146362008F04F
:102E10006FFC02220321352008F06AFC03221146D0
:102E2000342008F065FC01222BE08AE02DE001222D
:102E30001146362008F05CFC00227CE000220121D3
:102E4000362008F055FC01220321352008F050FC03
:102E50000122D3E701221146362008F049FC012265
:102E600005E001221146362008F042FC032203212E
:102E7000352008F03DFC03221146342008F038FCD0
:102E800002220321332008F033FC012211463220B4
:102E900008F02EFC6548007838B1DAF8440058454F
:102EA00003DA63488078032857D0B5F9E200A0B36D
:102EB00048457CDB90FBF9F090FBF4F104FB11003A
:102EC00010F0FF0773D000220121312008F010FC20
:102ED00001221146302008F00BFCB5F9E20063280E
:102EE0007EDD90FBF6F090FBF4F104FB1100C7B21D
:102EF0000A2F76D2DFE807F074A0A8B9C0CCD8FEBC
:102F0000FDFC01220121362008F0F2FB0022032102
:102F1000352008F0EDFB002270E749E00122114660
:102F2000362008F0E5FB032205E001221146362099
:102F300008F0DEFB01220321352008F0D9FB032233
:102F40005CE701221146362008F0D2FB032211462D
:102F5000352008F0CDFB022250E70022012131206C
:102F600008F0C6FB00220121302008F0C1FB00223E
:102F700001212F2008F0BCFB002201212E2008F0A7
:102F8000B7FB002203212D2008F0B2FB0022032111
:102F90002C2008F0ADFB002201212B2008F0A8FB1B
:102FA000002206212B2008F0A3FB00222CE041E0A8
:102FB00000220121312008F09BFB0022012130205A
:102FC00008F096FB002201212F2008F091FB00223F
:102FD00001212E2008F08CFB012203212D2001E08D
:102FE000C1E07AE008F084FB002203212C2008F0E5
:102FF0007FFB002201212B2008F07AFB0022062112
:103000002B2008F075FB022207212A2008F070FB14
:1030100000220321292008F06BFB0022E9E00000D8
:10302000E456002000800945485C00208C00002008
:10303000EC000020012247E7002267E003212C205A
:1030400008F056FB012244E0012211462F2008F02F
:103050004FFB002201212E2008F04AFB03221146DB
:103060002D2008F045FB0222E8E7012211462F201F
:1030700008F03EFB00226BE0002201212F2008F027
:1030800037FB012211462E2008F032FB012247E0D7
:10309000012211462F2008F02BFB012211462E2081
:1030A00008F026FB01220AE0012211462F2008F039
:1030B0001FFB012211462E2008F01AFB03220321D8
:1030C0002D2008F015FB032211462C2008F010FBE0
:1030D000002201212B2008F00BFBB5F9E2000928A2
:1030E00073DD90FBF4F090FBF4F104FB110002E0BF
:1030F00028E01BE009E0C7B20A2F79D2DFE807F029
:10310000943F4652596769848B8D012201212F20FB
:1031100008F0EEFA002201212E2008F0E9FA002240
:1031200003212D2008F0E4FA012287E7012211464D
:103130002F2008F0DDFA012211462E2008F0D8FADF
:1031400003220AE0012211462F2008F0D1FA0122C1
:1031500001212E2008F0CCFA012203212D2008F0B5
:10316000C7FA03226AE7012211462F2008F0C0FAAD
:10317000012211462E2008F0BBFA0222EDE70022C0
:1031800006212B2008F0B4FA042218E0062211468A
:103190002B2008F0ADFA022207212A2008F0A8FA15
:1031A000032221E0042206212B2008F0A1FA0622A6
:1031B000F2E7002206212B2008F09AFA07220721C5
:1031C0002A2008F095FA02220EE02DE010E00422F9
:1031D00000E0062206212B2008F08AFA0722114679
:1031E0002A2008F085FA01220321292008F080FA1C
:1031F00002220221282008F07BFAB5F9FC00002801
:1032000019DB90FBF9F11CE0002206212B2008F0CD
:103210006FFA0422C0E7062200E0042206212B20D8
:1032200008F066FA0722B7E7062211462B2008F0BD
:103230005FFA0522B0E710F1630108D3414291FB28
:10324000F9F191FBF4F204FB1211CFB205E000F2A8
:10325000E731414501D20A276AE00A2F68D2DFE848
:1032600007F005282F3B3D444652595B484506DB95
:103270000C2211463A2008F03BFA142252E00022B8
:103280000C213A2008F034FA00221C21392008F0E1
:103290002FFA00221821382008F02AFAB5F9FC008C
:1032A00000284CDB90FBF6F191FBF4F204FB1211C9
:1032B00055E000220C213A2008F01AFA002231E0F1
:1032C00008220C213A2008F013FA1C22114639205A
:1032D00008F00EFA0822DDE700221EE004220C218D
:1032E0003A2008F005FA08221CE0042200E00C2233
:1032F0000C213A2008F0FCF91C221146392008F074
:10330000F7F91022C6E700220C213A2008F0F0F964
:10331000042207E00C2200E004220C213A2008F0ED
:10332000E7F91C221C21392008F0E2F91822B1E744
:1033300000220C213A2008F0DBF90822A5E710F161
:10334000630101D30A2752E000F2E731414507D279
:10335000414291FBF6F292FBF4F104FB1121CFB252
:103360000A2F44D2DFE807F0051D1F26282A2C3338
:103370003A3C632806DD3C221146372008F0B8F9B4
:103380002C2205E000223C21372008F0B1F9002270
:103390003821362008F0ACF9B5F9FC0000282DDA08
:1033A00034E0002214E034223C21372008F0A0F958
:1033B0001822EDE7242214E0082212E02C2200E07B
:1033C0003C223C21372008F093F93022E0E7042228
:1033D0003C21372008F08CF92822D9E73C2200E074
:1033E0002C223C21372008F083F93C22D0E7002230
:1033F0003C21372008F07CF91022C9E790FBF4F05B
:1034000090FBF4F104FB1100C7B209E000F1630185
:10341000632903D300F2E731414501D24042EDE791
:103420000A2F64D2DFE807F0050C1C282A31384443
:10343000505704221146362008F05AF9142250E061
:1034400000220421362008F053F9002236E01C2126
:10345000342008F04DF9B5F9FC00002853DA58E0A3
:1034600000220421362008F043F91C2211463520A1
:1034700008F03EF91422EAE700222DE0042211466A
:10348000362008F035F9082218E0042211463620CB
:1034900008F02EF90C2205E004221146362008F02F
:1034A00027F91C221C21352008F022F91822CEE72A
:1034B00000220421362008F01BF904221C213520AB
:1034C00008F016F90C22C2E704221146362008F053
:1034D0000FF91C2205E004220421362008F008F927
:1034E0000C221C21352008F003F91C22AFE7002232
:1034F0000421362008F0FCF808221C21352008F0B1
:10350000F7F80022A3E790FBF4F104FB1100C7B227
:1035100009E000F16301632903D300F2E73141457B
:1035200001D24042EFE70A2F6AD2DFE807F0050731
:10353000363D3F4648545B5D1C224DE000221C2175
:10354000332008F0D5F8082254E00221312008F099
:10355000CFF820221146342008F0CAF8FE484078FF
:1035600038B1DAF84400584503DAFC48807803287B
:103570004DD0B5F9FA0000287DDD90FBF9F191FB03
:10358000F4F204FB1211CFB20A2F75D2DFE807F074
:103590007590979EA0A7A9B5B7B918221C21332012
:1035A00008F0A6F8062225E010221EE004221C21C5
:1035B000332008F09DF80C221CE0142200E01C22AD
:1035C0001C21332008F094F80E220E21322008F03E
:1035D0008FF80022B9E700221C21332008F088F878
:1035E0000A2207E01C2200E014221C21332008F0EC
:1035F0007FF80E220E21322008F07AF80222A4E78A
:1036000000221C21332008F073F80422DDE7002299
:103610001C21312008F06CF800220E21302008F027
:1036200067F8002202212F2008F062F800221C21F6
:103630002F2008F05DF800220E212E2008F058F807
:10364000002204212D2008F053F8002218212D20FB
:1036500008F04EF800221C212C2008F049F8002226
:1036600018212B2008F044F8002238212A2008F0E5
:103670003FF80022B9E1BEE14FE0484506DB1C22DD
:103680001C21312008F034F80A2240E000221C21DD
:10369000312008F02DF8002229E002212F2008F027
:1036A00027F8B5F9FA0000283EDB90FBF6F147E079
:1036B00000221C21312008F01BF8082227E01822E4
:1036C0001C21312008F014F8062220E0102219E015
:1036D00004221C21312008F00BF80C2217E01422E0
:1036E00000E01C221C21312008F002F80E220E21DD
:1036F000302007F0FDFF0022CFE70022C0E71C22A8
:1037000000E014221C21312007F0F2FF0E220E21CE
:10371000302007F0EDFF0222BFE700221C213120FC
:1037200007F0E6FF0422E2E710F1630101D30A2764
:1037300062E000F2E731414507D2414291FBF6F1E8
:1037400091FBF4F204FB1211CFB20A2F54D2DFE83E
:1037500007F0051E252C2E3537434547484506DB27
:103760001C221C212F2007F0C3FF0A223EE000226A
:103770001C212F2007F0BCFF002227E004212D2070
:1037800007F0B6FFB5F9FA0000283CDA43E0002262
:103790001C212F2007F0ACFF082227E018221C2153
:1037A0002F2007F0A5FF062220E0102219E00422B6
:1037B0001C212F2007F09CFF0C2217E0142200E0B0
:1037C0001C221C212F2007F093FF0E220E212E20F9
:1037D00007F08EFF0022D1E70022C2E71C2200E0A2
:1037E00014221C212F2007F083FF0E220E212E20F1
:1037F00007F07EFF0422C1E700221C212F2007F0E2
:1038000077FF0422E2E790FBF4F090FBF4F104FB75
:103810001100C7B209E000F16301632903D300F28C
:10382000E731414501D24042EDE70A2F55D2DFE8AA
:1038300007F0050C1C282A31333F46481822114650
:103840002D2007F055FF142241E0002218212D20E1
:1038500007F04EFF00223AE018212B2007F048FF26
:10386000B5F9FA00002844DA49E0102218212D2089
:1038700007F03EFF1C2211462C2007F039FF0822DA
:10388000EAE700221EE0082218212D2007F030FF71
:1038900008221CE0082200E0182218212D2007F041
:1038A00027FF1C2211462C2007F022FF1022D3E70D
:1038B000002218212D2007F01BFF042207E0182208
:1038C00000E0082218212D2007F012FF1C221C21E5
:1038D0002C2007F00DFF1822BEE7002218212D2012
:1038E00007F006FF08221C212C2007F001FF002210
:1038F000B2E790FBF4F104FB1100C7B209E000F15C
:103900006301632903D300F2E731414501D240420C
:10391000EFE70A2F63D2DFE807F0052C333A3C4487
:10392000464D5456382246E00821282007F0E0FE94
:10393000202211462B2007F0DBFED5F8100178B3CA
:10394000D5F8181148F6A04091FBF0F010F0FF00F8
:103950007DD001287CD003E08C000020EC0000200A
:10396000022876D00022C0213B2007F0C1FE402271
:10397000A9E0002238212A2007F0BAFE102228E010
:10398000302238212A2007F0B3FE0C2221E0202229
:103990001AE0082238212A2007F0AAFE182218E08F
:1039A0005BE0282200E0382238212A2007F0A0FE20
:1039B0001C221AE0002238212A2007F099FE142246
:1039C00007E0382200E0282238212A2007F090FE64
:1039D0001C221C21292007F08BFE0822A4E70022CC
:1039E00038212A2007F084FE08221C21292007F014
:1039F0007FFE002298E700221C21312007F078FE8C
:103A000004220E21302007F073FE002202212F2015
:103A100007F06EFE00221C212F2007F069FE042211
:103A20000E212E2007F064FE002204212D2007F035
:103A30005FFE002218212D2007F05AFE08221C21CB
:103A40002C2007F055FE002218212B2002E02DE04B
:103A500033E050E007F04CFEC1E70022C0213B20DC
:103A600007F046FE4022F0213A2007F041FE0022F6
:103A7000E021392007F03CFE4022E021382007F009
:103A800037FE00228021372007F032FE0022C021BD
:103A9000362007F02DFE4022E021352007F028FED9
:103AA0000022C021342007F023FE4DE1C022114640
:103AB0003B2007F01DFEB02205E00022C0213B2084
:103AC00007F016FEA022F0213A2007F011FED5F8EB
:103AD00018014FF4616690FBF6F090FBF4F104FBE3
:103AE0001100C0B20A2861D2DFE800F00C132D39B2
:103AF0003B42444B52548022C0213B2007F0F8FD4A
:103B00007022E0E7E0221146392007F0F1FDA02203
:103B100046E0002236E08021372007F0E9FDD5F8A5
:103B2000180190FBF6F106FB11014FF4167091FBA2
:103B3000F0F0C0B20A2875D2DFE800F03F466875A1
:103B4000777E808C9395A022E021392007F0D0FD6C
:103B5000E022E021382007F0CBFD0022DBE7202225
:103B600019E04022E021392007F0C2FD602217E071
:103B7000602200E0E022E021392007F0B9FDC022F8
:103B80000EE02022E021392007F0B2FD202207E0DC
:103B9000E02200E06022E021392007F0A9FDE022C8
:103BA000E021382007F0A4FD8022B4E70022E021C4
:103BB000392007F09DFD4022CBE7C0221146362078
:103BC00007F096FDA02254E00022C021362007F025
:103BD0008FFD00224DE0C021342007F089FDD5F88B
:103BE000180190FBF6F106FB11013C2091FBF0F06F
:103BF00090FBF4F104FB1100C0B20A2874D2DFE894
:103C000000F04A4C4E555C63656C74768022C0218E
:103C1000362007F06DFDE0221146352007F068FDE3
:103C20004022D8E72BE000221EE04022C0213620AF
:103C300007F05EFD40221CE0402200E0C022C021CF
:103C4000362007F055FDE0221146352007F050FDE3
:103C50008022C0E70022C021362007F049FD202243
:103C600007E0C02200E04022C021362007F040FDDE
:103C7000E022E021352007F03BFDC022ABE7002227
:103C8000C021362007F034FD4022E021352007F026
:103C90002FFD00229FE7A02209E000220EE0C022B3
:103CA000E021332007F024FDB02222E04022E02171
:103CB000332007F01DFDF0221BE06022E0213320BD
:103CC00007F016FD602214E0602200E0E022E0210F
:103CD000332007F00DFDD0220BE00022E02133203D
:103CE00007F006FD702204E02EE0E022DFE760220C
:103CF000DDE7F021322007F0FBFC4022114637209F
:103D000007F0F6FCFE48807838B1DAF844005845F0
:103D100003DAFC48807803281DD0D5F80801E0B309
:103D2000D5F8141148F6A04091FBF0F010F0FF0018
:103D300067D001286CD002287DD04022E0213120BC
:103D400007F0D6FC002269E04022E021332007F092
:103D5000CFFC0022CDE70022E021312007F0C8FC93
:103D60000022F021302007F0C3FC0022E0212F20A8
:103D700007F0BEFC0022F0212E2007F0B9FC002243
:103D8000C0212D2007F0B4FC0022E0212C2007F0F8
:103D9000AFFC0022C0212B2000E008E007F0A8FCC7
:103DA0000022C0212A2007F0A3FC002223E04022A9
:103DB000E021312007F09CFC0022F021302007F0A8
:103DC00097FC4022E0212F2007F092FC0022F021F6
:103DD0002E2007F08DFC0022C0212D2007F088FC4A
:103DE0004022E0212C2007F083FC0022C0212B2060
:103DF00007F07EFC61E1E021292007F079FC002238
:103E00001DE1A022E021312007F072FCF02205E044
:103E10000022E021312007F06BFC6022F0213020ED
:103E200007F066FCD5F814014FF4616690FBF6F0DC
:103E300090FBF4F100E00BE004FB1100C0B20A2893
:103E400052D2DFE800F00C0E282F31383A41484AB0
:103E5000C022E021312007F04BFCB022DEE7A02297
:103E60003CE0002221E0F0212E2007F041FCD5F8B3
:103E7000140190FBF6F106FB11014FF4167091FB53
:103E8000F0F0C0B20A2874D2DFE800F0353C5E6A78
:103E90006C747682898BC022E0212F2007F028FCE9
:103EA000B022E0E7402219E06022E0212F2007F055
:103EB0001FFC6022D7E7602200E0E022E0212F20F3
:103EC00007F016FCD022CEE70022E0212F2007F0D9
:103ED0000FFC7022C7E7E02200E06022E0212F20E3
:103EE00007F006FCF022BEE74022E0212F2007F079
:103EF000FFFB0022B7E7C02211462D2007F0F8FB98
:103F0000A02254E00022C0212D2007F0F1FB002266
:103F10004DE0C0212B2007F0EBFBD5F8140190FBFE
:103F2000F6F106FB11013C2091FBF0F090FBF4F15F
:103F300004FB1100C0B20A2873D2DFE800F04A5136
:103F40005D696B7375AEB5B78022C0212D2007F077
:103F5000CFFBE02211462C2007F0CAFB4022D8E715
:103F600000221FE04022C0212D2007F0C1FB40228B
:103F70001DE022E0402200E0C022C0212D2007F0F9
:103F8000B7FBE02211462C2007F0B2FB8022C0E7ED
:103F90000022C0212D2007F0ABFB202207E0C02229
:103FA00000E04022C0212D2007F0A2FBE022E0210A
:103FB0002C2007F09DFBC022ABE70022C0212D2062
:103FC00007F096FB4022E0212C2007F091FB002215
:103FD0009FE7C02211462A2007F08AFBA02205E0B5
:103FE0000022C0212A2007F083FB0022E0212920A3
:103FF00007F07EFB602222E08022C0212A2007F009
:1040000077FBE0221146292007F072FB202216E000
:1040100000224CE04022C0212A2007F069FB402208
:10402000E4E74AE0402200E0C022C0212A2007F055
:104030005FFBE0221146292007F05AFB4022602155
:10404000282007F055FB202211462D2007F050FBB9
:1040500004221146282007F04BFB1022114628208D
:1040600007F046FB80221146282007F041FB254837
:104070008078012828D0032826D00022012128207A
:1040800007F036FB204C94F9E600F8B101281FD068
:10409000022847D003282AD14BE00022C0212A2041
:1040A00007F026FB2022A1E7C02200E04022C02129
:1040B0002A2007F01DFBE02298E70022C0212A20D9
:1040C00007F016FB402296E60122D7E7012200E026
:1040D000002201213B2007F00BFB022202213B20A2
:1040E00007F006FB012201213A2007F001FB94F8BA
:1040F000B60050B3002204213B2007F0F9FA05E096
:104100008C000020EC000020485C002000221021E0
:104110003B2007F0EDFA2048C168204881421BDAB5
:1041200008221AE0012211463B2007F0E1FA0022A2
:10413000D4E7012211463B2007F0DAFA02221146A9
:104140003B2007F0D5FA0022CDE7042211463B20A0
:1041500007F0CEFA1022DAE7002208213B2007F010
:10416000C7FA94F81C01A0B1002220213B2007F0DF
:10417000BFFA0B4D00242819012390F8282021466E
:10418000184606F035FF641CE4B2282CF3D3BDE8D2
:10419000F09F2022E9E70000E45600200080094556
:1041A000245700202DE9F05F0546B0F90C004FF4CC
:1041B0007A790A24484527DB90FBF9F191FBF4F06A
:1041C00004FB101010F0FF071ED000220121022076
:1041D00007F08EFA01221146032007F089FAB5F99B
:1041E0000C006426632867DD90FBF6F090FBF4F189
:1041F00004FB1100C7B20A2F3AD2DFE807F05D07CF
:10420000131F21282A4D54560122DFE700220321E3
:10421000042007F06DFA00220721052007F068FA54
:10422000032221E002220321042007F061FA072281
:104230001146052007F05CFA012215E0002235E066
:1042400001220321042007F053FA0222E4E70122AD
:1042500000E003220321042007F04AFA0722114656
:10426000052007F045FA02220321062007F040FA54
:10427000B5F90C0009287BDD90FBF4F090FBF4F11C
:1042800004FB1100C7B20A2F4FD2DFE807F0A11CD0
:104290002834363D3F8F989A00220321042007F0EE
:1042A00027FA0122B8E7032200E0012203210420BB
:1042B00007F01EFA0722AFE703221146042007F099
:1042C00017FA0522A8E700220321072007F010FAB9
:1042D00000220721082007F00BFA032221E0022226
:1042E0000321072007F004FA07221146082007F0EF
:1042F000FFF9012215E0002264E0012203210720DA
:1043000007F0F6F90222E4E7012200E0032203218C
:10431000072007F0EDF907221146082007F0E8F919
:1043200002220321092007F0E3F9012211460A20A5
:1043300007F0DEF9FE48DFF8FCA34FF4000B00782D
:1043400030B1DAF84400584502DAFB488078A0B36F
:10435000B5F90A0090B348457EDB90FBF9F090FB7D
:10436000F4F104FB110010F0FF0775D0002200E00B
:104370002EE001210B2007F0BBF9012211460C2091
:1043800007F0B6F9B5F90A00632866DD90FBF6F090
:1043900090FBF4F104FB1100C7B20A2F7AD2DFE8D8
:1043A00007F0C46D7A86888F91B4BBBD00220321CB
:1043B000072007F09DF901228BE710E02FE0032290
:1043C00000E001220321072007F092F9072280E78D
:1043D00003221146072007F08BF9052279E7002216
:1043E00001210B2007F084F9002201210C2007F0A5
:1043F0007FF9002203210D2007F07AF9002207211E
:104400000E2007F075F9002203210F2007F070F944
:1044100000220321102007F06BF9002221E0002286
:1044200001210B2007F064F9002201210C2007F084
:104430005FF9002203210D2007F05AF9022207211B
:104440000E2007F055F9002203210F2007F050F944
:1044500000220321102001E00EE066E007F048F999
:1044600002220721112007F043F900220321122024
:1044700007F03EF9002292E0012278E700220321B2
:104480000D2007F035F9002207210E2007F030F942
:10449000032222E025E0022203210D2007F028F963
:1044A000072211460E2007F023F9012215E0002211
:1044B00035E0012203210D2007F01AF90222E3E77B
:1044C000012200E0032203210D2007F011F9072249
:1044D00011460E2007F00CF9022203210F2007F0ED
:1044E00007F9B5F90A00092877DD90FBF4F090FB95
:1044F000F4F104FB1100C7B20A2F4FD2DFE807F036
:104500006D1C2834363D3F5C6366002203210D207C
:1045100007F0EEF80122B7E7032200E001220321B1
:104520000D2007F0E5F80722AEE7032211460D2023
:1045300007F0DEF80522A7E700220321102007F08C
:10454000D7F800220721112007F0D2F8032221E03A
:1045500002220321102007F0CBF807221146112078
:1045600007F0C6F8012215E0002230E00122032105
:10457000102007F0BDF80222E4E7012200E0032248
:104580000321102007F0B4F807221146112007F08C
:10459000AFF802220321122007F0AAF8012201211C
:1045A000132007F0A5F8B5F924004FF4617800282E
:1045B0001ADB90FBF9F11DE000220321102007F027
:1045C00097F80122BEE7032201E006E00122032161
:1045D000102007F08DF80722B4E7032211461020BF
:1045E00007F086F80522ADE710F1630108D34142D8
:1045F00091FBF9F191FBF4F204FB1211CFB205E04B
:1046000000F2E731414501D20A2766E00A2F64D261
:10461000DFE807F005242B373940424E555748450F
:1046200006DB30221146002007F062F814224EE02B
:1046300000223021104607F05BF800221C210120E7
:1046400007F056F800220C21022007F051F8B5F9C6
:104650002400002848DB90FBF6F151E000223021D5
:10466000104607F045F8002231E0202230210020DA
:1046700007F03EF81C221146012007F039F8042209
:10468000E1E700221EE010223021002007F030F880
:1046900008221CE0102200E030223021002007F028
:1046A00027F81C221146012007F022F80822CAE749
:1046B00000223021104607F01BF8042207E03022C8
:1046C00000E010223021002007F012F81C221C21EB
:1046D000012007F00DF80C22B5E70022302110462A
:1046E00007F006F80822A9E710F1630101D30A27B1
:1046F00087E000F2E731414507D2414291FBF6F1F4
:1047000091FBF4F204FB1211CFB20A2F79D2DFE849
:1047100007F00529303C3E454C58646B63280DDD9D
:1047200002221146104606F0E3FF0A2262E0000072
:104730008C000020A4490020EC000020022100226F
:10474000084606F0D5FF00220E21032006F0D0FF18
:1047500000221C21042006F0CBFFB5F9240000281C
:1047600056DA5DE002210022084606F0C1FF002271
:104770002DE002210022084606F0BAFF0E22114663
:10478000032006F0B5FF1422E3E700222DE0022209
:104790001146104606F0ACFF042218E00222114632
:1047A000104606F0A5FF062205E00222114610463B
:1047B00006F09EFF0E220E21032006F099FF18221C
:1047C000C7E702210022084606F092FF02220E21CE
:1047D000032006F08DFF0C22BBE702221146104693
:1047E00006F086FF0E2205E002220221084606F0AE
:1047F0007FFF06220E21032006F07AFF1C22A8E785
:10480000FFE702210022084606F072FF04229BE720
:1048100090FBF4F090FBF4F104FB1100C7B209E047
:1048200000F16301632903D300F2E731414501D26E
:104830004042EDE70A2F55D2DFE807F0050C1C28AF
:104840002A31333F464818221146052006F050FF12
:10485000142241E000221821052006F049FF002221
:104860003AE00C21072006F043FFB5F924000028A8
:1048700044DA49E010221821052006F039FF1C22F5
:104880001146062006F034FF0422EAE700221EE06B
:1048900008221821052006F02BFF08221CE0082220
:1048A00000E018221821052006F022FF1C221146E4
:1048B000062006F01DFF0822D3E70022182105205C
:1048C00006F016FF042207E0182200E00822182153
:1048D000052006F00DFF1C221C21062006F008FF13
:1048E0000C22BEE700221821052006F001FF082255
:1048F0001C21062006F0FCFE0022B2E790FBF4F13A
:1049000004FB1100C7B209E000F16301632903D37E
:1049100000F2E731414501D24042EFE70A2F6AD267
:10492000DFE807F00507353C3E4547545B5D38221C
:104930004DE000223821082006F0DAFE102254E073
:1049400004210A2006F0D4FE10221146072006F0AA
:10495000CFFEF948407830B1DAF84400584502DA21
:10496000F648807888B3B5F9220000287EDD90FBF8
:10497000F9F292FBF4F304FB1322D7B20A2F76D29A
:10498000DFE807F076959CA8AAB1B3BFC6C830226D
:104990003821082006F0ACFE0C2226E020221FE081
:1049A00008223821104606F0A3FE18221DE0282216
:1049B00000E038223821082006F09AFE1C221C2133
:1049C000092006F095FE0022BAE71BE000223821FC
:1049D000082006F08DFE142207E0382200E028228D
:1049E0003821082006F084FE1C221C21092006F034
:1049F0007FFE0422A4E700223821082006F078FE7A
:104A00000822DCE70A210022084606F071FE002297
:104A10000E210B2006F06CFE002206210C2006F071
:104A200067FE002208210C2006F062FE00221C21F5
:104A30000D2006F05DFE002238210E2006F058FE03
:104A400000221C210F2006F053FE00221C21102002
:104A500006F04EFE00220821112006F049FE002239
:104A60003C21122006F044FE002274E1BFE15DE02B
:104A7000484506DB0A221146104606F039FE0A2296
:104A80004EE00A210022084606F032FE00220E21E6
:104A90000B2006F02DFE002206210C2006F028FE39
:104AA000B5F92200002848DB90FBF6F151E00A211D
:104AB0000022084606F01CFE002231E00A210822EE
:104AC000084606F015FE0E2211460B2006F010FED9
:104AD0000222E1E700221EE00A210222084606F037
:104AE00007FE04221CE0022200E00A220A210846F6
:104AF00006F0FEFD0E2211460B2006F0F9FD042201
:104B0000CAE70A210022084606F0F2FD022207E069
:104B10000A2200E002220A21084606F0E9FD0E22E0
:104B20000E210B2006F0E4FD0622B5E70A21002243
:104B3000084606F0DDFD0422A9E710F1630101D368
:104B40000A277AE000F2E731414507D2414291FB62
:104B5000F6F191FBF4F204FB1211CFB20A2F6CD2E2
:104B6000DFE807F0052229353C484A565D5F632897
:104B700006DD082211460C2006F0BAFD142256E08C
:104B8000002208210C2006F0B3FD00221C210D207C
:104B900006F0AEFD002238210E2006F0A9FDB5F981
:104BA0002200002850DA57E0002208210C2006F0ED
:104BB0009FFD002218E0082211460C2006F098FD07
:104BC00018221C210D2006F093FD1822E3E7002295
:104BD00008210C2006F08CFD182228E00022082174
:104BE0000C2006F085FD0C221C210D2006F080FD16
:104BF0003022D0E7002200E0082208210C2006F035
:104C000077FD1C2211460D2006F072FD2822C2E716
:104C1000002208210C2006F06BFD002207E008228C
:104C200000E0002208210C2006F062FD1C221C215D
:104C30000D2006F05DFD3822ADE7002208210C2092
:104C400006F056FD0822A1E790FBF4F090FBF4F18A
:104C500004FB1100C7B209E000F16301632903D32B
:104C600000F2E731414501D24042EDE70A2F4BD235
:104C7000DFE807F00507171E202729353C3E1C22D8
:104C80002EE000221C210F2006F032FD102235E01C
:104C90000821112006F02CFDB5F9220000283ADA8F
:104CA0003FE018221C210F2006F022FD0C2225E0F7
:104CB00010221EE004221C210F2006F019FD1822EC
:104CC0001CE0142200E01C221C210F2006F010FD25
:104CD0001C221C21102006F00BFD0022D8E7002228
:104CE0001C210F2006F004FD142207E01C2200E026
:104CF00014221C210F2006F0FBFC1C221C2110207A
:104D000006F0F6FC0822C3E700221C210F2006F063
:104D1000EFFC0822DDE790FBF4F104FB1100C7B2C1
:104D20000EE000F16301632903D300F2E73141454E
:104D300006D24042EFE700008C000020EC0000208B
:104D40000A2F4DD2DFE807F00525272E3032343BFD
:104D500043453C2234E03821132006F0C9FC1022E0
:104D60001146112006F0C4FCA86B78B3296C48F6F4
:104D7000A04091FBF0F010F0FF007DD001287CD026
:104D800002287BD08022E021012006F0B1FC002225
:104D900095E0002214E034223C21122006F0A8FC09
:104DA0001822D8E7242215E0082213E02C2200E084
:104DB0003C223C21122006F09BFC3022CBE704224F
:104DC0003C21122006F094FC2822C4E73DE03C225E
:104DD00000E02C223C21122006F08AFC3822BAE79F
:104DE00000223C21122006F083FC1022B3E70A21A6
:104DF0000022084606F07CFC04220E210B2006F05F
:104E000077FC002206210C2006F072FC002208210B
:104E10000C2006F06DFC08221C210D2006F068FC19
:104E2000002238210E2006F063FC00221C210F20F6
:104E300006F05EFC08221C21102006F059FC00221E
:104E40000821112006F054FCCAE78022E02101204D
:104E500006F04EFC0022E021022006F049FC002270
:104E60001021022006F044FC2022F021032006F04D
:104E70003FFC0022602102E014E01AE036E004204A
:104E800006F036FC4022E021052006F031FC00222D
:104E9000E021062006F02CFC00228021132006F0E1
:104EA00027FC73E16022E021012006F021FCE022D2
:104EB00005E00022E021012006F01AFC6022E0213A
:104EC000022006F015FC286C4FF4616790FBF7F0A8
:104ED00090FBF4F104FB1100C0B20A2875D2DFE8A0
:104EE00000F00C13313D3F464D596067A022E02190
:104EF000012006F0FDFBA022E1E71022114602206E
:104F000006F0F6FBD02259E000221021022006F024
:104F1000EFFB002252E06021042006F0E9FB286C40
:104F200090FBF7F107FB11014FF4167091FBF0F0C5
:104F3000C0B20A287AD2DFE800F05456727A81882B
:104F40008A96A2A400221021022006F0D1FBF022B2
:104F50001146032006F0CCFB2022DCE7002228E0EB
:104F600010221146022006F0C3FB202226E0102268
:104F70001146022006F0BCFBB02205E010221146CB
:104F8000022006F0B5FBF022F021032006F0B0FB72
:104F90004022C0E700221021022006F0A9FB1022C7
:104FA0000CE010221146022006F0A2FBF02205E0E0
:104FB00010221021022006F09BFBB022F0210320DA
:104FC00006F096FB6022A6E7FFE7002210210220F0
:104FD00006F08EFB2022F021032006F089FB002240
:104FE00099E7A02224E0002229E08021132006F086
:104FF0007FFB286C90FBF7F107FB11013C2091FB34
:10500000F0F090FBF4F104FB1100C7B20A2F7DD23F
:10501000DFE807F040424F8E959C9EACB8BAC022A4
:10502000E021052006F064FB602216E02BE0402220
:10503000E021052006F05CFBE0220EE06022E0218A
:10504000052006F055FBC02213E0602200E0E022BC
:10505000E021052006F04CFBA022E021062006F00E
:1050600047FB8022C1E70022E021052006F040FB3B
:10507000E022E021062006F03BFB0022B5E7E0221B
:10508000D6E76022D4E74022E021052006F030FB7D
:105090000022EEE7A0224CE00022E021072006F0EB
:1050A00027FB802268E08021092006F021FB0022F6
:1050B0000FE0C022E021072006F01AFBC0221146B3
:1050C000082006F015FB00228021092006F010FBC5
:1050D000802280210A2006F00BFB8022114604204A
:1050E00006F006FBF848807830B1DAF844005845FD
:1050F00002DAF6488078B8B3286BB0B3E96B48F6AB
:10510000A04091FBF0F010F0FF0000E03EE07DD009
:1051100001287CD002287BD000226021092006F0E3
:10512000E7FA202270210A2006F0E2FA0022C1E00C
:105130004022E021072006F0DBFAC0220EE06022C8
:10514000E021072006F0D4FA902215E0602200E06A
:10515000E022E021072006F0CBFA4022C0210820FF
:1051600006F0C6FA8022AFE71CE058E00022E021FA
:10517000072006F0BDFAC022C021082006F0B8FAC8
:10518000802290E7E022D4E76022D2E74022E021AB
:10519000072006F0ADFA0022C021082006F0A8FA88
:1051A000002280E700226021092006F0A1FA0022F7
:1051B00070210A2006F09CFA002250210B2006F0F4
:1051C00097FA002220210B2006F092FA0022F0210B
:1051D0000C2006F08DFA002260210D2006F088FADE
:1051E000002280210B2006F083FA0022C0210E202D
:1051F00006F07EFA0022E0210F2006F079FA002264
:105200008021102006F074FA002202E040E046E01F
:1052100067E06021102006F06BFA002232E00022E5
:105220006021092006F064FA202270210A2006F08D
:105230005FFA002250210B2006F05AFA00222021AA
:105240000B2006F055FA2022F0210C2006F050FA2F
:10525000002260210D2006F04BFA002280210B2055
:1052600006F046FA8022C0210E2006F041FA002204
:10527000E0210F2006F03CFA00228021102006F0E9
:1052800037FAADE1E021112006F032FA00226AE19E
:1052900060221146092006F02BFA502205E0002278
:1052A0006021092006F024FA002270210A2006F06D
:1052B0001FFA502250210B2006F01AFAE86B4FF427
:1052C000616790FBF7F090FBF4F104FB1100C0B2B2
:1052D0000A287AD2DFE800F011183642444B525EB9
:1052E000656C40226021092006F002FA7022114606
:1052F0000A2006F0FDF91022DCE7202211460B20DF
:1053000006F0F6F9D02259E0002220210B2006F009
:10531000EFF9002252E060210D2006F0E9F9E86B78
:1053200090FBF7F107FB11014FF4167091FBF0F0C1
:10533000C0B20A2877D2DFE800F0545B7E8A96A2DA
:10534000A4B5CBCD002220210B2006F0D1F9F0220C
:1053500011460C2006F0CCF92022DCE7002228E0E0
:10536000202211460B2006F0C3F9202226E020223D
:1053700011460B2006F0BCF9B02205E020221146B0
:105380000B2006F0B5F9F022F0210C2006F0B0F960
:105390004022C0E7002220210B2006F0A9F91022AC
:1053A0000CE0202211460B2006F0A2F9F02205E0C5
:1053B000202220210B2006F09BF9B022F0210C20A6
:1053C00006F096F96022A6E7FFE7002220210B20D5
:1053D00006F08EF92022F0210C2006F089F9002237
:1053E00099E7802211460B2006F082F9402234E032
:1053F000002280210B2006F07BF9002239E0802179
:10540000102006F075F9E86B90FBF7F107FB11012E
:105410003C2091FBF0F090FBF4F104FB1100C7B2CB
:105420000A2F71D200E05CE0DFE807F0676F7B874E
:10543000899092CAD1D3802211460B2006F058F9E8
:105440008022C0210E2006F053F9602224E00022C1
:1054500080210B2006F04CF98022C0210E2006F09E
:1054600047F9E02218E0002280210B2006F040F9E5
:10547000C022C0210E2006F03BF9C0221DE0002210
:1054800000E0802280210B2006F032F9C022114674
:105490000E2006F02DF9A022E0210F2006F028F9B9
:1054A0008022ACE7002280210B2006F021F90022A7
:1054B000C0210E2006F01CF9E022E0210F2006F0AA
:1054C00017F900229BE700008C000020EC00002070
:1054D000802200E0002280210B2006F009F9C02282
:1054E000BBE7002280210B2006F002F98022C021B8
:1054F0000E2006F0FDF80022DFE7602211461020A2
:1055000006F0F6F8A02206E06AE0002260211020F2
:1055100006F0EEF80022E021112006F0E9F8C022A2
:1055200021E040226021102006F0E2F8E02211463E
:10553000112006F0DDF8402215E000224AE020228A
:105540006021102006F0D4F84022E4E7202200E099
:1055500060226021102006F0CBF8E02211461120D5
:1055600006F0C6F88022C021122006F0C1F8802281
:1055700011460D2006F0BCF802221146132006F059
:10558000B7F804221146132006F0B2F84022114663
:10559000132006F0ADF8F648807840B3022826D0F4
:1055A00000228021002006F0A3F8F24890F90E00B6
:1055B000F8B101281FD0022841D003282AD145E0A4
:1055C00000226021102006F093F82022A3E7602239
:1055D00000E020226021102006F08AF8E0229AE7FD
:1055E00000226021102006F083F840224AE6802243
:1055F000D7E7012200E000220121002006F078F820
:1056000001220121084606F073F80222022101203E
:1056100006F06EF8D74890F8260018B30022022151
:10562000104606F065F800220421002006F060F81C
:10563000D1480168D14881421BDA08221AE00122D0
:105640001146002006F054F80022DAE70122114644
:10565000002006F04DF801221146104606F048F8E9
:105660000022D3E702221146002006F041F804226E
:10567000DAE700220821002006F03AF8BD4890F849
:10568000440078B300224021002006F031F8B5F93B
:105690005400484528DB90FBF9F090FBF4F104FB43
:1056A000110010F0FF071FD000220121162006F084
:1056B0001FF801221146172006F01AF8B5F9540018
:1056C000632869DD90FBF6F090FBF4F104FB110018
:1056D000C7B20A2F3CD2DFE807F05F091521232A61
:1056E0002C4F56584022CEE70122DEE7002203214C
:1056F000182005F0FDFF00220721192005F0F8FF12
:10570000032221E002220321182005F0F1FF0722E5
:105710001146192005F0ECFF012215E0002235E0CA
:1057200001220321182005F0E3FF0222E4E7012211
:1057300000E003220321182005F0DAFF07221146BA
:10574000192005F0D5FF022203211A2005F0D0FF11
:10575000B5F9540009287DDD90FBF4F090FBF4F1DD
:1057600004FB1100C7B20A2F4FD2DFE807F09D1CDF
:105770002834363D3F8C949600220321182005F0F2
:10578000B7FF0122B8E7032200E00122032118201D
:1057900005F0AEFF0722AFE703221146182005F0FF
:1057A000A7FF0522A8E7002203211B2005F0A0FF88
:1057B000002207211C2005F09BFF032221E002228A
:1057C00003211B2005F094FF072211461C2005F041
:1057D0008FFF012215E0002260E0012203211B203F
:1057E00005F086FF0222E4E7012200E00322032104
:1057F0001B2005F07DFF072211461C2005F078FFD5
:10580000022203211D2005F073FF012211461E20F4
:1058100005F06EFF5A48007838B1DAF84400584570
:1058200003DA53488078012845D0B5F9520088B38F
:1058300048457DDB90FBF9F090FBF4F104FB11008F
:1058400010F0FF0774D0002201211F2005F050FF47
:10585000012200E028E01146202005F049FFB5F9BB
:105860005200632865DD90FBF6F090FBF4F104FB39
:105870001100C7B20A2F79D2DFE807F0CE6C84900E
:1058800092999BBEC5C7002203211B2005F030FF63
:1058900001228EE72FE0032200E0012203211B20DA
:1058A00005F026FF072284E7032211461B2005F09E
:1058B0001FFF05227DE7002201211F2005F018FFB0
:1058C00000220121202005F013FF002203212120C6
:1058D00005F00EFF00220721222005F009FF00221B
:1058E0000321232005F004FF00220321242005F0DA
:1058F000FFFE002221E0002201211F2005F0F8FE1A
:1059000000220121202005F0F3FE002203212120A6
:1059100005F0EEFE02220721222005F0E9FE00221A
:105920000321232005F0E4FE00220321242001E0CE
:105930000EE071E005F0DCFE02220721252005F0D3
:10594000D7FE00220321262005F0D2FE00229DE092
:10595000012279E700220321212005F0C9FE00225F
:105960000721222005F0C4FE03222DE030E00000D4
:10597000EC000020485C0020E4560020008009452F
:105980008C00002002220321212005F0B1FE072215
:105990001146222005F0ACFE012215E0002235E080
:1059A00001220321212005F0A3FE0222D8E70122D3
:1059B00000E003220321212005F09AFE0722114670
:1059C000222005F095FE02220321232005F090FEFF
:1059D000B5F95200092875DD90FBF4F090FBF4F165
:1059E00004FB1100C7B20A2F4FD2DFE807F06B1C8F
:1059F0002834363D3F5A616300220321212005F0FF
:105A000077FE0122ACE7032200E0012203212120DE
:105A100005F06EFE0722A3E703221146212005F0C0
:105A200067FE05229CE700220321242005F060FE8A
:105A300000220721252005F05BFE032221E002223F
:105A40000321242005F054FE07221146252005F0ED
:105A50004FFE012215E000222DE001220321242027
:105A600005F046FE0222E4E7012200E003220321C2
:105A7000242005F03DFE07221146252005F038FEC2
:105A800002220321262005F033FE012201212720D6
:105A900005F02EFEB5F96C0000281ADB90FBF9F139
:105AA0001DE000220321242005F022FE0122C0E790
:105AB000032200E001220321242005F019FE072221
:105AC000B7E7FFE703221146242005F011FE052267
:105AD000AFE710F1630108D3414291FBF9F191FB6B
:105AE000F4F204FB1211CFB205E000F2E7314145B8
:105AF00001D20A2766E00A2F64D2DFE807F0052406
:105B00002B373940424E5557484506DB3022114667
:105B1000142005F0EDFD14224EE000223021142067
:105B200005F0E6FD00221C21152005F0E1FD002214
:105B30000C21162005F0DCFDB5F96C00002848DBCF
:105B400090FBF6F151E000223021142005F0D0FD49
:105B5000002231E020223021142005F0C9FD1C2252
:105B60001146152005F0C4FD0422E1E700221EE0E5
:105B700010223021142005F0BBFD08221CE0102269
:105B800000E030223021142005F0B2FD1C22114625
:105B9000152005F0ADFD0822CAE7002230211420AF
:105BA00005F0A6FD042207E0302200E0102230219B
:105BB000142005F09DFD1C221C21152005F098FDE8
:105BC0000C22B5E700223021142005F091FD0822B7
:105BD000A9E710F1630101D30A2780E000F2E73161
:105BE000414507D2414291FBF6F191FBF4F204FBEF
:105BF0001211CFB20A2F72D2DFE807F00522293541
:105C0000373E45515D64632806DD022211461620A9
:105C100005F06EFD0A225BE000220221162005F04D
:105C200067FD00220E21172005F062FD00221C21D5
:105C3000182005F05DFDB5F96C00002856DA5DE02E
:105C400000220221162005F053FD00222DE0002243
:105C50000221162005F04CFD0E221146172005F0FA
:105C600047FD1422E3E700222DE002221146162010
:105C700005F03EFD042218E002221146162005F030
:105C800037FD062205E002221146162005F030FD00
:105C90000E220E21172005F02BFD1822C7E7002247
:105CA0000221162005F024FD02220E21172005F006
:105CB0001FFD0C22BBE702221146162005F018FD3D
:105CC0000E2205E002220221162005F011FD062217
:105CD0000E21172005F00CFD1C22A8E7FFE700228B
:105CE0000221162005F004FD04229BE790FBF4F04E
:105CF00090FBF4F104FB1100C7B209E000F163016D
:105D0000632903D300F2E731414501D24042EDE778
:105D10000A2F55D2DFE807F0050C1C282A31333F43
:105D2000464818221146192005F0E2FC142241E0F1
:105D300000221821192005F0DBFC00223AE00C219A
:105D40001B2005F0D5FCB5F96C00002844DA49E0C9
:105D500010221821192005F0CBFC1C2211461A2014
:105D600005F0C6FC0422EAE700221EE00822182102
:105D7000192005F0BDFC08221CE0082200E01822D2
:105D80001821192005F0B4FC1C2211461A2005F038
:105D9000AFFC0822D3E700221821192005F0A8FC47
:105DA000042207E0182200E008221821192005F03B
:105DB0009FFC1C221C211A2005F09AFC0C22BEE735
:105DC00000221821192005F093FC08221C211A201A
:105DD00005F08EFC0022B2E790FBF4F104FB110009
:105DE000C7B209E000F16301632903D300F2E73190
:105DF000414501D24042EFE70A2F6AD2DFE807F0BF
:105E00000507363D3F4648545B5D38224DE0002291
:105E100038211C2005F06CFC102254E004211E20C7
:105E200005F066FC102211461B2005F061FCF948C4
:105E3000407838B1DAF84400584503DAF6488078FB
:105E400001284DD0B5F96A0000287DDD90FBF9F2FC
:105E500092FBF4F304FB1322D7B20A2F75D2DFE8CA
:105E600007F075949BA7A9B0B2BEC5C730223821F0
:105E70001C2005F03DFC0C2225E020221EE008221B
:105E800038211C2005F034FC18221CE0282200E0F8
:105E9000382238211C2005F02BFC1C221C211D203F
:105EA00005F026FC0022B9E7002238211C2005F06D
:105EB0001FFC142207E0382200E0282238211C2091
:105EC00005F016FC1C221C211D2005F011FC0422EB
:105ED000A4E7002238211C2005F00AFC0822DDE797
:105EE00000220A211E2005F003FC00220E211F20A3
:105EF00005F0FEFB00220621202005F0F9FB002220
:105F00000821202005F0F4FB00221C21212005F0AF
:105F1000EFFB00223821222005F0EAFB00221C21A1
:105F2000232005F0E5FB00221C21242005F0E0FBE6
:105F300000220821252005F0DBFB00223C21262041
:105F400005F0D6FB002274E1C1E15DE0484506DBC7
:105F50000A2211461E2005F0CBFB0A224EE0002249
:105F60000A211E2005F0C4FB00220E211F2005F08F
:105F7000BFFB00220621202005F0BAFBB5F96A001C
:105F8000002848DB90FBF6F151E000220A211E2098
:105F900005F0AEFB002231E008220A211E2005F0A8
:105FA000A7FB0E2211461F2005F0A2FB0222E1E70B
:105FB00000221EE002220A211E2005F099FB042285
:105FC0001CE0022200E00A220A211E2005F090FBBC
:105FD0000E2211461F2005F08BFB0422CAE7002287
:105FE0000A211E2005F084FB022207E00A2200E0BD
:105FF00002220A211E2005F07BFB0E220E211F200B
:1060000005F076FB0622B5E700220A211E2005F0E6
:106010006FFB0422A9E710F1630101D30A277AE09C
:1060200000F2E731414507D2414291FBF6F191FB85
:10603000F4F204FB1211CFB20A2F6CD2DFE807F0A2
:10604000052229353C484A565D5F632806DD082253
:106050001146202005F04CFB142256E000220821B6
:10606000202005F045FB00221C21212005F040FBEB
:1060700000223821222005F03BFBB5F96A000028F8
:1060800050DA57E000220821202005F031FB0022E1
:1060900018E008221146202005F02AFB18221C21B6
:1060A000212005F025FB1822E3E70022082120200B
:1060B00005F01EFB182228E000220821202005F010
:1060C00017FB0C221C21212005F012FB3022D0E707
:1060D000002200E008220821202005F009FB1C22F4
:1060E0001146212005F004FB2822C2E700220821E6
:1060F000202005F0FDFA002207E0082200E000223F
:106100000821202005F0F4FA1C221C21212005F092
:10611000EFFA3822ADE700220821202005F0E8FA46
:106120000822A1E790FBF4F090FBF4F104FB1100CE
:10613000C7B209E000F16301632903D300F2E7313C
:10614000414501D24042EDE70A2F4BD2DFE807F08C
:106150000507171E202729353C3E1C222EE0002271
:106160001C21232005F0C4FA102235E00821252047
:1061700005F0BEFAB5F96A0000283ADA3FE01822C5
:106180001C21232005F0B4FA0C2225E010221EE089
:1061900004221C21232005F0ABFA18221CE0142253
:1061A00000E01C221C21232005F0A2FA1C221C2145
:1061B000242005F09DFA0022D8E700221C2123208C
:1061C00005F096FA142207E01C2200E014221C219C
:1061D000232005F08DFA1C221C21242005F088FACA
:1061E0000822C3E700221C21232005F081FA08229F
:1061F000DDE790FBF4F104FB1100C7B20EE000F103
:106200006301632903D300F2E731414506D24042DE
:10621000EFE700008C000020EC0000200A2F4FD296
:10622000DFE807F0052729303234363D45473C2268
:1062300036E03821272005F05BFA10221146252090
:1062400005F056FAD5F8800080B3D5F8881048F6E6
:10625000A04091FBF0F010F0FF007DD001287CD031
:1062600002287BD08022E021152005F041FA00228F
:1062700095E0002214E034223C21262005F038FA73
:106280001822D6E7242215E0082213E02C2200E091
:106290003C223C21262005F02BFA3022C9E70422BB
:1062A0003C21262005F024FA2822C2E73DE03C22CA
:1062B00000E02C223C21262005F01AFA3822B8E70B
:1062C00000223C21262005F013FA1022B1E700221B
:1062D0000A211E2005F00CFA04220E211F2005F0D1
:1062E00007FA00220621202005F002FA00220821E8
:1062F000202005F0FDF908221C21212005F0F8F9E5
:1063000000223821222005F0F3F900221C2123204D
:1063100005F0EEF908221C21242005F0E9F90022FD
:106320000821252005F0E4F9CAE78022E0211520A4
:1063300005F0DEF90022E021162005F0D9F900224F
:106340001021162005F0D4F92022F021172005F0A5
:10635000CFF90022602102E014E01AE037E01820B3
:1063600005F0C6F94022E021192005F0C1F900220C
:10637000E0211A2005F0BCF900228021272005F039
:10638000B7F977E16022E021152005F0B1F9E022AC
:1063900005E00022E021152005F0AAF96022E021A5
:1063A000162005F0A5F9D5F888004FF4616690FB3A
:1063B000F6F090FBF4F104FB1100C0B20A2876D28B
:1063C000DFE800F00C13323E40474E5A6168A022CD
:1063D000E021152005F08CF9A022E0E710221146FB
:1063E000162005F085F9D0225AE00022102116204F
:1063F00005F07EF9002253E06021182005F078F9BD
:10640000D5F8880090FBF6F106FB11014FF41670E9
:1064100091FBF0F0C0B20A287BD2DFE800F05456BE
:10642000737B82898B97A3A500221021162005F08B
:106430005FF9F0221146172005F05AF92022DBE718
:10644000002228E010221146162005F051F92022E2
:1064500026E010221146162005F04AF9B02205E088
:1064600010221146162005F043F9F022F0211720E2
:1064700005F03EF94022BFE700221021162005F06A
:1064800037F910220CE010221146162005F030F9E1
:10649000F02205E010221021162005F029F9B02283
:1064A000F021172005F024F96022A5E7FFE700227C
:1064B0001021162005F01CF92022F021172005F0EC
:1064C00017F9002298E7A02225E000222AE0802187
:1064D000272005F00DF9D5F8880090FBF6F106FBB2
:1064E00011013C2091FBF0F090FBF4F104FB110052
:1064F000C0B20A287DD2DFE800F040424F90979E5C
:10650000A0ADB9BBC022E021192005F0F1F860224E
:1065100016E02BE04022E021192005F0E9F8E02206
:106520000EE06022E021192005F0E2F8C02213E01D
:10653000602200E0E022E021192005F0D9F8A02235
:10654000E0211A2005F0D4F88022C0E70022E021E3
:10655000192005F0CDF8E022E0211A2005F0C8F856
:106560000022B4E7E022D6E76022D4E74022E0210F
:10657000192005F0BDF80022EEE7A0224EE000222F
:10658000E0211B2005F0B4F8802269E080211D2065
:1065900005F0AEF800220FE0C022E0211B2005F03C
:1065A000A7F8C02211461C2005F0A2F80022802185
:1065B0001D2005F09DF8802280211E2005F098F80E
:1065C00080221146182005F093F8FA48807838B1F7
:1065D000DAF84400584503DAF7488078012855D0A6
:1065E000A86FB0B3D5F8841048F6A04091FBF0F046
:1065F00000E03FE010F0FF007ED001287DD00228AF
:106600007CD0002260211D2005F072F8202270212C
:106610001E2005F06DF80022C0E04022E0211B2082
:1066200005F066F8C0220EE06022E0211B2005F094
:106630005FF8902214E0602200E0E022E0211B20BD
:1066400005F056F84022C0211C2005F051F88022A8
:10665000ADE758E00022E0211B2005F049F8C022F8
:10666000C0211C2005F044F880228FE7E022D5E706
:106670006022D3E74022E0211B2005F039F80022F8
:10668000C0211C2005F034F800227FE700226021A1
:106690001D2005F02DF8002270211E2005F028F89D
:1066A000002250211F2005F023F8002220211F2066
:1066B00005F01EF80022F021202005F019F8002234
:1066C0006021212005F014F8002280211F2005F010
:1066D0000FF80022C021222005F00AF80022E02154
:1066E000232005F005F800228021242005F000F881
:1066F00000226021242002E03EE044E066E004F055
:10670000F7FF002232E0002260211D2004F0F0FF9C
:10671000202270211E2004F0EBFF002250211F20B8
:1067200004F0E6FF002220211F2004F0E1FF2022D8
:10673000F021104604F0DCFF00226021212004F04B
:10674000D7FF002280211F2004F0D2FF8022C02129
:10675000222004F0CDFF0022E021232004F0C8FF16
:1067600000228021242004F0C3FFAFE1E021252096
:1067700004F0BEFF00226CE1602211461D2004F0EF
:10678000B7FF502205E0002260211D2004F0B0FF79
:10679000002270211E2004F0ABFF502250211F2048
:1067A00004F0A6FFD5F884004FF4616690FBF6F084
:1067B00090FBF4F104FB1100C0B20A287BD2DFE8A1
:1067C00000F011183743454C535F666D402260213D
:1067D0001D2004F08DFF702211461E2004F088FF5A
:1067E0001022DBE7202211461F2004F081FFD02277
:1067F0005AE0002220211F2004F07AFF002253E0FB
:106800006021212004F074FFD5F8840090FBF6F19C
:1068100006FB11014FF4167091FBF0F0C0B20A288C
:1068200078D2DFE800F0545B7F8B97A3A5B6CBCD81
:10683000002220211F2004F05BFFF02211462020BF
:1068400004F056FF2022DBE7002228E02022114638
:106850001F2004F04DFF202226E0202211461F2099
:1068600004F046FFB02205E0202211461F2004F06C
:106870003FFFF022F021202004F03AFF4022BFE742
:10688000002220211F2004F033FF10220CE02022E0
:1068900011461F2004F02CFFF02205E020222021C9
:1068A0001F2004F025FFB022F021202004F020FF5B
:1068B0006022A5E7FFE7002220211F2004F018FF37
:1068C0002022F021104604F013FF002298E78022D6
:1068D00011461F2004F00CFF402235E000228021E9
:1068E0001F2004F005FF00223AE08021242004F05C
:1068F000FFFED5F8840090FBF6F106FB11013C2069
:1069000091FBF0F090FBF4F104FB1100C0B20A28F7
:1069100070D200E05BE0DFE800F0666E7A86888F78
:1069200091C9D0D2802211461F2004F0E1FE8022BE
:10693000C021222004F0DCFE602224E0002280211D
:106940001F2004F0D5FE8022C021222004F0D0FEBA
:10695000E02218E0002280211F2004F0C9FEC0229E
:10696000C021222004F0C4FEC0221DE0002200E06D
:10697000802280211F2004F0BBFEC022114622206D
:1069800004F0B6FEA022E021232004F0B1FE802214
:10699000ABE7002280211F2004F0AAFE0022C021C4
:1069A000222004F0A5FEE022E021232004F0A0FE36
:1069B00000229AE78C000020EC000020802200E0FA
:1069C000002280211F2004F093FEC022BCE7002299
:1069D00080211F2004F08CFE8022C021222004F0A0
:1069E00087FE0022E0E760221146242004F080FEAA
:1069F000A02206E06AE000226021242004F078FE54
:106A00000022E021252004F073FEC02221E0402274
:106A10006021242004F06CFEE0221146252004F0C1
:106A200067FE402215E000224AE020226021242057
:106A300004F05EFE4022E4E7202200E060226021B4
:106A4000242004F055FEE0221146252004F050FEDB
:106A50008022C021262004F04BFE802211462120F6
:106A600004F046FE02221146272004F041FE0422D3
:106A70001146272004F03CFE40221146272004F056
:106A800037FE4548807840B3012826D00022802177
:106A9000142004F02DFE414C94F95600F8B1012861
:106AA0001FD0022840D003282AD144E000226021D0
:106AB000242004F01DFE2022A3E7602200E0202213
:106AC0006021242004F014FEE0229AE700226021D5
:106AD000242004F00DFE402248E68022D7E7012260
:106AE00000E000220121142004F002FE0122012115
:106AF000152004F0FDFD02220221152004F0F8FD0E
:106B000094F86E0018B300220221142004F0F0FD66
:106B100000220421142004F0EBFD214841682148A3
:106B200081421BDA08221AE001221146142004F0E7
:106B3000DFFD0022DBE701221146142004F0D8FD1E
:106B400001221146152004F0D3FD0022D4E70222D1
:106B50001146142004F0CCFD0422DAE700220821BB
:106B6000142004F0C5FD94F88C0090B1002240215F
:106B7000142004F0BDFD0C4D002401232A5D2146A4
:106B8000002004F035FA641CE4B2282CF5D3BDE8EB
:106B9000F09F4022EBE70000EC000020485C002062
:106BA000E4560020008009452457002010B500213C
:106BB000104802F08DF904210E4802F089F90821ED
:106BC0000C4802F085F90C210A4802F081F90021F5
:106BD000084602F03FFF0021012002F03BFF0021A8
:106BE000022002F037FF0021BDE81040032002F030
:106BF00031BF0000580200202DE9F14FAF4C218930
:106C0000E06801F061F90025AD4FDFF8B892DFF8D8
:106C1000B8B24FF0804A012610B994F8250020B18F
:106C200094F82400012807D0D0E0216A0098F9F7F1
:106C30002AFB206284F824602189E06801F044F98D
:106C400001281ED19E48216A404201449F4881424A
:106C500012D29F488178491CC9B28170032900D99A
:106C6000857045709B4805609B4805709B48056092
:106C7000C4F81CA0C9F8007084F8245084F825508A
:106C80002562216A6FF07F500144954881427CD291
:106C900094F82500002878D18D48924B924980784D
:106CA000DFF848E2DFF848C253F82080914A88456F
:106CB000D3F800803FDA884568DAD3F80480884545
:106CC00064DAD3F8088088457CDADB688B4279DAAD
:106CD00000EBC00300210BEBC30300BF01EBC10CB1
:106CE0000BEBCC00B3F8048002EB410CA0F8088059
:106CF000ACF80280A0F80480B3F81880A0F82080D7
:106D0000ACF80A80A0F81880D3F830C002EB8108F4
:106D1000C0F838C0C8F814C0C0F830C0C0F834C0DB
:106D200093F801C0BCF1000F00D04670491CC9B2F5
:106D30000429D3D341E0884544DDD3F80480884555
:106D400040DDD3F8088088453CDDDB688B4239DDC7
:106D500000EBC00300210BEBC30300BF01EBC10C30
:106D60000BEBCC00B3F8048002EB410CA0F80880D8
:106D7000ACF80280A0F80480B3F81880A0F8208056
:106D8000ACF80A80A0F8188001E01FE01AE0D3F800
:106D900030C002EB8108C0F838C0C8F814C0C0F891
:106DA00030C0C0F834C093F801C0BCF1000F00D06F
:106DB0004670491CC9B20429D0D38EF80060C9F8C6
:106DC000007001E0CCF800A084F82560218E606B93
:106DD00001F07AF810B994F84D0058B194F84C00CD
:106DE000012868D1218E606B01F06EF80222012823
:106DF00008D022E0A16C0098F9F745FAA06484F865
:106E00004C60EFE72E48A16C404201442F4881427C
:106E10000ED22F484178491CC9B24170012933D0A4
:106E2000032900D945702B49C9F80070C1F800A0AA
:106E300084F84C5084F84D50A564A16C6FF07F50DD
:106E400001442748814236D294F84D00002832D1BF
:106E50009BF80110584601291DD090F849100129CE
:106E600019D090F89110012915D090F8D910012966
:106E700011D0002101EBC10200EBC202491CC9B2D2
:106E800056700429F6D312E012490968B1F5000FD3
:106E9000C9DB4270C7E7002101EBC10300EBC3056A
:106EA000491C2A75C9B200F833600429F4D3C9F823
:106EB000007084F84D60BDE8F88F0000A449002000
:106EC000CDCCCC3D74000020485C00203333F3016E
:106ED000EC000020940000208F000020980000208B
:106EE000FFFF7F00E4560020008009459C00002041
:106EF000780000209457002010B54FF480710948A5
:106F00004A00094B018042808C0043600481C360C9
:106F1000028541850549C1624914018604494163DE
:106F200010BD0000A44900200008014000140140E9
:106F3000000C014010B5094C2168F9F7A4F9206054
:106F4000B0F17E5F08DB0648816941610021816103
:106F5000026CC0E90F21216010BD00007C00002000
:106F6000A449002008B505F003F8094D094C00902C
:106F7000287840B92046FFF73FFE2046FFF7DAFFAA
:106F80002046FAF7E5F90A21684604F0B3FFEFE777
:106F9000F00000200AD7233C10B54FF4807000F0B9
:106FA0008BFEBDE810404FF4007000F085BE00007D
:106FB00010B50A4801F0DCFB0021084801F048FD4B
:106FC0000421064801F044FD0821044801F040FD79
:106FD000BDE810400C21014801F03ABDC801002075
:106FE00072B6FEE706490020C8610648016941F013
:106FF00004010161016941F0400101617047000035
:10700000A002002000200240064A0021D16106496A
:107010000A6942F002020A614861086940F04000D2
:1070200008617047A002002000200240044B0022AB
:10703000DA61044A136943F0010313610180704768
:10704000A00200200020024014480022C168CB06A4
:10705000134904D5CA6942F00202CA611022C3680A
:107060005B0705D5CB6943F00103CB6142F0040215
:10707000C369DB0707D0CB6943F00403CB61C16967
:1070800021F00101C161A2F58071013901D0C26016
:107090007047C16921F00101C161704700200240C1
:1070A000A002002070B5054600F018FF0646114CFE
:1070B00009E0681C07D025B100F010FF801BA84232
:1070C00001D9032070BDE068C007F2D1E0688006F6
:1070D00001D52020E060E068C00605D4E069C00763
:1070E00002D1E068400703D5FFF7AEFF012070BD75
:1070F000002070BD0020024030B5154A002132F852
:10710000205000EBC00202EB0013114A103202EBD8
:107110000312104B53F8204042F82450641C43F8EB
:107120002040642C02D1002443F820405FF000008E
:1071300052F82030401CC0B219446428F8D3D2F869
:107140008C0118B1642091FBF0F030BD106830BDA7
:10715000F44900204450002030B5154A164C02EB8B
:1071600080020021558800EBC00202EB0013114A97
:1071700002EB031254F8203042F823505B1C44F811
:107180002030642B02D1002344F820305FF000004F
:1071900052F82030401CC0B219446428F8D3D2F809
:1071A0008C0118B1642091FBF0F030BD106830BD47
:1071B000F4490020545000209456002078B5002255
:1071C0000B4B4C1E10E0551CA54202EB03052D880D
:1071D000ADF800509DF80050855403DC86189DF8EA
:1071E00001507570921C92B28A42ECD3012078BD96
:1071F000000001082DE9F04186B00D46804600F000
:10720000C9FC002001900090164F0121CDE90371C7
:10721000694601A800F020FCC0B900246E1E1BE0E6
:10722000601CB04207DC08EB040018F8041040783A
:1072300001EB002003E018F8040000F57F4082B263
:107240000023E119012000F065FC18B1002006B010
:10725000BDE8F081A41CA4B2AC42E1D300F050FC24
:107260000120F4E700000108F8B500250446009568
:1072700090F8240001280BD0012084F82400204637
:10728000F9F7F2FB2046F9F753FC060002D050E074
:107290000220F8BDA06A20F4885040F00200A062ED
:1072A000022000F0B9FE25490968B1FBF0F040006A
:1072B00000E0401E00900028FBD12068816841F06A
:1072C0000801816000F00AFE074608E000F006FEB3
:1072D000C01B0A2803D920688068000715D42068DD
:1072E00080680007F2D42068816841F00401816061
:1072F00000F0F4FD074612E000F0F0FDC01B0A2884
:107300000DD920688068400709D5A06A20F00200E6
:1073100040F01000A06284F824500120F8BD2068DD
:1073200080684007E8D4A06A20F0020040F0010025
:10733000A06284F824503046F8BD00000C00002004
:10734000F8B50024009490F824202546012A12D094
:10735000012280F824204A681F23072A0DD20668DC
:10736000776B521E02EB820293409F430B6893405F
:107370001F43776319E00220F8BD06680D2A0AD280
:10738000376BD21F02EB820293409F430B689340FE
:107390001F43376309E0F76A0D3A02EB820293401C
:1073A0009F430B6893401F43F7620A6807230668F0
:1073B0000A2A0AD3F7680A3A02EB420293409F4333
:1073C0008B6893401F43F76008E0376902EB420285
:1073D00093409F438B6893401F4337610A68102A8C
:1073E00001D0112A20D1124B02689A4217D193681A
:1073F0001B0219D4936843F40003936009681029B1
:1074000012D10C490C4A0968B1FBF2F101EB810180
:10741000490000E0491E00910029FBD104E0816A87
:1074200041F020018162012480F824502046F8BDFB
:10743000002401400C00002040420F0070477047BC
:10744000704700002DE9F04104004FF000057FD0A7
:10745000A06A002628B9E66284F82460204600F07D
:1074600081F82046F9F700FBA16AC90600D420B1D3
:10747000A06A40F01000A0626AE0A16A21F488517D
:1074800041F00201A162334923688B42E16904D1D2
:10749000B1F5402F01D14FF40021277B4FF4807CC0
:1074A00041EA470261680A43A168614508D00129A1
:1074B00006D0002194F814E0BEF1010F02D00AE0DA
:1074C0006146F7E7C7B1A76A47F02007A762E76AF6
:1074D00047F00107E7625F6827F469470F435F6081
:1074E000236899681C4F394011439960A168614530
:1074F0000BD0012909D00CE0DFF860E0A7690EEBA2
:1075000047370F4347F40061E5E7218A0D05A5F5EC
:1075100080152168CB6A23F470032B43CB6221686A
:1075200089680F4B1940914208D1E662A16A21F0A7
:10753000020141F00101A162BDE8F081A06A20F0E2
:10754000020040F01000A062E06A40F00100E0623A
:107550000120F1E7003C0140FDF7E1FF00E0FFFF03
:10756000FE0E1FFF70B586B00026054600960196F8
:10757000029603960068224988423ED121498869D3
:1075800040F400708861886900F400700490886994
:1075900040F010008861886900F01000049088694C
:1075A00040F0040088618869032400F0040004901E
:1075B0003F20CDE900046946134800F089FB3020E4
:1075C000CDE900046946114800F082FB114C1048D7
:1075D000C4E900068020C4E9026040002061800008
:1075E00060612020A0610002E061204600F0BEF949
:1075F00008B1FFF7F5FC2C62656206B070BD0000B3
:107600000024014000100240001001400008014029
:10761000080002403C0100202DE9F047894604465D
:107620003B4900683B4F0E1D9046884201D0B8424E
:1076300007D1306810F4702F03D001252846BDE82B
:10764000F08794F8240001280CD0012084F824004D
:107650002046F9F76DFA05004FF0000004D084F8D9
:107660002400EBE70220EAE7A16A40F601629143B9
:1076700041F48071A1622168B94218D1326812F4D4
:10768000702F14D0A16A41F48011A16231684905BC
:1076900005D5A16A21F4005141F48051A162A16A8B
:1076A000C9040AD5E16A21F00601E16206E0A26A96
:1076B00022F48012A2624968E9E7E06284F82400BB
:1076C000216A15488862216A1448C862216A1448F0
:1076D000086321686FF0020008602068816841F447
:1076E00080718160216843464A464C31206A00F02F
:1076F0007BF920688168C1F342410729816803D082
:1077000041F48011816099E741F4A001FAE700009B
:107710000024014000280140BF0A0008270B000890
:107720000D0B00082DE9F05FC16B0A6801680B685A
:10773000046C4FF0040808FA04F8844D844E854F19
:10774000DFF814C2DFF81492DFF814A2DFF814B2E5
:10775000DFF814E218EA020F65D05FEA437862D5D9
:107760000A68920603D40A6822F004020A60DFF86D
:10777000F0814FF48062016808F1140813011402CB
:10778000414524D9A9420DD0B1420FD0B9421AD0F7
:10779000614515D0494515D0514501D1120312E07C
:1077A000594501D104220EE0714501D140220AE081
:1077B0006D4D1435A94206D06B4A2832914201D151
:1077C0001A4600E022466749091F0A6029E0A942DB
:1077D00013D0B14215D0B94220D061451BD04945E4
:1077E0001BD0514502D14FF4800217E0414502D130
:1077F0004FF0806212E0594501D104220EE071453C
:1078000001D140220AE0584D1435A94206D0564A0B
:107810002832914201D11A4600E022464B490839EC
:107820004A60C16A71E04FF0020808FA04F818EAE9
:10783000020F70D05FEA83786DD50A68920606D48D
:107840000A6822F00A020A60012180F82110DFF89C
:1078500010814FF40072016808F11408130114023A
:10786000414524D9A9420DD0B1420FD0B9421AD016
:10787000614515D0494515D0514501D1120312E09B
:10788000594501D102220EE0714501D120220AE0C2
:10789000354D1435A94206D0334A2832914201D1E0
:1078A0001A4600E022462F49091F0A6029E0A94232
:1078B00013D0B14215D0B94220D061451BD0494503
:1078C0001BD0514502D14FF4001217E0414502D1BF
:1078D0004FF0007212E0594501D102220EE07145CD
:1078E00001D120220AE0204D1435A94206D01E4ABB
:1078F0002832914201D11A4600E022461349083944
:107900004A60002180F82010816A00291CD0BDE85F
:10791000F05F0847FFE70825A540154214D01A0775
:1079200012D50A6822F00E020A6090F84020C36B5C
:10793000012101FA02F25A60816380F821100021CE
:1079400080F82010016BE0E7BDE8F09F08000240DE
:107950001C00024030000240440002405800024037
:107960006C000240080402401C04024030B560B1C3
:107970001A4B026814219A4209D2194B1344B3FBE3
:10798000F1F18900016417490AE0012030BD134B71
:107990005B421344B3FBF1F1890001640F490839DC
:1079A000C163022180F82110136843F6F0718B4304
:1079B000F0E901142143D0E902452C432143046935
:1079C0002143446921438469214319431160002103
:1079D0004163012242770177084630BD0804024026
:1079E000F8FFFDBF0000024070B5044690F820008B
:1079F000002501280CD0012084F8200094F8216093
:107A00000020012E06D084F820000225284670BDF3
:107A1000022070BD022684F82160A06320680668F9
:107A200026F0010606602046F9F77EFDE06A002890
:107A30002068016802D041F00E0106E021F0040147
:107A400001602068016841F00A0101602068016856
:107A500041F001010160D9E72DE9F04705462648CC
:107A60000F460126017E01290FD0012181460176B2
:107A70002868DFF888804CF25034022808D0A246EB
:107A80002046FFF70FFBA8B131E00220BDE8F087E8
:107A90002046FFF707FB08BB0120FFF7A3FA2046AB
:107AA000FFF700FBD8F81010064621F00401C8F8D3
:107AB00010101CE04FF0FF303860AC6811E0204639
:107AC000FFF7A2FA5046FFF7EDFAD8F810100600BB
:107AD00021F00201C8F8101001D03C6007E004F565
:107AE0000064D5E9020100EBC120A042E7D80021E3
:107AF00089F818103046C9E7A00200200020024093
:107B00000348016941F080010161002070470000D5
:107B1000002002402DE9F05F07461C4888460024FB
:107B2000017E15461E46012909D0012181460176B4
:107B30004CF2503A5046FFF7B5FA18B122E0022055
:107B4000BDE8F09F012F02D0022F00D00427D346BA
:107B5000DFF83CA0220128463146F8F753FB81B2FA
:107B600008EB4400FFF762FA5846FFF79BFADAF891
:107B7000102022F00102CAF8102018B9641CE4B2E7
:107B8000BC42E7D3002289F81820D9E7A0020020E0
:107B900000200240064900200A69120607D5054A5E
:107BA0004A60054A4A600969090600D50120704704
:107BB0000020024023016745AB89EFCD2DE9F04756
:107BC000354C0746DFF8D4802088354D4FF07E597C
:107BD000B84232D198F8000000285AD14946A0692D
:107BE000F8F751FBA0614FF08040E0616188606868
:107BF00000F06AF9002630B16188606800F064F92D
:107C0000012808D00EE0A878401CC0B2A870032854
:107C100008D9AE7006E0A87808B90420A870C0B2F0
:107C2000401EA8701F49FF2008701F4821490660A8
:107C30001E486E7006601E480860208DB84228D12C
:107C400098F80000002824D14E464946206CF8F7E9
:107C50001AFBC4E91006618DE06A00F035F980B1C5
:107C6000618DE06A00F030F9012812D1E06BF8F77D
:107C70009EFDC3B26A78A9780120BDE8F04702F002
:107C80000DBDE06BF8F793FDC3B26A78A9780020C8
:107C9000F3E7BDE8F0870000A4490020F0000020D1
:107CA000EC0000208F0000209800002094000020AD
:107CB000CDCCCC3D74000020044910B50A680242C6
:107CC00002D00860FFF77AFF10BD000014040140E5
:107CD0002DE9F84FDFF8C8910024A9F1040B2346E1
:107CE0000F2709F1040AABF1040ED1E00125A540EC
:107CF00006EA0502AA4276D1DFF8A8C14E68A6EBD3
:107D00000C0866452BD00DDC032E34D005DC36B3D1
:107D1000012E19D0022E2FD11BE0112E16D0122EBB
:107D20002AD119E0B8F5881F19D006DCB8F5803FD4
:107D300015D0B8F5801F1FD111E0B8F5001F0ED087
:107D4000B8F5041F18D10AE0CB6815E0CB681B1DFD
:107D500012E0CB6808330FE0CB680C330CE08B6883
:107D60002BB1012B4FF0080303D0456104E004233D
:107D700002E0056100E00023FF2A01D8064601E089
:107D800000F104064FEA840501D9A5F12005D6F8D3
:107D9000008007FA05FC28EA0C0803FA05F548EA12
:107DA0000508C6F800804D68ED0070D53E4DAE69FF
:107DB00046F00106AE61AD6924F0030605F0010549
:107DC00000953A4D06EB050CDCF80850A607360F77
:107DD00007FA06F825EA0805DFF8D480404503D104
:107DE0004FF0000825E052E0DFF8C880404502D19E
:107DF0004FF001081DE0DFF8C080404502D14FF090
:107E0000020816E0DFF8B480404502D14FF00308C5
:107E10000FE0DFF8AC80404502D14FF0040808E0E5
:107E2000DFF8A080404502D14FF0050801E04FF097
:107E3000060808FA06F848EA0508CCF808804D68F4
:107E4000D9F80060ED024D4601D5164300E0964397
:107E50002E604D68DAF80060AD02554601D5164334
:107E600000E096432E604D68DBF80060AD035D4690
:107E700001D5164300E096432E604D68DEF80060A1
:107E8000ED03754601D5164300E096432E60641C51
:107E90000A681646E2407FF429AFBDE8F88F00007B
:107EA00008040140000011100010024000000140D1
:107EB00000080140000C0140001001400014014086
:107EC00000180140001C01408068084000D00120DB
:107ED00070470AB1016170470904FBE701488068F7
:107EE00070470000000000200248816802781144B9
:107EF0008160704700000020074810B5016841F01C
:107F000010010160032000F075F8002000F006F871
:107F100000F024F8002010BD0020024070B50D4D87
:107F200004464FF47A712878B1FBF0F00A490968E9
:107F3000B1FBF0F000F09EFB48B9102C07D20022F4
:107F40002146501E00F036F800206C6070BD012004
:107F500070BD0000000000200C0000200C4808B597
:107F6000816941F001018161816901F001010091A4
:107F7000C16941F08051C161C06900F0805000903A
:107F80000448416821F0E06141F00071416008BDA2
:107F90000010024000000140002809DB00F01F0231
:107FA000012191404009800000F1E020C0F800115B
:107FB00070470000F0B40E4B1B680C46C3F302235D
:107FC000C3F10705042D00D90425191D072901D285
:107FD000002300E0DB1E012606FA05F1491E2140C0
:107FE00099409E40761E16403143F0BC03F00ABB18
:107FF0000CED00E0064900F0070208684FF6FF03A9
:10800000184040EA0220034A10430860704700000D
:108010000CED00E00000FA0510B501460020284CE8
:1080200004292FD00BDC012930D0022929D100F0FE
:108030005BF96168C1F38131491C49001FE00829DF
:1080400020D010291DD161682268D20119D51D48A0
:10805000C1F38342C903805C0AD56168194AC1F340
:108060004041921E515C184AB2FBF1F1484301E0D5
:10807000164948436168490203D440000321B0FB1C
:10808000F1F010BDBDE8104000F03EB9226AC2F325
:108090000121012903D1920701D5C80310BD02298E
:1080A00005D1626A920702D549F6404010BD032906
:1080B000FCD121688903F9D54FF2244010BD00009E
:1080C00000100240E0C1000800127A0000093D00E3
:1080D0002DE9F84305460078354CC00754D0E069D7
:1080E0000026C00008D4E06940F08050E061E069FB
:1080F000012600F0805000902E480168C90512D476
:108100000168804641F480710160FFF7E7FE074691
:1081100005E000BFFFF7E2FEC01B642823D8D8F8B3
:108120000000C005F6D5206A10F4407021D0A9885F
:1081300001F4407181421CD0206A1F49012220F4C1
:1081400040700A6000220A602062C00711D0FFF769
:10815000C5FE074641F2883808E000BFFFF7BEFEC3
:10816000C11B414502D90320BDE8F883206A80077E
:10817000F4D5206A696820F44070084320621EB17B
:10818000E06920F08050E0612878800705D56068BC
:10819000A96820F44040084360602878C00605D5EF
:1081A0006068696920F48000084360600020DBE7B4
:1081B0000010024000700040400442422DE9F047A8
:1081C0000F46050061D0434E306800F00700B8420A
:1081D00009D2306820F0070038433060306800F082
:1081E0000700B84251D128683B4C810712D540079F
:1081F00003D5606840F4E06060602878000703D52C
:10820000606840F4605060606068A96820F0F00029
:10821000084360602878C00728D06868012810D01B
:108220002168022810D0890700292EDA616821F020
:10823000030101436160FFF751FE804641F2883936
:108240000DE021688903EFE78901EDE7FFF746FEBE
:10825000A0EB0801494502D90320BDE8F08760681A
:10826000696800F00C00B0EB810FEFD1306800F0CE
:108270000700B8420BD9306820F00700384330605F
:10828000306800F00700B84201D00120E5E7287807
:10829000400705D56068E96820F4E0600843606045
:1082A0002878000706D56068296920F4605040EA04
:1082B000C100606000F028F86168084AC1F303114A
:1082C000515CC8400649086006480068FFF726FE72
:1082D0000020C2E70020024000100240F0C1000868
:1082E0000C0000200400002004480549006849688B
:1082F000044AC1F3C221515CC84070470C00002001
:108300000010024000C200080E4A51680E4801F0F9
:108310000C03042B11D0082B0FD10C48C1F383435D
:10832000C903C05C0AD55168084AC1F34041921E96
:10833000515C054A5043B0FBF1F070470449484393
:10834000704700000010024000127A00CEC1000801
:1083500000093D002DE9F84F040070D02078C04D91
:10836000C00749D06868C0F38100012807D0686859
:10837000C0F38100022809D16868C00306D52868C7
:10838000800339D560680028E7D035E06068B0F533
:10839000803F0BD010B1B0F5A02F11D0286820F489
:1083A00080302860286820F4802002E0286840F4AB
:1083B00080302860606890B1FFF790FD06460AE0C3
:1083C000286840F480202860F0E700BFFFF786FDB2
:1083D000801B642873D828688003F7D50CE0FFF76A
:1083E0007DFD064605E000BFFFF778FD801B642891
:1083F000F0D828688003F7D420789A4E80074FF091
:1084000001094FF0000839D5686810F00C0F07D04B
:108410006868C0F38100022809D16868C00306D4E7
:108420002868800714D52069012808D110E0206948
:10843000B0B1C6F80090FFF751FD074605E00AE12C
:10844000FFF74CFDC01B0228C4D828688007F7D569
:108450002868616920F0F80040EAC10028600DE05A
:10846000C6F80080FFF73AFD074604E0FFF736FD47
:10847000C01B022823D828688007F7D4207800077B
:108480002CD57948A169D9B1C0F80090FFF726FD35
:10849000074604E0FFF722FDC01B02280FD8686AD8
:1084A0008007F7D571484FF4FA510068B0FBF1F03E
:1084B000009000BF0098411E0091FAD20EE080E0CB
:1084C000C0F80080FFF70AFD074604E0FFF706FD4D
:1084D000C01B022875D8686A8007F7D42078400747
:1084E00060D5E8690027C00008D4E86940F08050F2
:1084F000E861E869012700F0805000905C4801685D
:10850000C90513D40168834641F480710160FFF707
:10851000E5FC824606E000BFFFF7E0FCA0EB0A00A6
:1085200064284ED8DBF80000C005F5D5E0680128C6
:108530000AD008B1052813D0286A20F0010028626B
:10854000286A20F0040002E0286A40F00100286256
:10855000E06841F2883B98B1FFF7C0FC82460BE02F
:10856000286A40F004002862EEE700BFFFF7B6FC7F
:10857000A0EB0A0159455AD8286A8007F6D50CE0C5
:10858000FFF7ACFC824605E0FFF7A8FCA0EB0A0170
:1085900059454CD8286A8007F6D41FB1E86920F005
:1085A0008050E861E06988B36968C1F381010229FC
:1085B00044D00228C6F8608004D0FFF78FFC044640
:1085C00038E034E0FFF78AFC074604E0FFF786FC5A
:1085D000C01B02282BD828688001F7D4206AB0F588
:1085E000803F05D16868A16820F4003008436860C6
:1085F000D4E908010843696821F4741108436860EC
:10860000C6F86090FFF76AFC044606E025E000BF6C
:10861000FFF764FC001B022809D828688001F7D501
:108620001BE000BFFFF75AFC001B022802D9032001
:10863000BDE8F88F28688001F4D40EE00128F7D057
:108640006868226A00F48031914204D1616A00F4C2
:108650007010884201D00120EAE70020E8E700001E
:108660000010024000004242800442420C00002000
:108670000070004010B5401EB0F1807F01D3012092
:1086800010BD4FF0E02460610F21601702F0BAFFC7
:108690000020A06107202061002010BD70477047B6
:1086A00010B590F83C20012A22D0012280F83C200D
:1086B000CA688C6822F4407222434C6822F48062BB
:1086C00022430C6822F4006222430C6922F4805297
:1086D00022434C6922F400522243C969002322F448
:1086E00080420A4301684A6480F83C30002010BD93
:1086F000022010BD70B590F83C20012A2CD0012436
:1087000080F83C40022280F83D2003685A689D684A
:1087100022F070060A6832435A60104B02689A428F
:108720000ED00F4B9A420BD0B2F1804F08D00D4BB8
:108730009A4205D00C4B9A4202D00C4B9A4204D17B
:10874000496825F080031943916080F83D4000217D
:1087500080F83C10084670BD022070BD002C01401E
:10876000003401400004004000080040000C0040BC
:1087700090F83D10012901D001207047022180F8B6
:108780003D100168CA6842F00102CA6000680E49E3
:1087900088420ED00D4988420BD0B0F1804F08D0EE
:1087A0000B49884205D00B49884202D00A498842C9
:1087B00004D1816801F00701062903D0016841F066
:1087C0000101016000207047002C0140003401408D
:1087D0000004004000080040000C004070B5044652
:1087E00000681649884227D1207F154E154D012873
:1087F00005D13068406B68600120F8F7CBFC207F22
:10880000022805D13068806BE8600320F8F7C2FCCD
:10881000207F042805D13068C06B28600020F8F75D
:10882000B9FC207F082807D13068006CA860BDE83B
:1088300070400220F8F7AEBC70BD0000000400409C
:10884000C8010020DC5700202DE9F041054690F8D2
:108850003C0000260C46012810D0012085F83C0081
:1088600072B1042A1CD0082A2CD00C2A50D0012620
:10887000002085F83C003046BDE8F0810220FBE78F
:10888000D4E90012E368286802F068FA2868816970
:1088900021F00C01816128688169A26811430FE011
:1088A000D4E90012E368286802F08EFA286881692A
:1088B00021F44061816128688169A26841EA02214E
:1088C0008161D5E72868D4E9002C277B036A016A17
:1088D00021F480710162C16923F4007321F0030166
:1088E00041EA0C0121F0F00C39074FF400774CEA13
:1088F000116107EA02221A43C16102622868C16954
:1089000021F00C01C1612868C169A26811432BE004
:108910002868D4E90021E768036AD0F820C02CF465
:10892000805CC0F820C0D0F81CC023F400532CF4A5
:10893000407C4CEA012121F4704C4FF6FF7101EAB2
:1089400007314FF4005741EA0C0107EA02321A439B
:10895000C16102622868C16921F44061C16128686F
:10896000C169A26841EA0221C16181E710B5040032
:1089700003D094F83D0010B107E0012010BD0020A5
:1089800084F83C00204600F01FF8022084F83D00E7
:10899000211D206802F0CCF8012084F8460084F8FC
:1089A0003E0084F83F0084F8400084F8410084F8D9
:1089B000420084F8430084F8440084F8450084F8B9
:1089C0003D00002010BD000010B586B000240094CA
:1089D0000194029403940068194988422ED11948E1
:1089E000C16941F00201C161C16901F00201049154
:1089F000816941F004018161816901F00401049100
:108A0000816941F0080181618069694600F00800D0
:108A10000490C02000900C48FFF75AF90320CDE9DC
:108A20000004694609480294FFF752F90022052123
:108A30001D20FFF7BFFA1D20FFF7AEFA06B010BDEC
:108A4000000400400010024000080140000C0140FA
:108A500030B50446002551B104290DD0082910D0A5
:108A600094F8412094F84500012A11D10EE094F8C1
:108A70003E2094F84200F7E794F83F2094F8430032
:108A8000F2E794F8402094F84400EDE7012801D083
:108A9000012030BD022059B1042912D0082919D073
:108AA00084F8410084F845000C293ED001253AE0C5
:108AB00084F83E0084F842002068C26842F0020256
:108AC00010E084F83F0084F843002068C26842F058
:108AD000040207E084F8400084F844002068C2687B
:108AE00042F00802C2600122206802F067F81149D2
:108AF000206888420ED0104988420BD0B0F1804FD8
:108B000008D00E49884205D00D49884202D00D494F
:108B1000884204D1816801F00701062903D0016869
:108B200041F001010160284630BD2068C26842F072
:108B30001002D7E7002C014000340140000400403F
:108B400000080040000C004070B504460068016950
:108B50004FF00005C943890715D4C168C943890787
:108B600011D4E91E01610120207720688069800707
:108B7000204602D0FFF732FE04E000F0E5F8204680
:108B800000F0A4F9257720680169C943490717D483
:108B9000C168C943490713D46FF004010161022081
:108BA00020772068806910F4407F204602D0FFF7CC
:108BB00015FE04E000F0C8F8204600F087F925779C
:108BC00020680169C943090716D4C168C943090768
:108BD00012D46FF008010161042020772068C06979
:108BE0008007204602D0FFF7F9FD04E000F0ACF862
:108BF000204600F06BF9257720680169C943C90652
:108C000017D4C168C943C90613D46FF010010161BC
:108C1000082020772068C06910F4407F204602D0E9
:108C2000FFF7DCFD04E000F08FF8204600F04EF97D
:108C3000257720680169C943C90708D1C168C943BC
:108C4000C90704D1891E0161204600F09BF9206804
:108C50000169C943090609D4C168C943090605D495
:108C60006FF0800101612046FFF718FD206801695F
:108C7000C943490609D4C168C943490605D46FF000
:108C800040010161204600F07EF920680169C94376
:108C900089060BD4C168C943890607D46FF0200147
:108CA00001612046BDE87040FFF7F9BC70BD0000CF
:108CB00010B586B0002100910191029103911C4CE6
:108CC00003681C4A02211C48A34209D1936943F05E
:108CD00004039361926902F004020492C21421E039
:108CE000164CA34212D1906940F00800906190693F
:108CF000039100F0080004904FF47070CDE900017A
:108D000069460F48FEF7E4FF06B010BD0D4CA342C4
:108D1000FAD1936943F004039361926902F004026B
:108D200004920F22CDE9002103916946EAE7000091
:108D3000002C0140001002400008014000080040E3
:108D4000000C0140000C0040704770B5044690F8DC
:108D50003C0000260D4601280FD0012084F83C007D
:108D60006AB1042A1DD0082A2FD00C2A3FD0012630
:108D7000002084F83C00304670BD022070BD2068A1
:108D800001F02AFF2068816941F0080181612068B3
:108D9000816921F004018161206881692A69114398
:108DA00011E0206801F048FF2068816941F400610A
:108DB00081612068816921F4806181612068816915
:108DC0002A6941EA02218161D2E7206801F06AFF45
:108DD0002068C16941F00801C1612068C16921F0C2
:108DE0000401C1612068C1692A69114311E020684A
:108DF00001F08CFF2068C16941F40061C161206805
:108E0000C16921F48061C1612068C1692A6941EAB0
:108E10000221C161ACE710B5040003D094F83D0015
:108E200010B107E0012010BD002084F83C0020466E
:108E300000F01EF8022084F83D00211D206801F09A
:108E400077FE012084F8460084F83E0084F83F0055
:108E500084F8400084F8410084F8420084F843001C
:108E600084F8440084F8450084F83D00002010BDDB
:108E700008B5124A01681248914207D1816941F44C
:108E800000618161806900F4006009E00D4A91424F
:108E900008D1C16941F00401C161C06900F004005A
:108EA000009008BD084A9142FBD1C16941F0080118
:108EB000C161C06900F00800F2E70000002C014029
:108EC0000010024000080040000C00407047000005
:108ED00010B50446022249B104290ED0082913D046
:108EE00094F84100012816D0012010BD94F83E00EE
:108EF0000128F9D184F83E200FE094F83F000128C2
:108F0000F2D184F83F2008E094F840000128EBD12A
:108F100084F8402001E084F841200122206801F01B
:108F20004DFE13492068134A884201D0904203D174
:108F3000436C43F400434364206888420DD0904260
:108F40000BD0B0F1804F08D00B49884205D00B49B7
:108F5000884202D00A49884204D1816801F00701A1
:108F6000062903D0016841F001010160002010BD15
:108F7000002C014000340140000400400008004083
:108F8000000C00407047704770B500210C48FFF797
:108F90009FFF0B4C00252068456304212046FFF706
:108FA00097FF2068856308212046FFF791FF20681E
:108FB000C5630C212046FFF78BFF2068056470BD58
:108FC00010020020FEE70000064902680B689A6361
:108FD0000B6842681A640B6882685A630968C06843
:108FE000C8637047100200202DE9F0470025DFF824
:108FF0009C80274F81462E4605EBC50108EBC10436
:109000006078A0B357F825104846F7F73CF947F8C1
:109010002500B0F17C5F2FDBA08840B1A07B401C15
:1090200040B2A073032803DD0120A07300E0A67303
:10903000B4F9180028B194F82610C94384F8261012
:1090400001E084F82660616B91B1218C29B194F81C
:10905000261094F9442091420AD018B194F82700C0
:10906000032805D114F8440FC043207002E009E042
:1090700084F8446047F825606D1CEDB2042DBBD325
:10908000BDE8F087A67384F82660F1E7485C00200D
:10909000745700203C23FF22002101F0A9BF3C238C
:1090A0000022114601F0A4BF10B50122202158482A
:1090B000FEF70FFF0C215748FFF70AFF564C01221D
:1090C00080212046FEF705FF012240212046FEF7C1
:1090D00000FF012210212046FEF7FBFE0420F8F7D6
:1090E00047FB002280212046FEF7F3FE0420F8F71C
:1090F0003FFB0021084602F08FF80121002001F01B
:10910000E9FF0321002001F0E5FF0421002001F028
:10911000E1FF0521002001F0DDFF0821002001F022
:10912000D9FF1821002001F0D5FF2921002001F0EE
:10913000D1FF8021002001F0CDFF4021002001F06F
:10914000C9FFE321002001F0C5FF01228021204654
:10915000FEF7BFFE012208212046FEF7BAFE0122DB
:1091600004212046FEF7B5FE012211462046FEF7F7
:10917000B0FE0420F8F7FCFA002208212046FEF792
:10918000A8FE0420F8F7F4FA0021012002F044F8C8
:109190000121084601F09EFF0321012001F09AFF02
:1091A0000421012001F096FF0521012001F092FF2A
:1091B0000821012001F08EFF1821012001F08AFF13
:1091C0002921012001F086FF8021012001F082FF8A
:1091D0004021012001F07EFFE321012001F07AFF10
:1091E000012208212046FEF774FE0020FFF752FFFF
:1091F0000120FFF74FFF4FF4FA70F8F7ADFA0020A7
:10920000FFF74DFFBDE810400120FFF748BF000009
:10921000000C01408001002000140140FEB5002137
:10922000374800910191354A02910260921582609F
:1092300001240473017508254FF460220561C261A1
:109240004160FEF7FFF808B1FDF7CAFE0A20CDE93C
:109250000004072469462A480294FEF771F808B111
:10926000FDF7BEFE0B2000900220019069462448C5
:10927000FEF766F808B1FDF7B3FE0C20009003205E
:10928000019069461E48FEF75BF808B1FDF7A8FE9D
:109290000D200426CDE9000669461948FEF750F86E
:1092A00008B1FDF79DFE0F200527CDE900076946AF
:1092B0001348FEF745F808B1FDF792FE0E20009026
:1092C0000620019069460E48FEF73AF808B1FDF70E
:1092D00087FECDE9007469460948FEF731F808B108
:1092E000FDF77EFECDE9006569460548FEF728F8E2
:1092F000002801D0FDF774FEFEBD000000240140EF
:109300000C010020094808B5416941F001014161A3
:109310004069002200F00100009011460B20FEF78A
:1093200049FEBDE808400B20FEF736BE00100240A3
:109330002DE9F04F85B00024534800940194029425
:109340000394816941F010018161816901F010018C
:109350000491816941F004018161816901F0040196
:109360000491816941F008018161816901F008017E
:109370000491816941F040018161816901F04001FE
:109380000491816941F0200181618069DFF8FC80EE
:1093900000F020004CF2801504900022294640463F
:1093A000FEF797FDDFF8E8A04FF40077002239467A
:1093B0005046FEF78EFDDFF8DCB00122DD21584675
:1093C000FEF787FD002220213348FEF782FD00953D
:1093D000022601250396CDE9015469464046FEF771
:1093E00077FC6803CDE9000469462B480294FEF738
:1093F0006FFC4FF48078CDE90084694658460294AA
:10940000FEF766FCDFF894900097CDE90194694679
:109410005846FEF75DFC00970396CDE90154694676
:109420005046FEF755FCCDF800801D4FCDE9019464
:1094300069463846FEF74CFC4FF4C060CDE90004A5
:10944000694638460294FEF743FCDD20CDE900056D
:109450000320CDE9025069465846FEF739FC20202A
:10946000CDE90005CDE9024669460B48FEF730FC20
:10947000002206211720FEF79DFD1720FEF78CFD28
:1094800005B0BDE8F08F0000001002400018014058
:109490000010014000140140000C014000001110B8
:1094A0000008014010B592B000240F941C2108A8B8
:1094B0001094F6F7D0FE20216846F6F7CCFE1F4840
:1094C0001D4901602321C0E90114C721C0E903142B
:1094D00044618461FFF79FFC08B1FDF781FD0F94A3
:1094E0000FA916481094FFF705F908B1FDF778FDAC
:1094F0006020CDE908040A940C940D940C2208A96C
:109500000E480E94FFF721FC08B1FDF769FD0094A9
:109510004FF40050CDE9044002940194039469464D
:1095200006480794FFF7BCF808B1FDF759FD03485A
:10953000FFF7BEFB12B010BD002C014080010020DF
:1095400010B586B000242548059404940094019435
:10955000029421490394016041F61F41C0E90114BE
:109560004FF6FF71C0E903148461FFF7FFF908B1FA
:10957000FDF736FD049404A918480594FFF7BAF8DE
:1095800008B1FDF72DFD0120CDE900400820CDE90F
:109590000240002269461148FFF756F908B1FDF76D
:1095A0001FFD042269460D48FFF74EF908B1FDF78B
:1095B00017FD082269460948FFF746F908B1FDF78B
:1095C0000FFD0C2269460548FFF73EF9002801D03F
:1095D000FDF706FD06B010BD00040040C8010020E4
:1095E00010B58AB0002407941C2168460894F6F749
:1095F00032FE2348214901600821C0E9011440F2EC
:109600008F11C0E903148461FFF705FC08B1FDF771
:10961000E7FC079407A91A480894FFF76BF808B10C
:10962000FDF7DEFC6020CDE900040220029000225C
:10963000694604941248FFF788FB08B1FDF7D0FC97
:10964000042269460E48FFF780FB08B1FDF7C8FC0D
:10965000082269460A48FFF778FB08B1FDF7C0FC0D
:109660000C2269460648FFF770FB08B1FDF7B8FC0D
:109670000348FFF71DFB0AB010BD000000080040C2
:109680001002002010B58AB0002407941C216846FF
:109690000894F6F7E0FD2248204901602321C0E943
:1096A0000114C721C0E903148461FFF7B4FB08B1BA
:1096B000FDF796FC079407A919480894FFF71AF8D4
:1096C00008B1FDF78DFC6020CDE900040294002272
:1096D000694613480494FFF738FB08B1FDF780FC96
:1096E000042269460E48FFF730FB08B1FDF778FC0D
:1096F000082269460A48FFF728FB08B1FDF770FC0D
:109700000C2269460648FFF720FB08B1FDF768FC0C
:109710000348FFF7CDFA0AB010BD0000000C00406E
:1097200058020020FEE700002DE9F74F40F61C40EC
:1097300084B015460C46824200DD0546634804EBC2
:10974000C40100EBC10BA5F19601BBF91C60DFF869
:1097500080A140F28F108E4205DA00BF4AF8240043
:1097600007B0BDE8F08F4FF00009B5F5FA6F1EDCC9
:10977000A5F1640086421CDA564D049855F8241071
:10978000F6F781FD544945F82400884203DAFA21AE
:109790004AF82410E4E7504949420844B0F5C00FA4
:1097A00002D24AF82490DBE745F82490D8E7AE428D
:1097B000D4DBA91B49483131632902D2012101556B
:1097C00002E0494600F80490C8B264214843F6F725
:1097D000BFFF80463046F6F7B2FF03902846F6F703
:1097E000AEFF01463B4804EB8402603000EBC2064A
:1097F0003B4F8DE8C001374A04EB440080463032CD
:1098000002EB8803DDE90320F7F744FB706A10F1EF
:10981000FF4F02D3C6F8249002E0B84200DD776221
:10982000BBF91C102F4804EB840200EBC207A942CD
:1098300016DABBF92C00F6F782FF02462A492B48BC
:109840000097CDE9010127490498303901EB8803DD
:109850004FF07C51F7F71EFB796A11F1FF4F02D3ED
:10986000C7F8249003E02148814200DD786219495D
:10987000BBF91C00DFF878B01031A84204DD4AF8CB
:10988000249041F824906BE7884651F824100498FE
:10989000F6F7F9FC48F824000546706A5E4659461A
:1098A000F6F77BFD2946F6F7CFFF05D8786AF6F77D
:1098B00065FF4AF8240001E04AF8249058F8241083
:1098C000B142E0DD48F824904AE70000485C0020FF
:1098D000285C00208859002000004040D80000206B
:1098E0000000C842B85A00200000484200007A43F5
:1098F000000020412DE9F14F0024DFF80891424D8E
:10990000DFF80881DFF808A184B0A34604EBC407A0
:1099100009EBC706717800295DD03089B0B3012109
:10992000204600F097F819F8370088B104EB84005E
:1099300005EBC006706A10F0FF4F04D04FF07E5167
:10994000F6F7F3FC706210F1FF4F21D358461EE08A
:10995000B6F90600F6F7F3FE0746B6F90800F6F783
:10996000EEFE01462B4804EB840205EBC206CDE96E
:109970000060254B02900C3B3A460498F7F78AFAB0
:10998000716A5046814202DD084601E005E07062DE
:10999000F6F7F4FE08F8040029E004EB840005EB78
:1099A000C006706A10F0FF4F04D04FF07E51F6F7FA
:1099B000BCFC70620146504501DB084606E0002110
:1099C000204600F047F85846C6F824B0F6F7D6FE11
:1099D00008F804000BE00021204600F03BF804EBFF
:1099E000840105EBC101C1F804A008F804B0641CAF
:1099F000E4B2042C8AD305B00448BDE8F04F00F06F
:109A00000BB80000485C0020E8580020D40000207B
:109A10000000A04100004843064902780B689A63A1
:109A20000B6842781A640B6882785A630968C078B8
:109A3000C863704758020020044803490160044984
:109A400041600021816070470BD7233DDC58002026
:109A500090C2753D02000F4809D0012A0CD0022A9D
:109A600011D0032A14D1831581B1012202E04FF4F1
:109A70008043F9E7194604E009B1012200E0002221
:109A80008021FEF726BA4FF40043EDE70022F1E70C
:109A9000704700000018014008B502F069FA009014
:109AA000FFF7CAFF054C2046FFF724FF2046F7F7D3
:109AB000F3FB3221684602F01DFAF4E7CDCC4C3DB1
:109AC000FEE700002DE9FF5F83460F46474801EBA4
:109AD000C70100EBC10AA2F19600BAF91E60154653
:109AE000864202DA40F61C4278E0A5F16400864224
:109AF00006DA1046F6F723FE3D49F6F71CFC6AE04D
:109B00003C4907EB470001EB800801F1300007EB0F
:109B1000870100EBC104B5F52F7F104623DDF6F772
:109B20001CFE354A354BF6F729FDF6F767FE8146F0
:109B30003046F6F704FE06462846F6F700FE304AA1
:109B4000CDE90290CDE900420146434632465846EF
:109B5000F7F7A0F9606A10F1FF4F01D300206062AF
:109B60002349039823E0F6F7F8FD0022254BF6F78A
:109B700005FDF6F743FE81463046F6F7E0FD064662
:109B80002846F6F7DCFD1E4ACDE90290CDE90042F9
:109B90000146434632465846F7F77CF9606A4FF073
:109BA0007F5110F1FF4F01D3002060620398F6F758
:109BB000C2FB0646616AF6F73DFE00D26662BAF95C
:109BC0001E00A84201DB002208E02846F6F7B7FD98
:109BD000616AF6F758FBF6F7D1FD024604B0394644
:109BE0005846BDE8F05FFFF79FBD0000485C0020CD
:109BF00066664640585B0020CDCCCCCCCCCC08402F
:109C000000401C450000F83F114F124DDFF848900E
:109C100007F110085FF00004F7F764F857F8240024
:109C2000F6F7C4FF04EBC40105EBC106F08358F856
:109C30002400F6F7BBFF641CE4B2B083042CEBD322
:109C4000484600F09FF80A2002F004F8E2E700001E
:109C5000E4560020485C00200AD7233C2DE9F0415F
:109C600038212548FDF7AAFA234C0126DFF88C801D
:109C70002078234D234FAA2802D16078B72819D025
:109C800000F042F85FF0000004EB400200EBC0017E
:109C900005EBC10153888B8052890A8304EB800253
:109CA000401C5269C0B20A630428EDD388F80060F2
:109CB0003E7018E05FF0000004EB400200EBC001D2
:109CC00005EBC10153888B8052890A8304EB800223
:109CD000401C5269C0B20A630428EDD388F80060C2
:109CE0003878002805D000203870BDE8F04100F039
:109CF0002DB8BDE8F081000094570020A40000209A
:109D0000485C00209C00002070B50E49AA200E4E31
:109D100008700020024640F2DC544FF4B97500BFD1
:109D200001EB40035C805D8101EB8003401CC0B20D
:109D30005E625A610428F3D381F83420B72048705A
:109D400070BD00009457002000007A44382101487B
:109D5000FDF750BA9457002070B5084C00252178C3
:109D600051B16168F6F78FFA6060B0F17C5F02DB99
:109D7000FFF7ECFF257070BD656070BD9C00002092
:109D8000F6F704BA70B5104CA168F6F77CFAA0603B
:109D9000B0F17E5F16DB0D4B0D4D0E49002000BF6C
:109DA00053F82020AA4200EBC00201EBC20201DA04
:109DB000D68B00E0968B401CC0B256830428EFD3AC
:109DC0000020A06070BD000080000020E45600204C
:109DD00000800945485C00202DE9F04107461848FD
:109DE0001C46154600780E46532801D001F0A8FA0B
:109DF000EFF31182202080F3118811495FF00000F9
:109E000000EB400301EBC303DB691BB10B69401C92
:109E10008342F5DC0B6983420BDD00EB400301EB71
:109E2000C3018F61CE610D6200238B624B62CC62F5
:109E300001E04FF0FF30D1B281F31188BDE8F0812D
:109E4000685D00202DE9F04104461548DDF81880D2
:109E50001D46007816460F46532801D001F070FACF
:109E60000F48032C18D2EFF31181202282F31188BE
:109E700004EB440200EBC20060302CB10760466086
:109E8000856000220261C260C0F81480C8B280F30D
:109E900011880020BDE8F0814FF0FF30FAE70000A4
:109EA000685D00202DE9F04705461C4816460C4623
:109EB0000078532801D001F043FA184905EB45001A
:109EC00001EBC007A046D7E91B95002460374D453C
:109ED00011D9B868441BB44200D33446786822468E
:109EE00041194046F6F79EF9B868361B2544A04450
:109EF000A84200D10025A9EB0500B04200D20646D9
:109F00003EB17868324641194046F6F78BF9344441
:109F1000354404B13D612046BDE8F087685D00200E
:109F20002DE9F0410F46194900EB400001EBC00458
:109F30001646A16A656AE06918342844A94217D810
:109F4000A268521B531EB34201D3324614E0194497
:109F5000B14219D315463946F6F764F92A46761BFD
:109F600004D0B91832466068F6F75CF9E66008E09C
:109F7000491B491EB14207D33946F6F753F9A819D0
:109F8000E0600120BDE8F0810020FBE7685D002073
:109F9000084810B5054B064A014600F04DF8BDE8EB
:109FA00010404FF0805000F055BA000061B6000834
:109FB000E0C8000800A24A0470B5EFF31185202024
:109FC00080F311881B48A0F12F040146626804E069
:109FD00042F0800301F8013BD2097F2AF8D801F84A
:109FE000012BA26805E000BF42F0800301F8013BAD
:109FF000D2097F2AF8D801F8012B226905E000BFB9
:10A0000042F0800301F8013BD2097F2AF8D801F819
:10A01000012B002201F8012B182201F021FAE8B2ED
:10A0200080F31188606A002802D0BDE870400047C4
:10A0300070BD00004F6600202DE9F8431E4617460C
:10A040008846814600234FF480620D490DA0FFF73A
:10A05000C3FE0E4CC0B200256070207608230C4A67
:10A0600008A10095FFF7EEFE0A4825614068C4F894
:10A070000490C4E90280C4E908762570BDE8F8833D
:10A0800020620020537973566965770020660020AE
:10A0900000010020001000E010B5EFF31184202033
:10A0A00080F3118804481122014601F0D9F9E0B289
:10A0B00080F3118810BD00004F66002010B50146E6
:10A0C000EFF31184202080F311880B48A0F12F02B8
:10A0D00012698A1A014604E042F0800301F8013B4C
:10A0E000D2097F2AF8D801F8012B082201F0B8F92B
:10A0F000E0B280F3118810BD4F66002010B5014614
:10A10000EFF31184202080F311880B48A0F12F0277
:10A1100012698A1A014604E042F0800301F8013B0B
:10A12000D2097F2AF8D801F8012B042201F098F90E
:10A13000E0B280F3118810BD4F66002010B50146D3
:10A14000EFF31184202080F311880B48A0F12F0237
:10A1500012698A1A014604E042F0800301F8013BCB
:10A16000D2097F2AF8D801F8012B062201F078F9EC
:10A17000E0B280F3118810BD4F6600200A4810B588
:10A18000006A48B1006838B180470A460146BDE818
:10A1900010400D2000F02AB804484168BDE8104086
:10A1A0000C2000F005B8000020660020001000E040
:10A1B00070B50246EFF31184202080F311880A481D
:10A1C000034604E041F0800500F8015BC9097F29DE
:10A1D000F8D800F8011B0146184601F041F9E0B239
:10A1E00080F3118870BD00004F66002070B50546F1
:10A1F000EFF31184202080F311880F48034604E018
:10A2000041F0800600F8016BC9097F29F8D800F8F1
:10A21000011B04E042F0800100F8011BD2097F2AF3
:10A22000F8D800F8012B01462A46184601F018F923
:10A23000E0B280F3118870BD4F66002010B5024671
:10A24000EFF31184202080F311880448014601F0C7
:10A2500007F9E0B280F3118810BD00004F660020BE
:10A2600070B501461E484468002C38D0002003E039
:10A270002469002C33D0401C8842F9D3EFF31186B7
:10A28000202080F31188174D284604E041F0800219
:10A2900000F8012BC9097F29F8D800F8011BA16833
:10A2A00005E000BF41F0800200F8012BC9097F29B9
:10A2B000F8D800F8011B8022216801F073F80146EC
:10A2C0001622284601F0CCF8F0B280F31188002C59
:10A2D00005D0E068002802D0BDE87040004770BD9E
:10A2E000F80000204F660020054810B54468002C97
:10A2F00004D0E06800B180472469F8E710BD000091
:10A30000F800002010B5EFF31184202080F31188AD
:10A310000B4A0A480146127805E000BF42F080036C
:10A3200001F8013BD2097F2AF8D801F8012B1B2242
:10A3300001F096F8E0B280F3118810BD4F6600205E
:10A34000F800002070B5EFF31185202181F311880A
:10A35000074C01468022204601F024F801460E22D7
:10A36000204601F07DF8E8B280F3118870BD00004E
:10A370004F6600202DE9F0410546EFF311862020BD
:10A3800080F311882C4C2968A4F12F0720463A69E4
:10A39000891A04E041F0800200F8012BC9097F29E5
:10A3A000F8D800F8011BA96805E000BF41F0800261
:10A3B00000F8012BC9097F29F8D800F8011B2022D9
:10A3C000696800F0EFFF01460922204601F048F8D5
:10A3D00028683A692146801A05E000BF40F08002F3
:10A3E00001F8012BC0097F28F8D801F8010BE868B3
:10A3F00005E000BF40F0800201F8012BC0097F2872
:10A40000F8D801F8010B286905E000BF40F0800290
:10A4100001F8012BC0097F28F8D801F8010B0020B2
:10A4200001F8010B1522204601F01AF8F0B280F372
:10A430001188BDE8F08100004F6600200448006AE2
:10A44000002803D04068002800D000477047000073
:10A450002066002001490861704700002066002046
:10A4600001490969401A70472066002070B5294CDF
:10A4700001202070EFF31185202686F31188607883
:10A480000A222549FFF74CFDE8B280F311880A2023
:10A49000FFF7D4FEEFF3118586F3118804F12F0046
:10A4A0000146626805E000BF42F0800301F8013B0D
:10A4B000D2097F2AF8D801F8012BA26805E000BF75
:10A4C00042F0800301F8013BD2097F2AF8D801F855
:10A4D000012B226905E000BF42F0800301F8013B37
:10A4E000D2097F2AF8D801F8012B002201F8012BAC
:10A4F000182200F0B5FFE8B280F31188606A00B15D
:10A500008047FFF73BFEFFF799FFBDE87040FFF77C
:10A51000F9BE000020660020C5C8000870B5EFF342
:10A520001184202080F311880748A0F12F05297895
:10A5300029B10B22014600F093FF00202870E0B201
:10A5400080F3118870BD00004F66002070B5EFF3F6
:10A550001185202181F311880A4C01468022204672
:10A5600000F020FF012100F8011B002100F8011B71
:10A5700001461A22204600F073FFE8B280F31188EA
:10A5800070BD00004F660020F5F7DEBD2DE9F843F1
:10A590000C46174680461E46052213A12046089DFC
:10A5A000F5F764FE00281CD0114A1068082804D36F
:10A5B000BDE8F8430F48FFF7C9BF00EB80010E4B21
:10A5C000401C43F8218003EB81013346C1E9014778
:10A5D000C1E9036510603A4621464046009500F007
:10A5E00047F8BDE8F883000049444C4500000000EE
:10A5F00008010020E8C800082C67002070B51A4C3C
:10A600002268002A2FD00021184B06E001EB8105BB
:10A6100053F82550854202D0491C9142F6D3501E72
:10A62000814204D101EB810003EB800015E09142EF
:10A6300019D202EB820003EB800001EB810150F89C
:10A64000142D43F8212003EB810142684A6082689F
:10A650008A60C268CA6002690A611421F5F7FBFDCD
:10A660002068401E206070BD080100202C6700207B
:10A670002DE9F04186B00D4604461F4616461421CA
:10A680006846DDF83080F5F7E6FD8DE8F0016846B4
:10A69000FFF770FE06B0BDE8F0810000F0B5514C48
:10A6A00001EBC1014FF47A7504EBC10150B10024F4
:10A6B000142B72D282B3012A5ED0022A5FD0032A01
:10A6C00029D167E00A27484E4FF0640C40F2DC5075
:10A6D00040F61C44142B23D232B1012A04D0022AA2
:10A6E00009D0032A78D118E08A880A3212B28A8007
:10A6F0000A2A27D022E0B1F91800A84201DA401D49
:10A7000005E090FBF7F207FB12024ABB21E0088349
:10A7100000B2A04257DC5FE02EE0086B3C3026E040
:10A7200032B1012A04D0022A0FD0032A54D11BE0EF
:10A730008A881E3212B28A801E2A03D082424BDDE2
:10A74000888049E0A1F804C046E0B1F91800A842A9
:10A7500001DA0A30DBE790FBF7F207FB12020AB1DD
:10A760000D8339E01430D2E7086B00F5967008636A
:10A77000B04231DD0E632FE088880A3817E0B1F966
:10A780001800A84201DC401F00E00A38088300B22C
:10A7900017E002E0086B3C381AE032B1012A04D01D
:10A7A000022A0AD0032A17D10FE088881E3800B287
:10A7B0008880322810DA8C800EE0088B143800B2C2
:10A7C0000883002808DC0C8306E0086BA0F596706F
:10A7D0000863002800DC0C6304494FF080400860E7
:10A7E000F0BD0000485C0020805101009400002072
:10A7F000054C2046F6F7C2FD2046FFF7ADFA64206F
:10A8000001F028FAF5E70000CDCCCC3D144E154FF1
:10A810005FF0000505EBC50006EBC004A088608171
:10A820002846F6F797FE208B608429463846F6F7CF
:10A83000E5FE206BE063606B6D1C3B30EDB2206485
:10A84000042DE7D3384600F0B9FB0548F9F7AAFC18
:10A850000348F6F7B5FF642001F0FCF9D8E70000E3
:10A86000485C0020CDCCCC3D08B501F081FB054C07
:10A8700000902046F6F732FE3221684601F03AFB9E
:10A88000F7E70000CDCC4C3D1CB501F09DF93A49ED
:10A890000220CDE900010023802238A13C4801F0CC
:10A8A000FBFA354906201039CDE90001002380224A
:10A8B00038A13B4801F0F0FA2F4905201439CDE9C1
:10A8C00000010023802237A1394801F0E5FA2A4926
:10A8D00009202039CDE9000100234FF4807235A111
:10A8E000384801F0D9FA244903201C39CDE9000188
:10A8F0000023802234A1374801F0CEFA1E490A20F5
:10A900002439CDE900010023802233A1354801F02C
:10A91000C3FA194904201839CDE900010023802227
:10A9200031A1344801F0B8FA134908200C39CDE9B7
:10A9300000010023802230A1334801F0ADFA0E4916
:10A9400007200839CDE90001002380222FA13248D9
:10A9500001F0A2FA08490B20091FCDE900010023EC
:10A9600080222EA1304801F097FA002001F08EF9E4
:10A97000BDE81C4001F036B9D000002043616C698D
:10A9800062726174696F6E5F5461736B00000000E6
:10A99000D910000853706565645F5461736B0000E3
:10A9A00069A800084D6F746F725F5461736B00008B
:10A9B000999A000853686F775F446973706C617986
:10A9C000000000000DA8000845433131415F54618B
:10A9D000736B0000656F000842757A7A65725F5488
:10A9E00061736B00ED0F00085054313030305F540C
:10A9F00061736B00099C000853657474696E675F2E
:10AA00005461736B00000000F1A7000854656D707D
:10AA10005F5461736B00000025AF000854696D65D9
:10AA20005F5461736B0000009DAF000810B5FDF727
:10AA30005BFA01F08FFA012803D0BDE8104001F065
:10AA400015BA10BD30B595B028216846F5F703FC5E
:10AA500014210AA8F5F7FFFB18210FA8F5F7FBFB57
:10AA600001210804CDE9001000250295022404917B
:10AA7000CDE907404FF4E01009906846FDF76AFC05
:10AA800008B172B6FEE70AA90F2081E831004FF441
:10AA90008060CDE90D0502210AA8FDF78FFB08B102
:10AAA00072B6FEE74FF4004011900F940FA8FDF727
:10AAB0000FFB002801D072B6FEE715B030BD70471D
:10AAC0001CB5FFF765FAFFF7C9F8FCF715FAFCF7B4
:10AAD0006FFAFEF759FAFCF769F8FEF7E5FAF5F7B1
:10AAE00085FF0A4908480860F6F790FA08490120EE
:10AAF000CDE900010023802206A1094801F0CCF92C
:10AB0000BDE81C4001F026B9CDCCCC3D740000203E
:10AB1000E800002053746172745F5461736B00002D
:10AB200089A800080148FEF70FB80000C8010020FE
:10AB3000F0B502681C4B1D4D1D4E1E4F1E4C4FF0B4
:10AB4000804C984209D0A04207D0604505D0A84269
:10AB500003D0B04201D0B84204D122F0700E4A684E
:10AB600042EA0E02984209D0A04207D0604505D0C3
:10AB7000A84203D0B04201D0B84203D122F44075BC
:10AB8000CA682A434D6922F080022A4302608A681B
:10AB9000C2620A688262984201D0A04201D109696A
:10ABA000016301214161F0BD002C0140000400401F
:10ABB00000080040000C00400034014010B501F0D6
:10ABC0001F030121046A99408C430462016A9A4080
:10ABD0001143016210BD0000F0B5036A026A22F061
:10ABE0000102026242688469124E24F073050C6807
:10ABF0002C4323F002058B682B430D4DA84201D056
:10AC0000B04205D123F00807CB683B4323F004038F
:10AC1000A84201D0B04205D14D6922F440721543DB
:10AC20008A692A4342608461496841630362F0BDD6
:10AC3000002C014000340140F0B5026A036A23F0A1
:10AC400010030362436884690D6824F4E64444EA0F
:10AC500005248D6822F0200242EA05120F4D104EA5
:10AC6000A84201D0B04206D1CF6822F0800242EA69
:10AC7000071222F04002A84201D0B04207D14D692C
:10AC800023F4406343EA85038D6943EA8503436007
:10AC90008461496881630262F0BD0000002C0140BC
:10ACA00000340140F0B5026A036A23F48073036242
:10ACB0004368C46922F4007224F073050C68124ED4
:10ACC0002C438D6842EA05220E4DA84201D0B042C5
:10ACD00006D1CF6822F4006242EA072222F48062A1
:10ACE000A84201D0B04207D14D6923F4405343EA52
:10ACF00005138D6943EA05134360C4614968C16364
:10AD00000262F0BD002C01400034014030B5046AFD
:10AD1000026A22F4805202624268C3690D6823F419
:10AD2000E64343EA05238D6824F4005444EA0534DD
:10AD3000084DA84202D0084DA84204D14D6922F422
:10AD4000804242EA85124260C3614968016404623C
:10AD500030BD0000002C01400034014070B5056A90
:10AD6000046A24F0010404628469124EB0420ED0D9
:10AD7000114EB0420BD0B0F1804F08D00F4EB04210
:10AD800005D00F4EB04202D00E4EB04203D124F097
:10AD90000304144301E044F001041A0724F0F00412
:10ADA00044EA126225F00A0301F00A0119438261A4
:10ADB000016270BD002C01400034014000040040DD
:10ADC00000080040000C004030B5046A056A25F018
:10ADD00010050562856925F4407545EA022222F4D2
:10ADE00070454FF6FF7202EA033224F0A0032A43B3
:10ADF000A02404EA011119438261016230BD000000
:10AE00002DE9F05FDFF888A00024224FAAF10806A0
:10AE1000DFF884808346254606F1040904EBC4006C
:10AE200007EBC000417829B31C491D4A51F8241092
:10AE300091420FDB1AF80420012A03D180F8275031
:10AE40000AF80450B0F92020A2B121465846FEF776
:10AE50006BFC14E0B0F9202062B11AF8043023B979
:10AE600080F8275001200AF8040021465846FEF7D2
:10AE700029FE04E0355548F8245009F80450641CB4
:10AE8000E4B2042CCAD3BDE8F05F0348FEF79CB8D7
:10AE9000E4000020485C0020285C0020E4560020EC
:10AEA000008009452DE9F04F174C0020154FDFF8C1
:10AEB0005CC0DFF85C90DFF85CA0DFF85CB0DFF826
:10AEC0005CE0024604F1D00504F5D07300EB4001CC
:10AED00004EB810644F82170C6E901C905EB81063F
:10AEE00045F821A0C6E901B243F821E003EB810156
:10AEF0000B4EC1E90162401CC0B20428E6D3BDE894
:10AF0000F08F0000CDCCCC3FB85900206F12033C2D
:10AF1000EC51B83D0000AF43CDCCCC3E000020400A
:10AF20000BD7A33C08B501F023F80090FFF7BAFF58
:10AF3000054C204600F00AF82046FFF761FF0A2181
:10AF4000684600F0D7FFF4E70AD7233C2DE9F0412B
:10AF5000104D074600244FF07E5600BF55F82410D0
:10AF60003846F5F790F945F82400B0420CDD0A4860
:10AF700004EBC40100EBC100818BC28D8A1A82856B
:10AF8000C185002045F82400641CE4B2042CE5D3FC
:10AF9000BDE8F081A8590020485C002008B500F009
:10AFA000E7FF054C00902046F6F730F9642168462B
:10AFB00000F0A0FFF7E70000CDCCCC3D70B5054612
:10AFC000FEF712F82846F6F737FA074C2846E168EC
:10AFD000F5F759F9E060B0F17C5F04DBE078C0433D
:10AFE000E0700020E06070BD8C000020FEE70000F3
:10AFF0002DE9F04790464FF00004154F1E46894654
:10B000000500224601D0082100E080213846FCF7E7
:10B0100060FF0420F6F7ACFB0121284600F0FCF8A5
:10B020004946284600F016F805E04146284600F05B
:10B03000B5F8641C64B2B442F7DB4FF001020DB105
:10B04000082100E080213846BDE8F047FCF741BF09
:10B05000001401402DE9F0410546002448061C4F2C
:10B06000060E00BF4FF000020DB1042100E04021A8
:10B070003846FCF72EFFC4F1060026FA00F0C007A0
:10B080000CD04FF001026DB101213846FCF721FFD1
:10B090000420F6F76DFB012204210DE04FF00002C1
:10B0A000002DF1D14FF010013846FCF712FF0420BB
:10B0B000F6F75EFB012240213846FCF70AFF042028
:10B0C000F6F756FB641CE4B2072CCBD3BDE8F08145
:10B0D000001401402DE9F0412F4E0F460546002493
:10B0E0004FF000020DB1042100E040213046FCF792
:10B0F000F0FEC4F1070027FA00F0C0070CD04FF0B3
:10B1000001026DB101213046FCF7E3FE0420F6F7A1
:10B110002FFB012204210DE04FF00002002DF1D1A0
:10B120004FF010013046FCF7D4FE0420F6F720FB68
:10B13000012240213046FCF7CCFE0420F6F718FB34
:10B14000641CE4B2082CCBD34FF0000275B104218B
:10B150003046FCF7BEFE0420F6F70AFB0022012170
:10B160003046FCF7B6FE012204210DE040213046B6
:10B17000FCF7AFFE0420F6F7FBFA00221021304660
:10B18000FCF7A7FE012240213046FCF7A2FEBDE8F5
:10B19000F0410420F6F7ECBA001401402DE9F0412B
:10B1A0001C4F0E46054600244FF000020DB104214D
:10B1B00000E040213846FCF78CFEC4F1070026FA77
:10B1C00000F0C0070CD04FF001026DB101213846EC
:10B1D000FCF77FFE0420F6F7CBFA012204210DE0F4
:10B1E0004FF00002002DF1D14FF010013846FCF76E
:10B1F00070FE0420F6F7BCFA012240213846FCF725
:10B2000068FE0420F6F7B4FA641C082CCCDBBDE819
:10B21000F08100000014014070B505460E46042080
:10B22000F6F7A6FA454C4FF0000275B3042120460C
:10B23000FCF74FFE0420F6F79BFA01221146204648
:10B24000FCF747FE012204212046FCF742FE0420C1
:10B25000F6F78EFA002204212046FCF73AFE04207D
:10B26000F6F786FA002201212046FCF732FE042080
:10B27000F6F77EFA012204212046FCF72AFE04207C
:10B28000F6F776FA002204212EE0FFE7402120465F
:10B29000FCF71FFE0420F6F76BFA0122102120466E
:10B2A000FCF717FE012240212046FCF712FE042085
:10B2B000F6F75EFA002240212046FCF70AFE042041
:10B2C000F6F756FA002210212046FCF702FE042071
:10B2D000F6F74EFA012240212046FCF7FAFD042041
:10B2E000F6F746FA002240212046FCF7F2FD042042
:10B2F000F6F73EFA66B14FF001026DB1012120462A
:10B30000FCF7E7FD0420F6F733FA012204210DE0F3
:10B310004FF00002002DF1D14FF010012046FCF754
:10B32000D8FD0420F6F724FA012240212046FCF73C
:10B33000D0FDBDE870400420F6F71ABA00140140B1
:10B3400010B5134CA8212046F4F785FF0320206197
:10B35000606110A0A06104F1A800E0614FF480607A
:10B3600020620020A0626062E0620AA1216604F50A
:10B37000956161661021A1662067E06660670849F3
:10B38000C0F10F028A5C2254401C1028F8D310BD73
:10B39000685D00205465726D696E616C000000008C
:10B3A000B4C8000830B50346401C0C46802A04D9B6
:10B3B0007F2204E000F8015B491C521E02D30D7885
:10B3C000002DF7D1091B197030BD000038B5234C92
:10B3D00001226946207EFEF765FD00281CD09DF8FD
:10B3E0000000052825D008DC012816D0022817D037
:10B3F000032818D0042808D118E006281CD00728F4
:10B400001DD07F2808D080281CD0802804D3207E1F
:10B4100001226946FEF746FD38BDFFF727F838BD23
:10B42000FFF77CF838BDFEF7A9FE38BDFFF706F838
:10B4300038BDFEF7C1FD38BDFEF764FF38BDFEF72D
:10B4400053FF38BD207E01226946FEF72BFD002800
:10B45000F7D09DF80000FEF703FF38BD20660020FE
:10B460002DE9F0474A4D0746144628780E464FF01E
:10B470000109012808D0002875D0022804D100F065
:10B480008DF8287801286ED1202C04D2E96909FAB8
:10B4900004F0014267D1E2B2182C0ED3F01B7F28D2
:10B4A00007D9C1097B1E40F08000197007F8020D12
:10B4B00001E007F8010D7F2C02D2791E0A7039E0F5
:10B4C000E0B240F08000B4F5804F04D2E2097B1E68
:10B4D000B91E1A701DE0802343EAD411CAB2B4F534
:10B4E000001F06D2A30B7C1E2370BB1EF91E1A7010
:10B4F0000FE0802141EA943101F0FF0CB4F1805F4C
:10B5000009D2630D7C1E2370FB1E07F802CC1A7053
:10B51000391F08700EE04FEA147843EA5453BC1EFA
:10B5200007F8018C23703B1F394607F803CC1A70CB
:10B5300001F8050D17484468E868201A05E000BFC7
:10B5400040F0800206F8012BC0097F28F8D806F8E1
:10B55000010B721A6878FEF7E3FC08B1EC6002E0B8
:10B560002878401C2870287E00EB40010A4800EB38
:10B57000C100C16E006F814208D0A878002805D1B3
:10B5800085F80290FFF722FF0020A870BDE8F08741
:10B5900020660020001000E0685D00203EB501201C
:10B5A000164C8DF800006A46501C616905E000BF2A
:10B5B00041F0800300F8013BC9097F29F8D800F861
:10B5C000011B0F494D68E168691A04E041F08003EE
:10B5D00000F8013BC9097F29F8D800F8011B821A3D
:10B5E00060786946FEF79CFC20B1E5602178491E31
:10B5F00021703EBD6169491C61613EBD206600202D
:10B60000001000E00907090E002804DB00F1E0202B
:10B6100080F80014704700F00F0000F1E02080F87F
:10B62000141D704702E008C8121F08C1002AFAD191
:10B6300070477047002001E001C1121F002AFBD1B2
:10B64000704770B500F09AFC4FF47A730146A1FB85
:10B6500003050022144602FB035201FB042170BDC6
:10B6600010B504A0FEF76EFEBDE810400EA0FEF778
:10B6700069BE00004E3D4672656552544F532044EA
:10B68000656D6F204170706C69636174696F6E2CB9
:10B69000443D436F727465782D4D342C4F3D467296
:10B6A000656552544F530000492331353D5379733A
:10B6B0005469636B00000000F8B500240A4D0B4E7E
:10B6C0000EE000BF04EB840705EB87000169001D55
:10B6D000009190E80E0055F82700FEF7C9FF641CA2
:10B6E00030688442EED3F8BD2C67002008010020AA
:10B6F00010B5044CC1F1FF01235C0B4013432354EC
:10B7000010BD000024570020FCF7F6FBFFF79AF964
:10B71000FDF70EFEFDF7F6FDFDF780FDFDF7C2FE1D
:10B72000FDF70EFFFDF75CFFFDF7ACFFFFF7C8F973
:10B73000FEE700002DE9F0411E4C0F460546E66885
:10B740002068001D00F0FAF938B9206890F82C1034
:10B7500001208840216981432161681C15D1A7B16E
:10B76000154922684868906023688268DA60226818
:10B770008368121D5A602268121D82602068416130
:10B780000868401C0860BDE8F08120683544B54277
:10B790004560216805D2E06BBDE8F041091D00F06D
:10B7A000EEB9A06B091D00F0EAF9A06A8542EAD261
:10B7B000A562E8E73000002090490020F8B5044673
:10B7C00000F002FA3D4DA868401CA86028683C4F74
:10B7D00010B1686938B32CE02C60A868012828D122
:10B7E0005FF0000606EB860007EB800000F0B9F979
:10B7F000761C202EF6D3334800F0B3F931481430CC
:10B8000000F0AFF92F48283000F0ABF92D483C305C
:10B8100000F0A7F92B48503000F0A3F92948A8639D
:10B820001430E86305E02868E16AC06A884200D8FD
:10B830002C60686A401C6862606464B12046FEF750
:10B840003DFC236B206804F13401C01A00902046AF
:10B85000E26AFEF79BFE2046FEF770FCE16A0120DB
:10B860002A6988401043286101EB810007EB8000C2
:10B870004068A0608168E1608268211D516081603C
:10B88000E06A00EB800007EB8001616157F820104F
:10B89000491C47F8201000F0A5F9686900280CD071
:10B8A0002868E16AC06A884207D207494FF0805091
:10B8B0000860BFF34F8FBFF36F8FF8BD30000020DB
:10B8C000C04600204049002004ED00E010B50446C9
:10B8D000006B00F091F92046BDE8104000F08CB9F3
:10B8E0000E484FF48841420706D0C01D0B4920F096
:10B8F0000700411AC1F58841094A00230144C2E901
:10B9000000030839143A21F0070111604B600B6005
:10B910000B1AC0E90013936053607047C002002007
:10B9200024000020144E154CA6F52F774FF08058B8
:10B93000DFF84C9012E000BF00F046F9F068C568EF
:10B94000281D00F0FBF8A068401EA0606068401E43
:10B95000606000F047F92846FFF7B8FF60680028EC
:10B96000EAD138680128F9D9C9F80080BFF34F8FB0
:10B97000BFF36F8FF2E700007C4900203000002009
:10B9800004ED00E02DE9F0470D46DDE90984174696
:10B99000824691009946089EA522206BF4F754FC3C
:10B9A0006FF00301206B01EB8701084420F00707CB
:10B9B00065B100202218295C82F83410295C11B18D
:10B9C000401C1028F6D3002084F84300202E00D31A
:10B9D0001F26201DE66200F0CFF804F1180000F0E9
:10B9E000CBF82461C6F120006462A0614A4651464A
:10B9F000384600F091F82060B8F1000F01D0C8F887
:10BA00000040BDE8F087000030B5114900E0114664
:10BA10000A688242FBD34B685C18844203D14068B9
:10BA200018444860084643681C18944209D1084CE1
:10BA3000143C2468A24209D052681A4442600A6841
:10BA400012680260814200D0086030BD0460F9E7EE
:10BA5000240000200548816B096821B1816BC96809
:10BA60000968816270474FF0FF31FAE7300000202B
:10BA7000502080F31188BFF34F8FBFF36F8FFEE725
:10BA800070B50446002600F09BF9224D286808B9DD
:10BA9000FFF726FFCCB304F00700C0F11000C1434C
:10BAA0008C4232D8211800292FDD686881422CD8B9
:10BAB000184814300246146801E0204614466268B3
:10BAC0008A4202D22268002AF7D12A6894421CD006
:10BAD00006682268026060680836421A102A04D993
:10BAE000601842606160FFF78FFF61686868401A04
:10BAF0006860AA68904200D2A86041F0004060608F
:10BB000000202060E868401CE86000F0CBFA304676
:10BB100070BD00001000002010B5031F4FF08074AE
:10BB20001C601B1F21F001011960191F024B0B60E3
:10BB3000143940380A6010BD71BA0008D0E90132EA
:10BB400001699A60D0E901235A604A68824201D1B2
:10BB500082684A60002202610868401E0860086826
:10BB6000704700F108014FF0FF32C0E90112C160D7
:10BB7000016100210160704700210161704730B50B
:10BB80000B685A1C02D000F1080202E0026904E0CE
:10BB90002246546825689D42FAD953684B609960E3
:10BBA0008A60516008610168491C016030BD4268CB
:10BBB0004A6093688B60936859609160086101687E
:10BBC000491C016070470000502080F31188BFF3CA
:10BBD0004F8FBFF36F8F02480168491C01607047A7
:10BBE0002C00002003490868401E086001D180F342
:10BBF000118870472C00002070B500281BD0A0F1E0
:10BC000008046068002816DA2168002913D120F0A2
:10BC10000040606000F0D4F8074D6068696808442F
:10BC200068602046FFF7F0FE2869401C2861BDE8E7
:10BC3000704000F037BA70BD100000204FF0E020D7
:10BC40000021016181610249416107210161704761
:10BC50003F19010010B504000DD000F0B1F82146E5
:10BC60002320FEF7A5FA00212046FFF763FD00F030
:10BC700019FA002807D104494FF080500860BFF33B
:10BC80004F8FBFF36F8F10BD04ED00E070B5054618
:10BC9000FFF79AFF2B4C05B92568281DFFF74EFFCB
:10BCA00058B9E86A284A00EB800152F8211021B9FE
:10BCB00001218140206988432061A86A18B105F1FB
:10BCC0001800FFF73BFF606A401C606220688542F5
:10BCD00011D1291D1D48FFF76AFF6068401C606094
:10BCE0002846FEF7BDFB01462220FEF761FA2846F2
:10BCF000FEF784FC0EE0A068401EA0602846FEF718
:10BD0000AFFB01462220FEF753FA2846FEF776FCE9
:10BD1000FFF7A0FEFFF766FF2068854202D02846A5
:10BD2000FFF7D4FD606900280AD02068854207D15A
:10BD300007494FF080500860BFF34F8FBFF36F8FFC
:10BD400070BD000030000020C04600207C4900206B
:10BD500004ED00E07CB516480025CDE900502B46E7
:10BD6000802214A1154800F097F8114C2C3C0128B2
:10BD70001BD1502080F31188BFF34F8FBFF36F8F1B
:10BD80004FF0FF30A06201206061E560206805226D
:10BD900008A13430F4F76AFA18B12068FEF7AEF95A
:10BDA00001E0FEF779F900F049F8206B7CBD000056
:10BDB0005C00002049444C450000000025B9000803
:10BDC0000248416B491C416370470000300000206D
:10BDD00010B5164C606B10B10120E06110BD002061
:10BDE000E06120691249B0FA80F0C0F11F0000EB59
:10BDF000800001EB800000F1080241684968416061
:10BE0000914201D149684160C868206020680522DC
:10BE100008A13430F4F72AFA20B12068BDE81040B8
:10BE2000FEF76CB9BDE81040FEF736B930000020CF
:10BE3000C046002049444C4500000000094810B5A8
:10BE4000016841F470010160016841F070410160D6
:10BE5000FFF7F4FE044900200860F4F787F900209A
:10BE600010BD000020ED00E02C00002010B5502097
:10BE700080F31188BFF34F8FBFF36F8F00F084F80A
:10BE800018B104494FF080500860002080F31188F9
:10BE900010BD000004ED00E02DE9FF5F8346DDE901
:10BEA0000E87994616468A469000FFF7E9FD050081
:10BEB0001DD05420FFF7E4FD040015D05421F4F701
:10BEC000CAF925630021CDE90241CDE900874B463F
:10BED000324651465846FFF755FD2046FFF76EFCA7
:10BEE000012004B0BDE8F09F2846FFF785FE4FF023
:10BEF000FF30F6E770B50C4603460026FFF760FFFB
:10BF00001248C5681A681444AA4204D9A2420ED93C
:10BF1000AC4202D80BE0A242FAD9012624201C60D0
:10BF2000FEF78CF9601B0021FFF704FC00E01C60A9
:10BF300000F0B8F838B906494FF080500860BFF3F8
:10BF40004F8FBFF36F8F304670BD00003000002070
:10BF500004ED00E00548416919B1406B18B10020BB
:10BF60007047012070470220704700003000002019
:10BF70000148C06870470000300000200148C068D8
:10BF800070470000300000202DE9F047434D0027A6
:10BF9000686B28B1A869401CA8613846BDE8F087E5
:10BFA000EE68761CEE6008D1A86BE96BA963E863C4
:10BFB000286A401C2862FFF74DFDA86ADFF8E08080
:10BFC00086420BD34FF0000AA86B0068A0B1A86BA3
:10BFD000C068C4686068864211D2A8622868C06AD6
:10BFE00000EB800158F82100012800D90127E869F9
:10BFF0000028D2D00127D0E74FF0FF30EDE7D4E999
:10C00000021260698A60D4E9021204F104095160E5
:10C0100042684A4501D1E1684160C4F814A0026851
:10C020005146521E0260A06A80B1D4E90723936092
:10C03000D4E907235A60426804F118039A4201D1F7
:10C04000226A4260A1620168491E01602046FEF733
:10C0500075F8E16A01202A6988401043286101EBE4
:10C06000810108EB81014968A1608A68E2608B6800
:10C07000C3F80490C1F80890E16A01EB810108EB74
:10C080008102626158F82120521C48F82120E16A9F
:10C090002868C06A814297D9012795E730000020BF
:10C0A000C04600202DE9F04700242546FFF78CFD0F
:10C0B0004248416B491E4163416B002978D1816838
:10C0C0003F4EA0464FF00109002971D082463068EA
:10C0D000F0B3F068C468D4E90721A06A9160D4E99C
:10C0E00007125160426804F118018A4201D1216AA5
:10C0F0004160C4F8288002684146521E0260D4E9BB
:10C10000023260699A60D4E90223271D5A604268AE
:10C11000BA4201D1E268426061610168491E016072
:10C120002046FEF70BF8E26ADAF8103009FA02F15D
:10C1300050461943CAF8101002EB8201214A02EB63
:10C1400081014968A1608B68E3608B685F6000E0F3
:10C1500013E08F60E16A01EB810102EB810363610F
:10C1600052F821305B1C42F82130E16A0268D26A41
:10C170009142ACD3C0F81C90A9E70CB1FFF76AFC60
:10C18000DAF8186054464EB14FEA0907FFF7FCFE93
:10C1900000B1E761761EF9D1C4F81880E06938B1C2
:10C1A0000949012528070860BFF34F8FBFF36F8F40
:10C1B000FFF718FD2846BDE8F0870000300000209A
:10C1C00068490020C046002004ED00E0010202039F
:10C1D0000405060708090A0B0C0D0E0F10100102CA
:10C1E00002030405060708090A0B0C0D0E0F1010B8
:10C1F0000000000000000000010203040607080917
:10C200000000000001020304B86E6444E16A654462
:10C2100066666644EC616744715D6844F65869443B
:10C220007B546A445C4F6B44E14A6C44C3456D44A3
:10C2300048416E44293C6F440A377044EC317144E4
:10C24000CD2C72440A277344EC217444291C754494
:10C250000A17764448117744850B7844C30579441E
:10C2600000007A443DFA7A44D7F37B4414EE7C44D0
:10C27000AEE77D44ECE17E4485DB7F448F6A8044F9
:10C280005CE7804429648144F6E08144715D824426
:10C290003DDA8244B856834433D38344AE4F84445A
:10C2A00029CC8444A44885441FC585449A418644CA
:10C2B00014BE86443D3A874466B68744E1328844DA
:10C2C0000AAF8844332B89445CA7894433238A44CA
:10C2D0005C9F8A44851B8B445C978B4433138C444E
:10C2E0000A8F8C44330B8D44B8868D448F028E4464
:10C2F000667E8E443DFA8E44C3758F449AF18F4416
:10C300001F6D9044A4E8904429649144AEDF9144A9
:10C31000335B924466D69244EC5193441FCD9344D0
:10C32000A4489444D7C394440A3F95443DBA9544E5
:10C3300071359644A4B09644852B9744B8A697448B
:10C340009A219844CD9C9844AE1799448F92994471
:10C35000710D9A4452889A44E1029B44C37D9B44E8
:10C36000A4F89B4433739C44C3ED9C4452689D44A1
:10C37000E1E29D44715D9E4400D89E448F529F44EB
:10C38000CDCC9F445C47A0449AC1A044D73BA14474
:10C3900066B6A144A430A2448FAAA244CD24A344EB
:10C3A0000A9FA344F618A4443393A4441F0DA54444
:10C3B0000A87A544F600A644E17AA644CDF4A64433
:10C3C000B86EA74452E8A7443D62A844D7DBA8440E
:10C3D000C355A9445CCFA944F648AA448FC2AA44D5
:10C3E000D73BAB4471B5AB440A2FAC4452A8AC4424
:10C3F000EC21AD44339BAD447B14AE44C38DAE44BD
:10C400000A07AF440080AF4448F9AF448F72B0448C
:10C4100085EBB0447B64B144C3DDB144B856B2444B
:10C42000AECFB2445248B34448C1B3443D3AB44499
:10C43000E1B2B444D72BB5447BA4B5441F1DB64428
:10C44000C395B644660EB7440A87B7445CFFB74449
:10C450000078B84452F0B844F668B94448E1B944A9
:10C460009A59BA44ECD1BA443D4ABB448FC2BB444A
:10C470008F3ABC44E1B2BC44E12ABD4433A3BD447D
:10C48000331BBE443393BE44330BBF443383BF449A
:10C49000E1FABF44E172C0448FEAC0448F62C144F4
:10C4A0003DDAC144EC51C2449AC9C2444841C34434
:10C4B000F6B8C344A430C44400A8C444AE1FC54465
:10C4C0000A97C544660EC644C385C6441FFDC644CC
:10C4D0007B74C744D7EBC744E162C8443DDAC84423
:10C4E0004851C944A4C8C944AE3FCA44B8B6CA44B6
:10C4F000C32DCB44CDA4CB44851BCC448F92CC44DC
:10C500009A09CD445280CD440AF7CD44C36DCE4440
:10C510007BE4CE44335BCF44ECD1CF44A448D04439
:10C520000ABFD044C335D14429ACD1448F22D24470
:10C53000F698D2445C0FD344C385D34429FCD3443A
:10C540008F72D444A4E8D444B85ED5441FD5D544F2
:10C55000334BD64448C1D6445C37D74471ADD74439
:10C560003323D8444899D8445C0FD9441F85D94413
:10C57000E1FAD944A470DA4466E6DA44295CDB4483
:10C58000ECD1DB44AE47DC441FBDDC44E132DD448A
:10C5900052A8DD44C31DDE443393DE44A408DF44C7
:10C5A000147EDF4485F3DF44F668E04414DEE044A3
:10C5B0003353E144A4C8E144C33DE244E1B2E24460
:10C5C0000028E3441F9DE344EC11E4440A87E4445B
:10C5D00029FCE444F670E544C3E5E5448F5AE6449B
:10C5E0005CCFE6442944E744F6B8E744C32DE84469
:10C5F0003DA2E8440A17E944858BE9440000EA4477
:10C600007B74EA44F6E8EA44715DEB44ECD1EB4418
:10C610001446EC448FBAEC44B82EED4433A3ED44F9
:10C620005C17EE44858BEE44AEFFEE44D773EF44C7
:10C63000AEE7EF44D75BF044AECFF044D743F144CC
:10C64000AEB7F144852BF2445C9FF2443313F344BC
:10C650000A87F3448FFAF344666EF444ECE1F44441
:10C66000C355F54448C9F544CD3CF64452B0F644B0
:10C67000D723F7445C97F7448F0AF844147EF844B4
:10C6800048F1F8447B64F94400D8F944334BFA4448
:10C6900066BEFA444831FB447BA4FB44AE17FC441D
:10C6A0008F8AFC44C3FDFC44A470FD4485E3FD4433
:10C6B0006656FE4448C9FE44293CFF44B8AEFF44D8
:10C6C000CD100045144A004585830045CDBC00458A
:10C6D00014F600455C2F0145A4680145C3A101453E
:10C6E0000ADB014552140245714D02458F86024511
:10C6F000AEBF0245CDF80245EC3103450A6B034558
:10C7000029A403451FDD03453D160445334F044569
:10C710005288044548C104453DFA04453333054574
:10C72000006C0545F6A40545ECDD0545B816064543
:10C73000854F06455288064548C10645ECF9064531
:10C74000B8320745856B074552A40745F6DC074517
:10C75000C3150845664E08450A870845AEBF08451B
:10C7600052F80845F63009459A69094514A2094569
:10C77000B8DA094533130A45AE4B0A4529840A4500
:10C78000A4BC0A451FF50A459A2D0B4514660B45B6
:10C79000669E0B45E1D60B45330F0C4585470C458E
:10C7A000D77F0C4529B80C457BF00C45CD280D45AD
:10C7B000F6600D4548990D4571D10D459A090E4514
:10C7C000EC410E45147A0E453DB20E453DEA0E454C
:10C7D00066220F458F5A0F458F920F458FCA0F451E
:10C7E000B8021045B83A1045B8721045B8AA1045BD
:10C7F0008FE210458F1A11458F521145668A1145F7
:10C800003DC211453DFA114514321245EC691245FD
:10C810009AA1124571D9124548111345F64813459E
:10C82000CD8013457BB8134529F01345D727144510
:10C83000855F144533971445E1CE144566061545CA
:10C84000143E15459A7515451FAD1545A4E41545CB
:10C85000291C1645AE531645338B1645B8C21645EE
:10C8600014FA16459A311745F668174552A0174530
:10C87000AED717450A0F184566461845C37D1845BB
:10C88000F6B4184552EC184585231945B85A194590
:10C890001492194548C919457B001A4585371A4530
:10C8A000B86E1A4530313233343536373839414273
:10C8B00043444546000000000000545452205245B5
:10C8C0004747455300000000000000000000003012
:10C8D00031323334353637383941424344454600E6
:10C8E00043B60008B9B6000853595354454D56494C
:10C8F00045573A20436F756C64206E6F74207265E3
:10C90000636F7264207461736B20696E666F726D01
:10C910006174696F6E2E204D6178696D756D206E42
:10C92000756D626572206F66207461736B7320721F
:10C930006561636865642E0058C900080000002026
:10C940000C01000024B6000864CA00080C01002095
:10C95000C46A000034B600080100000010000000A6
:10C96000000000000024F4000000000000000000AF
:10C9700000000000000000000000000000000000B7
:10C9800000000000AAAAAAAA0000000000000000FF
:10C990000000000000000000000000000000000097
:10C9A0000000000000000000000000000000000087
:10C9B00000000000000000001F0000000000000058
:10C9C0000000000000000000000000000000000067
:10C9D00000000000000000000000000000002040F7
:10C9E0000000000000000000000000000000000047
:10C9F0000000000000000000000000000000000037
:10CA00000000000000000000000000000000000026
:10CA10000000000000000000000000000000000016
:10CA20000000000000000000000000000000000006
:10CA300000000000000000000000000000000000F6
:10CA400000000000000000000000000000000000E6
:10CA500000000000000000000000000000000000D6
:04CA600000000000D2
:0400000508000131BD
:00000001FF
