:020000040800F2
:10000000707B0020E1010008F57100081F66000800
:10001000D16F0008370F0008678800080000000053
:10002000000000000000000000000000797B0008D4
:100030008D17000800000000717300086980000837
:10004000FB010008FB010008FB010008FB010008A0
:10005000FB010008FB010008FB010008FB01000890
:10006000FB010008FB010008FB0100085515000812
:10007000FB010008FB010008FB010008FB01000870
:10008000FB010008FB010008FB010008FB01000860
:10009000FB010008FB010008FB010008493E0008C5
:1000A000FB010008FB010008FB010008FB01000840
:1000B000618100086D810008FB010008FB01000858
:1000C000FB010008FB010008FB010008FB01000820
:1000D000FB010008FB010008FB010008F585000892
:1000E000FB010008FB010008FB010008FB01000800
:1000F000FB010008FB010008FB010008FB010008F0
:10010000FB010008FB01000879810008FB010008E1
:10011000FB010008FB01000885810008FB010008C5
:10012000FB010008FB010008FB010008FB010008BF
:10013000DFF810D000F048FC00480047ED8C0008C4
:10014000AFF30080707B0020224B19680868B0E88C
:10015000F00F80F30988BFF36F8F4FF0000080F33A
:1001600011884EF00D0E7047000000000648006830
:10017000006880F3088862B661B6BFF34F8FBFF3A3
:100180006F8F00DF00BF00BF08ED00E0EFF30980D4
:10019000BFF36F8F0F4B1A6820E9F00F106008B59E
:1001A0004FF0500080F31188BFF34F8FBFF36F8F74
:1001B00009F02AF94FF0000080F31188BDE80840EB
:1001C00019680868B0E8F00F80F30988BFF36F8FF3
:1001D000704700BF30000020EFF30580704700003B
:1001E0000648804706480047FEE7FEE7FEE7FEE7D1
:1001F000FEE7FEE7FEE7FEE7FEE7FEE7FB8000081E
:1002000031010008202A04DB203A21FA02F0002103
:10021000704721FA02F3D040C2F120029140084316
:100220001946704740EA01039B0703D009E008C95B
:10023000121F08C0042AFAD203E011F8013B00F8AB
:10024000013B521EF9D27047D2B201E000F8012BF7
:10025000491EFBD270470022F6E710B513460A4646
:1002600004461946FFF7F0FF204610BD30B504469E
:100270000020034600E05B1C934203D2E05CCD5CAF
:10028000401BF8D030BDF0B480EA0102D40F420028
:10029000B2EB410F02D20246084611464A0042D054
:1002A000C30DDDB2C1F3C752AD1A202D35DAC1F34B
:1002B000160141F4000204B15242C5F1200602FACF
:1002C00006F12A411044B3EBD05F23D0C4B1012D15
:1002D000A0EBC35009DCF0BC4FF0004202EAC3526D
:1002E000DBB200F5000000F0E3BA400000F18070DE
:1002F00000EBC350A0F1807040EAD170490009E0E2
:10030000490841EAC071A0EBC35000F50000400865
:1003100000EBC350F0BC00F0C2BA6142012202EB14
:100320004101001BF6E7F0BC704781F00041AAE7ED
:1003300080F00040A7E780EA010210B502F0004318
:10034000400022D04A001FD0010E01EB1261C0F321
:100350005600C2F3560240F4000042F40002A0FB33
:10036000022000047F39140400D0401C50EA1240DF
:1003700001D44000491EC2B20C0604EBD010401C50
:100380004008802A02D003E0002010BD20F00100C8
:10039000002900DA0020184310BD30B480EA0102C1
:1003A00002F0004530F0004221F0004013D090B13F
:1003B000C30DD40DC2F31601C0F31600E41A41F4C4
:1003C000000140F400027D34914201D3641C00E03E
:1003D0004900002C02DA30BC002070474FF40000C6
:1003E0000023914201D3891A034340084FEA410197
:1003F000F7D151B1914202D14FF0004105E002D254
:100400004FF0010101E06FF0010103EBC4502844FB
:1004100030BC00F044BA420005D0C0F3C75252428B
:10042000914201DC0020704700EBC15070472DE97C
:10043000FE4F804681EA0300C00F0C46009021F079
:10044000004123F00045B8EB0200A94105D2404627
:10045000214690461C460B46024623F000401043BE
:1004600047D0270DC7F30A00C3F30A510290401A80
:10047000019040286BDAC3F3130040F4801B00980E
:10048000924620B10023D2EB030A63EB0B0B0198D9
:100490005946C0F14002504600F0E0F906460D46CC
:1004A00050465946019A00F0E8F910EB0800614106
:1004B000002487EA115284EAE7731A4340D0009A75
:1004C00062B3019A012A4FEA075215DC001B61EB67
:1004D00002014FF0004202EA0752CDE90042001C3F
:1004E00041F5801132462B4600F01FFA03B0BDE8FB
:1004F000F08F40462146F9E7001B61EB0201001C2A
:1005000041F5801300185B412018A2F5001747EB56
:10051000030140EAD570B6196D4111E06D084FEA4C
:10052000360645EAC0754FEA0752001B61EB02012F
:10053000001C41F5801149084FEA30000019514173
:1005400032462B4603B0BDE8F04F00F0DFB900980B
:10055000012240000023D0EB020263EBE07300981D
:1005600021464FEAE074B8EB000061EB0401E9E7D3
:1005700083F000435BE781F0004158E72DE9FE4F2F
:1005800081EA030404F0004421F0004100944FF09C
:10059000000B23F0004350EA01045ED052EA03044A
:1005A0005BD0C3F30A54C1F30A552C44A4F2F334CC
:1005B0000194A0FB0254C1F3130141F48011C3F371
:1005C000130343F4801301FB024400FB034E840A2F
:1005D000970A44EA815447EA8357A4FB07680295C7
:1005E0008D0A05FB07854FEA932C04FB0C54270565
:1005F000029D4FEA065847EA1637B5EB08056EEB41
:10060000070C870E920E47EA811742EA8312A7FB76
:100610000201B6EB0B0164EB00042B0D43EA0C3333
:100620005E1844EB1C50DA465146E7FB0201C5F365
:1006300013044FEA0B3343EA14534FEA0432019C8C
:1006400043EA0603A4F10C040294009CCDE900B433
:1006500000F06BF903B0BDE8F08F00200146F9E728
:100660002DE9F04D81EA030404F0004B21F0004530
:1006700014464FF0000A23F0004150EA050220D052
:1006800054EA01021DD0C5F30A570246C5F313030D
:10069000C1F31300C1F30A5640F4801543F48013EC
:1006A000A7EB0608101BD64608F2FD3873EB0500D1
:1006B00002D308F1010801E092185B41B8F1000F84
:1006C00003DA00200146BDE8F08D00204FF48011D0
:1006D000064684460EE0171B73EB050705D3121B75
:1006E00063EB050306434CEA010C49084FEA30006E
:1006F00092185B4150EA0107EDD152EA030012D093
:1007000082EA040083EA0501084305D0101BAB41CF
:1007100006D20122002306E000224FF0004302E04F
:100720006FF0010253101AEB06004CEB085110EB6E
:100730000A0041EB0B01BDE8F04D00F0E7B8C10F36
:1007400080EAE0700844CA079623002100F0B0B8A0
:1007500096230022114600F0ABB80EB5C10F80EA17
:10076000E0700844CA07002140F233438DE80E00D0
:100770000A460B4600F0D9F803B000BD00F0004275
:1007800020F00040C10DC0F3160040F400007F29A6
:1007900001DA00207047962903DCC1F19601C840B8
:1007A00001E096398840002AF4D04042704720F09A
:1007B0000040C10DC0F3160040F400007F2901DAAB
:1007C00000207047962903DCC1F19601C8407047AC
:1007D00096398840704700F0004230F000400AD05F
:1007E000C10D01F56071C0F3160042EA0151C20863
:1007F00040071143704700200146704701F0004355
:1008000030B421F0004150EA010206D00A0DA2F5F1
:100810006072C1F31301002A02DC30BC0020704773
:10082000440F44EAC104C100E01830BC00EBC250E0
:1008300000F035B8002801DBC0F10040002901DBE1
:10084000C1F1004181427047002801DBC0F1004046
:10085000002901DBC1F1004188427047202A04DBF6
:10086000203A00FA02F1002070479140C2F12003C3
:1008700020FA03F3194390407047202A06DBCB1778
:10088000203A41FA02F043EAE07306E041FA02F34B
:10089000D040C2F120029140084319467047002918
:1008A000A8BF7047401C490008BF20F001007047F6
:1008B00010B4B0FA80FC00FA0CF050EA010404BF56
:1008C00010BC704749B1CCF1200421FA04F411FAAC
:1008D0000CF118BF012121430843A3EB0C01CB1DF0
:1008E0004FEA00614FEA102042BF002010BC704761
:1008F00000EBC35010440029A4BF10BC7047401C3B
:10090000490008BF20F0010010BC704710B5141E4C
:1009100073F1000408DA401C41F1000192185B41B8
:100920001A4301D120F0010010BD2DE9F04D92468F
:100930009B4611B1B1FA81F202E0B0FA80F22032A6
:100940009046FFF78BFF04460F4640EA0A0041EA53
:100950000B0153465A46084313D0114653EA01008F
:1009600019D0C8F140025046FFF74CFC05460E4630
:10097000504659464246FFF771FF084305D0012013
:1009800004E020463946BDE8F08D0020054346EAE4
:10099000E0762C4337430A986305E40AA0EB08008D
:1009A0000022FD0A44EA47540A3002D500200146DD
:1009B000E9E7010510196941DDE9084500196941B8
:1009C000BDE8F04DA2E70000064C074D06E0E068E8
:1009D00040F0010394E8070098471034AC42F6D386
:1009E000FFF7AAFB849F0008A49F000830B58C186D
:1009F00010F8012B12F00F0301D110F8013B12097E
:100A000006D110F8012B03E010F8015B01F8015B3F
:100A10005B1EF9D101E001F8013B521EFBD1A1425E
:100A2000E6D3002030BD00002DE9F047184803F060
:100A30007FFB0C221749164803F050FDDFF8588061
:100A40000025164F08F11809DFF854A000F068F9E6
:100A50005FF0000458F8240000F0C6F804EBC4016D
:100A600007EBC106F08359F8240000F0BDF8B0830D
:100A7000504606F07FFC641C708BE4B2B084062CF8
:100A8000E8D36D1CEDB2642DE0D3BDE8F087000023
:100A9000A4070020EC510020546500205C6B00206E
:100AA0009A99193F70B5044600688168C943C9071F
:100AB00017D1816821F00101816004F0FFF905463A
:100AC0000AE000BF04F0FAF9401B022804D92068AC
:100AD0008068C043C00706D020688068C043C00754
:100AE000F0D0002070BDA06A40F01000A062E06A63
:100AF00040F00100E062012070BD10B50146406A7F
:100B0000826A12F0500F05D0006A026BBDE81040F7
:100B100008461047816A41F4007181620168896862
:100B2000C1F3424107290CD1017B51B9816A21F4FB
:100B300080718162816AC90403D4816A41F0010134
:100B4000816203F0DFFB10BD10B5406A816A41F09D
:100B500040018162C16A41F00401C16203F0D4FB2B
:100B600010BD10B5406A03F0CEFB10BDF8B50026ED
:100B70000446009600688168C943C9072DD0816882
:100B800041F001018160164816490068B0FBF1F0A0
:100B900000E0401E00900028FBD104F08FF90546CC
:100BA00016E000BF04F08AF9401B022810D9206823
:100BB0008068C043C0070BD0A06A40F01000A0625C
:100BC000E06A40F00100E06284F824600120F8BD92
:100BD00020688068C043C007E4D10020F8BD000051
:100BE0000C00002040420F002DE9F0410746454827
:100BF000874202DA0120BDE8F0814348D0F8981618
:100C00003846FFF721FE01D20220F4E73F4C0020D6
:100C10003D4D20804FF4D37060801AE055F82010CD
:100C20003846FFF707FE0FD820886188084440083F
:100C300055F820103846FFF707FE05D22088618856
:100C400008444008208004E0208861880844400867
:100C5000608060882188411A0129DFDC2C488742A6
:100C6000208855F8201038463EDCFFF7E3FD3ED0E3
:100C7000608855F820103846FFF7DCFD40D020464C
:100C80002688408855F8261055F820000C46FFF7B6
:100C90004CFB10F0FF4F21D0054621463846FFF7A8
:100CA00044FB1C49FFF747FB1B49FFF7ECFA1B49C4
:100CB000FFF773FB2946FFF770FB0446163E06EB71
:100CC00086004000FFF73BFD2146FFF7DCFAFFF707
:100CD00055FD07E0163800EB800002E0163E06EBFB
:100CE0008600400080B286E7FFF7A4FD01D120888E
:100CF000F0E7608855F820103846FFF79BFDF6D1E5
:100D00006088E7E7B86E64444098000880000020DF
:100D1000EC51AC440000C8420000A040000020415B
:100D20002DE9F84FDFF834B100244FF0333A204674
:100D300003F046F9FFF703FD494F47F8340020461A
:100D400003F06EF9FFF7FBFC07EBC4018046486037
:100D50004548444940680090FFF7EDFAFFF73BFD36
:100D600005460E4641494046FFF7E5FA6FF00B098C
:100D70004946FFF750FBFFF72EFD52465B46FFF753
:100D80006FFC2A463346FFF752FBFFF737FD07F1AA
:100D90003001804641F8240057F834003349FFF70A
:100DA000CAFA4946FFF737FBFFF715FD52465B4687
:100DB000FFF756FC2A463346FFF739FBFFF71EFDC7
:100DC00007F14801054641F8240041460098FFF725
:100DD000ACFADFF89C90064649464046FFF7ABFA6E
:100DE0003146FFF7DAFA234F3946FFF7A4FA1C49D8
:100DF0000646903141F8240029460098FFF795FAFD
:100E0000804649462846FFF796FA4146FFF7C5FA5D
:100E10003946FFF790FA12490546A83141F82400F7
:100E2000154800EB8400416B3846FFF7B6FA0746D9
:100E30003146FFF780FA0A49783141F824003846F4
:100E40002946FFF778FA0649603141F82400641C0E
:100E5000E4B2062CFFF46BAFBDE8F88F33331B40D0
:100E6000F46400207F526E3E8000002033335340F4
:100E70000000404000007A44686600202DE9F05FE1
:100E800092460A46DDE90A4783461E465146104609
:100E9000FFF74BFAE0603268814601461046FFF7E3
:100EA0004AFA20601BF0FF4087F0004504D0594605
:100EB0004FF07E50FFF771FA80465046216AFFF7E7
:100EC00034FA4146FFF737FA0146B06880F0004037
:100ED000FFF731FAA06128464946FFF7B5FC01D279
:100EE000284607E03946E068FFF7AEFC01D23846F5
:100EF00000E0E0687168FFF71EFA5946FFF71BFA39
:100F00006168FFF7C0F9606010F1FF4F01D3002165
:100F100006E00C99FFF798FC01D20C9900E061689B
:100F200061602068FFF7AFF9A169FFF7ACF9C4E988
:100F300008A0BDE8F09FFEE72DE9F0411F4C0746F1
:100F40004FF4000160681E4E884204DAA2688A42AB
:100F500001DA002219E010F0FF4F09D001221146FA
:100F6000304603F0A6FF38466168FFF7E1F960609C
:100F7000A56815F0FF4F1FD038462168FFF783F9A9
:100F800010492060884206DA01223046BDE8F0416F
:100F9000012103F08EBF0B490B4A494201449142A3
:100FA000D7D30A49884207DB4FF07E512846FFF726
:100FB000BCF9A06000202060BDE8F0817000002036
:100FC00000180140CDCC4C3ECDCC4C009A99993EB6
:100FD00008B508F0E9FA054C00902046FFF7ACFF91
:100FE0003221684608F0A2FAF7E70000CDCC4C3D6C
:100FF0002DE9F05F3648DFF8E0C0DFF8E0A00168D7
:101000003448DFF8DC900F1831496FEA000B35489F
:10101000D1E90432D1E902544E68674520D25946DD
:101020008E421DDD86421BDA8D4219DD854217DABC
:101030008C4215DD844213DA8B4211DD83420FDAD4
:101040005A450DDD82420BDA9AF84C1041B9012164
:10105000DFF8948089F800104FF07E51C8F8001036
:10106000674532D259468E422FDD86422DDA8D42B7
:101070002BDD854229DA8C4227DD844225DA8B423A
:1010800023DD834221DA5A451FDD82421DDA1748EB
:101090000189C06803F008FF002816D1012089F8F3
:1010A000000000218AF84C101149CAF83410CAF81F
:1010B0003810CAF83C10CAF84010CAF84410CAF8F0
:1010C000481009494FF07E500860BDE8F09F0000CD
:1010D0009C650020FF7F88BBFFFF0400686600203E
:1010E0008807002000807C44740000209C51002070
:1010F00000007A44034C204600F006F8322008F045
:10110000C5F8F8E7CDCC4C3D2DE9F047DFF87890F5
:1011100099F80000002834D01C480068B0F5000F92
:101120002FDA1B4E1C4DA6F1010898F80040305DE7
:10113000401CC7B21748375550F8241055F8240002
:10114000FFF7A1F845F82400322F1AD34746134978
:10115000FFF723F9124901EB84025063002045F8A0
:1011600024003055641CE2B23A70052A09D90122E4
:1011700081F84C200C4989F800000A4808600B48A7
:101180000270BDE8F087000088070020740000208E
:101190003E0700209C650020206800200000484297
:1011A000686600200000A04078000020340700207E
:1011B00070B50446184800F1180650F8245056F847
:1011C0002400A6F13001854201D9281A03E04FF628
:1011D000FF72101A284441F82400FFF7B9FA0146BB
:1011E0000E48FFF7DAF80C49303141F8240046F890
:1011F00024500B49FFF79FF84FF0FF31FFF70BF931
:10120000FFF7BCFA074904EBC40201EBC201C88036
:101210000020086170BD0000D066002000401C4620
:10122000000070425C6B00202DE9F14F00251D4C41
:10123000DFF8748082B04FF07E594FF0020BAA465F
:1012400005EBC50704EBC7067078C8B1308C0028E1
:10125000706B00901AD0002812DD96F82700032842
:1012600016D00DE00098401E706307D186F814B0C8
:1012700001200F4904F837000C48086048F825A001
:101280006D1CEDB2062DDBD3BDE8FE8F0028F7DD27
:1012900058F825100298FEF7F6FF48F82500484553
:1012A000E0DAEDE75C6B00204C6900200000A04014
:1012B000780000202DE9F04700242E4DDFF8B8809B
:1012C0008246A14604EBC40615F83600E8B305EBE8
:1012D000C607B7F90600642846DC58F824105046C3
:1012E000FEF7D1FF48F82400B0F17E5F3CDD2349D2
:1012F00087F8019005F83690214A81F80190012184
:10130000117020494846C1F800906978012929D018
:1013100095F84910012925D095F89110012921D07F
:1013200095F8D91001291DD095F82111012919D05E
:1013300095F86911012915D0296B6963A96FE967CF
:10134000D5F8C010C5F8C41000E00DE0D5F80811BC
:10135000C5F80C11D5F85011C5F85411D5F89811ED
:10136000C5F89C1148F82400641CE4B2062CA9D3EB
:10137000BDE8F0875C6B00203868002084070020FF
:101380003C0700209800002070B5094C4FF4000580
:101390000646E169A94202DBFEF7CAFFE061616C23
:1013A000A94203DB3046FEF7C3FF606470BD000056
:1013B0009C510020F0B527484FF400010127406CF4
:1013C000254B884201DB1F7002E01878012840D1CC
:1013D0002248006888423CDA21494978002938D1FE
:1013E00010F0FF4F35D11F4D1F4C0E4601EBC100D1
:1013F00005EBC000B0F90420B0F908C0624507D081
:1014000004EB410C0281ACF80220027D02B10675AA
:10141000B0F91820B0F920C0624509D004EB410CA6
:101420000284ACF80E2090F827200AB180F82760DB
:10143000D0F838C0026B624504D08263426304EB8B
:101440008100C261491CC9B20629CFD30748077081
:101450001E70F0BD9C5100203C0700209800002029
:10146000840700205C6B00206866002034070020A1
:101470002DE9F047254C244F8246A0687E78002550
:1014800000F0FF416EB1D9B32149496CB1F5000FAD
:1014900036DA61684FF07C58894611F0FF4F06D06C
:1014A00027E00029F0D125706570A57028E041463D
:1014B000FEF73BFF1549A0600978C943C9B236B1B0
:1014C000012E04D0022E05D0032E09D00DE021708C
:1014D000657003E025706178C9436170A57004E010
:1014E00025706570A178C943A17010F0FF4F00D13D
:1014F0007D7049465046FEF7C6FE6060404500DB01
:101500006560BDE8F087000084070020900000209F
:101510009C5100202DE9F04700240D4E81464FF0EC
:101520007E57A04604EBC40006EBC0054846296977
:10153000FEF7A9FE2861B84203DBA5F80680C5F8CE
:101540001080641CE4B2062CECD3BDE8F0870000E8
:101550005C6B0020014803F0DFB80000D4070020D6
:1015600030B590F840500124AC40C56B6C60046805
:1015700063604368102B036803D099600068C26001
:1015800030BD9A600068C16030BD000070B5284968
:1015900000EBC00401EBC40042787AB3B0F9082034
:1015A0006AB3037D03253BB1012B0BD0022B13D073
:1015B000032B00D1828170BDB0F90C309A4209DB57
:1015C00001230375B0F90660B0F90C309E420BDDC3
:1015D00086810AE002230375B0F90660B0F90C3089
:1015E0009E420DDA86810CE0838111F834100029C7
:1015F000E1D1B0F90C1091420BDA70BD13E00AE0B2
:10160000838111F834100029F7D1B0F90C10914200
:10161000F3DC0575F1E7B0F90620B0F90C108A4249
:10162000C8DB8181E9E7002181810175E5E70000E0
:101630005C6B00202DE9F05F83460D464E4801EBC0
:10164000C50100EBC10400276178B4F91A00DFF886
:101650002C81002970D0B4F92060002E6CD048494C
:10166000484A51F82510914201DA282105E0B6F5E3
:101670002F6F01DA642100E08C21321A002A00DC8D
:10168000821B8A426BDA94F827104FF0030941B1AC
:10169000012913D0022950D0032900D1A684BDE826
:1016A000F09F864202DD4FF0010002E054DA4FF075
:1016B000020084F82700608B6085F0E7618B21854C
:1016C000608D814201D9A1842FE0B6F57A7F13D1D4
:1016D000B4F924A082450DD158F825105846FEF7DC
:1016E000D2FD294948F82500884205DD0AF10100AC
:1016F000A084608548F82570B4F924A0A6EB0A0000
:1017000014280FDC58F825105846FEF7BCFD48F8A1
:101710002500B0F1804F05DD0AF10100A08460854D
:1017200048F82570608DA0842085208D6085B4F9EF
:101730002400B04210DAB2E715E0618B2185608D9C
:10174000814201D2A18401E0A0842085208D6085A2
:10175000B4F92400B042A2DC84F827909FE784F813
:101760002770A0849BE7A0842785678584F827706D
:1017700048F8257093E700005C6B0020D8650020D6
:10178000546500200080094500002041704700009A
:10179000044948430921B0FBF1F000BF401EFCD2D0
:1017A000704700004019010071B54FF461754FF0AA
:1017B000E023104E009819E02C46A04200D80446C1
:1017C0009869614201EBC10110EBC10105D49A692E
:1017D000824208DA8A42FADA05E08A199969814276
:1017E000FCDD9142FADC0098001B00900028E3D158
:1017F00078BD0000401901002DE9F05F0646B0F900
:101800000C000A24B0F57A7F1DDB4FF47A7190FB4F
:10181000F1F090FBF4F104FB110010F0FF0512D081
:1018200004220621382007F055FAB6F90C00642787
:1018300063280ADD90FBF7F090FBF4F104FB110044
:10184000C5B2294602E00622EBE70021002006F09F
:10185000D5FAB6F90C00092808DD90FBF4F090FBEE
:10186000F4F104FB1100C5B2294600E0002101207B
:1018700006F0C4FA01221146302007F02BFADFF8F7
:1018800008B4DFF808944FF4000A9BF8000030B168
:10189000D9F84400504502DAFD48807830B3B6F9F3
:1018A0000A0098B34FF47A71884244DB90FBF1F060
:1018B00090FBF4F104FB110010F0FF053BD0012276
:1018C00011462E2007F006FA00220221302007F0F0
:1018D00001FAB6F90A00632834DD90FBF7F090FBBB
:1018E000F4F104FB1100C5B229462CE000220121CD
:1018F0002E2007F0EFF900220221302007F0EAF94C
:101900001221022006F07AFA12210FE0FFE70022EE
:1019100001212E2007F0DEF900220221302007F0FD
:10192000D9F90A21022006F069FA0A21032006F0FB
:1019300065FA00221CE0012211462E2007F0CAF9A8
:101940000222C2E70021022006F058FAB6F90A0086
:10195000092808DD90FBF4F090FBF4F104FB110082
:10196000C5B2294600E00021032006F047FA012213
:1019700001212A2007F0AEF9B6F924004FF461786E
:10198000002809DB4FF47A7190FBF1F090FBF4F141
:1019900004FB1100C5B209E010F1630101D340421C
:1019A000F0E700F2E730404500D20A25294604203E
:1019B00006F024FAB6F92400002807DB90FBF7F0C4
:1019C00090FBF4F104FB1100C5B20AE010F16301D1
:1019D00001D30A2505E000F2E731414501D240423A
:1019E000ECE72946052006F009FAB6F9240000289C
:1019F00008DB00BF90FBF4F090FBF4F104FB110056
:101A0000C5B209E000F16301632903D300F2E731B5
:101A1000414501D24042EDE72946062006F0EEF9A5
:101A2000B6F92400002805DB90FBF4F104FB11005B
:101A3000C5B209E000F16301632903D300F2E73185
:101A4000414501D24042EFE72946072006F0D6F98A
:101A500001221146352007F03DF98B48407830B11E
:101A6000D9F84400504502DA89488078E0B1B6F9E7
:101A7000220000287EDD4FF47A7190FBF1F090FB9C
:101A8000F4F104FB1100C5B22946082006F0B6F9AE
:101A9000B6F92200002815DB90FBF7F090FBF4F17B
:101AA00004FB1100C5B218E01221082006F0A6F9C7
:101AB0001221092006F0A2F912210A2006F09EF94F
:101AC00012213EE010F1630101D30A2505E000F286
:101AD000E731414501D24042DEE72946092006F0C0
:101AE0008DF9B6F92200002808DB00BF90FBF4F066
:101AF00090FBF4F104FB1100C5B209E000F16301B1
:101B0000632903D300F2E731414501D24042EDE7BA
:101B100029460A2006F072F9B6F92200002805DBF2
:101B200090FBF4F104FB1100C5B209E000F1630180
:101B3000632903D300F2E731414501D24042EFE788
:101B400029460B2006F05AF9042211462B2007F0F3
:101B5000C1F8B06B4FF4616B00287CD0316C48F653
:101B6000A04091FBF0F0C1B20C2006F047F95D46B1
:101B7000306C00E09DE090FBF5F090FBF4F104FB8D
:101B80001100C1B20D2006F039F9306C90FBF5F16F
:101B900005FB11014FF4167091FBF0F0C1B20E205D
:101BA00006F02CF9306C90FBF5F105FB11013C209F
:101BB00091FBF0F090FBF4F104FB1100C5B2294653
:101BC0000F2006F01BF904221146372007F082F897
:101BD0002D48807830B1D9F84400504502DA2C48BD
:101BE0008078C8B3306BC0B3F16B48F6A04091FB6E
:101BF000F0F0C1B2102006F001F9F06B5D4690FBE9
:101C0000F5F090FBF4F104FB1100C1B2112006F0D5
:101C1000F5F8F06B90FBF5F105FB11014FF4167030
:101C200091FBF0F0C1B2122006F0E8F8F06B90FBE7
:101C3000F5F105FB11013C2091FBF0F090FBF4F174
:101C400004FB1100C5B22946132006F0D7F8202264
:101C500011462D2002E03AE048E056E007F03AF85D
:101C600001221146282007F035F8022211462820CB
:101C700007F030F840221146292007F02BF80448DD
:101C8000807890B3002205E0900000209C51002055
:101C9000840700208021292007F01CF8F74890F9DC
:101CA0000E0088B3012842D002285FD003284DD10E
:101CB00063E00A21082006F0A1F80A21092006F0B5
:101CC0009DF80A21084606F099F80A2139E70A2109
:101CD0000C2006F093F80A210D2006F08FF80A2157
:101CE0000E2006F08BF80A216AE71CE01221102072
:101CF00006F084F81221112006F080F8122108461F
:101D000006F07CF812219FE70FE00A21102006F070
:101D100075F80A21112006F071F80A21122006F048
:101D20006DF80A2190E78022ADE7012200E0002251
:101D300001213A2006F0CEFF022202213A2006F0CD
:101D4000C9FF01220121382006F0C4FFCB4890F8DA
:101D50002600F0B1002204213A2006F0BBFFC8485B
:101D60000168C848814216DA082215E001221146AE
:101D70003A2006F0AFFF0022DFE7012211463A20A9
:101D800006F0A8FF022211463A2006F0A3FF002227
:101D9000D8E70422DFE7002208213A2006F09AFF64
:101DA000B64890F8440030B3002280213B2006F072
:101DB00091FFB6F95400B0F57A7F1EDB4FF47A71CB
:101DC00090FBF1F090FBF4F104FB110010F0FF0523
:101DD00013D004220621242006F07CFFB6F954001B
:101DE00063280CDD90FBF7F090FBF4F104FB11008D
:101DF000C5B2294604E08022D7E70622EAE700219F
:101E0000142005F0FBFFB6F95400092808DD90FB0B
:101E1000F4F090FBF4F104FB1100C5B2294600E098
:101E20000021152005F0EAFF012211461C2006F0D2
:101E300051FF9548007838B1D9F84400504503DA8D
:101E400092488078012826D0B6F9520098B34FF412
:101E50007A71884244DB90FBF1F090FBF4F104FBD3
:101E6000110010F0FF053BD0012211461A2006F0A8
:101E700031FF002202211C2006F02CFFB6F952008F
:101E8000632834DD90FBF7F090FBF4F104FB1100C4
:101E9000C5B229462CE0002201211A2006F01AFFC3
:101EA000002202211C2006F015FF1221162005F049
:101EB000A5FF12210FE0FFE7002201211A2006F002
:101EC00009FF002202211C2006F004FF0A2116202F
:101ED00005F094FF0A21172005F090FF00221CE076
:101EE000012211461A2006F0F5FE0222C2E7002167
:101EF000162005F083FFB6F95200092808DD90FB93
:101F0000F4F090FBF4F104FB1100C5B2294600E0A7
:101F10000021172005F072FF01220121162006F092
:101F2000D9FEB6F96C0000280ADB00BF4FF47A71C5
:101F300090FBF1F090FBF4F104FB1100C5B209E055
:101F400010F1630101D34042F0E700F2E730404571
:101F500000D20A252946182005F050FFB6F96C007A
:101F6000002807DB90FBF7F090FBF4F104FB110075
:101F7000C5B20AE010F1630101D30A2505E000F2C1
:101F8000E731414501D24042ECE72946192005F0EE
:101F900035FFB6F96C00002808DB00BF90FBF4F0B9
:101FA00090FBF4F104FB1100C5B209E000F16301FC
:101FB000632903D300F2E731414501D24042EDE706
:101FC00029461A2005F01AFFB6F96C00002805DB37
:101FD00090FBF4F104FB1100C5B209E000F16301CC
:101FE000632903D300F2E731414501D24042EFE7D4
:101FF00029461B2005F002FF01221146212006F090
:1020000069FE2148407838B1D9F84400504503DAD8
:102010001E48807801281DD0B6F96A0000286FDDBF
:102020004FF47A7190FBF1F090FBF4F104FB110096
:10203000C5B229461C2005F0E1FEB6F96A00002869
:1020400016DB00BF90FBF7F090FBF4F104FB1100EE
:10205000C5B223E012211C2005F0D0FE12211D2064
:1020600005F0CCFE12211E2005F0C8FE122149E029
:1020700010F163010CD30A2510E000005C6B002016
:10208000546500200080094590000020840700204E
:1020900000F2E731414501D24042D3E729461D20F5
:1020A00005F0ACFEB6F96A00002807DB90FBF4F0FF
:1020B00090FBF4F104FB1100C5B209E000F16301EB
:1020C000632903D300F2E731414501D24042EDE7F5
:1020D00029461E2005F092FEB6F96A00002805DBAD
:1020E00090FBF4F104FB1100C5B20AE000F16301BA
:1020F000632903D300F2E731414502D24042EFE7C2
:10210000B3E029461F2005F079FE0422114617206E
:1021100006F0E0FDD6F88000E8B356F8881F48F6D0
:10212000A04091FBF0F0C1B2202005F067FE3068BE
:102130005D4690FBF5F090FBF4F104FB1100C1B299
:10214000212005F05BFE306890FBF5F105FB1101E5
:102150004FF4167091FBF0F0C1B2222005F04EFE54
:1021600056F8880990FBF5F105FB11013C2091FB25
:10217000F0F090FBF4F104FB1100C5B229462320D6
:1021800005F03CFE04221146232006F0A3FDFA4888
:10219000807848B100E077E0D9F84400504503DA90
:1021A000F648807801287DD0B06FE8B356F8841FD8
:1021B00048F6A04091FBF0F0C1B2242005F01EFECD
:1021C00030685D4690FBF5F090FBF4F104FB1100E4
:1021D000C1B2252005F012FE306890FBF5F105FB39
:1021E00011014FF4167091FBF0F0C1B2262005F0FA
:1021F00005FE56F8840990FBF5F105FB11013C2022
:1022000091FBF0F090FBF4F104FB1100C5B22946FC
:10221000272005F0F3FD20221146192006F05AFD73
:1022200001221146142000E04BE006F053FD02228B
:102230001146142006F04EFD40221146152006F0EE
:1022400049FDCE488078012849D000228021152000
:1022500006F040FDCA4890F9560088B3012842D0E4
:1022600002285FD003284DD163E00A211C2005F02D
:10227000C5FD0A211D2005F0C1FD0A211E2005F023
:10228000BDFD0A213EE70DE00A21202005F0B6FD44
:102290000A21212005F0B2FD0A21222005F0AEFD21
:1022A0000A216CE71221242005F0A8FD1221252027
:1022B00005F0A4FD1221262005F0A0FD1221A7E7BC
:1022C0000FE00A21242005F099FD0A21252005F0C0
:1022D00095FD0A21262005F091FD0A2198E780222C
:1022E000B4E7012200E000220121262006F0F2FCE2
:1022F00002220221262006F0EDFC012201212420E9
:1023000006F0E8FC9E4890F86E00F0B1002204212F
:10231000262006F0DFFC9B4841689B48814216DA84
:10232000082215E001221146262006F0D3FC0022E7
:10233000DFE701221146262006F0CCFC02221146DE
:10234000262006F0C7FC0022D8E70422DFE700229F
:102350000821262006F0BEFC894890F88C0030B396
:1023600000228021272006F0B5FCB6F99C00B0F5CC
:102370007A7F1EDB4FF47A7190FBF1F090FBF4F161
:1023800004FB110010F0FF0513D0202260214D2026
:1023900006F0A0FCB6F99C0063280CDD90FBF7F07A
:1023A00090FBF4F104FB1100C5B2294604E0802241
:1023B000D7E76022EAE70021282005F01FFDB6F9E3
:1023C0009C00092808DD90FBF4F090FBF4F104FB7D
:1023D0001100C5B2294600E00021292005F00EFDBC
:1023E00080221146452006F075FC6348007838B11C
:1023F000D9F84400504503DA60488078022826D096
:10240000B6F99A0098B34FF47A71884244DB90FB96
:10241000F1F090FBF4F104FB110010F0FF053BD04C
:1024200080221146432006F055FC00224021452021
:1024300006F050FCB6F99A00632834DD90FBF7F003
:1024400090FBF4F104FB1100C5B229462CE00022F8
:102450008021432006F03EFC00224021452006F06A
:1024600039FC12212A2005F0C9FC12210FE0FFE7F8
:1024700000228021432006F02DFC0022402145202F
:1024800006F028FC0A212A2005F0B8FC0A212B209E
:1024900005F0B4FC00221CE080221146432006F027
:1024A00019FC4022C2E700212A2005F0A7FCB6F95A
:1024B0009A00092808DD90FBF4F090FBF4F104FB8E
:1024C0001100C5B2294600E000212B2005F096FC42
:1024D000802280213F2006F0FDFBB6F9B4000028E1
:1024E0000ADB00BF4FF47A7190FBF1F090FBF4F13E
:1024F00004FB1100C5B209E010F1630101D34042B1
:10250000F0E700F2E730404500D20A2529462C20AA
:1025100005F074FCB6F9B400002807DB90FBF7F077
:1025200090FBF4F104FB1100C5B20AE010F1630165
:1025300001D30A2505E000F2E731414501D24042CE
:10254000ECE729462D2005F059FCB6F9B400002827
:1025500008DB00BF90FBF4F090FBF4F104FB1100EA
:10256000C5B213E000F16301632903D300F2E73140
:1025700041450BD24042EDE7900000208407002047
:102580005C6B0020546500200080094529462E2000
:1025900005F034FCB6F9B400002805DB90FBF4F13B
:1025A00004FB1100C5B209E000F16301632903D304
:1025B00000F2E731414501D24042EFE729462F20A2
:1025C00005F01CFC80221146482006F083FBFE48E3
:1025D000407838B1D9F84400504503DAFB48807898
:1025E00002281DD0B6F9B20000287DDD4FF47A71C3
:1025F00090FBF1F090FBF4F104FB1100C5B2294609
:10260000302005F0FBFBB6F9B200002816DB00BF56
:1026100090FBF7F090FBF4F104FB1100C5B218E059
:102620001221302005F0EAFB1221312005F0E6FBF3
:102630001221322005F0E2FB12213EE010F163018D
:1026400001D30A2505E000F2E731414501D24042BD
:10265000DEE72946312005F0D1FBB6F9B2000028AB
:1026600008DB00BF90FBF4F090FBF4F104FB1100D9
:10267000C5B209E000F16301632903D300F2E73139
:10268000414501D24042EDE72946322005F0B6FB34
:10269000B6F9B200002805DB90FBF4F104FB110051
:1026A000C5B209E000F16301632903D300F2E73109
:1026B000414501D24042EFE72946332005F09EFB19
:1026C000202211463E2006F005FBD6F8C800E8B3EC
:1026D00056F8D01F48F6A04091FBF0F0C1B234206C
:1026E00005F08CFB5D4600E09CE0306890FBF5F067
:1026F00090FBF4F104FB1100C1B2352005F07EFB24
:10270000306890FBF5F105FB11014FF4167091FB59
:10271000F0F0C1B2362005F071FB56F8D00990FBFD
:10272000F5F105FB11013C2091FBF0F090FBF4F179
:1027300004FB1100C5B22946372005F05FFB2022BB
:1027400011464A2006F0C6FA9F4800E078E08078FB
:1027500038B1D9F84400504503DA9C488078022803
:102760007DD0D6F8C000E8B356F8CC1F48F6A0409C
:1027700091FBF0F0C1B2382005F040FB30685D46B7
:1027800090FBF5F090FBF4F104FB1100C1B239208D
:1027900005F034FB306890FBF5F105FB11014FF4B7
:1027A000167091FBF0F0C1B23A2005F027FB56F805
:1027B000CC0990FBF5F105FB11013C2091FBF0F0F9
:1027C00090FBF4F104FB1100C5B229463B2005F053
:1027D00015FB04221146402006F07CFA80221146A7
:1027E0003D2000E04AE006F075FA402211463D2007
:1027F00006F070FA022211463C2006F06BFA73488C
:102800008078022848D0002201213C2006F062FA9C
:1028100096F99E0088B3012842D002285ED0032892
:102820004DD162E00A21302005F0E8FA0A2131207A
:1028300005F0E4FA0A21322005F0E0FA0A213CE72B
:102840000A21342005F0DAFA0A21352005F0D6FAFB
:102850000A21362005F0D2FA0A216DE7FFE712219E
:10286000382005F0CBFA1221392005F0C7FA1221E1
:102870003A2005F0C3FA1221A8E70FE00A21382018
:1028800005F0BCFA0A21392005F0B8FA0A213A20ED
:1028900005F0B4FA0A2199E70122B5E7802200E0A9
:1028A000002280214F2006F015FA402240214F20BF
:1028B00006F010FA802280214D2006F00BFA96F8DF
:1028C000B600F0B1002220214F2006F003FA404864
:1028D00081684048814216DA102215E080221146B4
:1028E0004F2006F0F7F90022E0E7802211464F2042
:1028F00006F0F0F9402211464F2006F0EBF90022D5
:10290000D9E72022DFE7002210214F2006F0E2F96C
:1029100096F8D40030B3002201214E2006F0DAF9F7
:10292000B6F9E400B0F57A7F1EDB4FF47A7190FBC4
:10293000F1F090FBF4F104FB110010F0FF0513D04F
:1029400020226021032006F0C5F9B6F9E4006328CF
:102950000CDD90FBF7F090FBF4F104FB1100C5B225
:10296000294604E00122D7E76022EAE700213C2063
:1029700005F044FAB6F9E400092808DD90FBF4F00C
:1029800090FBF4F104FB1100C5B2294600E00021E0
:102990003D2005F033FA802211460B2006F09AF90B
:1029A0000948007838B1D9F84400504503DA07489F
:1029B0008078032830D0B6F9E200E8B34FF47A719A
:1029C00088424EDB08E000009000002084070020D1
:1029D000546500200080094590FBF1F191FBF4F073
:1029E00004FB101010F0FF053BD0802211460D2093
:1029F00006F070F9002240210B2006F06BF9B6F9C1
:102A0000E200632834DD90FBF7F090FBF4F104FB67
:102A10001100C5B229462CE0002280210D2006F0CD
:102A200059F9002240210B2006F054F912213E20D2
:102A300005F0E4F912210FE0FFE7002280210D20CC
:102A400006F048F9002240210B2006F043F90A2144
:102A50003E2005F0D3F90A213F2005F0CFF90022EE
:102A60001CE0802211460D2006F034F94022C2E716
:102A700000213E2005F0C2F9B6F9E200092808DD80
:102A800090FBF4F090FBF4F104FB1100C5B2294671
:102A900000E000213F2005F0B1F9802280211120C3
:102AA00006F018F9B6F9FC00002808DB4FF47A713B
:102AB00090FBF1F191FBF4F004FB10100BE010F12E
:102AC00063010AD340424FF47A7190FBF1F090FB1E
:102AD000F4F104FB1100C5B204E000F2E730404518
:102AE00000D20A252946402005F088F9B6F9FC00F5
:102AF000002807DB90FBF7F090FBF4F104FB1100DA
:102B0000C5B20AE010F1630101D30A2505E000F225
:102B1000E731414501D24042ECE72946412005F02A
:102B20006DF9B6F9FC00002808DB00BF90FBF4F05B
:102B300090FBF4F104FB1100C5B209E000F1630160
:102B4000632903D300F2E731414501D24042EDE76A
:102B50002946422005F052F9B6F9FC00002805DBB1
:102B600090FBF4F104FB1100C5B209E000F1630130
:102B7000632903D300F2E731414501D24042EFE738
:102B80002946432005F03AF980221146062006F036
:102B9000A1F8FE48407838B1D9F84400504503DA2E
:102BA000FB48807803281DD0B6F9FA0000287DDDA7
:102BB0004FF47A7190FBF1F090FBF4F104FB1100FB
:102BC000C5B22946442005F019F9B6F9FA000028E3
:102BD00016DB00BF90FBF7F090FBF4F104FB110053
:102BE000C5B218E01221442005F008F91221452051
:102BF00005F004F91221462005F000F912213EE00B
:102C000010F1630101D30A2505E000F2E7314145E7
:102C100001D24042DEE72946452005F0EFF8B6F93B
:102C2000FA00002808DB00BF90FBF4F090FBF4F101
:102C300004FB1100C5B209E000F16301632903D36D
:102C400000F2E731414501D24042EDE729464620F6
:102C500005F0D4F8B6F9FA00002805DB90FBF4F192
:102C600004FB1100C5B209E000F16301632903D33D
:102C700000F2E731414501D24042EFE729464720C3
:102C800005F0BCF820221146102006F023F8D6F8F3
:102C90001001E0B3D6F8181148F6A04091FBF0F00F
:102CA000C1B2482005F0AAF85D4600E0A0E0D6F8E1
:102CB000180190FBF5F090FBF4F104FB1100C1B298
:102CC000492005F09BF8D6F8180190FBF5F105FBBB
:102CD00011014FF4167091FBF0F0C1B24A2005F0DB
:102CE0008DF8D6F8180190FBF5F105FB11013C2099
:102CF00091FBF0F090FBF4F104FB1100C5B2294602
:102D00004B2005F07BF820221146042000E07EE0F5
:102D100005F0E0FF9D48807838B1D9F8440050456F
:102D200003DA9B48807803287FD0D6F80801E8B3FF
:102D3000D6F8141148F6A04091FBF0F0C1B24C2037
:102D400005F05CF8D6F814015D4690FBF5F090FBB9
:102D5000F4F104FB1100C1B24D2005F04FF8D6F894
:102D6000140190FBF5F105FB11014FF4167091FB76
:102D7000F0F0C1B24E2005F041F8D6F8140190FBF6
:102D8000F5F105FB11013C2091FBF0F090FBF4F113
:102D900004FB1100C5B229464F2005F02FF804228C
:102DA00011460E2005F096FF802200E04CE011460F
:102DB000132005F08FFF40221146132005F08AFFF3
:102DC00002221146122005F085FF71488078032801
:102DD00048D000220121122005F07CFF96F9E60080
:102DE00088B3012842D002285ED003284DD162E08A
:102DF0000A21442005F002F80A21452004F0FEFFD4
:102E00000A21462004F0FAFF0A2138E70DE00A21E2
:102E1000482004F0F3FF0A21492004F0EFFF0A21C3
:102E20004A2004F0EBFF0A216AE712214C2004F04B
:102E3000E5FF12214D2004F0E1FF12214E2004F0A5
:102E4000DDFF1221A8E70FE00A214C2004F0D6FF95
:102E50000A214D2004F0D2FF0A214E2004F0CEFFBB
:102E60000A2199E70122B5E7802200E000228021B3
:102E7000012005F02FFF40224021012005F02AFF0C
:102E800080228021032005F025FF96F8FE00F0B196
:102E900000222021012005F01DFF3E48C1683E4868
:102EA000814216DA102215E080221146012005F039
:102EB00011FF0022E0E780221146012005F00AFF01
:102EC00040221146012005F005FF0022D9E720220B
:102ED000DFE700221021012005F0FCFE96F81C011E
:102EE00030B300220121002005F0F4FEB6F92C01D8
:102EF000B0F57A7F1EDB4FF47A7190FBF1F090FB16
:102F0000F4F104FB110010F0FF0513D00422062198
:102F1000522005F0DFFEB6F92C0163280CDD90FB92
:102F2000F7F090FBF4F104FB1100C5B2294604E070
:102F30000122D7E70622EAE70021502004F05EFFD5
:102F4000B6F92C01092808DD90FBF4F090FBF4F1B0
:102F500004FB1100C5B2294600E00021512004F015
:102F60004DFF012211465A2005F0B4FE07480078B3
:102F700038B1D9F84400504503DA05488078042870
:102F800030D0B6F92A01E8B308E000009000002034
:102F90008407002054650020008009454FF47A71B1
:102FA000884244DB90FBF1F090FBF4F104FB11004C
:102FB00010F0FF053BD0002202215A2005F08AFEC6
:102FC000012211465C2005F085FEB6F92A0163282E
:102FD0002FDD90FBF7F090FBF4F104FB1100C5B27C
:102FE000294627E0002202215A2005F073FE002224
:102FF00001215C2005F06EFE1221522004F0FEFE3D
:1030000012210FE0FFE7002202215A2005F062FEA4
:10301000002201215C2005F05DFE0A21522004F00F
:10302000EDFE0A21532004F0E9FE002217E00222FF
:10303000C2E70021522004F0E1FEB6F92A01092876
:1030400008DD90FBF4F090FBF4F104FB1100C5B235
:10305000294600E00021532004F0D0FE0122012186
:10306000602005F037FEB6F9440100280ADB00BFF6
:103070004FF47A7190FBF1F090FBF4F104FB110036
:10308000C5B209E010F1630101D34042F0E700F25C
:10309000E730404500D20A252946542004F0AEFE10
:1030A000B6F94401002807DB90FBF7F090FBF4F140
:1030B00004FB1100C5B20AE010F1630101D30A2537
:1030C00005E000F2E731414501D24042ECE72946F4
:1030D000552004F093FEB6F94401002808DB00BF38
:1030E00090FBF4F090FBF4F104FB1100C5B209E091
:1030F00000F16301632903D300F2E731414501D2B6
:103100004042EDE72946562004F078FEB6F9440126
:10311000002805DB90FBF4F104FB1100C5B209E0C7
:1031200000F16301632903D300F2E731414501D285
:103130004042EFE72946572004F060FE0122114685
:10314000572005F0C7FDFE48407838B1D9F8440053
:10315000504503DAFB48807804281DD0B6F94201B7
:1031600000287DDD4FF47A7190FBF1F090FBF4F1D3
:1031700004FB1100C5B22946582004F03FFEB6F901
:103180004201002816DB00BF90FBF7F090FBF4F142
:1031900004FB1100C5B218E01221582004F02EFEE5
:1031A0001221592004F02AFE12215A2004F026FE92
:1031B00012213EE010F1630101D30A2505E000F27F
:1031C000E731414501D24042DEE72946592004F06B
:1031D00015FEB6F94201002808DB00BF90FBF4F0B1
:1031E00090FBF4F104FB1100C5B209E000F16301AA
:1031F000632903D300F2E731414501D24042EDE7B4
:1032000029465A2004F0FAFDB6F94201002805DBF0
:1032100090FBF4F104FB1100C5B209E000F1630179
:10322000632903D300F2E731414501D24042EFE781
:1032300029465B2004F0E2FD04221146612005F0DE
:1032400049FDD6F85801E0B3D6F8601148F6A04021
:1032500091FBF0F0C1B25C2004F0D0FD5D4600E0CF
:10326000A0E0D6F8600190FBF5F090FBF4F104FBD0
:103270001100C1B25D2004F0C1FDD6F8600190FBE1
:10328000F5F105FB11014FF4167091FBF0F0C1B29E
:103290005E2004F0B3FDD6F8600190FBF5F105FB6C
:1032A00011013C2091FBF0F090FBF4F104FB1100C4
:1032B000C5B229465F2004F0A1FD04221146552025
:1032C00000E07EE005F006FD9D48807838B1D9F831
:1032D0004400504503DA9B48807804287FD0D6F814
:1032E0005001E8B3D6F85C1148F6A04091FBF0F02D
:1032F000C1B2602004F082FDD6F85C015D4690FB0F
:10330000F5F090FBF4F104FB1100C1B2612004F070
:1033100075FDD6F85C0190FBF5F105FB11014FF44A
:10332000167091FBF0F0C1B2622004F067FDD6F890
:103330005C0190FBF5F105FB11013C2091FBF0F0E5
:1033400090FBF4F104FB1100C5B22946632004F0A0
:1033500055FD202211465F2005F0BCFC012200E053
:103360004CE01146622005F0B5FC022211466220B5
:1033700005F0B0FC40221146632005F0ABFC71481B
:103380008078042848D000228021632005F0A2FC28
:1033900096F92E0188B3012842D002285ED0032876
:1033A0004DD162E00A21582004F028FD0A2159205D
:1033B00004F024FD0A215A2004F020FD0A2138E7F8
:1033C0000DE00A215C2004F019FD0A215D2004F0C3
:1033D00015FD0A215E2004F011FD0A216AE7122181
:1033E000602004F00BFD1221612004F007FD122182
:1033F000622004F003FD1221A8E70FE00A216020FB
:1034000004F0FCFC0A21612004F0F8FC0A2162208F
:1034100004F0F4FC0A2199E78022B5E7012200E0DC
:1034200000220121502005F055FC022202215020EB
:1034300005F050FC01220121522005F04BFC96F8CA
:103440004601F0B100220421502005F043FC3E4823
:1034500001693E48814216DA082215E00122114630
:10346000502005F037FC0022E0E7012211465020F1
:1034700005F030FC02221146502005F02BFC002202
:10348000D9E70422DFE700220821502005F022FCC2
:1034900096F8640130B300228021512005F01AFC17
:1034A000B6F97401B0F57A7F1EDB4FF47A7190FBA8
:1034B000F1F090FBF4F104FB110010F0FF0513D0C4
:1034C00004220621662005F005FCB6F97401632884
:1034D0000CDD90FBF7F090FBF4F104FB1100C5B29A
:1034E000294604E08022D7E70622EAE7002164208B
:1034F00004F084FCB6F97401092808DD90FBF4F0AF
:1035000090FBF4F104FB1100C5B2294600E0002154
:10351000652004F073FC012211466E2005F0DAFBF1
:103520000748007838B1D9F84400504503DA054817
:103530008078052830D0B6F97201E8B308E00000C1
:103540009000002084070020546500200080094579
:103550004FF47A71884244DB90FBF1F090FBF4F178
:1035600004FB110010F0FF053BD0002202216E2069
:1035700005F0B0FB01221146702005F0ABFBB6F957
:10358000720163282FDD90FBF7F090FBF4F104FB50
:103590001100C5B2294627E0002202216E2005F065
:1035A00099FB00220121702005F094FB1221662076
:1035B00004F024FC12210FE0FFE7002202216E201C
:1035C00005F088FB00220121702005F083FB0A2111
:1035D000662004F013FC0A21672004F00FFC00228F
:1035E00017E00222C2E70021662004F007FCB6F9CA
:1035F0007201092808DD90FBF4F090FBF4F104FB64
:103600001100C5B2294600E00021672004F0F6FB56
:1036100001220121742005F05DFBB6F98C01002820
:103620000ADB00BF4FF47A7190FBF1F090FBF4F1EC
:1036300004FB1100C5B209E010F1630101D340425F
:10364000F0E700F2E730404500D20A25294668201D
:1036500004F0D4FBB6F98C01002807DB90FBF7F0EF
:1036600090FBF4F104FB1100C5B20AE010F1630114
:1036700001D30A2505E000F2E731414501D240427D
:10368000ECE72946692004F0B9FBB6F98C01002863
:1036900008DB00BF90FBF4F090FBF4F104FB110099
:1036A000C5B209E000F16301632903D300F2E731F9
:1036B000414501D24042EDE729466A2004F09EFBD5
:1036C000B6F98C01002805DB90FBF4F104FB110036
:1036D000C5B209E000F16301632903D300F2E731C9
:1036E000414501D24042EFE729466B2004F086FBBA
:1036F000012211466B2005F0EDFAD948407838B127
:10370000D9F84400504503DAD648807805281DD002
:10371000B6F98A0100287DDD4FF47A7190FBF1F053
:1037200090FBF4F104FB1100C5B229466C2004F0B3
:1037300065FBB6F98A01002816DB00BF90FBF7F0A5
:1037400090FBF4F104FB1100C5B218E012216C20CB
:1037500004F054FB12216D2004F050FB12216E2066
:1037600004F04CFB12213EE010F1630101D30A2565
:1037700005E000F2E731414501D24042DEE729464B
:103780006D2004F03BFBB6F98A01002808DB00BF7E
:1037900090FBF4F090FBF4F104FB1100C5B209E0DA
:1037A00000F16301632903D300F2E731414501D2FF
:1037B0004042EDE729466E2004F020FBB6F98A016D
:1037C000002805DB90FBF4F104FB1100C5B209E011
:1037D00000F16301632903D300F2E731414501D2CF
:1037E0004042EFE729466F2004F008FB042211460F
:1037F000752005F06FFAD6F8A001E8B3D6F8A81145
:1038000048F6A04091FBF0F0C1B2702004F0F6FA47
:103810005D4600E09EE0D6F8A80190FBF5F090FB35
:10382000F4F104FB1100C1B2712004F0E7FAD6F8FC
:10383000A80190FBF5F105FB11014FF4167091FB07
:10384000F0F0C1B2722004F0D9FAD6F8A80190FBCA
:10385000F5F105FB11013C2091FBF0F090FBF4F138
:1038600004FB1100C1B2732004F0C8FA042211460F
:10387000692005F02FFA00E07BE07948807838B1C4
:10388000D9F84400504503DA7648807805287ED080
:10389000D6F89801F0B3D6F8A41148F6A04091FBF1
:1038A000F0F0C1B2742004F0A9FAD6F8A4015D4684
:1038B00090FBF5F090FBF4F104FB1100C1B2752010
:1038C00004F09CFAD6F8A40190FBF5F105FB110178
:1038D0004FF4167091FBF0F0C1B2762004F08EFA2E
:1038E000D6F8A40190FBF5F105FB11013C2091FBFA
:1038F000F0F090FBF4F104FB1100C1B2772004F06A
:103900007DFA20221146732005F0E4F901221146C8
:10391000762000E04AE005F0DDF90222114676202B
:1039200005F0D8F940221146772005F0D3F94D482B
:103930008078052848D000228021772005F0CAF938
:1039400096F9760188B3012842D002285ED0032878
:103950004DD162E00A216C2004F050FA0A216D205A
:1039600004F04CFA0A216E2004F048FA0A213AE7E2
:103970000DE00A21702004F041FA0A21712004F0C0
:103980003DFA0A21722004F039FA0A216BE712216C
:10399000742004F033FA1221752004F02FFA12215A
:1039A000762004F02BFA1221A8E70FE00A217420F8
:1039B00004F024FA0A21752004F020FA0A21762066
:1039C00004F01CFA0A2199E78022B5E7012200E001
:1039D00000220121642005F07DF9022202216420E9
:1039E00005F078F901220121662005F073F996F8B7
:1039F0008E01F0B100220421642005F06BF91A4811
:103A000041691A48814216DA082215E0012211465E
:103A1000642005F05FF90022E0E7012211466420EE
:103A200005F058F902221146642005F053F90022EE
:103A3000D9E70422DFE700220821642005F04AF9D3
:103A400096F8AC0148B100228021652005F042F9CA
:103A5000BDE8F05F064802F0C1BD8022F4E7000037
:103A60009000002084070020546500200080094554
:103A7000F065002010B503F0E9FA044801F0D8FE23
:103A8000BDE81040024801F0D3BE00003809002014
:103A9000800900202DE9F14FB94C2189E06801F03F
:103AA00003FA0025B74FDFF8E092DFF8E0B24FF0FD
:103AB000804A012610B994F8250020B194F824001A
:103AC000012807D0DCE0216A0098FCF7DCFB2062CB
:103AD00084F824602189E06801F0E6F901281AD110
:103AE000A848216A40420144A94881420ED2A9480F
:103AF0008178491CC9B28170052900D9857045704B
:103B0000A5480560C4F81CA0C9F8007084F82450CA
:103B100084F825502562216A6FF07F5001449F4848
:103B200081427CD294F82500002878D199489C4A9B
:103B30009C498078DFF870E29C4B52F820C0DFF897
:103B400070828C45D2F800C047DA8C4568DAD2F82A
:103B500004C08C4564DAD2F808C08C4560DAD2F82B
:103B60000CC08C455CDAD2F810C08C4558DA52692A
:103B70008A4255DA00EBC002002143460BEBC20239
:103B800001EBC10C0BEBCC00B2F8048003EB410C51
:103B9000A0F80880ACF80280A0F80480B2F8188081
:103BA000A0F82080ACF80E80A0F81880D2F830C0C1
:103BB00003EB8108C0F838C0C8F81CC0C0F830C09A
:103BC000C0F834C092F801C0BCF1000F00D04670BC
:103BD000491CC9B20629D3D349E08C454CDDD2F843
:103BE00004C08C4548DDD2F808C08C4544DDD2F8CD
:103BF0000CC08C4540DDD2F810C08C453CDD5269CC
:103C00008A4239DD00EBC002002143460BEBC202C1
:103C100001EBC10CB2F804800BEBCC0001E02FE00B
:103C20002AE003EB410CA0F80880ACF80280A0F871
:103C30000480B2F81880A0F82080ACF80E80A0F8BC
:103C40001880D2F830C003EB8108C0F838C0C8F83B
:103C50001CC0C0F830C0C0F834C092F801C0BCF13C
:103C6000000F00D04670491CC9B20629D0D38EF887
:103C70000060C9F8007001E0C3F800A084F8256076
:103C8000218E606B01F010F910B994F84D0058B115
:103C900094F84C00012870D1218E606B01F004F97A
:103CA0000222012808D022E0A16C0098FCF7EBFA70
:103CB000A06484F84C60EFE73248A16C40420144B4
:103CC000334881420ED233484178491CC9B2417011
:103CD00001293BD0032900D945702F49C9F800704C
:103CE000C1F800A084F84C5084F84D50A564A16C34
:103CF0006FF07F500144294881423ED294F84D0034
:103D000000283AD19BF801105846012925D090F897
:103D10004910012921D090F8911001291DD090F867
:103D2000D910012919D090F82111012915D090F846
:103D30006911012911D0002101EBC10200EBC2027F
:103D4000491CC9B256700629F6D312E01249096817
:103D5000B1F5000FC1DB4270BFE7002101EBC103E9
:103D600000EBC305491C2A75C9B200F83360062967
:103D7000F4D3C9F8007084F84D60BDE8F88F0000F6
:103D80009C510020CDCCCC3D740000205C6B002009
:103D90003333F3018407002098000020FFFF7F00E9
:103DA0005465002000800945340700207800002079
:103DB000686600200948802120220180402141803E
:103DC0000749416002814A15C16002858A15428512
:103DD0000A15C16202864163704700009C510020B1
:103DE0000014014010B5094C2168FCF74CFA206022
:103DF000B0F17E5F08DB0648816941610021816185
:103E0000026CC0E90F21216010BD00007C00002081
:103E10009C51002008B505F0C7FB094D094C0090E6
:103E2000287840B92046FFF735FE2046FFF7DAFF35
:103E30002046FDF7A9FA0A21684605F077FBEFE76F
:103E4000880700200AD7233C10B5802000F024FF0B
:103E5000BDE810404FF4007000F01EBF10B51048D0
:103E600001F0E6FC0F4801F0E3FC00210C4801F0F2
:103E700003FF04210A4801F0FFFE0821084801F071
:103E8000FBFE0C21064801F0F7FE0821054801F071
:103E9000F3FEBDE810400C21024801F0EDBE000029
:103EA000A80800206008002072B6FEE7064900203E
:103EB000C8610648016941F004010161016941F0EE
:103EC0004001016170470000100A002000200240FC
:103ED000064A0021D16106490A6942F002020A61DC
:103EE0004861086940F0400008617047100A0020EE
:103EF00000200240044B0022DA61044A136943F0B7
:103F00000103136101807047100A00200020024065
:103F100014480022C168CB06134904D5CA6942F08F
:103F20000202CA611022C3685B0705D5CB6943F062
:103F30000103CB6142F00402C369DB0707D0CB6900
:103F400043F00403CB61C16921F00101C161A2F515
:103F50008071013901D0C2607047C16921F001014F
:103F6000C161704700200240100A002070B505466C
:103F700000F0A4FF0646114C09E0681C07D025B1EB
:103F800000F09CFF801BA84201D9032070BDE068AF
:103F9000C007F2D1E068800601D52020E060E0682B
:103FA000C00605D4E069C00702D1E068400703D528
:103FB000FFF7AEFF012070BD002070BD0020024061
:103FC00030B5154A002132F8205000EBC00202EB58
:103FD0000013114A183202EB0312104B53F8204021
:103FE00042F82450641C43F82040642C02D1002481
:103FF00043F820405FF0000052F82030401CC0B26F
:1040000019446428F8D3D2F88C0118B1642091FBCC
:10401000F0F030BD106830BDEC510020645B002032
:1040200030B5154A164C02EB80020021558800EB92
:10403000C00202EB0013114A02EB031254F82030C5
:1040400042F823505B1C44F82030642B02D100233B
:1040500044F820305FF0000052F82030401CC0B21D
:1040600019446428F8D3D2F88C0118B1642091FB6C
:10407000F0F030BD106830BDEC5100207C5B0020BA
:10408000DC64002078B500220B4B4C1E10E0551C60
:10409000A54202EB03052D88ADF800509DF80050B5
:1040A000855403DC86189DF801507570921C92B2FD
:1040B0008A42ECD3012078BD000001082DE9F041CF
:1040C00086B00D46804600F05FFD00200190009014
:1040D000164F0121CDE90371694601A800F0B6FC35
:1040E000C0B900246E1E1BE0601CB04207DC08EB68
:1040F000040018F80410407801EB002003E018F8E1
:10410000040000F57F4082B20023E119012000F095
:10411000FBFC18B1002006B0BDE8F081A41CA4B2DD
:10412000AC42E1D300F0E6FC0120F4E70000010816
:10413000F8B500250446009590F8240001280BD01E
:10414000012084F824002046FCF7ACFC2046FCF754
:104150000DFD060002D050E00220F8BDA06A20F458
:10416000885040F00200A062022000F045FF25497F
:104170000968B1FBF0F0400000E0401E009000280C
:10418000FBD12068816841F00801816000F096FE53
:10419000074608E000F092FEC01B0A2803D92068F9
:1041A0008068000715D4206880680007F2D4206872
:1041B000816841F00401816000F080FE074612E052
:1041C00000F07CFEC01B0A280DD9206880684007DB
:1041D00009D5A06A20F0020040F01000A06284F827
:1041E00024500120F8BD206880684007E8D4A06A08
:1041F00020F0020040F00100A06284F82450304614
:10420000F8BD00000C000020F8B50024009490F8E0
:1042100024202546012A12D0012280F824204A6851
:104220001F23072A0DD20668776B521E02EB82020B
:1042300093409F430B6893401F43776319E002202C
:10424000F8BD06680D2A0AD2376BD21F02EB820234
:1042500093409F430B6893401F43376309E0F76A1D
:104260000D3A02EB820293409F430B6893401F4339
:10427000F7620A68072306680A2A0AD3F7680A3A27
:1042800002EB420293409F438B6893401F43F760C9
:1042900008E0376902EB420293409F438B689340EA
:1042A0001F4337610A68102A01D0112A20D1124B0E
:1042B00002689A4217D193681B0219D4936843F499
:1042C000000393600968102912D10C490C4A09684F
:1042D000B1FBF2F101EB8101490000E0491E0091C0
:1042E0000029FBD104E0816A41F0200181620124B0
:1042F00080F824502046F8BD002401400C00002026
:1043000040420F0070477047704700002DE9F041B0
:1043100004004FF000057FD0A06A002628B9E662AD
:1043200084F82460204600F081F82046FCF7BAFBB0
:10433000A16AC90600D420B1A06A40F01000A062B2
:104340006AE0A16A21F4885141F00201A162334977
:1043500023688B42E16904D1B1F5402F01D14FF4BC
:104360000021277B4FF4807C41EA470261680A43C1
:10437000A168614508D0012906D0002194F814E015
:10438000BEF1010F02D00AE06146F7E7C7B1A76AA4
:1043900047F02007A762E76A47F00107E7625F6816
:1043A00027F469470F435F60236899681C4F3940C1
:1043B00011439960A16861450BD0012909D00CE037
:1043C000DFF860E0A7690EEB47370F4347F4006161
:1043D000E5E7218A0D05A5F580152168CB6A23F450
:1043E00070032B43CB62216889680F4B19409142BF
:1043F00008D1E662A16A21F0020141F00101A16247
:10440000BDE8F081A06A20F0020040F01000A06238
:10441000E06A40F00100E0620120F1E7003C014069
:10442000FDF7E1FF00E0FFFFFE0E1FFFF0B585B0D6
:1044300000260546009601960296039600682149DB
:1044400088423DD12049886940F4007088618869BC
:1044500000F400700490886940F010008861886959
:1044600000F010000490886940F0040088618869B9
:104470003F24032700F00400CDE90047049069467B
:10448000124800F015FCCDE900476946104800F0DD
:104490000FFC114C0F48C4E900068020C4E90260FB
:1044A00040002061800060612020A0610002E06186
:1044B000204600F055FA08B1FFF7F6FC2C62656261
:1044C00005B0F0BD00240140001002400010014082
:1044D0000008014008000240D40700202DE9F04701
:1044E000894604463B4900683B4F0E1D9046884272
:1044F00001D0B84207D1306810F4702F03D00125E5
:104500002846BDE8F08794F8240001280CD001204B
:1045100084F824002046FCF729FB05004FF000003A
:1045200004D084F82400EBE70220EAE7A16A40F611
:104530000162914341F48071A1622168B94218D1AE
:10454000326812F4702F14D0A16A41F48011A16274
:104550003168490505D5A16A21F4005141F4805123
:10456000A162A16AC9040AD5E16A21F00601E162EB
:1045700006E0A26A22F48012A2624968E9E7E062DA
:1045800084F82400216A15488862216A1448C862A8
:10459000216A1448086321686FF0020008602068EF
:1045A000816841F480718160216843464A464C31FC
:1045B000206A00F013FA20688168C1F3424107299C
:1045C000816803D041F48011816099E741F4A00132
:1045D000FAE700000024014000280140FB0A00081F
:1045E000630B0008490B00082DE9F05F90F82110DB
:1045F0000024022903D004218163012485E001689D
:104600000A6822F00E020A6001680A6822F00102BC
:104610000A603F4E3E4FB215DFF8F4C0DFF8F0906D
:10462000DFF8ECA0DFF8E8B0DFF8E4E00168783FFD
:1046300013011502ACF1640CA9F15009AAF13C0A6E
:10464000ABF1280BAEF1140E4FF48018B14227D90C
:10465000B9420ED0614512D049451DD0514518D000
:10466000594518D0714501D1424615E0294EB14255
:1046700001D1012210E0274E1436B14201D110229F
:104680000AE0244E2836B14206D0224A3C329142FA
:1046900001D11A4600E02A461E49091F0A602BE094
:1046A000B94213D0614517D0494522D051451DD09C
:1046B00059451DD0714501D142461AE0B14202D19F
:1046C0004FF0807215E0134EB14201D1012210E08B
:1046D000104E1436B14201D110220AE00D4E283698
:1046E000B14206D00B4A3C32914201D11A4600E059
:1046F0002A46074980394A60012180F821100021AB
:1047000080F82010416B01B188472046BDE8F09F3A
:1047100080000240080402402DE9F05FC16B0A6886
:1047200001680B68046C4FF0040808FA04F8844D23
:10473000844E854FDFF814C2DFF81492DFF814A21C
:10474000DFF814B2DFF814E218EA020F65D05FEA6E
:10475000437862D50A68920603D40A6822F00402FC
:104760000A60DFF8F0814FF48062016808F11408F4
:1047700013011402414524D9A9420DD0B1420FD0F2
:10478000B9421AD0614515D0494515D0514501D1DE
:10479000120312E0594501D104220EE0714501D106
:1047A00040220AE06D4D1435A94206D06B4A2832EA
:1047B000914201D11A4600E022466749091F0A606A
:1047C00029E0A94213D0B14215D0B94220D06145A9
:1047D0001BD049451BD0514502D14FF4800217E050
:1047E000414502D14FF0806212E0594501D10422C7
:1047F0000EE0714501D140220AE0584D1435A9421E
:1048000006D0564A2832914201D11A4600E022468B
:104810004B4908394A60C16A71E04FF0020808FA52
:1048200004F818EA020F70D05FEA83786DD50A6841
:10483000920606D40A6822F00A020A60012180F872
:104840002110DFF810814FF40072016808F114089C
:1048500013011402414524D9A9420DD0B1420FD011
:10486000B9421AD0614515D0494515D0514501D1FD
:10487000120312E0594501D102220EE0714501D127
:1048800020220AE0354D1435A94206D0334A283299
:10489000914201D11A4600E022462F49091F0A60C1
:1048A00029E0A94213D0B14215D0B94220D06145C8
:1048B0001BD049451BD0514502D14FF4001217E0DF
:1048C000414502D14FF0007212E0594501D1022258
:1048D0000EE0714501D120220AE0204D1435A94295
:1048E00006D01E4A2832914201D11A4600E02246E3
:1048F000134908394A60002180F82010816A002994
:104900001CD0BDE8F05F0847FFE70825A540154229
:1049100014D01A0712D50A6822F00E020A6090F825
:104920004020C36B012101FA02F25A60816380F8D2
:104930002110002180F82010016BE0E7BDE8F09F16
:10494000080002401C0002403000024044000240C7
:10495000580002406C000240080402401C0402405F
:1049600030B560B11A4B026814219A4209D2194B32
:104970001344B3FBF1F18900016417490AE00120F7
:1049800030BD134B5B421344B3FBF1F1890001646A
:104990000F490839C163022180F82110136843F6DA
:1049A000F0718B43F0E901142143D0E902452C4317
:1049B0002143046921434469214384692143194304
:1049C000116000214163012242770177084630BD22
:1049D00008040240F8FFFDBF0000024070B5044625
:1049E00090F82000002501280CD0012084F8200038
:1049F00094F821600020012E06D084F820000225C2
:104A0000284670BD022070BD022684F82160A06394
:104A10002068066826F0010606602046FCF7A0FD27
:104A2000E06A00282068016802D041F00E0106E02B
:104A300021F0040101602068016841F00A01016071
:104A40002068016841F001010160D9E72DE9F047D4
:104A5000054626480F460126017E01290FD0012177
:104A6000814601762868DFF888804CF250340228AD
:104A700008D0A2462046FFF779FAA8B131E002201B
:104A8000BDE8F0872046FFF771FA08BB0120FFF769
:104A90000DFA2046FFF76AFAD8F81010064621F002
:104AA0000401C8F810101CE04FF0FF303860AC680B
:104AB00011E02046FFF70CFA5046FFF757FAD8F8F6
:104AC0001010060021F00201C8F8101001D03C605F
:104AD00007E004F50064D5E9020100EBC120A04223
:104AE000E7D8002189F818103046C9E7100A0020DD
:104AF000002002400348016941F08001016100206B
:104B000070470000002002402DE9F05F07461C4876
:104B100088460024017E15461E46012909D0012140
:104B2000814601764CF2503A5046FFF71FFA18B111
:104B300022E00220BDE8F09F012F02D0022F00D01A
:104B40000427D346DFF83CA0220128463146FBF774
:104B500059FB81B208EB4400FFF7CCF95846FFF748
:104B600005FADAF8102022F00102CAF8102018B96C
:104B7000641CE4B2BC42E7D3002289F81820D9E7CC
:104B8000100A002000200240064900200A6912068F
:104B900007D5054A4A60054A4A600969090600D5F1
:104BA000012070470020024023016745AB89EFCD0B
:104BB0002DE9F047324C0746DFF8C8802088324D97
:104BC0004FF07E59B8422DD198F80000002855D1F9
:104BD0004946A069FBF757FBA0614FF08040E061B8
:104BE0006188606800F060F9002630B16188606813
:104BF00000F05AF9012808D00EE0A878401CC0B295
:104C0000A870052808D9AE7006E0A87808B9062073
:104C1000A870C0B2401EA8701C486E701D49066086
:104C20001B480860208DB84228D198F80000002861
:104C300024D14E464946206CFBF725FBC4E91006FB
:104C4000618DE06A00F030F980B1618DE06A00F0BA
:104C50002BF9012812D1E06BFBF7A9FDC3B26A78EA
:104C6000A9780120BDE8F04703F010B8E06BFBF72E
:104C70009EFDC3B26A78A9780020F3E7BDE8F0870B
:104C80009C51002088070020840700209800002005
:104C9000CDCCCC3D74000020044910B50A68024216
:104CA00002D00860FFF784FF10BD0000140401402B
:104CB0002DE9F84FDFF8C8910024A9F1040B234631
:104CC0000F2709F1040AABF1040ED1E00125A5403C
:104CD00006EA0502AA4276D1DFF8A8C14E68A6EB23
:104CE0000C0866452BD00DDC032E34D005DC36B322
:104CF000012E19D0022E2FD11BE0112E16D0122E0C
:104D00002AD119E0B8F5881F19D006DCB8F5803F24
:104D100015D0B8F5801F1FD111E0B8F5001F0ED0D7
:104D2000B8F5041F18D10AE0CB6815E0CB681B1D4D
:104D300012E0CB6808330FE0CB680C330CE08B68D3
:104D40002BB1012B4FF0080303D0456104E004238D
:104D500002E0056100E00023FF2A01D8064601E0D9
:104D600000F104064FEA840501D9A5F12005D6F823
:104D7000008007FA05FC28EA0C0803FA05F548EA62
:104D80000508C6F800804D68ED0070D53E4DAE694F
:104D900046F00106AE61AD6924F0030605F0010599
:104DA00000953A4D06EB050CDCF80850A607360FC7
:104DB00007FA06F825EA0805DFF8D480404503D154
:104DC0004FF0000825E052E0DFF8C880404502D1EE
:104DD0004FF001081DE0DFF8C080404502D14FF0E0
:104DE000020816E0DFF8B480404502D14FF0030816
:104DF0000FE0DFF8AC80404502D14FF0040808E036
:104E0000DFF8A080404502D14FF0050801E04FF0E7
:104E1000060808FA06F848EA0508CCF808804D6844
:104E2000D9F80060ED024D4601D5164300E09643E7
:104E30002E604D68DAF80060AD02554601D5164384
:104E400000E096432E604D68DBF80060AD035D46E0
:104E500001D5164300E096432E604D68DEF80060F1
:104E6000ED03754601D5164300E096432E60641CA1
:104E70000A681646E2407FF429AFBDE8F88F0000CB
:104E80000804014000001110001002400000014021
:104E900000080140000C01400010014000140140D6
:104EA00000180140001C01408068084000D001202B
:104EB00070470AB1016170470904FBE70148806847
:104EC0007047000000000020024881680278114409
:104ED0008160704700000020074810B5016841F06C
:104EE00010010160032000F075F80F2000F006F8B3
:104EF00000F024F8002010BD0020024070B50D4DD8
:104F000004464FF47A712878B1FBF0F00A49096839
:104F1000B1FBF0F000F0AEFB48B9102C07D2002234
:104F20002146501E00F036F800206C6070BD012054
:104F300070BD0000000000200C0000200C4808B5E7
:104F4000816941F001018161816901F001010091F4
:104F5000C16941F08051C161C06900F0805000908A
:104F60000448416821F0E06141F00071416008BDF2
:104F70000010024000000140002809DB00F01F0281
:104F8000012191404009800000F1E020C0F80011AB
:104F900070470000F0B40E4B1B680C46C3F30223AD
:104FA000C3F10705042D00D90425191D072901D2D5
:104FB000002300E0DB1E012606FA05F1491E214010
:104FC00099409E40761E16403143F0BC03F00CBE63
:104FD0000CED00E0064900F0070208684FF6FF03F9
:104FE000184040EA0220034A10430860704700005E
:104FF0000CED00E00000FA0510B501460020284C39
:1050000004292FD00BDC012930D0022929D100F04E
:105010006BF96168C1F38131491C49001FE008291F
:1050200020D010291DD161682268D20119D51D48F0
:10503000C1F38342C903805C0AD56168194AC1F390
:105040004041921E515C184AB2FBF1F1484301E025
:10505000164948436168490203D440000321B0FB6C
:10506000F1F010BDBDE8104000F04EB9226AC2F365
:105070000121012903D1920701D5C80310BD0229DE
:1050800005D1626A920702D549F6404010BD032956
:10509000FCD121688903F9D54FF2244010BD0000EE
:1050A000001002401898000800127A0000093D0024
:1050B0002DE9F84305460078354CC00754D0E06927
:1050C0000026C00008D4E06940F08050E061E0694B
:1050D000012600F0805000902E480168C90512D4C6
:1050E0000168804641F480710160FFF7E7FE0746E2
:1050F00005E000BFFFF7E2FEC01B642823D8D8F804
:105100000000C005F6D5206A10F4407021D0A988AF
:1051100001F4407181421CD0206A1F49012220F411
:1051200040700A6000220A602062C00711D0FFF7B9
:10513000C5FE074641F2883808E000BFFFF7BEFE13
:10514000C11B414502D90320BDE8F883206A8007CE
:10515000F4D5206A696820F44070084320621EB1CB
:10516000E06920F08050E0612878800705D560680C
:10517000A96820F44040084360602878C00605D53F
:105180006068696920F48000084360600020DBE704
:105190000010024000700040400442422DE9F047F8
:1051A0000F46050061D0434E306800F00700B8425A
:1051B00009D2306820F0070038433060306800F0D2
:1051C0000700B84251D128683B4C810712D54007EF
:1051D00003D5606840F4E06060602878000703D57C
:1051E000606840F4605060606068A96820F0F0007A
:1051F000084360602878C00728D06868012810D06C
:105200002168022810D0890700292EDA616821F070
:10521000030101436160FFF751FE804641F2883986
:105220000DE021688903EFE78901EDE7FFF746FE0E
:10523000A0EB0801494502D90320BDE8F08760686A
:10524000696800F00C00B0EB810FEFD1306800F01E
:105250000700B8420BD9306820F0070038433060AF
:10526000306800F00700B84201D00120E5E7287857
:10527000400705D56068E96820F4E0600843606095
:105280002878000706D56068296920F4605040EA54
:10529000C100606000F038F86168084AC1F303118A
:1052A000515CC8400649086006480068FFF726FEC2
:1052B0000020C2E7002002400010024028980008A9
:1052C0000C000020040000200448054900684968DB
:1052D000044AC1F30221515CC84070470C00002011
:1052E00000100240389800080448054900684968E1
:1052F000044AC1F3C221515CC84070470C00002031
:1053000000100240389800080E4A51680E4801F01B
:105310000C03042B11D0082B0FD10C48C1F383438D
:10532000C903C05C0AD55168084AC1F34041921EC6
:10533000515C054A5043B0FBF1F0704704494843C3
:10534000704700000010024000127A000698000822
:1053500000093D002DE9F84F040070D02078C04DC1
:10536000C00749D06868C0F38100012807D0686889
:10537000C0F38100022809D16868C00306D52868F7
:10538000800339D560680028E7D035E06068B0F563
:10539000803F0BD010B1B0F5A02F11D0286820F4B9
:1053A00080302860286820F4802002E0286840F4DB
:1053B00080302860606890B1FFF780FD06460AE003
:1053C000286840F480202860F0E700BFFFF776FDF2
:1053D000801B642873D828688003F7D50CE0FFF79A
:1053E0006DFD064605E000BFFFF768FD801B6428E1
:1053F000F0D828688003F7D420789A4E80074FF0C1
:1054000001094FF0000839D5686810F00C0F07D07B
:105410006868C0F38100022809D16868C00306D417
:105420002868800714D52069012808D110E0206978
:10543000B0B1C6F80090FFF741FD074605E00AE16C
:10544000FFF73CFDC01B0228C4D828688007F7D5A9
:105450002868616920F0F80040EAC10028600DE08A
:10546000C6F80080FFF72AFD074604E0FFF726FD97
:10547000C01B022823D828688007F7D420780007AB
:105480002CD57948A169D9B1C0F80090FFF716FD75
:10549000074604E0FFF712FDC01B02280FD8686A18
:1054A0008007F7D571484FF4FA510068B0FBF1F06E
:1054B000009000BF0098411E0091FAD20EE080E0FB
:1054C000C0F80080FFF7FAFC074604E0FFF7F6FC9F
:1054D000C01B022875D8686A8007F7D42078400777
:1054E00060D5E8690027C00008D4E86940F0805022
:1054F000E861E869012700F0805000905C4801688D
:10550000C90513D40168834641F480710160FFF737
:10551000D5FC824606E000BFFFF7D0FCA0EB0A00F6
:1055200064284ED8DBF80000C005F5D5E0680128F6
:105530000AD008B1052813D0286A20F0010028629B
:10554000286A20F0040002E0286A40F00100286286
:10555000E06841F2883B98B1FFF7B0FC82460BE06F
:10556000286A40F004002862EEE700BFFFF7A6FCBF
:10557000A0EB0A0159455AD8286A8007F6D50CE0F5
:10558000FFF79CFC824605E0FFF798FCA0EB0A01C0
:1055900059454CD8286A8007F6D41FB1E86920F035
:1055A0008050E861E06988B36968C1F3810102292C
:1055B00044D00228C6F8608004D0FFF77FFC044680
:1055C00038E034E0FFF77AFC074604E0FFF776FCAA
:1055D000C01B02282BD828688001F7D4206AB0F5B8
:1055E000803F05D16868A16820F4003008436860F6
:1055F000D4E908010843696821F47411084368601C
:10560000C6F86090FFF75AFC044606E025E000BFAC
:10561000FFF754FC001B022809D828688001F7D541
:105620001BE000BFFFF74AFC001B022802D9032041
:10563000BDE8F88F28688001F4D40EE00128F7D087
:105640006868226A00F48031914204D1616A00F4F2
:105650007010884201D00120EAE70020E8E700004E
:105660000010024000004242800442420C00002030
:105670000070004010B5401EB0F1807F01D30120C2
:1056800010BD4FF0E02460610F21601703F0ACFA09
:105690000020A06107202061002010BD70477047E6
:1056A00010B590F83C20012A22D0012280F83C203D
:1056B000CA688C6822F4407222434C6822F48062EB
:1056C00022430C6822F4006222430C6922F48052C7
:1056D00022434C6922F400522243C969002322F478
:1056E00080420A4301684A6480F83C30002010BDC3
:1056F000022010BD70B590F83C20012A2CD0012466
:1057000080F83C40022280F83D2003685A689D687A
:1057100022F070060A6832435A60104B02689A42BF
:105720000ED00F4B9A420BD0B2F1804F08D00D4BE8
:105730009A4205D00C4B9A4202D00C4B9A4204D1AB
:10574000496825F080031943916080F83D400021AD
:1057500080F83C10084670BD022070BD002C01404E
:10576000003401400004004000080040000C0040EC
:1057700010B5040003D094F83D0010B107E00120FB
:1057800010BD002084F83C00204600F01FF80220E5
:1057900084F83D00211D206802F0FAFC012084F805
:1057A000460084F83E0084F83F0084F8400084F806
:1057B000410084F8420084F8430084F8440084F8EF
:1057C000450084F83D00002010BD000008B5154AD2
:1057D0000168154891420ED1C16941F00801C161CB
:1057E000C069002200F00800009007213220FFF776
:1057F000D1FB322010E00D4A914211D1C16941F034
:105800001001C161C069002200F010000090062163
:105810003620FFF7BFFB3620BDE80840FFF7ACBBE2
:1058200008BD0000000C00400010024000100040C5
:1058300090F83D10012901D001207047022180F825
:105840003D100168CA6842F00102CA6000680E4952
:1058500088420ED00D4988420BD0B0F1804F08D05D
:105860000B49884205D00B49884202D00A49884238
:1058700004D1816801F00701062903D0016841F0D5
:105880000101016000207047002C014000340140FC
:105890000004004000080040000C004070B50446C1
:1058A00090F83C000025012817D0012684F83C60C0
:1058B000022084F83D002068826822F0770222F4FA
:1058C0007F4282600868502838D00DDC20284FD0F5
:1058D00005DC90B3102811D14AE0022070BD3028B9
:1058E00046D040280AD13BE060282FD070280DD048
:1058F000B0F5805F03D0B0F5005F12D0012584F8C9
:105900003D60002084F83C00284670BDCB68D1E99A
:105910000121206802F097FC2068816841F077013E
:1059200009E0CB68D1E90121206802F08CFC2068F5
:10593000816841F480418160E1E719E0CA68496803
:10594000206802F055FD5021206806E0CA684968C9
:10595000206802F095FD6021206802F07EFCCEE711
:10596000CA684968206802F043FD40212068F4E7D6
:10597000226801461046F0E770B5044600682149E8
:10598000214D884224D1207F204E012805D1306846
:10599000406B28600020FBF70BFC207F022805D11C
:1059A0003068806B68600120FBF702FC207F0428D0
:1059B00005D13068C06BE8600320FBF7F9FB207F5E
:1059C000082805D13068006C68610520FBF7F0FB02
:1059D0002068B0F1804F14D1207F0D4E042805D1EE
:1059E0003068C06B28610420FBF7E2FB207F0828A9
:1059F00007D13068006CA860BDE870400220FBF75A
:105A0000D7BB70BD00040040D0660020A80800206D
:105A1000600800202DE9F041054690F83C00002682
:105A20000C46012810D0012085F83C0072B1042AF0
:105A30001CD0082A2CD00C2A50D00126002085F832
:105A40003C003046BDE8F0810220FBE7D4E90012BB
:105A5000E368286802F0DEFC2868816921F00C0107
:105A6000816128688169A26811430FE0D4E90012BE
:105A7000E368286802F016FD2868816921F4406116
:105A8000816128688169A26841EA02218161D5E7C4
:105A90002868D4E9002C277B036A016A21F480710D
:105AA0000162C16923F4007321F0030141EA0C0192
:105AB00021F0F00C39074FF400774CEA116107EA46
:105AC00002221A43C16102622868C16921F00C01F7
:105AD000C1612868C169A26811432BE02868D4E934
:105AE0000021E768036AD0F820C02CF4805CC0F87D
:105AF00020C0D0F81CC023F400532CF4407C4CEAA6
:105B0000012121F4704C4FF6FF7101EA07314FF487
:105B1000005741EA0C0107EA02321A43C1610262EE
:105B20002868C16921F44061C1612868C169A2681F
:105B300041EA0221C16181E710B5040003D094F865
:105B40003D0010B107E0012010BD002084F83C00AA
:105B5000204600F01FF8022084F83D00211D206837
:105B600002F016FB012084F8460084F83E0084F819
:105B70003F0084F8400084F8410084F8420084F833
:105B8000430084F8440084F8450084F83D00002078
:105B900010BD000030B585B000240094019402943B
:105BA000039400682F49304DB0F1804F32D02F4A16
:105BB00090422DD1C86940F00200C861C86900F068
:105BC00002000490886940F004008861886900F050
:105BD00004000490886940F008008861886969467B
:105BE00000F008000490C02000902148FFF760F802
:105BF0000320CDE90004694628460294FFF758F8CF
:105C0000002208211D20FFF7C5F91D20FFF7B4F978
:105C100005B030BDC86940F00100C861C86900F036
:105C200001000490886940F008008861886969462D
:105C300000F0080004904FF4406000902846FFF701
:105C400037F80C48416821F4407141F0E06141F4BB
:105C500000714160002208211C20FFF79BF91C20E5
:105C6000D4E7000000100240000C01400004004096
:105C7000000801400000014030B50446002551B144
:105C800004290DD0082910D094F8412094F845003B
:105C9000012A11D10EE094F83E2094F84200F7E773
:105CA00094F83F2094F84300F2E794F8402094F8E9
:105CB0004400EDE7012801D0012030BD022059B198
:105CC000042912D0082919D084F8410084F845002D
:105CD0000C293ED001253AE084F83E0084F84200C9
:105CE0002068C26842F0020210E084F83F0084F8A5
:105CF00043002068C26842F0040207E084F84000D4
:105D000084F844002068C26842F00802C2600122A0
:105D1000206802F08BFA1149206888420ED01049A1
:105D200088420BD0B0F1804F08D00E49884205D090
:105D30000D49884202D00D49884204D1816801F0A2
:105D40000701062903D0016841F0010101602846DE
:105D500030BD2068C26842F01002D7E7002C014035
:105D6000003401400004004000080040000C0040E6
:105D70002DE9F04104460068C66805694FF0000748
:105D8000A90713D5B10711D5F91E016101202077AC
:105D9000206880698007204602D0FFF7EDFD04E00F
:105DA00000F0BCF8204600F06DF92777680716D59B
:105DB000700714D521686FF0040008610220207775
:105DC0002068806910F4407F204602D0FFF7D4FDA0
:105DD00004E000F0A3F8204600F054F927772807E4
:105DE00015D5300713D521686FF00800086104202D
:105DF00020772068C0698007204602D0FFF7BCFDED
:105E000004E000F08BF8204600F03CF92777E80624
:105E100016D5F00614D521686FF01000086108202F
:105E200020772068C06910F4407F204602D0FFF739
:105E3000A3FD04E000F072F8204600F023F9277774
:105E4000E80708D0F00706D021686FF0010008616C
:105E5000204600F073F9280608D5300606D52168DB
:105E60006FF0800008612046FFF718FC680608D52F
:105E7000700606D521686FF040000861204600F0EA
:105E8000C5F9A8060AD5B00608D521686FF020002C
:105E900008612046BDE8F041FFF701BCBDE8F08194
:105EA00000B585B000210091019102910391164B3C
:105EB0000268164802219A420FD1826942F0040218
:105EC00082618069039100F0040004904FF46060E7
:105ED000CDE9000169460E4811E00E4B9A4210D1FF
:105EE000826942F0080282618069039100F0080033
:105EF00004904FF47070CDE9000169460648FEF742
:105F0000D7FE05B000BD0000002C0140001002408B
:105F10000008014000080040000C0140704770B5C7
:105F2000044690F83C0000260D4601280FD00120C1
:105F300084F83C006AB1042A1DD0082A2FD00C2A0C
:105F40003FD00126002084F83C00304670BD02207E
:105F500070BD206802F08AF92068816941F008016B
:105F600081612068816921F0040181612068816973
:105F70002A69114311E0206802F0A8F920688169BC
:105F800041F4006181612068816921F4806181614F
:105F9000206881692A6941EA02218161D2E720688B
:105FA00002F0CAF92068C16941F00801C1612068A6
:105FB000C16921F00401C1612068C1692A691143E6
:105FC00011E0206802F0ECF92068C16941F4006139
:105FD000C1612068C16921F48061C1612068C16923
:105FE0002A6941EA0221C161ACE710B5040003D07F
:105FF00094F83D0010B107E0012010BD002084F8A6
:106000003C00204600F01EF8022084F83D00211DCF
:10601000206802F0BDF8012084F8460084F83E00B4
:1060200084F83F0084F8400084F8410084F842007E
:1060300084F8430084F8440084F8450084F83D0067
:10604000002010BD08B50C4A01680C48914207D1E8
:10605000816941F400618161806900F4006009E0B8
:10606000074A914207D1C16941F00401C161C06989
:1060700000F00400009008BD002C01400010024018
:10608000000800407047000010B50446022249B1E4
:1060900004290ED0082913D094F84100012816D005
:1060A000012010BD94F83E000128F9D184F83E206B
:1060B0000FE094F83F000128F2D184F83F2008E077
:1060C00094F840000128EBD184F8402001E084F8E6
:1060D00041200122206802F0A9F813492068134AE0
:1060E000884201D0904203D1436C43F4004343649F
:1060F000206888420DD090420BD0B0F1804F08D07C
:106100000B49884205D00B49884202D00A4988428F
:1061100004D1816801F00701062903D0016841F02C
:1061200001010160002010BD002C0140003401403D
:106130000004004000080040000C00402DE9F04140
:1061400001682C482C4C814207D12088401C80B229
:106150002080C82801D3002020802848814246D1D1
:10616000274D2188274E2888884201D2002200E04E
:10617000012208213046FEF79CFE6888218888426B
:1061800001D2002200E0012204213046FEF791FEF8
:10619000A88821881C4F884201D2002200E00122F9
:1061A00040213846FEF785FEE8882188884201D2E2
:1061B000002200E0012202213046FEF77AFE288903
:1061C0002188884201D2002200E001228021384645
:1061D000FEF76FFE68892188884201D2002200E024
:1061E00001223046BDE8F0410121FEF762BEBDE864
:1061F000F0810000000C00408C00002000100040E6
:10620000B465002000140140001001407047704741
:1062100070B5026804461068D168536910F00F0F1A
:1062200056D003F0010501F490762E436AD0C207E0
:1062300005D0CA0503D5226C42F001022264420750
:1062400005D5DA0703D0226C42F0020222648207ED
:1062500005D5DA0703D0226C42F00402226402075B
:1062600007D501F020022A4303D0226C42F0080235
:106270002264226C002A3ED0800608D5880606D506
:1062800094F83D00222820462FD002F081FA2068A1
:106290004069216CC0F38010090700D460B3204628
:1062A00002F0B6F920684169490621D5416921F01B
:1062B00040014161A06BD8B138494163A06BFEF742
:1062C00093F9002817D0A06B416BBDE870400847D8
:1062D000830617D58B0615D594F83D00222819D1D1
:1062E0002046BDE8704002F0A1B902F09FF9CEE768
:1062F0002046FFF78CFF70BD2046FFF788FF002087
:10630000206470BD030634D50B0632D594F83D00E9
:10631000122804D02046BDE8704002F039BA94F843
:106320003D001228EDD1A068B0F5805F01D1206951
:10633000B0B1606A411C6162216800784860608D7C
:10634000401E0004000C6085DBD12068C16821F08C
:106350008001C1602068C16841F04001C16070BD2A
:10636000606A0088C0F308005060606A801C606248
:10637000E5E74006F3D54806F1D5D168204621F07F
:106380004001D16021684A6922F001024A6101217D
:1063900084F83D1000F07BF870BD00000186000815
:1063A00070B5040004D094F83D00002510B106E05B
:1063B000012070BD84F83C50204600F01BF80220FC
:1063C00084F83D00204602F079F92068016921F443
:1063D000804101612068416921F02A014161206802
:1063E000C16841F40051C1602564012084F83D007A
:1063F000002070BD30B585B0002400940194029453
:10640000039400681D49884235D11D48C16941F493
:106410008021C161C16901F480210491816941F049
:10642000100181618069174D00F0100004904FF455
:10643000A050009002200190032003906946284656
:10644000FEF736FCE814CDE90004694628460294BC
:10645000FEF72EFC0C48416821F0300141F0E0616C
:1064600041F010014160002205212720FEF792FD36
:106470002720FEF781FD05B030BD00000048004038
:1064800000100240001001400000014070477047BA
:106490007047000070B500211348FFF7F5FD124D5D
:1064A00000242868446304212846FFF7EDFD28688E
:1064B000846308212846FFF7E7FD2868C4630C21A0
:1064C0002846FFF7E1FD2868046404210748FFF728
:1064D000DBFD064D2868846308212846FFF7D4FDBC
:1064E0002868C46370BD0000F00800201808002070
:1064F00070B50D46044600F019F9782000F0D4F884
:1065000000F064F9204600F0CFF800F05FF928466B
:1065100000F0CAF800F05AF9BDE8704000F02EB95A
:1065200010B5012202211F48FEF7C3FC0C211E48B2
:10653000FFF7AAFD012211031C48FEF7BAFC00F088
:10654000F5F8782000F0B0F800F040F9AA2000F04B
:10655000ABF800F03BF900F011F90520FBF718F952
:10656000C0210846FFF7C4FFC021C220FFF7C0FFCB
:106570000121D020FFF7BCFFF4218220FFF7B8FFF4
:1065800001218420FFF7B4FF0C218820FFF7B0FF22
:1065900003218620FFF7ACFFBDE81040FF2000F08C
:1065A00007B800000018014018080020000C014046
:1065B000094A30B100215054491CC9B27829FAD394
:1065C00006E0002001461154401CC0B27828FAD3DE
:1065D000014800F003B800001451002070B50546D2
:1065E00000F0A4F8782000F05FF800F0EFF88020C9
:1065F00000F05AF800F0EAF8002000F055F800F03A
:10660000E5F80024285D00F04FF800F0DFF8641C86
:10661000E4B2782CF6D3BDE8704000F0AFB8FEE7E6
:106620000D4A10B5136890F90010D9630B4990F921
:1066300001300C68A363126890F9023093630B6811
:1066400090F903205A630B6890F904201A640968D2
:1066500090F90500C86310BD18080020F00800205C
:1066600006484FF400410160002141600121816032
:106670000321C16001460248FEF71ABB8C5100207D
:10668000000C014006484FF40041016001214160C7
:1066900081600321C16001460248FEF709BB00008A
:1066A0008C510020000C01402DE9F04707460024E2
:1066B000FFF7E8FF1C4D4FF4004600223146284604
:1066C000FEF7F7FB4FF40059002249462846FEF733
:1066D000F0FB0520FBF768F8B2464FF001084E4684
:1066E000C4F1070108FA01F0384201D0012200E0AC
:1066F000002251462846FEF7DCFB0520FBF754F844
:10670000012231462846FEF7D4FB0520FBF74CF862
:10671000002231462846FEF7CCFB641CE4B2082C6C
:10672000DED3BDE8F0870000000C014070B5FFF734
:10673000A9FF0122104DD40321462846FEF7B9FBDC
:106740000122560331462846FEF7B3FB0520FBF72E
:106750002BF8002221462846FEF7ABFB0520FBF76D
:1067600023F8002231462846FEF7A3FBBDE870401F
:106770000520FBF719B80000000C014070B5FFF7C9
:1067800081FF114D4FF40044002221462846FEF7B8
:1067900090FBA610002231462846FEF78AFB052012
:1067A000FBF702F8012231462846FEF782FB05205E
:1067B000FAF7FAFF012221462846FEF77AFBBDE8E8
:1067C00070400520FAF7F0BF000C014070B50024BE
:1067D000FFF746FF01220D4D560331462846FEF7CE
:1067E00068FB0520FAF7E0FFB1002846FEF75CFBE6
:1067F000012800D10124002231462846FEF759FB2A
:106800000520FAF7D1FF204670BD0000000C0140C2
:106810002DE9F0470025DFF89C80274F81462E4662
:1068200005EBC50108EBC1046078A0B357F825104B
:106830004846F9F728FD47F82500B0F17C5F2FDBCB
:10684000A08840B1A07B401C40B2A073032803DDA8
:106850000120A07300E0A673B4F9180028B194F8E1
:106860002610C94384F8261001E084F82660616B85
:1068700091B1218C29B194F8261094F944209142C9
:106880000AD018B194F82700032805D114F8440F52
:10689000C043207002E009E084F8446047F82560B6
:1068A0006D1CEDB2062DBBD3BDE8F087A67384F84E
:1068B0002660F1E75C6B0020C06500202DE9F04701
:1068C000824608A81F4690E810030B4688F0004552
:1068D00089F0004611461846F9F727FD0146E060A9
:1068E0002846F9F7B1FF07D34146E068F9F7ACFF56
:1068F00001D2454600E0E568E56028462169F9F7E0
:1069000014FD3968F9F717FD206029467868F9F712
:1069100012FD5146F9F70FFD014660603046F9F768
:1069200093FF07D349466068F9F78EFF01D24E46C0
:1069300000E066681AF0FF4FB14666602DD0514600
:106940004FF07E50F9F729FD064620690121804667
:10695000F9F761FDE1680D46F9F7EAFC6169F9F7BD
:1069600092FCB968F9F7E7FC3146F9F7E4FC064612
:10697000A06049462068F9F786FC3146F9F783FCA8
:10698000616AF9F780FC6062B0F5000F01DA00205F
:106990006062C4E90458BDE8F0870026D5E700002E
:1069A0002DE9FE4F00244D48009401944A49029479
:1069B0000160891581600126067304750C25056147
:1069C0004FF460214460C161FDF7A0FC08B1FDF700
:1069D0006BFA4FF00508CDE900864FF007096946CC
:1069E0003E48CDF80890FDF70FFC08B1FDF75CFAC2
:1069F0004FF0040B4FF0020ACDE900BA6946374860
:106A0000FDF702FC08B1FDF74FFA0E200327CDE990
:106A1000000769463148FDF7F7FB08B1FDF744FA76
:106A20000F20CDE9000B69462C48FDF7EDFB08B1BE
:106A3000FDF73AFACDE9006869462848FDF7E4FB1E
:106A400008B1FDF731FA0620CDE900406946234838
:106A5000FDF7DAFB08B1FDF727FA0D20CDE90009B3
:106A600069461E48FDF7D0FB08B1FDF71DFA082066
:106A7000CDE9005069461948FDF7C6FB08B1FDF79E
:106A800013FA0920CDE900A069461448FDF7BCFBC4
:106A900008B1FDF709FA0A24CDE9007469460F48E8
:106AA000FDF7B2FB08B1FDF7FFF90B200090019054
:106AB00069460A48FDF7A8FB08B1FDF7F5F96946F4
:106AC0000648CDE90045FDF79FFB002801D0FDF702
:106AD000EBF9BDE8FE8F000000240140A407002070
:106AE000094808B5416941F001014161406900224E
:106AF00000F00100009011460B20FEF74BFABDE8B4
:106B000008400B20FEF738BA001002402DE9F04F84
:106B100085B000244C480094019402940394816948
:106B200041F010018161816901F0100104918169D6
:106B300041F004018161816901F0040104918169DE
:106B400041F008018161816901F0080104918169C6
:106B500041F020018161816901F020010491816986
:106B600041F0400181618069DFF8E08000F0400081
:106B7000049000224FF430414046FEF79AF9DFF8C6
:106B8000D0900022C0214846FEF793F9DFF8C4A058
:106B900000220F215046FEF78CF9DFF8BCB000222E
:106BA00003215846FEF785F94FF48050012502264F
:106BB000CDE90005CDE9024669464046FEF778F882
:106BC0004FF42040CDE900050327CDE9025769467F
:106BD0004046FEF76DF84FF4AC60CDE9000469461D
:106BE00050460294FEF764F84FF4207000901B4862
:106BF000CDE9010469465046FEF75AF8C020CDE9B8
:106C00000005CDE9024669464846FEF751F80F20D7
:106C1000CDE90005CDE9024669465046FEF748F841
:106C200000970396CDE9015469465846FEF740F8AF
:106C3000002205211720FEF7ADF91720FEF79CF979
:106C400005B0BDE8F08F000000100240000C0140CC
:106C50000010014000140140001801400000111014
:106C600010B592B000240F941C2168461094F9F7D7
:106C7000F2FA202107A8F9F7EEFA2948274901601E
:106C8000B321C0E9011440F28F11C0E9031444613B
:106C90008461FFF7AAF908B1FDF706F90F940FA96F
:106CA0001F481094FEF726FD08B1FDF7FDF860209F
:106CB000CDE900040220CDE90204049405940422E5
:106CC000694617480694FFF72AF908B1FDF7ECF872
:106CD000082269461248FFF722F908B1FDF7E4F8E7
:106CE0000C2269460E48FFF71AF908B1FDF7DCF8E7
:106CF0000794089409944FF400500A94CDE90B408E
:106D000007A907480E94FEF7CBFC08B1FDF7CCF8B5
:106D10000348FFF7C5F812B010BD0000002C014079
:106D20001808002010B586B000241D48059404946E
:106D30000094019402944FF080410394016041F665
:106D40001F41C0E901144FF6FF71C0E903148461CB
:106D5000FEF7F2FE08B1FDF7A7F8049404A9104865
:106D60000594FEF7C7FC08B1FDF79EF80120CDE9B8
:106D700000400820CDE90240024669460848FEF777
:106D800049FE08B1FDF790F80C2269460448FEF769
:106D900041FE002801D0FDF787F806B010BD0000C5
:106DA0006008002010B586B000242648059404949D
:106DB00000940194029422490394016041F61F411A
:106DC000C0E901144FF6FF71C0E903148461FEF7B6
:106DD000B3FE08B1FDF768F8049404A919480594B6
:106DE000FEF788FC08B1FDF75FF80120CDE900400F
:106DF0000820CDE90240002269461248FEF70AFE4B
:106E000008B1FDF751F8042269460E48FEF702FE6C
:106E100008B1FDF749F8082269460A48FEF7FAFD6D
:106E200008B1FDF741F80C22694606480394FEF7C5
:106E3000F1FD002801D0FDF737F806B010BD0000C5
:106E400000040040A808002010B58AB00024079470
:106E50001C2168460894F9F7FEF92348214901608E
:106E6000B321C0E9011440F28F11C0E90314846119
:106E7000FFF7BBF808B1FDF717F8079407A91A4800
:106E80000894FEF737FC08B1FDF70EF86020CDE955
:106E90000004022002900022694604941248FFF781
:106EA0003EF808B1FDF700F8042269460E48FFF7E6
:106EB00036F808B1FCF7F8FF082269460A48FFF7E0
:106EC0002EF808B1FCF7F0FF0C2269460648FFF7E0
:106ED00026F808B1FCF7E8FF0348FEF7E1FF0AB027
:106EE00010BD000000080040F008002010B586B07A
:106EF00000241648009401940294039404941249C7
:106F0000059401604721C0E901140F21C0E9031471
:106F10008461FEF72DFC08B1FCF7C6FF4FF48050EA
:106F2000009069460948FEF7B9FC08B1FCF7BCFFC0
:106F3000049404A905480594FEF7DCFB002801D061
:106F4000FCF7B2FF06B010BD000C0040380900206D
:106F50001CB500240E4800940C490194016047219F
:106F6000C0E901140F218461C160FEF701FC08B182
:106F7000FCF79AFF0094694605480194FEF7BAFBB6
:106F8000002801D0FCF790FF1CBD0000001000405D
:106F9000800900200D4810B50B4901604FF4E13124
:106FA0004160002181600C22C160C0E9041281614E
:106FB000C1610162FFF7F4F9002803D0BDE8104079
:106FC000FCF772BF10BD000000480040C809002057
:106FD000FEE70000FEB50C46074601EBC40016496B
:106FE000154601EBC000B0F91C00F9F7A8FB0646F6
:106FF0002846F9F7A4FB0146124804EB84050F4A22
:1070000000EBC5050E4B0095CDE90132A0F10C0354
:1070100032463846F9F732FF686AF9F7AFFB0028C5
:1070200001DA002004E0B0F5C87F01DB40F28F10E8
:1070300005490855FEBD00005C6B0020000096432A
:107040000000C842706900207807002010B5114C7C
:10705000012211462046FDF72CFF01220221204685
:10706000FDF727FF012204212046FDF722FF012220
:1070700008212046FDF71DFF074C01224021204634
:10708000FDF717FF20460122BDE810408021FDF7E3
:1070900010BF000000140140001001402DE9F14F25
:1070A0000024374FDFF8DCA0374DDFF8E08084B0F4
:1070B0004FF07E5BA14600BF04EBC40107EBC100AB
:1070C000427892B3B0F9086086B317F8311079B1FD
:1070D00004EB840005EBC006706A10F0FF4F03D08C
:1070E0005946F9F722F9706210F1FF4F34D21FE0D0
:1070F000B0F90600F9F723FB03903046F9F71FFBC0
:107100000146234804EB840205EBC206CDE900608A
:1071100002901D4BDDE903200C3BF9F7AFFE716ACD
:107120005046814203DD084602E017E005E0706248
:10713000F9F724FB08F8040018E004EB840005EBE1
:10714000C006706A10F0FF4F03D05946F9F7EDF80A
:10715000706201465045E6DA4846E8E704EB8401F0
:1071600005EBC1010B48486008F80490641CE4B2C8
:10717000062CA1D305B00548BDE8F04F00F00CB8CF
:107180005C6B00200000A0415C6800206C070020C0
:10719000000048430000C841044A0021435C22F833
:1071A0001130491CC9B20629F8D37047B4650020D4
:1071B000044803490160044941600021816070472F
:1071C0000BD7233D5068002090C2753D08B502F0F2
:1071D000EBF90090FFF7ECFF054C2046FFF75EFF50
:1071E0002046FAF767F83221684602F09FF9F4E783
:1071F000CDCC4C3DFEE70000114F124DDFF848901A
:1072000007F118085FF00004F9F78AFD57F8240029
:10721000F9F7EAFC04EBC40105EBC106F08358F86A
:107220002400F9F7E1FC641CE4B2B083062CEBD334
:10723000484600F09FF80A2002F028F8E2E7000034
:10724000546500205C6B00200AD7233C2DE9F041F7
:1072500050212548FCF716FF234C0126DFF88C80CF
:107260002078234D234FAA2802D16078B82819D05E
:1072700000F042F85FF0000004EB400200EBC001B8
:1072800005EBC10153888B80D2890A8304EB80020D
:10729000401CD269C0B20A630628EDD388F80060AA
:1072A0003E7018E05FF0000004EB400200EBC0010C
:1072B00005EBC10153888B80D2890A8304EB8002DD
:1072C000401CD269C0B20A630628EDD388F800607A
:1072D0003878002805D000203870BDE8F04100F073
:1072E0002DB8BDE8F0810000686600203C07002052
:1072F0005C6B00203407002070B50E49AA200E4EAA
:1073000008700020024640F2DC544FF4B97500BF0B
:1073100001EB40035C80DD8101EB8003401CC0B2C7
:107320005E63DA610628F3D381F84C20B8204870F8
:1073300070BD00006866002000007A4450210148BA
:10734000FCF7BCBE6866002070B5084C00252178AB
:1073500051B16168F8F797FF6060B0F17C5F02DBC4
:10736000FFF7ECFF257070BD656070BD340700202D
:10737000F8F70CBF70B5104CA168F8F784FFA06057
:10738000B0F17E5F16DB0D4B0D4D0E49002000BFA6
:1073900053F82020AA4200EBC00201EBC20201DA3E
:1073A000D68B00E0968B401CC0B256830628EFD3E4
:1073B0000020A06070BD0000800000205465002007
:1073C000008009455C6B00202DE9F0410746184814
:1073D0001C46154600780E46532801D001F0A2FA4B
:1073E000EFF31182202080F3118811495FF0000033
:1073F00000EB400301EBC303DB691BB10B69401CCD
:107400008342F5DC0B6983420BDD00EB400301EBAB
:10741000C3018F61CE610D6200238B624B62CC622F
:1074200001E04FF0FF30D1B281F31188BDE8F08167
:107430000C6D00202DE9F04104461548DDF8188058
:107440001D46007816460F46532801D001F06AFA0F
:107450000F48032C18D2EFF31181202282F31188F8
:1074600004EB440200EBC20060302CB107604660C0
:10747000856000220261C260C0F81480C8B280F347
:1074800011880020BDE8F0814FF0FF30FAE70000DE
:107490000C6D00202DE9F04705461C4816460C46A9
:1074A0000078532801D001F03DFA184905EB45005A
:1074B00001EBC007A046D7E91B95002460374D4576
:1074C00011D9B868441BB44200D3344678682246C8
:1074D00041194046F8F7A6FEB868361B2544A0447B
:1074E000A84200D10025A9EB0500B04200D2064613
:1074F0003EB17868324641194046F8F793FE34446D
:10750000354404B13D612046BDE8F0870C6D002094
:107510002DE9F0410F46194900EB400001EBC00492
:107520001646A16A656AE06918342844A94217D84A
:10753000A268521B531EB34201D3324614E01944D1
:10754000B14219D315463946F8F76CFE2A46761B28
:1075500004D0B91832466068F8F764FEE66008E0C7
:10756000491B491EB14207D33946F8F75BFEA819FB
:10757000E0600120BDE8F0810020FBE70C6D0020F9
:10758000084810B5054B064A014600F04DF8BDE825
:1075900010404FF0805000F055BA0000458C0008B4
:1075A0002C9F000800A24A0470B5EFF3118520203B
:1075B00080F311881B48A0F12F040146626804E0A3
:1075C00042F0800301F8013BD2097F2AF8D801F884
:1075D000012BA26805E000BF42F0800301F8013BE7
:1075E000D2097F2AF8D801F8012B226905E000BFF3
:1075F00042F0800301F8013BD2097F2AF8D801F854
:10760000012B002201F8012B182201F01BFAE8B22D
:1076100080F31188606A002802D0BDE870400047FE
:1076200070BD0000F37500202DE9F8431E46174693
:107630008846814600234FF480620D490DA0FFF774
:10764000C3FE0E4CC0B200256070207608230C4AA1
:1076500008A10095FFF7EEFE0A4825614068C4F8CE
:107660000490C4E90280C4E908762570BDE8F88377
:10767000C47100205379735669657700C475002082
:1076800098070020001000E010B5EFF311842020CF
:1076900080F3118804481122014601F0D3F9E0B2C9
:1076A00080F3118810BD0000F375002010B501466D
:1076B000EFF31184202080F311880B48A0F12F02F2
:1076C00012698A1A014604E042F0800301F8013B86
:1076D000D2097F2AF8D801F8012B082201F0B2F96B
:1076E000E0B280F3118810BDF375002010B501469B
:1076F000EFF31184202080F311880B48A0F12F02B2
:1077000012698A1A014604E042F0800301F8013B45
:10771000D2097F2AF8D801F8012B042201F092F94E
:10772000E0B280F3118810BDF375002010B501465A
:10773000EFF31184202080F311880B48A0F12F0271
:1077400012698A1A014604E042F0800301F8013B05
:10775000D2097F2AF8D801F8012B062201F072F92C
:10776000E0B280F3118810BDF37500200A4810B50F
:10777000006A48B1006838B180470A460146BDE852
:1077800010400D2000F02AB804484168BDE81040C0
:107790000C2000F005B80000C4750020001000E0C7
:1077A00070B50246EFF31184202080F311880A4857
:1077B000034604E041F0800500F8015BC9097F2918
:1077C000F8D800F8011B0146184601F03BF9E0B279
:1077D00080F3118870BD0000F375002070B5054678
:1077E000EFF31184202080F311880F48034604E052
:1077F00041F0800600F8016BC9097F29F8D800F82C
:10780000011B04E042F0800100F8011BD2097F2A2D
:10781000F8D800F8012B01462A46184601F012F963
:10782000E0B280F3118870BDF375002010B50246F8
:10783000EFF31184202080F311880448014601F001
:1078400001F9E0B280F3118810BD0000F37500204B
:1078500070B501461E484468002C38D0002003E073
:107860002469002C33D0401C8842F9D3EFF31186F1
:10787000202080F31188174D284604E041F0800253
:1078800000F8012BC9097F29F8D800F8011BA1686D
:1078900005E000BF41F0800200F8012BC9097F29F3
:1078A000F8D800F8011B8022216801F06DF801462C
:1078B0001622284601F0C6F8F0B280F31188002C99
:1078C00005D0E068002802D0BDE87040004770BDD8
:1078D00090070020F3750020054810B54468002C7F
:1078E00004D0E06800B180472469F8E710BD0000CB
:1078F0009007002010B5EFF31184202080F3118849
:107900000B4A0A480146127805E000BF42F08003A6
:1079100001F8013BD2097F2AF8D801F8012B1B227C
:1079200001F090F8E0B280F3118810BDF3750020EB
:107930009007002070B5EFF31185202181F31188A5
:10794000074C01468022204601F01EF801460E2217
:10795000204601F077F8E8B280F3118870BD00008E
:10796000F37500202DE9F0410546EFF31186202044
:1079700080F311882C4C2968A4F12F0720463A691E
:10798000891A04E041F0800200F8012BC9097F291F
:10799000F8D800F8011BA96805E000BF41F080029B
:1079A00000F8012BC9097F29F8D800F8011B202213
:1079B000696800F0E9FF01460922204601F042F81B
:1079C00028683A692146801A05E000BF40F080022D
:1079D00001F8012BC0097F28F8D801F8010BE868ED
:1079E00005E000BF40F0800201F8012BC0097F28AC
:1079F000F8D801F8010B286905E000BF40F08002CB
:107A000001F8012BC0097F28F8D801F8010B0020EC
:107A100001F8010B1522204601F014F8F0B280F3B2
:107A20001188BDE8F0810000F37500200448006A69
:107A3000002803D04068002800D0004770470000AD
:107A4000C47500200149086170470000C47500201A
:107A500001490969401A7047C475002070B5294C66
:107A600001202070EFF31185202686F311886078BD
:107A70000A222549FFF74CFDE8B280F311880A205D
:107A8000FFF7D4FEEFF3118586F3118804F12F0080
:107A90000146626805E000BF42F0800301F8013B47
:107AA000D2097F2AF8D801F8012BA26805E000BFAF
:107AB00042F0800301F8013BD2097F2AF8D801F88F
:107AC000012B226905E000BF42F0800301F8013B71
:107AD000D2097F2AF8D801F8012B002201F8012BE6
:107AE000182200F0AFFFE8B280F31188606A00B19D
:107AF0008047FFF73BFEFFF799FFBDE87040FFF7B7
:107B0000F9BE0000C4750020109F000870B5EFF3A7
:107B10001184202080F311880748A0F12F052978CF
:107B200029B10B22014600F08DFF00202870E0B241
:107B300080F3118870BD0000F375002070B5EFF37D
:107B40001185202181F311880A4C014680222046AC
:107B500000F01AFF012100F8011B002100F8011BB1
:107B600001461A22204600F06DFFE8B280F311882A
:107B700070BD0000F3750020F8F7E6BA2DE9F84370
:107B80000C46174680461E46052213A12046089D36
:107B9000F8F76CFB00281CD0114A1068082804D3A1
:107BA000BDE8F8430F48FFF7C9BF00EB80010E4B5B
:107BB000401C43F8218003EB81013346C1E90147B2
:107BC000C1E9036510603A4621464046009500F041
:107BD00047F8BDE8F883000049444C450000000028
:107BE000A0070020349F0008D076002070B51A4C02
:107BF0002268002A2FD00021184B06E001EB8105F6
:107C000053F82550854202D0491C9142F6D3501EAC
:107C1000814204D101EB810003EB800015E0914229
:107C200019D202EB820003EB800001EB810150F8D6
:107C3000142D43F8212003EB810142684A608268D9
:107C40008A60C268CA6002690A611421F8F703FBFE
:107C50002068401E206070BDA0070020D076002064
:107C60002DE9F04186B00D4604461F461646142104
:107C70006846DDF83080F8F7EEFA8DE8F0016846E6
:107C8000FFF770FE06B0BDE8F0810000F0B5514C82
:107C900001EBC1014FF47A7504EBC10150B100242E
:107CA000142B72D282B3012A5ED0022A5FD0032A3B
:107CB00029D167E00A27484E4FF0640C40F2DC50AF
:107CC00040F61C44142B23D232B1012A04D0022ADC
:107CD00009D0032A78D118E08A880A3212B28A8041
:107CE0000A2A27D022E0B1F91800A84201DA401D83
:107CF00005E090FBF7F207FB12024ABB21E0088384
:107D000000B2A04257DC5FE02EE0086B3C3026E07A
:107D100032B1012A04D0022A0FD0032A54D11BE029
:107D20008A881E3212B28A801E2A03D082424BDD1C
:107D3000888049E0A1F804C046E0B1F91800A842E3
:107D400001DA0A30DBE790FBF7F207FB12020AB117
:107D50000D8339E01430D2E7086B00F596700863A4
:107D6000B04231DD0E632FE088880A3817E0B1F9A0
:107D70001800A84201DC401F00E00A38088300B266
:107D800017E002E0086B3C381AE032B1012A04D057
:107D9000022A0AD0032A17D10FE088881E3800B2C1
:107DA0008880322810DA8C800EE0088B143800B2FC
:107DB0000883002808DC0C8306E0086BA0F59670A9
:107DC0000863002800DC0C6304494FF08040086021
:107DD000F0BD00005C6B0020805101009800002085
:107DE000054C2046F9F7E6FA2046FFF7ADFA642085
:107DF00001F04CFAF5E70000CDCCCC3D2DE9F8417F
:107E00000E461149C0EBC000104F002401EB4005A5
:107E1000A1F1070805EB44000088ADF80000B85D4B
:107E200018F8041008429DF801109DF8000001D0D8
:107E30000A4600E0002200F04DFF641CE4B2072C6B
:107E4000E8D3BDE8F8810000A3000020DC9E000814
:107E5000124E134F5FF0000505EBC50006EBC004A2
:107E6000A08860812846F9F791FB208B6084294621
:107E70003846F9F7DFFB206BE063606B6D1C3B302D
:107E8000EDB22064062DE7D3384600F0A9FB034885
:107E9000F9F7B2FC642001F0F9F9DBE75C6B002034
:107EA000CDCCCC3D08B501F07FFB054C00902046C1
:107EB000F9F730FB3221684601F038FBF7E70000A4
:107EC000CDCC4C3D1CB501F09BF93A490220CDE9DF
:107ED00000010023802238A13C4801F0F9FA35491D
:107EE00006201039CDE900010023802238A13B484B
:107EF00001F0EEFA2F4905201439CDE900010023E5
:107F0000802237A1394801F0E3FA2A4909202039B3
:107F1000CDE9000100234FF4807235A1384801F00B
:107F2000D7FA244903201C39CDE90001002380221F
:107F300034A1374801F0CCFA1E490A202439CDE992
:107F400000010023802233A1354801F0C1FA19490C
:107F500004201839CDE900010023802231A13448E2
:107F600001F0B6FA134908200C39CDE900010023CD
:107F7000802230A1334801F0ABFA0E4907200839BE
:107F8000CDE90001002380222FA1324801F0A0FAA0
:107F900008490B20091FCDE90001002380222EA1F2
:107FA000304801F095FA002001F08CF9BDE81C4042
:107FB00001F034B96807002043616C696272617432
:107FC000696F6E5F5461736B00000000F51000086C
:107FD00053706565645F5461736B0000A57E000893
:107FE0004D6F746F725F5461736B0000CD71000848
:107FF00053686F775F446973706C617900000000AB
:10800000517E000845433131415F5461736B00007C
:10801000153E000842757A7A65725F5461736B0091
:10802000D10F00085054313030305F5461736B0011
:10803000F971000853657474696E675F5461736BFE
:1080400000000000E17D000854656D705F546173AD
:108050006B0000009D85000854696D655F54617375
:108060006B000000C185000810B5FCF72DFF01F082
:108070008DFA012803D0BDE8104001F013BA10BDFD
:1080800030B595B028216846F8F7E5F814210AA81C
:10809000F8F7E1F818210FA8F8F7DDF80121080436
:1080A000CDE900100025029502240491CDE9074096
:1080B0004FF4E01009906846FDF74CF908B172B62C
:1080C000FEE70AA90F2081E831004FF48060CDE976
:1080D0000D0502210AA8FDF761F808B172B6FEE7A6
:1080E0004FF4004011900F940FA8FCF7E1FF002817
:1080F00001D072B6FEE715B030BD70471CB5FFF772
:108100003FFAFFF7A3F8FBF755FEFBF7A7FEFEF7D4
:10811000C1F9FBF7AFFCF8F787FCFEF701FA0A4953
:1081200008480860F8F764FF08490120CDE900011C
:108130000023802206A1094801F0CAF9BDE81C40CD
:1081400001F024B9CDCCCC3D740000208007002084
:1081500053746172745F5461736B0000C57E0008D4
:108160000148FDF705BE0000600800200148FDF74A
:10817000FFBD0000A80800200148FDF7F9BD000080
:10818000380900200148FDF7F3BD000080090020F8
:10819000F0B50268204C214D214E224F224B4FF06A
:1081A000804CA04209D0984207D0604505D0A84233
:1081B00003D0B04201D0B84204D122F0700E4A6818
:1081C00042EA0E02A04209D0984207D0604505D08D
:1081D000A84203D0B04201D0B84203D122F4407586
:1081E000CA682A434D6922F080022A4302608A68E5
:1081F000C2620A688262A04201D0984201D1096934
:108200000163012141610169C90703D0016921F0BE
:1082100001010161F0BD0000002C0140000400409C
:1082200000080040000C00400034014010B501F08F
:108230001F030121046A99408C430462016A9A4039
:108240001143016210BD10B5846842EA032224F490
:108250007F440A432243826010BD826822F070028C
:108260000A4342F00701816070470000F0B5036ADD
:10827000026A22F00102026242688469124E24F00E
:1082800073050C682C4323F002058B682B430D4DBE
:10829000A84201D0B04205D123F00807CB683B4388
:1082A00023F00403A84201D0B04205D14D6922F465
:1082B000407215438A692A43426084614968416378
:1082C0000362F0BD002C014000340140F0B5026AA9
:1082D000036A23F010030362436884690D6824F481
:1082E000E64444EA05248D6822F0200242EA0512A1
:1082F0000F4D104EA84201D0B04206D1CF6822F0F7
:10830000800242EA071222F04002A84201D0B042A5
:1083100007D14D6923F4406343EA85038D6943EA3D
:10832000850343608461496881630262F0BD000097
:10833000002C014000340140F0B5026A036A23F4C6
:10834000807303624368C46922F4007224F07305E9
:108350000C68124E2C438D6842EA05220E4DA8424D
:1083600001D0B04206D1CF6822F4006242EA07226F
:1083700022F48062A84201D0B04207D14D6923F4B3
:10838000405343EA05138D6943EA05134360C46112
:108390004968C1630262F0BD002C01400034014015
:1083A00030B5046A026A22F4805202624268C369EC
:1083B0000D6823F4E64343EA05238D6824F4005452
:1083C00044EA0534084DA84202D0084DA84204D121
:1083D0004D6922F4804242EA85124260C3614968D5
:1083E0000164046230BD0000002C014000340140F3
:1083F00010B5036A046A24F001040462846924F05D
:10840000F00444EA021423F00A020A43846102627F
:1084100010BD000070B5056A046A24F0010404620E
:108420008469124EB0420ED0114EB0420BD0B0F162
:10843000804F08D00F4EB04205D00F4EB04202D050
:108440000E4EB04203D124F00304144301E044F083
:1084500001041A0724F0F00444EA126225F00A032A
:1084600001F00A0119438261016270BD002C0140D4
:10847000003401400004004000080040000C0040AF
:1084800010B5036A046A24F010040462846923F0BE
:10849000A00324F4704444EA023243EA01118261E9
:1084A000016210BD30B5046A056A25F01005056249
:1084B000856925F4407545EA022222F470454FF69D
:1084C000FF7202EA033224F0A0032A43A02404EA44
:1084D000011119438261016230BD00002DE9F047AE
:1084E000DFF8788000241E4F8146254608F10606F5
:1084F00004EBC40007EBC000417819B319491A4ACC
:1085000051F824109142B0F920200DDBD2B118F8B7
:108510000430012B03D180F8275008F8045021467D
:108520004846FEF757FD0EE062B118F8043023B953
:1085300080F82750012008F804002146484600F042
:1085400093F900E03555641CE4B2062CD0D3BDE8A5
:10855000F0470248801DFEF763B800007207002054
:108560005C6B0020546500200080094507484FF0EF
:108570007E514FF0804201600549416005498160AC
:10858000FC300260044AC0E90121704764690020A0
:108590006F12033CEC51B83D6F12033D08B501F07A
:1085A00003F80090FFF7E2FF044C2046FFF796FF28
:1085B0006421684600F0BAFFF7E70000CDCCCC3D5F
:1085C00008B500F0F1FF054C00902046F8F72CFEAE
:1085D0006421684600F0AAFFF7E70000CDCCCC3D4F
:1085E00010B50446FEF714F92046BDE81040F8F730
:1085F0003FBF00000148FDF70BBE0000C809002086
:1086000010B5406A002141864185FDF700FE10BD8E
:108610000168CA6822F49072CA6001684A6922F04F
:1086200001024A61012180F83D10704710B590F8B1
:108630003D10222901D0022010BD82684FF48053E2
:108640009A4201D1016921B1C16A9A421ED04AB150
:108650000AE00268C16A5268C2F308020A80C16A6D
:10866000891C08E002698AB10268526802F07F0240
:108670000A70C16A491CC162418E491E4186418E01
:1086800039B10068FF214160002010BD02685268C6
:10869000EEE70168CA6822F02002CA600168CA6871
:1086A00022F48072CA6001684A6922F001024A61BC
:1086B000012180F83D10FDF7E9FEE5E72DE9F041E5
:1086C00004460068C16821F00C01C160206801699E
:1086D000D4E906231A43E568236A21F47C512B432D
:1086E0001A430A4342F4006101612268D16841F2F1
:1086F0000C6081432369A068184363690B431843E6
:10870000D0602068416921F4407141611F492068AF
:1087100064253226884202D1FCF7E6FD01E0FCF731
:10872000D3FD00EBC00101EB001160686FF0180C85
:108730008000B1FBF0F3B3FBF5F3B1FBF0F7B1FB55
:10874000F0F203FB0CF307EB830306EB0313B2FB1E
:10875000F5F2B3FBF5F3120103F0F00302EB430271
:10876000B1FBF0F3B1FBF0F0B0FBF5F000FB0CF067
:1087700003EB800006EB0010B0FBF5F0216800F081
:108780000F0010448860BDE8F0810000003801400F
:1087900010B590F83D10322901D0022010BD418D56
:1087A0004FF4805311B301680A68D24312061DD4F6
:1087B00082689A4201D1026952B1426A541C4462F1
:1087C00012784A60418D491E4185418D49B10DE0C5
:1087D000426A1288C2F308024A60416A891C4162F7
:1087E000F0E70168CA6822F08002CA60418EF9B1E0
:1087F00001680A68D24392061AD482689A4209D163
:108800000269C2B9C26A4968C1F308011180C16A2C
:10881000891C09E00AB902696AB1496801F07F015F
:10882000C26A1170C16A491CC162418E491E4186EB
:10883000418E11B115E04968F2E70168CA6822F07B
:108840002002CA600168CA6822F48072CA600168A6
:108850004A6922F001024A61012180F83D10FDF7CA
:1088600017FE002010BDFEE72DE9F74F8946284886
:1088700001EBC90100EBC10584B0B5F92060904659
:10888000B5F91A70DFF88CA0DFF88CB0234CB5F97D
:108890001E001E3EF7F753FF00904046F7F74FFFCC
:1088A000804609EB890004EBC00400981B4B02468C
:1088B000CDE9004B0498B7424146A3F10C03CDF833
:1088C00008A016DAFDF7FAFF606AF7F784FF06469C
:1088D0000C46B5F92000F7F740FF4FF03332104B4C
:1088E000F7F74CFE32462346F7F7A1FDF7F786FF70
:1088F00005E0FDF7E3FF4046616AF7F7C4FC024676
:10890000049807B04946BDE8F04F00F00FBC0000E6
:108910005C6B0020000096430000F0416C6A002070
:108920003333FB3F10B5134CA8212046F7F793FCD7
:1089300003202061606110A0A06104F1A800E06143
:108940004FF4806020620020A0626062E0620AA1B1
:10895000216604F5956161661021A1662067E066D5
:1089600060670849C0F10F028A5C2254401C10283D
:10897000F8D310BD0C6D00205465726D696E616C8A
:1089800000000000FF9E000830B50346401C0C4666
:10899000802A04D97F2204E000F8015B491C521EA2
:1089A00002D30D78002DF7D1091B197030BD0000DE
:1089B00038B5234C01226946207EFEF76BFD002866
:1089C0001CD09DF80000052825D008DC012816D011
:1089D000022817D0032818D0042808D118E0062848
:1089E0001CD007281DD07F2808D080281CD08028C4
:1089F00004D3207E01226946FEF74CFD38BDFFF707
:108A00002DF838BDFFF782F838BDFEF7AFFE38BD50
:108A1000FFF70CF838BDFEF7C7FD38BDFEF76AFF5B
:108A200038BDFEF759FF38BD207E01226946FEF7AA
:108A300031FD0028F7D09DF80000FEF709FF38BD92
:108A4000C47500202DE9F0474A4D074614462878A2
:108A50000E464FF00109012808D0002875D00228E1
:108A600004D100F08DF8287801286ED1202C04D292
:108A7000E96909FA04F0014267D1E2B2182C0ED379
:108A8000F01B7F2807D9C1097B1E40F080001970B8
:108A900007F8020D01E007F8010D7F2C02D2791EC4
:108AA0000A7039E0E0B240F08000B4F5804F04D2A3
:108AB000E2097B1EB91E1A701DE0802343EAD4111F
:108AC000CAB2B4F5001F06D2A30B7C1E2370BB1ED6
:108AD000F91E1A700FE0802141EA943101F0FF0C79
:108AE000B4F1805F09D2630D7C1E2370FB1E07F872
:108AF00002CC1A70391F08700EE04FEA147843EA6E
:108B00005453BC1E07F8018C23703B1F394607F8ED
:108B100003CC1A7001F8050D17484468E868201A5C
:108B200005E000BF40F0800206F8012BC0097F2855
:108B3000F8D806F8010B721A6878FEF7E9FC08B15C
:108B4000EC6002E02878401C2870287E00EB400191
:108B50000A4800EBC100C16E006F814208D0A878BE
:108B6000002805D185F80290FFF722FF0020A870A9
:108B7000BDE8F087C4750020001000E00C6D0020F7
:108B80003EB50120164C8DF800006A46501C616904
:108B900005E000BF41F0800300F8013BC9097F29CF
:108BA000F8D800F8011B0F494D68E168691A04E024
:108BB00041F0800300F8013BC9097F29F8D800F88B
:108BC000011B821A60786946FEF7A2FC20B1E560BD
:108BD0002178491E21703EBD6169491C61613EBD1D
:108BE000C4750020001000E00907090E002804DB0E
:108BF00000F1E02080F80014704700F00F0000F151
:108C0000E02080F8141D704702E008C8121F08C158
:108C1000002AFAD170477047002001E001C1121FFD
:108C2000002AFBD1704770B500F0C4FC4FF47A7392
:108C30000146A1FB03050022144602FB035201FB7F
:108C4000042170BD10B504A0FEF774FEBDE810400D
:108C50000EA0FEF76FBE00004E3D46726565525491
:108C60004F532044656D6F204170706C696361746F
:108C7000696F6E2C443D436F727465782D4D342CB2
:108C80004F3D4672656552544F53000049233135BC
:108C90003D5379735469636B00000000F8B50024FC
:108CA0000A4D0B4E0EE000BF04EB840705EB870076
:108CB0000169001D009190E80E0055F82700FEF7AD
:108CC000CFFF641C30688442EED3F8BDD07600201C
:108CD000A007002010B5044CC1F1FF01235C0B403C
:108CE0001343235410BD0000F0650020FCF7F4F896
:108CF000FFF7C6F9FDF70AFFFDF7F2FEFDF750FE9C
:108D0000FDF7AEFFFEF70EF8FEF74CF8FEF79CF805
:108D1000FEF740F9FEF71CF9FEF7E8F8FFF7EEF969
:108D2000FEE700002DE9F0411E4C0F460546E668BF
:108D30002068001D00F01EFA38B9206890F82C1049
:108D400001208840216981432161681C15D1A7B1A8
:108D5000154922684868906023688268DA60226852
:108D60008368121D5A602268121D8260206841616A
:108D70000868401C0860BDE8F08120683544B542B1
:108D80004560216805D2E06BBDE8F041091D00F0A7
:108D900012BAA06B091D00F00EFAA06A8542EAD251
:108DA000A562E8E73000002000510020F8B5044635
:108DB00000F026FA3D4DA868401CA86028683C4F8A
:108DC00010B1686938B32CE02C60A868012828D15C
:108DD0005FF0000606EB860007EB800000F0DDF98F
:108DE000761C202EF6D3334800F0D7F931481430E2
:108DF00000F0D3F92F48283000F0CFF92D483C304F
:108E000000F0CBF92B48503000F0C7F92948A8638F
:108E10001430E86305E02868E16AC06A884200D837
:108E20002C60686A401C6862606464B12046FEF78A
:108E30003DFC236B206804F13401C01A00902046E9
:108E4000E26AFEF79BFE2046FEF770FCE16A012015
:108E50002A6988401043286101EB810007EB8000FC
:108E60004068A0608168E1608268211D5160816076
:108E7000E06A00EB800007EB8001616157F8201089
:108E8000491C47F8201000F0C9F9686900280CD087
:108E90002868E16AC06A884207D207494FF08050CB
:108EA0000860BFF34F8FBFF36F8FF8BD3000002015
:108EB000304E0020B050002004ED00E010B5044614
:108EC000006B00F0B5F92046BDE8104000F0B0B9E5
:108ED0000E484FF48841420706D0C01D0B4920F0D0
:108EE0000700411AC1F58841094A00230144C2E93B
:108EF00000030839143A21F0070111604B600B6040
:108F00000B1AC0E90013936053607047300A0020C9
:108F100024000020144E154CA6F52F774FF08058F2
:108F2000DFF84C9012E000BF00F06AF9F068C56805
:108F3000281D00F01FF9A068401EA0606068401E58
:108F4000606000F06BF92846FFF7B8FF6068002802
:108F5000EAD138680128F9D9C9F80080BFF34F8FEA
:108F6000BFF36F8FF2E70000EC50002030000020CC
:108F700004ED00E02DE9F0470D46DDE909841746D0
:108F8000824691009946089EA522206BF7F75CF96E
:108F90006FF00301206B01EB8701084420F0070705
:108FA00065B100202218295C82F83410295C11B1C7
:108FB000401C1028F6D3002084F84300202E00D354
:108FC0001F26201DE66200F0F3F804F1180000F0FF
:108FD000EFF82461C6F120006462A0614A46514660
:108FE000384600F091F82060B8F1000F01D0C8F8C1
:108FF0000040BDE8F087000030B5114900E011469F
:109000000A688242FBD34B685C18844203D14068F3
:1090100018444860084643681C18944209D1084C1B
:10902000143C2468A24209D052681A4442600A687B
:1090300012680260814200D0086030BD0460F9E728
:10904000240000200548816B096821B1816BC96843
:109050000968816270474FF0FF31FAE73000002065
:10906000502080F31188BFF34F8FBFF36F8FFEE75F
:1090700070B50446002600F0BFF9224D286808B9F3
:10908000FFF726FFCCB304F00700C0F11000C14386
:109090008C4232D8211800292FDD686881422CD8F3
:1090A000184814300246146801E0204614466268ED
:1090B0008A4202D22268002AF7D12A6894421CD040
:1090C00006682268026060680836421A102A04D9CD
:1090D000601842606160FFF78FFF61686868401A3E
:1090E0006860AA68904200D2A86041F000406060C9
:1090F00000202060E868401CE86000F0EFFA30468D
:1091000070BD00001000002010B5031F4FF08074E8
:109110001C601B1F21F001011960191F024B0B601D
:10912000143940380A6010BD6190000870B50546DA
:109130000C461046F7F722FB02460D4804EBC4012B
:1091400000EBC101B1F92000904200DD024640F67B
:109150001C439A4200DD1A46B1F91A10814205DC1F
:1091600021462846BDE87040FDF734BF70BD0000C1
:109170005C6B0020D0E9013201699A60D0E90123DB
:109180005A604A68824201D182684A6000220261C4
:109190000868401E08600868704700F108014FF039
:1091A000FF32C0E90112C160016100210160704716
:1091B00000210161704730B50B685A1C02D000F1E4
:1091C000080202E0026904E02246546825689D42D4
:1091D000FAD953684B6099608A60516008610168F0
:1091E000491C016030BD42684A6093688B60936897
:1091F0005960916008610168491C01607047000076
:10920000502080F31188BFF34F8FBFF36F8F024858
:109210000168491C016070472C0000200349086860
:10922000401E086001D180F3118870472C00002097
:1092300070B500281BD0A0F108046068002816DA79
:109240002168002913D120F00040606000F0D4F8BC
:10925000074D60686968084468602046FFF7CCFEE7
:109260002869401C2861BDE8704000F037BA70BD25
:10927000100000204FF0E0200021016181610249CF
:1092800041610721016170473F19010010B50400D9
:109290000DD000F0B1F821462320FEF781FA00211D
:1092A0002046FFF73FFD00F019FA002807D10449D6
:1092B0004FF080500860BFF34F8FBFF36F8F10BD2A
:1092C00004ED00E070B50546FFF79AFF2B4C05B999
:1092D0002568281DFFF74EFF58B9E86A284A00EBB9
:1092E000800152F8211021B9012181402069884371
:1092F0002061A86A18B105F11800FFF73BFF606A0A
:10930000401C60622068854211D1291D1D48FFF76D
:109310006AFF6068401C60602846FEF799FB0146C2
:109320002220FEF73DFA2846FEF760FC0EE0A0681A
:10933000401EA0602846FEF78BFB01462220FEF768
:109340002FFA2846FEF752FCFFF77CFEFFF766FF78
:109350002068854202D02846FFF7B0FD60690028EA
:109360000AD02068854207D107494FF08050086035
:10937000BFF34F8FBFF36F8F70BD00003000002030
:10938000304E0020EC50002004ED00E07CB5164883
:109390000025CDE900502B46802214A1154800F08D
:1093A00097F8114C2C3C01281BD1502080F31188D8
:1093B000BFF34F8FBFF36F8F4FF0FF30A0620120DC
:1093C0006061E5602068052208A13430F6F74EFFA1
:1093D00018B12068FEF78AF901E0FEF755F900F0B0
:1093E00049F8206B7CBD00005C00002049444C45DE
:1093F00000000000158F00080248416B491C4163C2
:10940000704700003000002010B5164C606B10B1A2
:109410000120E06110BD0020E06120691249B0FA2E
:1094200080F0C0F11F0000EB800001EB800000F134
:109430000802416849684160914201D14968416030
:10944000C86820602068052208A13430F6F70EFFB6
:1094500020B12068BDE81040FEF748B9BDE81040D3
:10946000FEF712B930000020304E002049444C4530
:1094700000000000094810B5016841F47001016066
:10948000016841F070410160FFF7F4FE04490020DB
:109490000860F6F76BFE002010BD000020ED00E034
:1094A0002C00002010B5502080F31188BFF34F8F9F
:1094B000BFF36F8F00F084F818B104494FF080506B
:1094C0000860002080F3118810BD000004ED00E06A
:1094D0002DE9FF5F8346DDE90E87994616468A46E9
:1094E0009000FFF7C5FD05001DD05420FFF7C0FD1B
:1094F000040015D05421F6F7AEFE25630021CDE916
:109500000241CDE900874B46324651465846FFF7A7
:1095100031FD2046FFF74AFC012004B0BDE8F09F72
:109520002846FFF785FE4FF0FF30F6E770B50C4692
:1095300003460026FFF760FF1248C5681A68144406
:10954000AA4204D9A2420ED9AC4202D80BE0A242F0
:10955000FAD9012624201C60FEF768F9601B00215F
:10956000FFF7E0FB00E01C6000F0B8F838B90649EE
:109570004FF080500860BFF34F8FBFF36F8F3046BE
:1095800070BD00003000002004ED00E00548416996
:1095900019B1406B18B100207047012070470220BC
:1095A00070470000300000200148C068704700008C
:1095B000300000200148C0687047000030000020E3
:1095C0002DE9F047434D0027686B28B1A869401C7E
:1095D000A8613846BDE8F087EE68761CEE6008D1D9
:1095E000A86BE96BA963E863286A401C2862FFF74F
:1095F00029FDA86ADFF8E08086420BD34FF0000A0D
:10960000A86B0068A0B1A86BC068C4686068864297
:1096100011D2A8622868C06A00EB800158F82100C6
:10962000012800D90127E8690028D2D00127D0E716
:109630004FF0FF30EDE7D4E9021260698A60D4E9A7
:10964000021204F10409516042684A4501D1E168FF
:109650004160C4F814A002685146521E0260A06A1C
:1096600080B1D4E907239360D4E907235A604268A4
:1096700004F118039A4201D1226A4260A162016892
:10968000491E01602046FEF751F8E16A01202A696F
:1096900088401043286101EB810108EB8101496892
:1096A000A1608A68E2608B68C3F80490C1F80890F2
:1096B000E16A01EB810108EB8102626158F8212027
:1096C000521C48F82120E16A2868C06A814297D973
:1096D000012795E730000020304E00202DE9F047AB
:1096E00000242546FFF78CFD4248416B491E41632B
:1096F000416B002978D181683F4EA0464FF00109A7
:10970000002971D082463068F0B3F068C468D4E9AB
:109710000721A06A9160D4E907125160426804F100
:1097200018018A4201D1216A4160C4F82880026888
:109730004146521E0260D4E9023260699A60D4E95F
:109740000223271D5A604268BA4201D1E268426092
:1097500061610168491E01602046FDF7E7FFE26A8A
:10976000DAF8103009FA02F150461943CAF810101D
:1097700002EB8201214A02EB81014968A1608B68FA
:10978000E3608B685F6000E013E08F60E16A01EBEB
:10979000810102EB8103636152F821305B1C42F8C6
:1097A0002130E16A0268D26A9142ACD3C0F81C90C1
:1097B000A9E70CB1FFF746FCDAF8186054464EB141
:1097C0004FEA0907FFF7FCFE00B1E761761EF9D109
:1097D000C4F81880E06938B10949012528070860F4
:1097E000BFF34F8FBFF36F8FFFF718FD2846BDE81B
:1097F000F087000030000020D8500020304E0020BC
:1098000004ED00E0010202030405060708090A0B43
:109810000C0D0E0F101001020203040506070809C3
:109820000A0B0C0D0E0F10100000000000000000CD
:1098300001020304060708090000000001020304F6
:10984000B86E6444E16A654466666644EC616744E8
:10985000715D6844F65869447B546A445C4F6B44BC
:10986000E14A6C44C3456D4448416E44293C6F4411
:109870000A377044EC317144CD2C72440A2773448A
:10988000EC217444291C75440A1776444811774426
:10989000850B7844C305794400007A443DFA7A4444
:1098A000D7F37B4414EE7C44AEE77D44ECE17E4488
:1098B00085DB7F448F6A80445CE78044296481446F
:1098C000F6E08144715D82443DDA8244B8568344B7
:1098D00033D38344AE4F844429CC8444A448854484
:1098E0001FC585449A41864414BE86443D3A874448
:1098F00066B68744E13288440AAF8844332B8944F2
:109900005CA7894433238A445C9F8A44851B8B442B
:109910005C978B4433138C440A8F8C44330B8D44F7
:10992000B8868D448F028E44667E8E443DFA8E4406
:10993000C3758F449AF18F441F6D9044A4E89044FE
:1099400029649144AEDF9144335B924466D69244DD
:10995000EC5193441FCD9344A4489444D7C39444FA
:109960000A3F95443DBA954471359644A4B0964457
:10997000852B9744B8A697449A219844CD9C984447
:10998000AE1799448F929944710D9A4452889A4423
:10999000E1029B44C37D9B44A4F89B4433739C44E5
:1099A000C3ED9C4452689D44E1E29D44715D9E4438
:1099B00000D89E448F529F44CDCC9F445C47A04426
:1099C0009AC1A044D73BA14466B6A144A430A244A6
:1099D0008FAAA244CD24A3440A9FA344F618A4440A
:1099E0003393A4441F0DA5440A87A544F600A6445A
:1099F000E17AA644CDF4A644B86EA74452E8A74441
:109A00003D62A844D7DBA844C355A9445CCFA94410
:109A1000F648AA448FC2AA44D73BAB4471B5AB44C5
:109A20000A2FAC4452A8AC44EC21AD44339BAD4466
:109A30007B14AE44C38DAE440A07AF440080AF44EC
:109A400048F9AF448F72B04485EBB0447B64B144B5
:109A5000C3DDB144B856B244AECFB2445248B34469
:109A600048C1B3443D3AB444E1B2B444D72BB54401
:109A70007BA4B5441F1DB644C395B644660EB744D7
:109A80000A87B7445CFFB7440078B84452F0B84442
:109A9000F668B94448E1B9449A59BA44ECD1BA4499
:109AA0003D4ABB448FC2BB448F3ABC44E1B2BC4484
:109AB000E12ABD4433A3BD44331BBE443393BE44AB
:109AC000330BBF443383BF44E1FABF44E172C04467
:109AD0008FEAC0448F62C1443DDAC144EC51C244B4
:109AE0009AC9C2444841C344F6B8C344A430C444EC
:109AF00000A8C444AE1FC5440A97C544660EC644B8
:109B0000C385C6441FFDC6447B74C744D7EBC74416
:109B1000E162C8443DDAC8444851C944A4C8C944B4
:109B2000AE3FCA44B8B6CA44C32DCB44CDA4CB443F
:109B3000851BCC448F92CC449A09CD445280CD44AD
:109B40000AF7CD44C36DCE447BE4CE44335BCF44AF
:109B5000ECD1CF44A448D0440ABFD044C335D1444B
:109B600029ACD1448F22D244F698D2445C0FD3441E
:109B7000C385D34429FCD3448F72D444A4E8D4448D
:109B8000B85ED5441FD5D544334BD64448C1D644DE
:109B90005C37D74471ADD7443323D8444899D8446F
:109BA0005C0FD9441F85D944E1FAD944A470DA4442
:109BB00066E6DA44295CDB44ECD1DB44AE47DC44A6
:109BC0001FBDDC44E132DD4452A8DD44C31DDE4448
:109BD0003393DE44A408DF44147EDF4485F3DF447E
:109BE000F668E04414DEE0443353E144A4C8E144A1
:109BF000C33DE244E1B2E2440028E3441F9DE34454
:109C0000EC11E4440A87E44429FCE444F670E5449A
:109C1000C3E5E5448F5AE6445CCFE6442944E74473
:109C2000F6B8E744C32DE8443DA2E8440A17E944E6
:109C3000858BE9440000EA447B74EA44F6E8EA4490
:109C4000715DEB44ECD1EB441446EC448FBAEC4428
:109C5000B82EED4433A3ED445C17EE44858BEE44FF
:109C6000AEFFEE44D773EF44AEE7EF44D75BF0446A
:109C7000AECFF044D743F144AEB7F144852BF24464
:109C80005C9FF2443313F3440A87F3448FFAF3449E
:109C9000666EF444ECE1F444C355F54448C9F54418
:109CA000CD3CF64452B0F644D723F7445C97F744D2
:109CB0008F0AF844147EF84448F1F8447B64F94470
:109CC00000D8F944334BFA4466BEFA444831FB44A9
:109CD0007BA4FB44AE17FC448F8AFC44C3FDFC44C8
:109CE000A470FD4485E3FD446656FE4448C9FE4425
:109CF000293CFF44B8AEFF44CD100045144A00454E
:109D000085830045CDBC004514F600455C2F014518
:109D1000A4680145C3A101450ADB0145521402456F
:109D2000714D02458F860245AEBF0245CDF8024512
:109D3000EC3103450A6B034529A403451FDD0345A8
:109D40003D160445334F04455288044548C1044537
:109D50003DFA044533330545006C0545F6A4054539
:109D6000ECDD0545B8160645854F06455288064583
:109D700048C10645ECF90645B8320745856B0745ED
:109D800052A40745F6DC0745C3150845664E08454D
:109D90000A870845AEBF084552F80845F630094520
:109DA0009A69094514A20945B8DA094533130A45E9
:109DB000AE4B0A4529840A45A4BC0A451FF50A454D
:109DC0009A2D0B4514660B45669E0B45E1D60B4557
:109DD000330F0C4585470C45D77F0C4529B80C45FA
:109DE0007BF00C45CD280D45F6600D4548990D4595
:109DF00071D10D459A090E45EC410E45147A0E4578
:109E00003DB20E453DEA0E4566220F458F5A0F457D
:109E10008F920F458FCA0F45B8021045B83A1045CA
:109E2000B8721045B8AA10458FE210458F1A114537
:109E30008F521145668A11453DC211453DFA1145C3
:109E400014321245EC6912459AA1124571D9124596
:109E500048111345F6481345CD8013457BB813458B
:109E600029F01345D7271445855F144533971445CA
:109E7000E1CE144566061545143E15459A751545FF
:109E80001FAD1545A4E41545291C1645AE531645CE
:109E9000338B1645B8C2164514FA16459A31174544
:109EA000F668174552A01745AED717450A0F184553
:109EB00066461845C37D1845F6B4184552EC18455A
:109EC00085231945B85A19451492194548C91945A9
:109ED0007B001A4585371A45B86E1A453F065B4F19
:109EE000666D7D077F6F40777C395E79713D00300C
:109EF00031323334353637383941424344454600F0
:109F0000000000000054545220524547474553007A
:109F10000000000000000000000030313233343512
:109F2000363738394142434445460000278C000803
:109F30009D8C000853595354454D564945573A2076
:109F4000436F756C64206E6F74207265636F72640A
:109F5000207461736B20696E666F726D6174696FD6
:109F60006E2E204D6178696D756D206E756D626520
:109F700072206F66207461736B7320726561636811
:109F800065642E00A49F000800000020A4070000C4
:109F9000EC09000860A60008A4070020CC730000AC
:109FA000188C000842019210031E127A0531AAAAE9
:109FB000AAAA02261F0315204010FF010204081060
:109FC0002040360136023410361038083604360880
:109FD00034013201320434083404340232022E02D5
:109FE0002E042E102E203010300430082C012A02AE
:109FF0002A042C082E082C022C043A103A203B018B
:10A000003B043B023A403A80381038203901390489
:10A0100039023840388036203440348037023701E6
:10A0200036403680320832103240330132803420DC
:10A03000322030202E402F013101308030402E80E0
:10A040002C102C202D012D042D022C402C802A08B0
:10A050002A102A802B022B012A202A4028042808B3
:10A06000284029012880281028203B083920394021
:10A0700039803B403B103B20390837083740378058
:10A0800037203910371035023504352035803540FA
:10A09000350835103302330433203380334033081E
:10A0A0003310310231043120318031403108311018
:10A0B0002F022F042F202F802F10FF402F082F104A
:10A0C0002D082B082B202D802D402D102B10290220
:10A0D000290429202B802B40290829102201220243
:10A0E0002010221024082204220820011E011E0430
:10A0F0002008200420021E021A021A041A101A2034
:10A100001C101C041C0818011602160418081A0852
:10A1100018021804261026202701270427022640AB
:10A120002680241024202501250425022440248093
:10A1300022202040208023022301224022801E086A
:10A140001E101E401F011E8020201E201C201A40B1
:10A150001B011D011C801C401A80181018201901B9
:10A1600019041902184018801608161016801702D4
:10A170001701162016401404140814401501148009
:10A18000141014202708252025402580274027105B
:10A19000272025082308234023802320251023106F
:10A1A00021022104212021802140210821101F02A9
:10A1B0001F041F201F801F401F10FF081F101D02BB
:10A1C0001D041D201D801D401D081D101B021B04A9
:10A1D0001B201B801B401B081B1019081708172089
:10A1E0001980194019101710150215041520178031
:10A1F0001740150815104B804B4049084B084D106F
:10A200004B204B1049804780472049104920494046
:10A210004740434043204308430445084520451038
:10A2200041803F403F2041104310414041204F08B2
:10A230004F044E804E204E404F024F014D084D04BA
:10A240004C804C204C404D024D014B0449024901C9
:10A250004A404A804B024B0147104708470246805C
:10A2600047014904470445044302428044804501B4
:10A2700045024301410841044080402040404102E2
:10A2800041013F103F083F013E403E803F043F02F6
:10A290003D203D103D023C803D013D083D044E10F7
:10A2A0004C044C024C014E024E084E044C104A1015
:10A2B0004A024A014A044C084A20FE084840482005
:10A2C00048044801480248104808464046204604D1
:10A2D00046014602461046084440442044044401D6
:10A2E00044024410440842404220420442014202D7
:10A2F0004210420840103E103E0440014002400817
:10A300003E083C403C203C043E013E023C103C08E0
:10A310000580054007080508031005200510078083
:10A320000980092007100720074009400D400D2033
:10A330000D080D040B080B200B100F80114011208D
:10A340000F100D100F400F200108010400800020A5
:10A3500000400102010103080304028002200240C0
:10A3600003020301050407020701044004800502FB
:10A3700005010910090809020880090107040904F8
:10A380000B040D020C800A800B010B020D010F085B
:10A390000F040E800E200E400F020F011110110845
:10A3A0001101104010801104110213201310130228
:10A3B00012801301130813042C100204020202017C
:10A3C0000002000810FF040210041004020401043B
:10A3D00004020804080640062006040601060206D8
:10A3E00010060808400820080408010802081008A0
:10A3F000080A400A200A040A010A020A100A080C84
:10A40000400C200C040C010C020C100C080E101057
:10A410001010040E010E020E081008124012201235
:10A420000410011002121012085401540256105464
:10A43000105208540454085601580158045608563E
:10A4400004560258025C025C045C105C205A105AEC
:10A45000045A085E01600260045E085C085E025EE9
:10A46000045010502051015104510250405080526C
:10A47000105220530153045302524052805420562C
:10A480004056805502550154405480580858105881
:10A490004059015880562058205A205C405D015B8D
:10A4A000015A805A405C805E105E205F015F045F4D
:10A4B000025E405E80600860106080610261016041
:10A4C0002060406210FF04620862406301628062A3
:10A4D0001062205108532053405380514051105175
:10A4E0002053085508554055805520531055105796
:10A4F00002570457205780574057085710590259A0
:10A5000004592059805940590859105B025B045B7B
:10A51000205B805B405B085B105D025D045D205D3D
:10A52000805D405D085D105F08610861205F805FAD
:10A53000405F1061106302630463206180614063C7
:10A54000086310680168026A106810660868046889
:10A55000086A016C016C046A086A046A026C027081
:10A56000027004701070206E106E046E0872017418
:10A570000274047208700872027204641064206528
:10A5800001650465026440648066106620670167A7
:10A590000467026640668068206A406A80690269D2
:10A5A00001684068806C086C106C406D016C806ABA
:10A5B000206C206E20704071016F016E806E4070C3
:10A5C00080721072009872207301730473027240DB
:10A5D0007280740874107480750275017420744060
:10A5E00076047608764077017680761076206508C6
:10A5F00067206740678065406510652067086908C7
:10A60000694069806920671069106B026B046B20D8
:10A610006B806B406B086B106D026D046D206D805C
:10A620006D406D086D106F026F046F206F806F407A
:10A630006F086F1071027104712071807140710890
:10A64000711073087508752073807340731075104E
:10A6500077027704772075807540770877100000BF
:0400000508000131BD
:00000001FF
