:020000040800F2
:10000000087B0020E10100089D6F0008CF63000815
:10001000796D0008CF0C0008CB86000800000000B6
:10002000000000000000000000000000D979000876
:10003000251500080000000021710008C97E000895
:10004000FB010008FB010008FB010008FB010008A0
:10005000FB010008FB010008FB010008FB01000890
:10006000FB010008FB010008FB010008ED1200087D
:10007000FB010008FB010008FB010008FB01000870
:10008000FB010008FB010008FB010008FB01000860
:10009000FB010008FB010008FB010008E13B000830
:1000A000FB010008FB010008FB010008FB01000840
:1000B000C17F0008CD7F0008FB010008FB0100089C
:1000C000FB010008FB010008FB010008FB01000820
:1000D000FB010008FB010008FB010008598400082F
:1000E000FB010008FB010008FB010008FB01000800
:1000F000FB010008FB010008FB010008FB010008F0
:10010000FB010008FB010008D97F0008FB01000883
:10011000FB010008FB010008E57F0008FB01000867
:10012000FB010008FB010008FB010008FB010008BF
:10013000DFF810D000F036FC00480047598C00086A
:10014000AFF30080087B0020224B19680868B0E8F4
:10015000F00F80F30988BFF36F8F4FF0000080F33A
:1001600011884EF00D0E7047000000000648006830
:10017000006880F3088862B661B6BFF34F8FBFF3A3
:100180006F8F00DF00BF00BF08ED00E0EFF30980D4
:10019000BFF36F8F0F4B1A6820E9F00F106008B59E
:1001A0004FF0500080F31188BFF34F8FBFF36F8F74
:1001B00009F0E0F84FF0000080F31188BDE8084036
:1001C00019680868B0E8F00F80F30988BFF36F8FF3
:1001D000704700BF30000020EFF30580704700003B
:1001E0000648804706480047FEE7FEE7FEE7FEE7D1
:1001F000FEE7FEE7FEE7FEE7FEE7FEE75B7F0008BF
:1002000031010008202A04DB203A21FA02F0002103
:10021000704721FA02F3D040C2F120029140084316
:100220001946704740EA01039B0703D009E008C95B
:10023000121F08C0042AFAD203E011F8013B00F8AB
:10024000013B521EF9D27047D2B201E000F8012BF7
:10025000491EFBD270470022F6E710B513460A4646
:1002600004461946FFF7F0FF204610BD30B504469E
:100270000020034600E05B1C934203D2E05CCD5CAF
:10028000401BF8D030BDF0B480EA0102D40F420028
:10029000B2EB410F02D20246084611464A0042D054
:1002A000C30DDDB2C1F3C752AD1A202D35DAC1F34B
:1002B000160141F4000204B15242C5F1200602FACF
:1002C00006F12A411044B3EBD05F23D0C4B1012D15
:1002D000A0EBC35009DCF0BC4FF0004202EAC3526D
:1002E000DBB200F5000000F0D1BA400000F18070F0
:1002F00000EBC350A0F1807040EAD170490009E0E2
:10030000490841EAC071A0EBC35000F50000400865
:1003100000EBC350F0BC00F0B0BA6142012202EB26
:100320004101001BF6E7F0BC704781F00041AAE7ED
:1003300080F00040A7E780EA010210B502F0004318
:10034000400022D04A001FD0010E01EB1261C0F321
:100350005600C2F3560240F4000042F40002A0FB33
:10036000022000047F39140400D0401C50EA1240DF
:1003700001D44000491EC2B20C0604EBD010401C50
:100380004008802A02D003E0002010BD20F00100C8
:10039000002900DA0020184310BD30B480EA0102C1
:1003A00002F0004530F0004221F0004013D090B13F
:1003B000C30DD40DC2F31601C0F31600E41A41F4C4
:1003C000000140F400027D34914201D3641C00E03E
:1003D0004900002C02DA30BC002070474FF40000C6
:1003E0000023914201D3891A034340084FEA410197
:1003F000F7D151B1914202D14FF0004105E002D254
:100400004FF0010101E06FF0010103EBC4502844FB
:1004100030BC00F032BA420005D0C0F3C75252429D
:10042000914201DC0020704700EBC15070472DE97C
:10043000FE4F804681EA0300C00F0C46009021F079
:10044000004123F00045B8EB0200A94105D2404627
:10045000214690461C460B46024623F000401043BE
:1004600047D0270DC7F30A00C3F30A510290401A80
:10047000019040286BDAC3F3130040F4801B00980E
:10048000924620B10023D2EB030A63EB0B0B0198D9
:100490005946C0F14002504600F0CEF906460D46DE
:1004A00050465946019A00F0D6F910EB0800614118
:1004B000002487EA115284EAE7731A4340D0009A75
:1004C00062B3019A012A4FEA075215DC001B61EB67
:1004D00002014FF0004202EA0752CDE90042001C3F
:1004E00041F5801132462B4600F00DFA03B0BDE80D
:1004F000F08F40462146F9E7001B61EB0201001C2A
:1005000041F5801300185B412018A2F5001747EB56
:10051000030140EAD570B6196D4111E06D084FEA4C
:10052000360645EAC0754FEA0752001B61EB02012F
:10053000001C41F5801149084FEA30000019514173
:1005400032462B4603B0BDE8F04F00F0CDB900981D
:10055000012240000023D0EB020263EBE07300981D
:1005600021464FEAE074B8EB000061EB0401E9E7D3
:1005700083F000435BE781F0004158E72DE9FE4F2F
:1005800081EA030404F0004421F0004100944FF09C
:10059000000B23F0004350EA01045ED052EA03044A
:1005A0005BD0C3F30A54C1F30A552C44A4F2F334CC
:1005B0000194A0FB0254C1F3130141F48011C3F371
:1005C000130343F4801301FB024400FB034E840A2F
:1005D000970A44EA815447EA8357A4FB07680295C7
:1005E0008D0A05FB07854FEA932C04FB0C54270565
:1005F000029D4FEA065847EA1637B5EB08056EEB41
:10060000070C870E920E47EA811742EA8312A7FB76
:100610000201B6EB0B0164EB00042B0D43EA0C3333
:100620005E1844EB1C50DA465146E7FB0201C5F365
:1006300013044FEA0B3343EA14534FEA0432019C8C
:1006400043EA0603A4F10C040294009CCDE900B433
:1006500000F059F903B0BDE8F08F00200146F9E73A
:1006600070B521F0004303430CD0C1F30A550024B8
:10067000D5EB040564EB0403D617AD1AB34102DBD6
:100680000020014670BD201841EB025170BDC10F22
:1006900080EAE0700844CA079623002100F0F6B80B
:1006A00096230022114600F0F1B80EB5C10F80EA82
:1006B000E0700844CA07002140F233438DE80E0081
:1006C0000A460B4600F01FF903B000BD00F00042DF
:1006D00020F00040C10DC0F3160040F400007F2957
:1006E00001DA00207047962903DCC1F19601C84069
:1006F00001E096398840002AF4D04042704720F04B
:100700000040C10DC0F3160040F400007F2901DA5B
:1007100000207047962903DCC1F19601C84070475C
:1007200096398840704770B5C1F30A5201F0004510
:100730000024C1F3130140F2FF3341F480119A42C7
:1007400001DA002070BD40F233439A42A2F23342F4
:1007500003DC5242FFF756FD00E090402C43F1D0FD
:10076000404270BD00F0004230F000400AD0C10DA0
:1007700001F56071C0F3160042EA0151C20840075A
:1007800011437047002001467047000030B5041E39
:1007900071F1000404DB4FF00044404264EB0101BE
:1007A000141E73F1000405DB1C464FF00043524257
:1007B00063EB04038B4208BF824230BD30B5041E98
:1007C00071F1000404DB4FF00044404264EB01018E
:1007D000141E73F1000405DB1C464FF00043524227
:1007E00063EB0403994208BF904230BD01F000431F
:1007F00030B421F0004150EA010206D00A0DA2F502
:100800006072C1F31301002A02DC30BC0020704783
:10081000440F44EAC104C100E01830BC00EBC250F0
:1008200000F02BB8002801DBC0F10040002901DBFB
:10083000C1F1004188427047202A04DB203A00FAC7
:1008400002F1002070479140C2F1200320FA03F327
:10085000194390407047202A06DBCB17203A41FA13
:1008600002F043EAE07306E041FA02F3D040C2F13D
:10087000200291400843194670470029A8BF7047DD
:10088000401C490008BF20F00100704710B4B0FAC6
:1008900080FC00FA0CF050EA010404BF10BC704761
:1008A00049B1CCF1200421FA04F411FA0CF118BF7B
:1008B000012121430843A3EB0C01CB1D4FEA00614A
:1008C0004FEA102042BF002010BC704700EBC3501D
:1008D00010440029A4BF10BC7047401C490008BF49
:1008E00020F0010010BC704710B5141E73F1000415
:1008F00008DA401C41F1000192185B411A4301D112
:1009000020F0010010BD2DE9F04D92469B4611B13B
:10091000B1FA81F202E0B0FA80F220329046FFF79D
:100920008BFF04460F4640EA0A0041EA0B0153469A
:100930005A46084313D0114653EA010019D0C8F1B2
:1009400040025046FFF75EFC05460E4650465946AB
:100950004246FFF771FF084305D0012004E020461E
:100960003946BDE8F08D0020054346EAE0762C4389
:1009700037430A986305E40AA0EB08000022FD0A49
:1009800044EA47540A3002D500200146E9E7010550
:1009900010196941DDE9084500196941BDE8F04DCC
:1009A000A2E70000064C074D06E0E06840F00103B6
:1009B00094E8070098471034AC42F6D3FFF7BCFB2D
:1009C000549800087498000830B58C1810F8012B62
:1009D00012F00F0301D110F8013B120906D110F8F3
:1009E000012B03E010F8015B01F8015B5B1EF9D1FC
:1009F00001E001F8013B521EFBD1A142E6D30020E9
:100A000030BD00002DE9F84F2B4803F069FA0C22A5
:100A10002A49294803F03AFC284EDFF8A490DFF871
:100A2000A48000254FF0010AA6F1300B5FF000040E
:100A300009EB84074046796BFFF7AFFC009036F86E
:100A40002400FFF72DFE0AEB4401C9B203F084F93C
:100A50000099FFF770FC4BF824004046796BFFF7D4
:100A60009CFC074606EB84004088FFF719FE6106F0
:100A7000090E03F071F93946FFF75DFC0F4918398B
:100A800041F82400641CE4B2062CD1D36D1CEDB2F5
:100A9000642DCBD30C4806F045FB0C4A002000BF68
:100AA00000EBC00102EBC101401C4B8BC0B28B8438
:100AB0000628F5D3BDE8F88FA00700203465002094
:100AC0000066002000007A440AD7233CF46A002024
:100AD00070B5044600688168C943C90717D18168A9
:100AE00021F00101816004F0C1F805460AE000BF71
:100AF00004F0BCF8401B022804D920688068C04379
:100B0000C00706D020688068C043C007F0D000202E
:100B100070BDA06A40F01000A062E06A40F00100E1
:100B2000E062012070BD10B50146406A826A12F091
:100B3000500F05D0006A026BBDE810400846104710
:100B4000816A41F40071816201688968C1F34241A0
:100B500007290CD1017B51B9816A21F4807181622E
:100B6000816AC90403D4816A41F00101816203F002
:100B7000A1FA10BD10B5406A816A41F0400181625E
:100B8000C16A41F00401C16203F096FA10BD10B5CC
:100B9000406A03F090FA10BDF8B5002604460096AE
:100BA00000688168C943C9072DD0816841F00101FF
:100BB0008160164816490068B0FBF1F000E0401E65
:100BC00000900028FBD104F051F8054616E000BF64
:100BD00004F04CF8401B022810D920688068C043FC
:100BE000C0070BD0A06A40F01000A062E06A40F09D
:100BF0000100E06284F824600120F8BD206880686C
:100C0000C043C007E4D10020F8BD00000C00002064
:100C100040420F002DE9F05F92460A46DDE90A479F
:100C200083461E4651461046FFF77FFBE060326860
:100C3000814601461046FFF77EFB20601BF0FF4017
:100C400087F0004504D059464FF07E50FFF7A5FBD2
:100C500080465046216AFFF768FB4146FFF76BFB71
:100C60000146B06880F00040FFF765FBA0612846B0
:100C70004946FFF7D7FD01D2284607E03946E0682C
:100C8000FFF7D0FD01D2384600E0E0687168FFF759
:100C900052FB5946FFF74FFB6168FFF7F4FA6060BB
:100CA00010F1FF4F01D3002106E00C99FFF7BAFDC8
:100CB00001D20C9900E0616861602068FFF7E3FAF7
:100CC000A169FFF7E0FAC4E908A0BDE8F09FFEE7DC
:100CD0002DE9F0411F4C07464FF4000160681E4E9D
:100CE000884204DAA2688A4201DA002219E010F090
:100CF000FF4F09D001221146304603F0B2FF3846BB
:100D00006168FFF715FB6060A56815F0FF4F1FD005
:100D100038462168FFF7B7FA10492060884206DAA2
:100D200001223046BDE8F041012103F09ABF0B4992
:100D30000B4A494201449142D7D30A49884207DB12
:100D40004FF07E512846FFF7F0FAA06000202060A7
:100D5000BDE8F0817000002000180140CDCC4C3E71
:100D6000CDCC4C009A99993E08B508F0D3FB054CC0
:100D700000902046FFF7ACFF3221684608F08CFB5C
:100D8000F7E70000CDCC4C3D2DE9F05F3648DFF8A9
:100D9000E0C0DFF8E0A001683448DFF8DC900F180D
:100DA00031496FEA000B3548D1E90432D1E90254E8
:100DB0004E68674520D259468E421DDD86421BDAB9
:100DC0008D4219DD854217DA8C4215DD844213DA33
:100DD0008B4211DD83420FDA5A450DDD82420BDA78
:100DE0009AF84C1041B90121DFF8948089F800107D
:100DF0004FF07E51C8F80010674532D259468E42F6
:100E00002FDD86422DDA8D422BDD854229DA8C4298
:100E100027DD844225DA8B4223DD834221DA5A45DD
:100E20001FDD82421DDA17480189C06803F014FFF4
:100E3000002816D1012089F8000000218AF84C1002
:100E40001149CAF83410CAF83810CAF83C10CAF868
:100E50004010CAF84410CAF8481009494FF07E50B3
:100E60000860BDE8F09F000004650020FF7F88BB9C
:100E7000FFFF0400006600208407002000807C44FF
:100E8000740000209451002000007A44034C204656
:100E900000F006F8322008F0AFF9F8E7CDCC4C3D71
:100EA0002DE9F047DFF8789099F80000002834D059
:100EB0001C480068B0F5000F2FDA1B4E1C4DA6F140
:100EC000010898F80040305D401CC7B217483755FC
:100ED00050F8241055F82400FFF7D5F945F8240000
:100EE000322F1AD347461349FFF757FA124901EB3D
:100EF00084025063002045F824003055641CE2B29F
:100F00003A70052A09D9012281F84C200C4989F848
:100F100000000A4808600B480270BDE8F087000036
:100F200084070020740000203A0700200465002098
:100F3000B867002000004842006600200000A04082
:100F4000780000203007002070B50446184800F1F2
:100F5000180650F8245056F82400A6F130018542B6
:100F600001D9281A03E04FF6FF72101A284441F8FD
:100F70002400FFF795FB01460E48FFF70EFA0C49D7
:100F8000303141F8240046F824500B49FFF7D3F9DB
:100F90004FF0FF31FFF73FFAFFF798FB074904EBEB
:100FA000C40201EBC201C8800020086170BD0000CE
:100FB0006866002000401C4600007042F46A002071
:100FC0002DE9F14F00251D4CDFF8748082B04FF001
:100FD0007E594FF0020BAA4605EBC50704EBC70686
:100FE0007078C8B1308C0028706B00901AD000283F
:100FF00012DD96F82700032816D00DE00098401E59
:10100000706307D186F814B001200F4904F8370047
:101010000C48086048F825A06D1CEDB2062DDBD306
:10102000BDE8FE8F0028F7DD58F825100298FFF77D
:101030002AF948F825004845E0DAEDE7F46A00208F
:10104000E46800200000A040780000202DE9F0476F
:1010500000242E4DDFF8B8808246A14604EBC4067A
:1010600015F83600E8B305EBC607B7F906006428A3
:1010700046DC58F824105046FFF705F948F82400DC
:10108000B0F17E5F3CDD234987F8019005F836908A
:10109000214A81F801900121117020494846C1F888
:1010A00000906978012929D095F84910012925D0A7
:1010B00095F89110012921D095F8D91001291DD05A
:1010C00095F82111012919D095F86911012915D038
:1010D000296B6963A96FE967D5F8C010C5F8C4101A
:1010E00000E00DE0D5F80811C5F80C11D5F8501145
:1010F000C5F85411D5F89811C5F89C1148F824008A
:10110000641CE4B2062CA9D3BDE8F087F46A002081
:10111000D0670020800700203807002094000020BE
:1011200070B5094C4FF400050646E169A94202DB9F
:10113000FFF7FEF8E061616CA94203DB3046FFF780
:10114000F7F8606470BD000094510020F0B52748A6
:101150004FF400010127406C254B884201DB1F70D2
:1011600002E01878012840D12248006888423CDA21
:1011700021494978002938D110F0FF4F35D11F4D52
:101180001F4C0E4601EBC10005EBC000B0F9042076
:10119000B0F908C0624507D004EB410C0281ACF8FD
:1011A0000220027D02B10675B0F91820B0F920C006
:1011B000624509D004EB410C0284ACF80E2090F893
:1011C00027200AB180F82760D0F838C0026B62454A
:1011D00004D08263426304EB8100C261491CC9B23E
:1011E0000629CFD3074807701E70F0BD9451002028
:1011F000380700209400002080070020F46A0020B7
:1012000000660020300700202DE9F047254C244FD0
:101210008246A0687E78002500F0FF416EB1D9B308
:101220002149496CB1F5000F36DA61684FF07C58FE
:10123000894611F0FF4F06D027E00029F0D1257034
:101240006570A57028E04146FFF76FF81549A0606A
:101250000978C943C9B236B1012E04D0022E05D097
:10126000032E09D00DE02170657003E025706178D0
:10127000C9436170A57004E025706570A178C94309
:10128000A17010F0FF4F00D17D7049465046FEF727
:10129000FAFF6060404500DB6560BDE8F087000054
:1012A000800700208C000020945100202DE9F04799
:1012B00000240D4E81464FF07E57A04604EBC4003B
:1012C00006EBC00548462969FEF7DDFF2861B842F4
:1012D00003DBA5F80680C5F81080641CE4B2062C78
:1012E000ECD3BDE8F0870000F46A0020014803F069
:1012F000EBB80000D007002030B590F84050012432
:10130000AC40C56B6C60046863604368102B036875
:1013100003D099600068C26030BD9A600068C16007
:1013200030BD000070B5284900EBC00401EBC400DB
:1013300042787AB3B0F908206AB3037D03253BB144
:10134000012B0BD0022B13D0032B00D1828170BD57
:10135000B0F90C309A4209DB01230375B0F906603D
:10136000B0F90C309E420BDD86810AE00223037542
:10137000B0F90660B0F90C309E420DDA86810CE0BF
:10138000838111F834100029E1D1B0F90C10914299
:101390000BDA70BD13E00AE0838111F834100029E4
:1013A000F7D1B0F90C109142F3DC0575F1E7B0F913
:1013B0000620B0F90C108A42C8DB8181E9E70021E0
:1013C00081810175E5E70000F46A00202DE9F05FF6
:1013D00083460D464E4801EBC50100EBC1040027D2
:1013E0006178B4F91A00DFF82C81002970D0B4F9C3
:1013F0002060002E6CD04849484A51F8251091428F
:1014000001DA282105E0B6F52F6F01DA642100E04A
:101410008C21321A002A00DC821B8A426BDA94F893
:1014200027104FF0030941B1012913D0022950D0F0
:10143000032900D1A684BDE8F09F864202DD4FF06B
:10144000010002E054DA4FF0020084F82700608BBC
:101450006085F0E7618B2185608D814201D9A1848F
:101460002FE0B6F57A7F13D1B4F924A082450DD1CF
:1014700058F825105846FEF706FF294948F8250078
:10148000884205DD0AF10100A084608548F82570D6
:10149000B4F924A0A6EB0A0014280FDC58F8251094
:1014A0005846FEF7F0FE48F82500B0F1804F05DD04
:1014B0000AF10100A084608548F82570608DA08441
:1014C0002085208D6085B4F92400B04210DAB2E79F
:1014D00015E0618B2185608D814201D2A18401E0FC
:1014E000A0842085208D6085B4F92400B042A2DC60
:1014F00084F827909FE784F82770A0849BE7A08456
:101500002785678584F8277048F8257093E70000E1
:10151000F46A002070650020046500200080094501
:101520000000204170470000044948430921B0FBF6
:10153000F1F000BF401EFCD27047000040190100CE
:1015400071B54FF461754FF0E023104E009819E02B
:101550002C46A04200D804469869614201EBC101C3
:1015600010EBC10105D49A69824208DA8A42FADA9C
:1015700005E08A1999698142FCDD9142FADC009804
:10158000001B00900028E3D178BD00004019010045
:101590002DE9F05F0646B0F90C000A24B0F57A7F19
:1015A0001DDB4FF47A7190FBF1F090FBF4F104FB3A
:1015B000110010F0FF0512D004220621382007F098
:1015C0003FFBB6F90C00642763280ADD90FBF7F0B7
:1015D00090FBF4F104FB1100C5B2294602E006229B
:1015E000EBE70021002006F039FBB6F90C000928D2
:1015F00008DD90FBF4F090FBF4F104FB1100C5B2A0
:10160000294600E00021012006F028FB01221146B6
:10161000302007F015FBDFF808B4DFF808944FF42A
:10162000000A9BF8000030B1D9F84400504502DAB6
:10163000FD48807830B3B6F90A0098B34FF47A7158
:10164000884244DB90FBF1F090FBF4F104FB1100C5
:1016500010F0FF053BD0012211462E2007F0F0FAD2
:1016600000220221302007F0EBFAB6F90A006328C5
:1016700034DD90FBF7F090FBF4F104FB1100C5B2F0
:1016800029462CE0002201212E2007F0D9FA002261
:101690000221302007F0D4FA1221022006F0DEFAEF
:1016A00012210FE0FFE7002201212E2007F0C8FAE7
:1016B00000220221302007F0C3FA0A21022006F09E
:1016C000CDFA0A21032006F0C9FA00221CE001220B
:1016D00011462E2007F0B4FA0222C2E700210220B0
:1016E00006F0BCFAB6F90A00092808DD90FBF4F010
:1016F00090FBF4F104FB1100C5B2294600E0002183
:10170000032006F0ABFA012201212A2007F098FA03
:10171000B6F924004FF46178002809DB4FF47A71A0
:1017200090FBF1F090FBF4F104FB1100C5B209E06D
:1017300010F1630101D34042F0E700F2E730404589
:1017400000D20A252946042006F088FAB6F92400BA
:10175000002807DB90FBF7F090FBF4F104FB11008D
:10176000C5B20AE010F1630101D30A2505E000F2D9
:10177000E731414501D24042ECE72946052006F019
:101780006DFAB6F92400002808DB00BF90FBF4F0E6
:1017900090FBF4F104FB1100C5B209E000F1630114
:1017A000632903D300F2E731414501D24042EDE71E
:1017B0002946062006F052FAB6F92400002805DB77
:1017C00090FBF4F104FB1100C5B209E000F16301E4
:1017D000632903D300F2E731414501D24042EFE7EC
:1017E0002946072006F03AFA01221146352007F073
:1017F00027FA8B48407830B1D9F84400504502DAD6
:1018000089488078E0B1B6F9220000287EDD4FF4E7
:101810007A7190FBF1F090FBF4F104FB1100C5B27A
:101820002946082006F01AFAB6F92200002815DB2E
:1018300090FBF7F090FBF4F104FB1100C5B218E047
:101840001221082006F00AFA1221092006F006FAF1
:1018500012210A2006F002FA12213EE010F1630183
:1018600001D30A2505E000F2E731414501D24042AB
:10187000DEE72946092006F0F1F9B6F92200002832
:1018800008DB00BF90FBF4F090FBF4F104FB1100C7
:10189000C5B209E000F16301632903D300F2E73127
:1018A000414501D24042EDE729460A2006F0D6F92B
:1018B000B6F92200002805DB90FBF4F104FB1100CF
:1018C000C5B209E000F16301632903D300F2E731F7
:1018D000414501D24042EFE729460B2006F0BEF910
:1018E000042211462B2007F0ABF9B06B4FF4616B6B
:1018F00000287CD0316C48F6A04091FBF0F0C1B2DA
:101900000C2006F0ABF95D46306C00E09DE090FBEA
:10191000F5F090FBF4F104FB1100C1B20D2006F0CC
:101920009DF9306C90FBF5F105FB11014FF4167039
:1019300091FBF0F0C1B20E2006F090F9306C90FBF4
:10194000F5F105FB11013C2091FBF0F090FBF4F167
:1019500004FB1100C5B229460F2006F07FF90422CE
:101960001146372007F06CF92D48807830B1D9F84E
:101970004400504502DA2C488078C8B3306BC0B3BD
:10198000F16B48F6A04091FBF0F0C1B2102006F0D8
:1019900065F9F06B5D4690FBF5F090FBF4F104FB0C
:1019A0001100C1B2112006F059F9F06B90FBF5F16E
:1019B00005FB11014FF4167091FBF0F0C1B212203B
:1019C00006F04CF9F06B90FBF5F105FB11013C20A2
:1019D00091FBF0F090FBF4F104FB1100C5B2294635
:1019E000132006F03BF9202211462D2002E03AE0B8
:1019F00048E056E007F024F901221146282007F0BC
:101A00001FF902221146282007F01AF94022114638
:101A1000292007F015F90448807890B3002205E0EA
:101A20008C00002094510020800700208021292074
:101A300007F006F9F74890F90E0088B3012842D064
:101A400002285FD003284DD163E00A21082006F068
:101A500005F90A21092006F001F90A21084606F0D5
:101A6000FDF80A2139E70A210C2006F0F7F80A21CF
:101A70000D2006F0F3F80A210E2006F0EFF80A21F7
:101A80006AE71CE01221102006F0E8F8122111206C
:101A900006F0E4F81221084606F0E0F812219FE76C
:101AA0000FE00A21102006F0D9F80A21112006F0D3
:101AB000D5F80A21122006F0D1F80A2190E78022F9
:101AC000ADE7012200E0002201213A2007F0B8F83A
:101AD000022202213A2007F0B3F801220121382026
:101AE00007F0AEF8CB4890F82600F0B100220421B0
:101AF0003A2007F0A5F8C8480168C848814216DABC
:101B0000082215E0012211463A2007F099F8002238
:101B1000DFE7012211463A2007F092F8022211462F
:101B20003A2007F08DF80022D8E70422DFE70022F0
:101B300008213A2007F084F8B64890F8440030B302
:101B4000002280213B2007F07BF8B6F95400B0F565
:101B50007A7F1EDB4FF47A7190FBF1F090FBF4F189
:101B600004FB110010F0FF0513D0042206212420ED
:101B700007F066F8B6F9540063280CDD90FBF7F027
:101B800090FBF4F104FB1100C5B2294604E0802269
:101B9000D7E70622EAE70021142006F05FF8B6F93D
:101BA0005400092808DD90FBF4F090FBF4F104FBED
:101BB0001100C5B2294600E00021152006F04EF8BC
:101BC000012211461C2007F03BF89548007838B1F7
:101BD000D9F84400504503DA92488078012826D08D
:101BE000B6F9520098B34FF47A71884244DB90FB07
:101BF000F1F090FBF4F104FB110010F0FF053BD075
:101C0000012211461A2007F01BF8002202211C2095
:101C100007F016F8B6F95200632834DD90FBF7F0B0
:101C200090FBF4F104FB1100C5B229462CE0002220
:101C300001211A2007F004F8002202211C2006F0DE
:101C4000FFFF1221162006F009F812210FE0FFE72E
:101C5000002201211A2006F0F3FF002202211C209D
:101C600006F0EEFF0A21162005F0F8FF0A211720E2
:101C700005F0F4FF00221CE0012211461A2006F0B4
:101C8000DFFF0222C2E70021162005F0E7FFB6F9C8
:101C90005200092808DD90FBF4F090FBF4F104FBFE
:101CA0001100C5B2294600E00021172005F0D6FF3B
:101CB00001220121162006F0C3FFB6F96C000028AE
:101CC0000ADB00BF4FF47A7190FBF1F090FBF4F166
:101CD00004FB1100C5B209E010F1630101D34042D9
:101CE000F0E700F2E730404500D20A2529461820E7
:101CF00005F0B4FFB6F96C00002807DB90FBF7F0A5
:101D000090FBF4F104FB1100C5B20AE010F163018D
:101D100001D30A2505E000F2E731414501D24042F6
:101D2000ECE72946192005F099FFB6F96C00002868
:101D300008DB00BF90FBF4F090FBF4F104FB110012
:101D4000C5B209E000F16301632903D300F2E73172
:101D5000414501D24042EDE729461A2005F07EFFB9
:101D6000B6F96C00002805DB90FBF4F104FB1100D0
:101D7000C5B209E000F16301632903D300F2E73142
:101D8000414501D24042EFE729461B2005F066FF9E
:101D900001221146212006F053FF2148407838B136
:101DA000D9F84400504503DA1E48807801281DD038
:101DB000B6F96A0000286FDD4FF47A7190FBF1F0FC
:101DC00090FBF4F104FB1100C5B229461C2005F07C
:101DD00045FFB6F96A00002816DB00BF90FBF7F05C
:101DE00090FBF4F104FB1100C5B223E012211C208A
:101DF00005F034FF12211D2005F030FF12211E20B6
:101E000005F02CFF122149E010F163010CD30A25E3
:101E100010E00000F46A00200465002000800945FD
:101E20008C0000208007002000F2E731414501D2FC
:101E30004042D3E729461D2005F010FFB6F96A009D
:101E4000002807DB90FBF4F090FBF4F104FB110099
:101E5000C5B209E000F16301632903D300F2E73161
:101E6000414501D24042EDE729461E2005F0F6FE2D
:101E7000B6F96A00002805DB90FBF4F104FB1100C1
:101E8000C5B20AE000F16301632903D300F2E73130
:101E9000414502D24042EFE7B3E029461F2005F05A
:101EA000DDFE04221146172006F0CAFED6F8800097
:101EB000E8B356F8881F48F6A04091FBF0F0C1B295
:101EC000202005F0CBFE30685D4690FBF5F090FBDE
:101ED000F4F104FB1100C1B2212005F0BFFE30680F
:101EE00090FBF5F105FB11014FF4167091FBF0F03A
:101EF000C1B2222005F0B2FE56F8880990FBF5F138
:101F000005FB11013C2091FBF0F090FBF4F104FB88
:101F10001100C5B22946232005F0A0FE0422114677
:101F2000232006F08DFEFA48807848B100E077E083
:101F3000D9F84400504503DAF648807801287DD06E
:101F4000B06FE8B356F8841F48F6A04091FBF0F05C
:101F5000C1B2242005F082FE30685D4690FBF5F0AA
:101F600090FBF4F104FB1100C1B2252005F076FED0
:101F7000306890FBF5F105FB11014FF4167091FBF1
:101F8000F0F0C1B2262005F069FE56F8840990FBF6
:101F9000F5F105FB11013C2091FBF0F090FBF4F111
:101FA00004FB1100C5B22946272005F057FE202268
:101FB0001146192006F044FE01221146142000E0CB
:101FC0004BE006F03DFE02221146142006F038FEDA
:101FD00040221146152006F033FECE4880780128B5
:101FE00049D000228021152006F02AFECA4890F927
:101FF000560088B3012842D002285FD003284DD173
:1020000063E00A211C2005F029FE0A211D2005F0AD
:1020100025FE0A211E2005F021FE0A213EE70DE0E3
:102020000A21202005F01AFE0A21212005F016FEC3
:102030000A21222005F012FE0A216CE71221242039
:1020400005F00CFE1221252005F008FE12212620A5
:1020500005F004FE1221A7E70FE00A21242005F075
:10206000FDFD0A21252005F0F9FD0A21262005F0B5
:10207000F5FD0A2198E78022B4E7012200E0002262
:102080000121262006F0DCFD02220221262006F096
:10209000D7FD01220121242006F0D2FD9E4890F8B0
:1020A0006E00F0B100220421262006F0C9FD9B48F5
:1020B00041689B48814216DA082215E00122114648
:1020C000262006F0BDFD0022DFE701221146262072
:1020D00006F0B6FD02221146262006F0B1FD0022D0
:1020E000D8E70422DFE700220821262006F0A8FD19
:1020F000894890F88C0030B300228021272006F018
:102100009FFDB6F99C00B0F57A7F1EDB4FF47A7123
:1021100090FBF1F090FBF4F104FB110010F0FF05CF
:1021200013D0202260214D2006F08AFDB6F99C00D4
:1021300063280CDD90FBF7F090FBF4F104FB110039
:10214000C5B2294604E08022D7E76022EAE70021F1
:10215000282005F083FDB6F99C00092808DD90FBD6
:10216000F4F090FBF4F104FB1100C5B2294600E045
:102170000021292005F072FD80221146452006F03D
:102180005FFD6348007838B1D9F84400504503DA60
:1021900060488078022826D0B6F99A0098B34FF4A8
:1021A0007A71884244DB90FBF1F090FBF4F104FB80
:1021B000110010F0FF053BD080221146432006F0AD
:1021C0003FFD00224021452006F03AFDB6F99A0075
:1021D000632834DD90FBF7F090FBF4F104FB110071
:1021E000C5B229462CE000228021432006F028FDBC
:1021F00000224021452006F023FD12212A2005F06F
:102200002DFD12210FE0FFE700228021432006F080
:1022100017FD00224021452006F012FD0A212A2048
:1022200005F01CFD0A212B2005F018FD00221CE002
:1022300080221146432006F003FD4022C2E7002120
:102240002A2005F00BFDB6F99A00092808DD90FB5D
:10225000F4F090FBF4F104FB1100C5B2294600E054
:1022600000212B2005F0FAFC802280213F2006F07F
:10227000E7FCB6F9B40000280ADB00BF4FF47A711E
:1022800090FBF1F090FBF4F104FB1100C5B209E002
:1022900010F1630101D34042F0E700F2E73040451E
:1022A00000D20A2529462C2005F0D8FCB6F9B40046
:1022B000002807DB90FBF7F090FBF4F104FB110022
:1022C000C5B20AE010F1630101D30A2505E000F26E
:1022D000E731414501D24042ECE729462D2005F087
:1022E000BDFCB6F9B400002808DB00BF90FBF4F099
:1022F00090FBF4F104FB1100C5B213E000F163019F
:10230000632903D300F2E73141450BD24042EDE7A8
:102310008C00002080070020F46A00200465002063
:102320000080094529462E2005F098FCB6F9B40036
:10233000002805DB90FBF4F104FB1100C5B209E0B5
:1023400000F16301632903D300F2E731414501D273
:102350004042EFE729462F2005F080FC80221146FD
:10236000482006F06DFCFE48407838B1D9F84400AA
:10237000504503DAFB48807802281DD0B6F9B20038
:1023800000287DDD4FF47A7190FBF1F090FBF4F1C1
:1023900004FB1100C5B22946302005F05FFCB6F9F8
:1023A000B200002816DB00BF90FBF7F090FBF4F1C1
:1023B00004FB1100C5B218E01221302005F04EFCDC
:1023C0001221312005F04AFC1221322005F046FC92
:1023D00012213EE010F1630101D30A2505E000F26D
:1023E000E731414501D24042DEE72946312005F080
:1023F00035FCB6F9B200002808DB00BF90FBF4F012
:1024000090FBF4F104FB1100C5B209E000F1630197
:10241000632903D300F2E731414501D24042EDE7A1
:102420002946322005F01AFCB6F9B200002805DB77
:1024300090FBF4F104FB1100C5B209E000F1630167
:10244000632903D300F2E731414501D24042EFE76F
:102450002946332005F002FC202211463E2006F0DA
:10246000EFFBD6F8C800E8B356F8D01F48F6A040F6
:1024700091FBF0F0C1B2342005F0F0FB5D4600E0C6
:102480009CE0306890FBF5F090FBF4F104FB110048
:10249000C1B2352005F0E2FB306890FBF5F105FB99
:1024A00011014FF4167091FBF0F0C1B2362005F027
:1024B000D5FB56F8D00990FBF5F105FB11013C2046
:1024C00091FBF0F090FBF4F104FB1100C5B229463A
:1024D000372005F0C3FB202211464A2006F0B0FB4E
:1024E0009F4800E078E0807838B1D9F84400504542
:1024F00003DA9C48807802287DD0D6F8C000E8B383
:1025000056F8CC1F48F6A04091FBF0F0C1B238203D
:1025100005F0A4FB30685D4690FBF5F090FBF4F10C
:1025200004FB1100C1B2392005F098FB306890FB24
:10253000F5F105FB11014FF4167091FBF0F0C1B2FB
:102540003A2005F08BFB56F8CC0990FBF5F105FB22
:1025500011013C2091FBF0F090FBF4F104FB110021
:10256000C5B229463B2005F079FB042211464020E4
:1025700006F066FB802211463D2000E04AE006F0AE
:102580005FFB402211463D2006F05AFB0222114615
:102590003C2006F055FB73488078022848D0002282
:1025A00001213C2006F04CFB96F99E0088B30128DF
:1025B00042D002285ED003284DD162E00A213020AB
:1025C00005F04CFB0A21312005F048FB0A2132209E
:1025D00005F044FB0A213CE70A21342005F03EFBCC
:1025E0000A21352005F03AFB0A21362005F036FB9A
:1025F0000A216DE7FFE71221382005F02FFB122199
:10260000392005F02BFB12213A2005F027FB12217F
:10261000A8E70FE00A21382005F020FB0A21392025
:1026200005F01CFB0A213A2005F018FB0A2199E766
:102630000122B5E7802200E0002280214F2006F031
:10264000FFFA402240214F2006F0FAFA8022802132
:102650004D2006F0F5FA96F8B600F0B100222021E0
:102660004F2006F0EDFA404881684048814216DA72
:10267000102215E0802211464F2006F0E1FA0022D8
:10268000E0E7802211464F2006F0DAFA4022114698
:102690004F2006F0D5FA0022D9E72022DFE70022FA
:1026A00010214F2006F0CCFA96F8D40030B3002267
:1026B00001214E2006F0C4FAB6F9E400B0F57A7FA5
:1026C0001EDB4FF47A7190FBF1F090FBF4F104FB08
:1026D000110010F0FF0513D020226021032006F026
:1026E000AFFAB6F9E40063280CDD90FBF7F090FB3D
:1026F000F4F104FB1100C5B2294604E00122D7E73A
:102700006022EAE700213C2005F0A8FAB6F9E400CF
:10271000092808DD90FBF4F090FBF4F104FB1100B4
:10272000C5B2294600E000213D2005F097FA80223D
:1027300011460B2006F084FA0948007838B1D9F820
:102740004400504503DA07488078032830D0B6F9B2
:10275000E200E8B34FF47A7188424EDB08E00000F3
:102760008C000020800700200465002000800945BF
:1027700090FBF1F191FBF4F004FB101010F0FF0559
:102780003BD0802211460D2006F05AFA002240214B
:102790000B2006F055FAB6F9E200632834DD90FB11
:1027A000F7F090FBF4F104FB1100C5B229462CE0D0
:1027B000002280210D2006F043FA002240210B2048
:1027C00006F03EFA12213E2005F048FA12210FE0F1
:1027D000FFE7002280210D2006F032FA002240217E
:1027E0000B2006F02DFA0A213E2005F037FA0A21C7
:1027F0003F2005F033FA00221CE0802211460D2014
:1028000006F01EFA4022C2E700213E2005F026FA1B
:10281000B6F9E200092808DD90FBF4F090FBF4F132
:1028200004FB1100C5B2294600E000213F2005F05D
:1028300015FA80228021112006F002FAB6F9FC0078
:10284000002808DB4FF47A7190FBF1F191FBF4F072
:1028500004FB10100BE010F163010AD340424FF467
:102860007A7190FBF1F090FBF4F104FB1100C5B21A
:1028700004E000F2E730404500D20A252946402016
:1028800005F0ECF9B6F9FC00002807DB90FBF7F047
:1028900090FBF4F104FB1100C5B20AE010F16301F2
:1028A00001D30A2505E000F2E731414501D240425B
:1028B000ECE72946412005F0D1F9B6F9FC000028E3
:1028C00008DB00BF90FBF4F090FBF4F104FB110077
:1028D000C5B209E000F16301632903D300F2E731D7
:1028E000414501D24042EDE72946422005F0B6F9C4
:1028F000B6F9FC00002805DB90FBF4F104FB1100A5
:10290000C5B209E000F16301632903D300F2E731A6
:10291000414501D24042EFE72946432005F09EF9A8
:1029200080221146062006F08BF9FE48407838B127
:10293000D9F84400504503DAFB48807803281DD0BD
:10294000B6F9FA0000287DDD4FF47A7190FBF1F0C2
:1029500090FBF4F104FB1100C5B22946442005F0B8
:102960007DF9B6F9FA00002816DB00BF90FBF7F0FE
:1029700090FBF4F104FB1100C5B218E012214420D1
:1029800005F06CF91221452005F068F91221462066
:1029900005F064F912213EE010F1630101D30A252C
:1029A00005E000F2E731414501D24042DEE7294629
:1029B000452005F053F9B6F9FA00002808DB00BFFE
:1029C00090FBF4F090FBF4F104FB1100C5B209E0B8
:1029D00000F16301632903D300F2E731414501D2DD
:1029E0004042EDE72946462005F038F9B6F9FA00ED
:1029F000002805DB90FBF4F104FB1100C5B209E0EF
:102A000000F16301632903D300F2E731414501D2AC
:102A10004042EFE72946472005F020F920221146E1
:102A2000102006F00DF9D6F81001E0B3D6F8181111
:102A300048F6A04091FBF0F0C1B2482005F00EF935
:102A40005D4600E0A0E0D6F8180190FBF5F090FBA1
:102A5000F4F104FB1100C1B2492005F0FFF8D6F8EB
:102A6000180190FBF5F105FB11014FF4167091FB75
:102A7000F0F0C1B24A2005F0F1F8D6F8180190FB49
:102A8000F5F105FB11013C2091FBF0F090FBF4F116
:102A900004FB1100C5B229464B2005F0DFF82022C7
:102AA0001146042000E07EE006F0CAF89D488078D8
:102AB00038B1D9F84400504503DA9B4880780328A0
:102AC0007FD0D6F80801E8B3D6F8141148F6A04034
:102AD00091FBF0F0C1B24C2005F0C0F8D6F814011B
:102AE0005D4690FBF5F090FBF4F104FB1100C1B2E0
:102AF0004D2005F0B3F8D6F8140190FBF5F105FB75
:102B000011014FF4167091FBF0F0C1B24E2005F0A8
:102B1000A5F8D6F8140190FBF5F105FB11013C2056
:102B200091FBF0F090FBF4F104FB1100C5B22946D3
:102B30004F2005F093F8042211460E2006F080F88D
:102B4000802200E04CE01146132006F079F8402284
:102B50001146132006F074F802221146122006F0E6
:102B60006FF871488078032848D000220121122094
:102B700006F066F896F9E60088B3012842D00228EC
:102B80005ED003284DD162E00A21442005F066F8AA
:102B90000A21452005F062F80A21462005F05EF87A
:102BA0000A2138E70DE00A21482005F057F80A21EC
:102BB000492005F053F80A214A2005F04FF80A2170
:102BC0006AE712214C2005F049F812214D2005F04A
:102BD00045F812214E2005F041F81221A8E70FE038
:102BE0000A214C2005F03AF80A214D2005F036F86C
:102BF0000A214E2005F032F80A2199E70122B5E7B3
:102C0000802200E000228021012006F019F84022F5
:102C10004021012006F014F880228021032006F0D4
:102C20000FF896F8FE00F0B100222021012006F0F6
:102C300007F83E48C1683E48814216DA102215E086
:102C400080221146012005F0FBFF0022E0E78022F0
:102C50001146012005F0F4FF40221146012005F045
:102C6000EFFF0022D9E72022DFE700221021012018
:102C700005F0E6FF96F81C0130B300220121002088
:102C800005F0DEFFB6F92C01B0F57A7F1EDB4FF4BC
:102C90007A7190FBF1F090FBF4F104FB110010F05D
:102CA000FF0513D004220621522005F0C9FFB6F912
:102CB0002C0163280CDD90FBF7F090FBF4F104FB92
:102CC0001100C5B2294604E00122D7E70622EAE74F
:102CD0000021502004F0C2FFB6F92C01092808DDBC
:102CE00090FBF4F090FBF4F104FB1100C5B229460F
:102CF00000E00021512004F0B1FF012211465A20CA
:102D000005F09EFF0748007838B1D9F844005045D7
:102D100003DA05488078042830D0B6F92A01E8B3F0
:102D200008E000008C0000208007002004650020DF
:102D3000008009454FF47A71884244DB90FBF1F042
:102D400090FBF4F104FB110010F0FF053BD00022D2
:102D500002215A2005F074FF012211465C2005F083
:102D60006FFFB6F92A0163282FDD90FBF7F090FB87
:102D7000F4F104FB1100C5B2294627E0002202212C
:102D80005A2005F05DFF002201215C2005F058FF6C
:102D90001221522004F062FF12210FE0FFE700220F
:102DA00002215A2005F04CFF002201215C2005F091
:102DB00047FF0A21522004F051FF0A21532004F05A
:102DC0004DFF002217E00222C2E70021522004F04A
:102DD00045FFB6F92A01092808DD90FBF4F090FBC5
:102DE000F4F104FB1100C5B2294600E00021532094
:102DF00004F034FF01220121602005F021FFB6F923
:102E0000440100280ADB00BF4FF47A7190FBF1F017
:102E100090FBF4F104FB1100C5B209E010F163016D
:102E200001D34042F0E700F2E730404500D20A25E6
:102E30002946542004F012FFB6F94401002807DBAC
:102E400090FBF7F090FBF4F104FB1100C5B20AE02F
:102E500010F1630101D30A2505E000F2E731414595
:102E600001D24042ECE72946552004F0F7FEB6F9BE
:102E70004401002808DB00BF90FBF4F090FBF4F164
:102E800004FB1100C5B209E000F16301632903D31B
:102E900000F2E731414501D24042EDE72946562094
:102EA00004F0DCFEB6F94401002805DB90FBF4F1E8
:102EB00004FB1100C5B209E000F16301632903D3EB
:102EC00000F2E731414501D24042EFE72946572061
:102ED00004F0C4FE01221146572005F0B1FEFE4861
:102EE000407838B1D9F84400504503DAFB4880787F
:102EF00004281DD0B6F9420100287DDD4FF47A7117
:102F000090FBF1F090FBF4F104FB1100C5B22946EF
:102F1000582004F0A3FEB6F94201002816DB00BFDA
:102F200090FBF7F090FBF4F104FB1100C5B218E040
:102F30001221582004F092FE1221592004F08EFE36
:102F400012215A2004F08AFE12213EE010F16301A2
:102F500001D30A2505E000F2E731414501D24042A4
:102F6000DEE72946592004F079FEB6F9420100282F
:102F700008DB00BF90FBF4F090FBF4F104FB1100C0
:102F8000C5B209E000F16301632903D300F2E73120
:102F9000414501D24042EDE729465A2004F05EFE49
:102FA000B6F94201002805DB90FBF4F104FB1100A7
:102FB000C5B209E000F16301632903D300F2E731F0
:102FC000414501D24042EFE729465B2004F046FE2E
:102FD00004221146612005F033FED6F85801E0B313
:102FE000D6F8601148F6A04091FBF0F0C1B25C2029
:102FF00004F034FE5D4600E0A0E0D6F8600190FBEE
:10300000F5F090FBF4F104FB1100C1B25D2004F077
:1030100025FED6F8600190FBF5F105FB11014FF498
:10302000167091FBF0F0C1B25E2004F017FED6F8E6
:10303000600190FBF5F105FB11013C2091FBF0F0E4
:1030400090FBF4F104FB1100C5B229465F2004F0A7
:1030500005FE04221146552000E07EE005F0F0FD5B
:103060009D48807838B1D9F84400504503DA9B4830
:10307000807804287FD0D6F85001E8B3D6F85C11E8
:1030800048F6A04091FBF0F0C1B2602004F0E6FDEC
:10309000D6F85C015D4690FBF5F090FBF4F104FB83
:1030A0001100C1B2612004F0D9FDD6F85C0190FB9B
:1030B000F5F105FB11014FF4167091FBF0F0C1B270
:1030C000622004F0CBFDD6F85C0190FBF5F105FB26
:1030D00011013C2091FBF0F090FBF4F104FB110096
:1030E000C5B22946632004F0B9FD202211465F20B5
:1030F00005F0A6FD012200E04CE01146622005F03B
:103100009FFD02221146622005F09AFD40221146E1
:10311000632005F095FD71488078042848D000228E
:103120008021632005F08CFD96F92E0188B30128DB
:1031300042D002285ED003284DD162E00A215820F7
:1031400004F08CFD0A21592004F088FD0A215A2040
:1031500004F084FD0A2138E70DE00A215C2004F028
:103160007DFD0A215D2004F079FD0A215E2004F036
:1031700075FD0A216AE71221602004F06FFD12211B
:10318000612004F06BFD1221622004F067FD122122
:10319000A8E70FE00A21602004F060FD0A21612009
:1031A00004F05CFD0A21622004F058FD0A2199E731
:1031B0008022B5E7012200E000220121502005F025
:1031C0003FFD02220221502005F03AFD012201219B
:1031D000522005F035FD96F84601F0B10022042199
:1031E000502005F02DFD3E4801693E48814216DA27
:1031F000082215E001221146502005F021FD002291
:10320000E0E701221146502005F01AFD0222114686
:10321000502005F015FD0022D9E70422DFE7002247
:103220000821502005F00CFD96F8640130B300220F
:103230008021512005F004FDB6F97401B0F57A7FC4
:103240001EDB4FF47A7190FBF1F090FBF4F104FB7C
:10325000110010F0FF0513D004220621662005F0AE
:10326000EFFCB6F9740163280CDD90FBF7F090FBDE
:10327000F4F104FB1100C5B2294604E08022D7E72F
:103280000622EAE70021642004F0E8FCB6F97401A4
:10329000092808DD90FBF4F090FBF4F104FB110029
:1032A000C5B2294600E00021652004F0D7FC0122C8
:1032B00011466E2005F0C4FC0748007838B1D9F8F3
:1032C0004400504503DA05488078052830D0B6F927
:1032D0007201E8B308E000008C00002080070020A5
:1032E00004650020008009454FF47A71884244DB70
:1032F00090FBF1F090FBF4F104FB110010F0FF05DE
:103300003BD0002202216E2005F09AFC01221146DA
:10331000702005F095FCB6F9720163282FDD90FB53
:10332000F7F090FBF4F104FB1100C5B2294627E049
:10333000002202216E2005F083FC00220121702072
:1033400005F07EFC1221662004F088FC12210FE0BB
:10335000FFE7002202216E2005F072FC002201210D
:10336000702005F06DFC0A21662004F077FC0A212C
:10337000672004F073FC002217E00222C2E700215C
:10338000662004F06BFCB6F97201092808DD90FB99
:10339000F4F090FBF4F104FB1100C5B2294600E003
:1033A0000021672004F05AFC01220121742005F05D
:1033B00047FCB6F98C0100280ADB00BF4FF47A7194
:1033C00090FBF1F090FBF4F104FB1100C5B209E0B1
:1033D00010F1630101D34042F0E700F2E7304045CD
:1033E00000D20A252946682004F038FCB6F98C0181
:1033F000002807DB90FBF7F090FBF4F104FB1100D1
:10340000C5B20AE010F1630101D30A2505E000F21C
:10341000E731414501D24042ECE72946692004F0FA
:103420001DFCB6F98C01002808DB00BF90FBF4F00E
:1034300090FBF4F104FB1100C5B209E000F1630157
:10344000632903D300F2E731414501D24042EDE761
:1034500029466A2004F002FCB6F98C01002805DB3D
:1034600090FBF4F104FB1100C5B209E000F1630127
:10347000632903D300F2E731414501D24042EFE72F
:1034800029466B2004F0EAFB012211466B2005F06F
:10349000D7FBD948407838B1D9F84400504503DA11
:1034A000D648807805281DD0B6F98A0100287DDD30
:1034B0004FF47A7190FBF1F090FBF4F104FB1100F2
:1034C000C5B229466C2004F0C9FBB6F98A01002870
:1034D00016DB00BF90FBF7F090FBF4F104FB11004A
:1034E000C5B218E012216C2004F0B8FB12216D2047
:1034F00004F0B4FB12216E2004F0B0FB12213EE078
:1035000010F1630101D30A2505E000F2E7314145DE
:1035100001D24042DEE729466D2004F09FFBB6F958
:103520008A01002808DB00BF90FBF4F090FBF4F167
:1035300004FB1100C5B209E000F16301632903D364
:1035400000F2E731414501D24042EDE729466E20C5
:1035500004F084FBB6F98A01002805DB90FBF4F146
:1035600004FB1100C5B209E000F16301632903D334
:1035700000F2E731414501D24042EFE729466F2092
:1035800004F06CFB04221146752005F059FBD6F8B7
:10359000A001E8B3D6F8A81148F6A04091FBF0F0DE
:1035A000C1B2702004F05AFB5D4600E09EE0D6F800
:1035B000A80190FBF5F090FBF4F104FB1100C1B2FF
:1035C000712004F04BFBD6F8A80190FBF5F105FB48
:1035D00011014FF4167091FBF0F0C1B2722004F0AB
:1035E0003DFBD6F8A80190FBF5F105FB11013C204D
:1035F00091FBF0F090FBF4F104FB1100C1B27320D9
:1036000004F02CFB04221146692005F019FB00E0B0
:103610007BE07948807838B1D9F84400504503DA26
:103620007648807805287ED0D6F89801F0B3D6F891
:10363000A41148F6A04091FBF0F0C1B2742004F050
:103640000DFBD6F8A4015D4690FBF5F090FBF4F17C
:1036500004FB1100C1B2752004F000FBD6F8A401F0
:1036600090FBF5F105FB11014FF4167091FBF0F0A2
:10367000C1B2762004F0F2FAD6F8A40190FBF5F17D
:1036800005FB11013C2091FBF0F090FBF4F104FBF1
:103690001100C1B2772004F0E1FA20221146732014
:1036A00005F0CEFA01221146762000E04AE005F04E
:1036B000C7FA02221146762005F0C2FA40221146CE
:1036C000772005F0BDFA4D488078052848D00022C3
:1036D0008021772005F0B4FA96F9760188B30128A5
:1036E00042D002285ED003284DD162E00A216C202E
:1036F00004F0B4FA0A216D2004F0B0FA0A216E2019
:1037000004F0ACFA0A213AE70DE00A21702004F037
:10371000A5FA0A21712004F0A1FA0A21722004F00E
:103720009DFA0A216BE71221742004F097FA122106
:10373000752004F093FA1221762004F08FFA1221FA
:10374000A8E70FE00A21742004F088FA0A21752006
:1037500004F084FA0A21762004F080FA0A2199E71D
:103760008022B5E7012200E000220121642005F05B
:1037700067FA02220221642005F062FA0122012187
:10378000662005F05DFA96F88E01F0B10022042162
:10379000642005F055FA1A4841691A48814216DA40
:1037A000082215E001221146642005F049FA0022A2
:1037B000E0E701221146642005F042FA0222114698
:1037C000642005F03DFA0022D9E70422DFE7002259
:1037D0000821642005F034FA96F8AC0148B10022C3
:1037E0008021652005F02CFABDE8F05F064802F064
:1037F000CDBD8022F4E700008C000020800700206F
:1038000004650020008009458865002010B503F09C
:10381000F1FA044801F0E4FEBDE81040024801F06E
:10382000DFBE0000340900207C0900202DE9F14FA3
:10383000B94C2189E06801F00FFA0025B74FDFF895
:10384000E092DFF8E0B24FF0804A012610B994F818
:10385000250020B194F82400012807D0DCE0216A7B
:103860000098FCF710FD206284F824602189E0684C
:1038700001F0F2F901281AD1A848216A4042014416
:10388000A94881420ED2A9488178491CC9B28170E9
:10389000052900D985704570A5480560C4F81CA0AD
:1038A000C9F8007084F8245084F825502562216AF4
:1038B0006FF07F5001449F4881427CD294F82500EC
:1038C000002878D199489C4A9C498078DFF870E2BA
:1038D0009C4B52F820C0DFF870828C45D2F800C0B3
:1038E00047DA8C4568DAD2F804C08C4564DAD2F83D
:1038F00008C08C4560DAD2F80CC08C455CDAD2F88E
:1039000010C08C4558DA52698A4255DA00EBC00281
:10391000002143460BEBC20201EBC10C0BEBCC00C8
:10392000B2F8048003EB410CA0F80880ACF80280E8
:10393000A0F80480B2F81880A0F82080ACF80E80BF
:10394000A0F81880D2F830C003EB8108C0F838C066
:10395000C8F81CC0C0F830C0C0F834C092F801C02C
:10396000BCF1000F00D04670491CC9B20629D3D360
:1039700049E08C454CDDD2F804C08C4548DDD2F8D6
:1039800008C08C4544DDD2F80CC08C4540DDD2F82F
:1039900010C08C453CDD52698A4239DD00EBC00223
:1039A000002143460BEBC20201EBC10CB2F80480CC
:1039B0000BEBCC0001E02FE02AE003EB410CA0F878
:1039C0000880ACF80280A0F80480B2F81880A0F853
:1039D0002080ACF80E80A0F81880D2F830C003EB3D
:1039E0008108C0F838C0C8F81CC0C0F830C0C0F8A2
:1039F00034C092F801C0BCF1000F00D04670491CE1
:103A0000C9B20629D0D38EF80060C9F8007001E071
:103A1000C3F800A084F82560218E606B01F01CF9CA
:103A200010B994F84D0058B194F84C00012870D1A9
:103A3000218E606B01F010F90222012808D022E0EB
:103A4000A16C0098FCF71FFCA06484F84C60EFE7C1
:103A50003248A16C40420144334881420ED233487F
:103A60004178491CC9B2417001293BD0032900D9D2
:103A700045702F49C9F80070C1F800A084F84C5077
:103A800084F84D50A564A16C6FF07F500144294823
:103A900081423ED294F84D0000283AD19BF80110A3
:103AA0005846012925D090F84910012921D090F8D5
:103AB000911001291DD090F8D910012919D090F842
:103AC0002111012915D090F86911012911D0002187
:103AD00001EBC10200EBC202491CC9B256700629B3
:103AE000F6D312E012490968B1F5000FC1DB42704C
:103AF000BFE7002101EBC10300EBC305491C2A7598
:103B0000C9B200F833600629F4D3C9F8007084F80C
:103B10004D60BDE8F88F000094510020CDCCCC3D25
:103B200074000020F46A00203333F3018007002082
:103B300094000020FFFF7F000465002000800945FD
:103B4000300700207800002000660020094880210E
:103B500020220180402141800749416002814A15AD
:103B6000C16002858A1542850A15C16202864163D9
:103B700070470000945100200014014010B5094C1A
:103B80002168FCF780FB2060B0F17E5F08DB06480F
:103B90008169416100218161026CC0E90F212160CE
:103BA00010BD00007C0000209451002008B505F0F5
:103BB000B1FC094D094C0090287840B92046FFF728
:103BC00035FE2046FFF7DAFF2046FDF7A9FA0A2165
:103BD000684605F061FCEFE7840700200AD7233C24
:103BE00010B5802000F030FFBDE810404FF40070A9
:103BF00000F02ABF10B5104801F0F2FC0F4801F0A8
:103C0000EFFC00210C4801F00FFF04210A4801F0ED
:103C10000BFF0821084801F007FF0C21064801F0BE
:103C200003FF0821054801F0FFFEBDE810400C210C
:103C3000024801F0F9BE0000A40800205C08002042
:103C400072B6FEE706490020C8610648016941F0E6
:103C500004010161016941F0400101617047000008
:103C6000080A002000200240064A0021D1610649CE
:103C70000A6942F002020A614861086940F04000A6
:103C800008617047080A002000200240044B00220F
:103C9000DA61044A136943F001031361018070473C
:103CA000080A00200020024014480022C168CB0608
:103CB000134904D5CA6942F00202CA611022C368DE
:103CC0005B0705D5CB6943F00103CB6142F00402E9
:103CD000C369DB0707D0CB6943F00403CB61C1693B
:103CE00021F00101C161A2F58071013901D0C260EA
:103CF0007047C16921F00101C16170470020024095
:103D0000080A002070B5054600F0B0FF0646114CC9
:103D100009E0681C07D025B100F0A8FF801BA8426D
:103D200001D9032070BDE068C007F2D1E0688006C9
:103D300001D52020E060E068C00605D4E069C00736
:103D400002D1E068400703D5FFF7AEFF012070BD48
:103D5000002070BD002002402DE9F0410E46FCF726
:103D6000CEFC294F0004000C57F826401AD0B0F5BD
:103D7000805F17D2FCF794FC6FF00B01FCF74BFB54
:103D80002249FCF7D8FADFF8888020F00041054688
:103D9000414507DB29461F48FCF7C7FA20F00041E0
:103DA000414502DA2046BDE8F0811B492846FCF770
:103DB000F4FA05461A48194900688046FCF7BBFA30
:103DC0002946FCF760FA054601464046FCF7ADFA85
:103DD000804614492846FCF7AEFA4146FCF7DDFA66
:103DE0001149FCF7A8FA054610492046FCF7A3FA4A
:103DF00004460F492846FCF79EFA2146FCF743FA91
:103E000047F82600CFE70000D46400203333534046
:103E100017B7D1389A99993F9A99D9407F526E3EF7
:103E2000800000200000404000007A446666663F43
:103E3000CDCCCC3D78B500220B4B4C1E10E0551C70
:103E4000A54202EB03052D88ADF800509DF8005007
:103E5000855403DC86189DF801507570921C92B24F
:103E60008A42ECD3012078BD000001082DE9F04121
:103E700086B00D46804600F05FFD00200190009066
:103E8000164F0121CDE90371694601A800F0B6FC87
:103E9000C0B900246E1E1BE0601CB04207DC08EBBA
:103EA000040018F80410407801EB002003E018F833
:103EB000040000F57F4082B20023E119012000F0E8
:103EC000FBFC18B1002006B0BDE8F081A41CA4B230
:103ED000AC42E1D300F0E6FC0120F4E70000010869
:103EE000F8B500250446009590F8240001280BD071
:103EF000012084F824002046FCF7EAFD2046FCF768
:103F00004BFE060002D050E00220F8BDA06A20F46B
:103F1000885040F00200A062022000F045FF2549D1
:103F20000968B1FBF0F0400000E0401E009000285E
:103F3000FBD12068816841F00801816000F096FEA5
:103F4000074608E000F092FEC01B0A2803D920684B
:103F50008068000715D4206880680007F2D42068C4
:103F6000816841F00401816000F080FE074612E0A4
:103F700000F07CFEC01B0A280DD92068806840072D
:103F800009D5A06A20F0020040F01000A06284F879
:103F900024500120F8BD206880684007E8D4A06A5A
:103FA00020F0020040F00100A06284F82450304666
:103FB000F8BD00000C000020F8B50024009490F833
:103FC00024202546012A12D0012280F824204A68A4
:103FD0001F23072A0DD20668776B521E02EB82025E
:103FE00093409F430B6893401F43776319E002207F
:103FF000F8BD06680D2A0AD2376BD21F02EB820287
:1040000093409F430B6893401F43376309E0F76A6F
:104010000D3A02EB820293409F430B6893401F438B
:10402000F7620A68072306680A2A0AD3F7680A3A79
:1040300002EB420293409F438B6893401F43F7601B
:1040400008E0376902EB420293409F438B6893403C
:104050001F4337610A68102A01D0112A20D1124B60
:1040600002689A4217D193681B0219D4936843F4EB
:10407000000393600968102912D10C490C4A0968A1
:10408000B1FBF2F101EB8101490000E0491E009112
:104090000029FBD104E0816A41F020018162012402
:1040A00080F824502046F8BD002401400C00002078
:1040B00040420F0070477047704700002DE9F04103
:1040C00004004FF000057FD0A06A002628B9E66200
:1040D00084F82460204600F081F82046FCF7F8FCC4
:1040E000A16AC90600D420B1A06A40F01000A06205
:1040F0006AE0A16A21F4885141F00201A1623349CA
:1041000023688B42E16904D1B1F5402F01D14FF40E
:104110000021277B4FF4807C41EA470261680A4313
:10412000A168614508D0012906D0002194F814E067
:10413000BEF1010F02D00AE06146F7E7C7B1A76AF6
:1041400047F02007A762E76A47F00107E7625F6868
:1041500027F469470F435F60236899681C4F394013
:1041600011439960A16861450BD0012909D00CE089
:10417000DFF860E0A7690EEB47370F4347F40061B3
:10418000E5E7218A0D05A5F580152168CB6A23F4A2
:1041900070032B43CB62216889680F4B1940914211
:1041A00008D1E662A16A21F0020141F00101A16299
:1041B000BDE8F081A06A20F0020040F01000A0628B
:1041C000E06A40F00100E0620120F1E7003C0140BC
:1041D000FDF7E1FF00E0FFFFFE0E1FFFF0B585B029
:1041E000002605460096019602960396006821492E
:1041F00088423DD12049886940F40070886188690F
:1042000000F400700490886940F0100088618869AB
:1042100000F010000490886940F00400886188690B
:104220003F24032700F00400CDE9004704906946CD
:10423000124800F015FCCDE900476946104800F02F
:104240000FFC114C0F48C4E900068020C4E902604D
:1042500040002061800060612020A0610002E061D8
:10426000204600F055FA08B1FFF7EAFC2C626562BF
:1042700005B0F0BD002401400010024000100140D4
:104280000008014008000240D00700202DE9F04757
:10429000894604463B4900683B4F0E1D90468842C4
:1042A00001D0B84207D1306810F4702F03D0012537
:1042B0002846BDE8F08794F8240001280CD001209E
:1042C00084F824002046FCF767FC05004FF000004E
:1042D00004D084F82400EBE70220EAE7A16A40F664
:1042E0000162914341F48071A1622168B94218D101
:1042F000326812F4702F14D0A16A41F48011A162C7
:104300003168490505D5A16A21F4005141F4805175
:10431000A162A16AC9040AD5E16A21F00601E1623D
:1043200006E0A26A22F48012A2624968E9E7E0622C
:1043300084F82400216A15488862216A1448C862FA
:10434000216A1448086321686FF002000860206841
:10435000816841F480718160216843464A464C314E
:10436000206A00F013FA20688168C1F342410729EE
:10437000816803D041F48011816099E741F4A00184
:10438000FAE700000024014000280140270B000844
:104390008F0B0008750B00082DE9F05F90F82110D5
:1043A0000024022903D004218163012485E00168EF
:1043B0000A6822F00E020A6001680A6822F001020F
:1043C0000A603F4E3E4FB215DFF8F4C0DFF8F090C0
:1043D000DFF8ECA0DFF8E8B0DFF8E4E00168783F50
:1043E00013011502ACF1640CA9F15009AAF13C0AC1
:1043F000ABF1280BAEF1140E4FF48018B14227D95F
:10440000B9420ED0614512D049451DD0514518D052
:10441000594518D0714501D1424615E0294EB142A7
:1044200001D1012210E0274E1436B14201D11022F1
:104430000AE0244E2836B14206D0224A3C3291424C
:1044400001D11A4600E02A461E49091F0A602BE0E6
:10445000B94213D0614517D0494522D051451DD0EE
:1044600059451DD0714501D142461AE0B14202D1F1
:104470004FF0807215E0134EB14201D1012210E0DD
:10448000104E1436B14201D110220AE00D4E2836EA
:10449000B14206D00B4A3C32914201D11A4600E0AB
:1044A0002A46074980394A60012180F821100021FD
:1044B00080F82010416B01B188472046BDE8F09F8D
:1044C00080000240080402402DE9F05FC16B0A68D9
:1044D00001680B68046C4FF0040808FA04F8844D76
:1044E000844E854FDFF814C2DFF81492DFF814A26F
:1044F000DFF814B2DFF814E218EA020F65D05FEAC1
:10450000437862D50A68920603D40A6822F004024E
:104510000A60DFF8F0814FF48062016808F1140846
:1045200013011402414524D9A9420DD0B1420FD044
:10453000B9421AD0614515D0494515D0514501D130
:10454000120312E0594501D104220EE0714501D158
:1045500040220AE06D4D1435A94206D06B4A28323C
:10456000914201D11A4600E022466749091F0A60BC
:1045700029E0A94213D0B14215D0B94220D06145FB
:104580001BD049451BD0514502D14FF4800217E0A2
:10459000414502D14FF0806212E0594501D1042219
:1045A0000EE0714501D140220AE0584D1435A94270
:1045B00006D0564A2832914201D11A4600E02246DE
:1045C0004B4908394A60C16A71E04FF0020808FAA5
:1045D00004F818EA020F70D05FEA83786DD50A6894
:1045E000920606D40A6822F00A020A60012180F8C5
:1045F0002110DFF810814FF40072016808F11408EF
:1046000013011402414524D9A9420DD0B1420FD063
:10461000B9421AD0614515D0494515D0514501D14F
:10462000120312E0594501D102220EE0714501D179
:1046300020220AE0354D1435A94206D0334A2832EB
:10464000914201D11A4600E022462F49091F0A6013
:1046500029E0A94213D0B14215D0B94220D061451A
:104660001BD049451BD0514502D14FF4001217E031
:10467000414502D14FF0007212E0594501D10222AA
:104680000EE0714501D120220AE0204D1435A942E7
:1046900006D01E4A2832914201D11A4600E0224635
:1046A000134908394A60002180F82010816A0029E6
:1046B0001CD0BDE8F05F0847FFE70825A54015427C
:1046C00014D01A0712D50A6822F00E020A6090F878
:1046D0004020C36B012101FA02F25A60816380F825
:1046E0002110002180F82010016BE0E7BDE8F09F69
:1046F000080002401C00024030000240440002401A
:10470000580002406C000240080402401C040240B1
:1047100030B560B11A4B026814219A4209D2194B84
:104720001344B3FBF1F18900016417490AE0012049
:1047300030BD134B5B421344B3FBF1F189000164BC
:104740000F490839C163022180F82110136843F62C
:10475000F0718B43F0E901142143D0E902452C4369
:104760002143046921434469214384692143194356
:10477000116000214163012242770177084630BD74
:1047800008040240F8FFFDBF0000024070B5044677
:1047900090F82000002501280CD0012084F820008A
:1047A00094F821600020012E06D084F82000022514
:1047B000284670BD022070BD022684F82160A063E7
:1047C0002068066826F0010606602046FCF794FD86
:1047D000E06A00282068016802D041F00E0106E07E
:1047E00021F0040101602068016841F00A010160C4
:1047F0002068016841F001010160D9E72DE9F04727
:10480000054626480F460126017E01290FD00121C9
:10481000814601762868DFF888804CF250340228FF
:1048200008D0A2462046FFF76DFAA8B131E0022079
:10483000BDE8F0872046FFF765FA08BB0120FFF7C7
:1048400001FA2046FFF75EFAD8F81010064621F06C
:104850000401C8F810101CE04FF0FF303860AC685D
:1048600011E02046FFF700FA5046FFF74BFAD8F860
:104870001010060021F00201C8F8101001D03C60B1
:1048800007E004F50064D5E9020100EBC120A04275
:10489000E7D8002189F818103046C9E7080A002037
:1048A000002002400348016941F0800101610020BD
:1048B00070470000002002402DE9F05F07461C48C9
:1048C00088460024017E15461E46012909D0012193
:1048D000814601764CF2503A5046FFF713FA18B170
:1048E00022E00220BDE8F09F012F02D0022F00D06D
:1048F0000427D346DFF83CA0220128463146FBF7C7
:1049000081FC81B208EB4400FFF7C0F95846FFF77D
:10491000F9F9DAF8102022F00102CAF8102018B9CB
:10492000641CE4B2BC42E7D3002289F81820D9E71E
:10493000080A002000200240064900200A691206E9
:1049400007D5054A4A60054A4A600969090600D543
:10495000012070470020024023016745AB89EFCD5D
:104960002DE9F047324C0746DFF8C8802088324DE9
:104970004FF07E59B8422DD198F80000002855D14B
:104980004946A069FBF77FFCA0614FF08040E061E1
:104990006188606800F060F9002630B16188606865
:1049A00000F05AF9012808D00EE0A878401CC0B2E7
:1049B000A870052808D9AE7006E0A87808B90620C6
:1049C000A870C0B2401EA8701C486E701D490660D9
:1049D0001B480860208DB84228D198F800000028B4
:1049E00024D14E464946206CFBF74DFCC4E9100625
:1049F000618DE06A00F030F980B1618DE06A00F00D
:104A00002BF9012812D1E06BFBF779FEC3B26A786B
:104A1000A9780120BDE8F04703F068B8E06BFBF728
:104A20006EFEC3B26A78A9780020F3E7BDE8F0878C
:104A3000945100208407002080070020940000206B
:104A4000CDCCCC3D74000020044910B50A68024268
:104A500002D00860FFF784FF10BD0000140401407D
:104A60002DE9F84FDFF8C8910024A9F1040B234683
:104A70000F2709F1040AABF1040ED1E00125A5408E
:104A800006EA0502AA4276D1DFF8A8C14E68A6EB75
:104A90000C0866452BD00DDC032E34D005DC36B374
:104AA000012E19D0022E2FD11BE0112E16D0122E5E
:104AB0002AD119E0B8F5881F19D006DCB8F5803F77
:104AC00015D0B8F5801F1FD111E0B8F5001F0ED02A
:104AD000B8F5041F18D10AE0CB6815E0CB681B1DA0
:104AE00012E0CB6808330FE0CB680C330CE08B6826
:104AF0002BB1012B4FF0080303D0456104E00423E0
:104B000002E0056100E00023FF2A01D8064601E02B
:104B100000F104064FEA840501D9A5F12005D6F875
:104B2000008007FA05FC28EA0C0803FA05F548EAB4
:104B30000508C6F800804D68ED0070D53E4DAE69A1
:104B400046F00106AE61AD6924F0030605F00105EB
:104B500000953A4D06EB050CDCF80850A607360F19
:104B600007FA06F825EA0805DFF8D480404503D1A6
:104B70004FF0000825E052E0DFF8C880404502D140
:104B80004FF001081DE0DFF8C080404502D14FF032
:104B9000020816E0DFF8B480404502D14FF0030868
:104BA0000FE0DFF8AC80404502D14FF0040808E088
:104BB000DFF8A080404502D14FF0050801E04FF03A
:104BC000060808FA06F848EA0508CCF808804D6897
:104BD000D9F80060ED024D4601D5164300E096433A
:104BE0002E604D68DAF80060AD02554601D51643D7
:104BF00000E096432E604D68DBF80060AD035D4633
:104C000001D5164300E096432E604D68DEF8006043
:104C1000ED03754601D5164300E096432E60641CF3
:104C20000A681646E2407FF429AFBDE8F88F00001D
:104C30000804014000001110001002400000014073
:104C400000080140000C0140001001400014014028
:104C500000180140001C01408068084000D001207D
:104C600070470AB1016170470904FBE70148806899
:104C7000704700000000002002488168027811445B
:104C80008160704700000020074810B5016841F0BE
:104C900010010160032000F075F80F2000F006F805
:104CA00000F024F8002010BD0020024070B50D4D2A
:104CB00004464FF47A712878B1FBF0F00A4909688C
:104CC000B1FBF0F000F0AEFB48B9102C07D2002287
:104CD0002146501E00F036F800206C6070BD0120A7
:104CE00070BD0000000000200C0000200C4808B53A
:104CF000816941F001018161816901F00101009147
:104D0000C16941F08051C161C06900F080500090DC
:104D10000448416821F0E06141F00071416008BD44
:104D20000010024000000140002809DB00F01F02D3
:104D3000012191404009800000F1E020C0F80011FD
:104D400070470000F0B40E4B1B680C46C3F30223FF
:104D5000C3F10705042D00D90425191D072901D227
:104D6000002300E0DB1E012606FA05F1491E214062
:104D700099409E40761E16403143F0BC03F0EABED7
:104D80000CED00E0064900F0070208684FF6FF034B
:104D9000184040EA0220034A1043086070470000B0
:104DA0000CED00E00000FA0510B501460020284C8B
:104DB00004292FD00BDC012930D0022929D100F0A1
:104DC0006BF96168C1F38131491C49001FE0082972
:104DD00020D010291DD161682268D20119D51D4843
:104DE000C1F38342C903805C0AD56168194AC1F3E3
:104DF0004041921E515C184AB2FBF1F1484301E078
:104E0000164948436168490203D440000321B0FBBE
:104E1000F1F010BDBDE8104000F04EB9226AC2F3B7
:104E20000121012903D1920701D5C80310BD022930
:104E300005D1626A920702D549F6404010BD0329A8
:104E4000FCD121688903F9D54FF2244010BD000040
:104E5000001002408497000800127A0000093D000B
:104E60002DE9F84305460078354CC00754D0E06979
:104E70000026C00008D4E06940F08050E061E0699D
:104E8000012600F0805000902E480168C90512D418
:104E90000168804641F480710160FFF7E7FE074634
:104EA00005E000BFFFF7E2FEC01B642823D8D8F856
:104EB0000000C005F6D5206A10F4407021D0A98802
:104EC00001F4407181421CD0206A1F49012220F464
:104ED00040700A6000220A602062C00711D0FFF70C
:104EE000C5FE074641F2883808E000BFFFF7BEFE66
:104EF000C11B414502D90320BDE8F883206A800721
:104F0000F4D5206A696820F44070084320621EB11D
:104F1000E06920F08050E0612878800705D560685E
:104F2000A96820F44040084360602878C00605D591
:104F30006068696920F48000084360600020DBE756
:104F40000010024000700040400442422DE9F0474A
:104F50000F46050061D0434E306800F00700B842AC
:104F600009D2306820F0070038433060306800F024
:104F70000700B84251D128683B4C810712D5400741
:104F800003D5606840F4E06060602878000703D5CE
:104F9000606840F4605060606068A96820F0F000CC
:104FA000084360602878C00728D06868012810D0BE
:104FB0002168022810D0890700292EDA616821F0C3
:104FC000030101436160FFF751FE804641F28839D9
:104FD0000DE021688903EFE78901EDE7FFF746FE61
:104FE000A0EB0801494502D90320BDE8F0876068BD
:104FF000696800F00C00B0EB810FEFD1306800F071
:105000000700B8420BD9306820F007003843306001
:10501000306800F00700B84201D00120E5E72878A9
:10502000400705D56068E96820F4E06008436060E7
:105030002878000706D56068296920F4605040EAA6
:10504000C100606000F038F86168084AC1F30311DC
:10505000515CC8400649086006480068FFF726FE14
:105060000020C2E700200240001002409497000890
:105070000C0000200400002004480549006849682D
:10508000044AC1F30221515CC84070470C00002063
:1050900000100240A49700080448054900684968C8
:1050A000044AC1F3C221515CC84070470C00002083
:1050B00000100240A49700080E4A51680E4801F003
:1050C0000C03042B11D0082B0FD10C48C1F38343E0
:1050D000C903C05C0AD55168084AC1F34041921E19
:1050E000515C054A5043B0FBF1F070470449484316
:1050F000704700000010024000127A00729700080A
:1051000000093D002DE9F84F040070D02078C04D13
:10511000C00749D06868C0F38100012807D06868DB
:10512000C0F38100022809D16868C00306D5286849
:10513000800339D560680028E7D035E06068B0F5B5
:10514000803F0BD010B1B0F5A02F11D0286820F40B
:1051500080302860286820F4802002E0286840F42D
:1051600080302860606890B1FFF780FD06460AE055
:10517000286840F480202860F0E700BFFFF776FD44
:10518000801B642873D828688003F7D50CE0FFF7EC
:105190006DFD064605E000BFFFF768FD801B642833
:1051A000F0D828688003F7D420789A4E80074FF013
:1051B00001094FF0000839D5686810F00C0F07D0CE
:1051C0006868C0F38100022809D16868C00306D46A
:1051D0002868800714D52069012808D110E02069CB
:1051E000B0B1C6F80090FFF741FD074605E00AE1BF
:1051F000FFF73CFDC01B0228C4D828688007F7D5FC
:105200002868616920F0F80040EAC10028600DE0DC
:10521000C6F80080FFF72AFD074604E0FFF726FDE9
:10522000C01B022823D828688007F7D420780007FD
:105230002CD57948A169D9B1C0F80090FFF716FDC7
:10524000074604E0FFF712FDC01B02280FD8686A6A
:105250008007F7D571484FF4FA510068B0FBF1F0C0
:10526000009000BF0098411E0091FAD20EE080E04D
:10527000C0F80080FFF7FAFC074604E0FFF7F6FCF1
:10528000C01B022875D8686A8007F7D420784007C9
:1052900060D5E8690027C00008D4E86940F0805074
:1052A000E861E869012700F0805000905C480168DF
:1052B000C90513D40168834641F480710160FFF78A
:1052C000D5FC824606E000BFFFF7D0FCA0EB0A0049
:1052D00064284ED8DBF80000C005F5D5E068012849
:1052E0000AD008B1052813D0286A20F001002862EE
:1052F000286A20F0040002E0286A40F001002862D9
:10530000E06841F2883B98B1FFF7B0FC82460BE0C1
:10531000286A40F004002862EEE700BFFFF7A6FC11
:10532000A0EB0A0159455AD8286A8007F6D50CE047
:10533000FFF79CFC824605E0FFF798FCA0EB0A0112
:1053400059454CD8286A8007F6D41FB1E86920F087
:105350008050E861E06988B36968C1F3810102297E
:1053600044D00228C6F8608004D0FFF77FFC0446D2
:1053700038E034E0FFF77AFC074604E0FFF776FCFC
:10538000C01B02282BD828688001F7D4206AB0F50A
:10539000803F05D16868A16820F400300843686048
:1053A000D4E908010843696821F47411084368606E
:1053B000C6F86090FFF75AFC044606E025E000BFFF
:1053C000FFF754FC001B022809D828688001F7D594
:1053D0001BE000BFFFF74AFC001B022802D9032094
:1053E000BDE8F88F28688001F4D40EE00128F7D0DA
:1053F0006868226A00F48031914204D1616A00F445
:105400007010884201D00120EAE70020E8E70000A0
:105410000010024000004242800442420C00002082
:105420000070004010B5401EB0F1807F01D3012014
:1054300010BD4FF0E02460610F21601703F08AFB7C
:105440000020A06107202061002010BD7047704738
:1054500010B590F83C20012A22D0012280F83C208F
:10546000CA688C6822F4407222434C6822F480623D
:1054700022430C6822F4006222430C6922F4805219
:1054800022434C6922F400522243C969002322F4CA
:1054900080420A4301684A6480F83C30002010BD15
:1054A000022010BD70B590F83C20012A2CD00124B8
:1054B00080F83C40022280F83D2003685A689D68CD
:1054C00022F070060A6832435A60104B02689A4212
:1054D0000ED00F4B9A420BD0B2F1804F08D00D4B3B
:1054E0009A4205D00C4B9A4202D00C4B9A4204D1FE
:1054F000496825F080031943916080F83D40002100
:1055000080F83C10084670BD022070BD002C0140A0
:10551000003401400004004000080040000C00403E
:1055200010B5040003D094F83D0010B107E001204D
:1055300010BD002084F83C00204600F01FF8022037
:1055400084F83D00211D206802F052FD012084F8FE
:10555000460084F83E0084F83F0084F8400084F858
:10556000410084F8420084F8430084F8440084F841
:10557000450084F83D00002010BD000008B5154A24
:105580000168154891420ED1C16941F00801C1611D
:10559000C069002200F00800009007213220FFF7C8
:1055A000D1FB322010E00D4A914211D1C16941F086
:1055B0001001C161C069002200F0100000900621B6
:1055C0003620FFF7BFFB3620BDE80840FFF7ACBB35
:1055D00008BD0000000C0040001002400010004018
:1055E00090F83D10012901D001207047022180F878
:1055F0003D100168CA6842F00102CA6000680E49A5
:1056000088420ED00D4988420BD0B0F1804F08D0AF
:105610000B49884205D00B49884202D00A4988428A
:1056200004D1816801F00701062903D0016841F027
:105630000101016000207047002C0140003401404E
:105640000004004000080040000C004070B5044613
:1056500090F83C000025012817D0012684F83C6012
:10566000022084F83D002068826822F0770222F44C
:105670007F4282600868502838D00DDC20284FD047
:1056800005DC90B3102811D14AE0022070BD30280B
:1056900046D040280AD13BE060282FD070280DD09A
:1056A000B0F5805F03D0B0F5005F12D0012584F81B
:1056B0003D60002084F83C00284670BDCB68D1E9ED
:1056C0000121206802F0EFFC2068816841F0770139
:1056D00009E0CB68D1E90121206802F0E4FC2068F0
:1056E000816841F480418160E1E719E0CA68496856
:1056F000206802F0ADFD5021206806E0CA684968C4
:10570000206802F0EDFD6021206802F0D6FCCEE7B3
:10571000CA684968206802F09BFD40212068F4E7D0
:10572000226801461046F0E770B50446006821493A
:10573000214D884224D1207F204E012805D1306898
:10574000406B28600020FBF7FFFB207F022805D17B
:105750003068806B68600120FBF7F6FB207F04282F
:1057600005D13068C06BE8600320FBF7EDFB207FBC
:10577000082805D13068006C68610520FBF7E4FB60
:105780002068B0F1804F14D1207F0D4E042805D140
:105790003068C06B28610420FBF7D6FB207F082807
:1057A00007D13068006CA860BDE870400220FBF7AC
:1057B000CBBB70BD0004004068660020A408002038
:1057C0005C0800202DE9F041054690F83C000026D9
:1057D0000C46012810D0012085F83C0072B1042A43
:1057E0001CD0082A2CD00C2A50D00126002085F885
:1057F0003C003046BDE8F0810220FBE7D4E900120E
:10580000E368286802F036FD2868816921F00C0100
:10581000816128688169A26811430FE0D4E9001210
:10582000E368286802F06EFD2868816921F4406110
:10583000816128688169A26841EA02218161D5E716
:105840002868D4E9002C277B036A016A21F480715F
:105850000162C16923F4007321F0030141EA0C01E4
:1058600021F0F00C39074FF400774CEA116107EA98
:1058700002221A43C16102622868C16921F00C0149
:10588000C1612868C169A26811432BE02868D4E986
:105890000021E768036AD0F820C02CF4805CC0F8CF
:1058A00020C0D0F81CC023F400532CF4407C4CEAF8
:1058B000012121F4704C4FF6FF7101EA07314FF4DA
:1058C000005741EA0C0107EA02321A43C161026241
:1058D0002868C16921F44061C1612868C169A26872
:1058E00041EA0221C16181E710B5040003D094F8B8
:1058F0003D0010B107E0012010BD002084F83C00FD
:10590000204600F01FF8022084F83D00211D206889
:1059100002F06EFB012084F8460084F83E0084F813
:105920003F0084F8400084F8410084F8420084F885
:10593000430084F8440084F8450084F83D000020CA
:1059400010BD000030B585B000240094019402948D
:10595000039400682F49304DB0F1804F32D02F4A68
:1059600090422DD1C86940F00200C861C86900F0BA
:1059700002000490886940F004008861886900F0A2
:1059800004000490886940F00800886188696946CD
:1059900000F008000490C02000902148FFF760F854
:1059A0000320CDE90004694628460294FFF758F821
:1059B000002208211D20FFF7C5F91D20FFF7B4F9CB
:1059C00005B030BDC86940F00100C861C86900F089
:1059D00001000490886940F0080088618869694680
:1059E00000F0080004904FF4406000902846FFF754
:1059F00037F80C48416821F4407141F0E06141F40E
:105A000000714160002208211C20FFF79BF91C2037
:105A1000D4E7000000100240000C014000040040E8
:105A2000000801400000014030B50446002551B196
:105A300004290DD0082910D094F8412094F845008D
:105A4000012A11D10EE094F83E2094F84200F7E7C5
:105A500094F83F2094F84300F2E794F8402094F83B
:105A60004400EDE7012801D0012030BD022059B1EA
:105A7000042912D0082919D084F8410084F845007F
:105A80000C293ED001253AE084F83E0084F842001B
:105A90002068C26842F0020210E084F83F0084F8F7
:105AA00043002068C26842F0040207E084F8400026
:105AB00084F844002068C26842F00802C2600122F3
:105AC000206802F0E3FA1149206888420ED010499C
:105AD00088420BD0B0F1804F08D00E49884205D0E3
:105AE0000D49884202D00D49884204D1816801F0F5
:105AF0000701062903D0016841F001010160284631
:105B000030BD2068C26842F01002D7E7002C014087
:105B1000003401400004004000080040000C004038
:105B20002DE9F04104460068C66805694FF000079A
:105B3000A90713D5B10711D5F91E016101202077FE
:105B4000206880698007204602D0FFF7EDFD04E061
:105B500000F0BCF8204600F06DF92777680716D5ED
:105B6000700714D521686FF00400086102202077C7
:105B70002068806910F4407F204602D0FFF7D4FDF2
:105B800004E000F0A3F8204600F054F92777280736
:105B900015D5300713D521686FF00800086104207F
:105BA00020772068C0698007204602D0FFF7BCFD3F
:105BB00004E000F08BF8204600F03CF92777E80677
:105BC00016D5F00614D521686FF010000861082082
:105BD00020772068C06910F4407F204602D0FFF78C
:105BE000A3FD04E000F072F8204600F023F92777C7
:105BF000E80708D0F00706D021686FF001000861BF
:105C0000204600F073F9280608D5300606D521682D
:105C10006FF0800008612046FFF718FC680608D581
:105C2000700606D521686FF040000861204600F03C
:105C3000C5F9A8060AD5B00608D521686FF020007E
:105C400008612046BDE8F041FFF701BCBDE8F081E6
:105C500000B585B000210091019102910391164B8E
:105C60000268164802219A420FD1826942F004026A
:105C700082618069039100F0040004904FF4606039
:105C8000CDE9000169460E4811E00E4B9A4210D151
:105C9000826942F0080282618069039100F0080085
:105CA00004904FF47070CDE9000169460648FEF794
:105CB000D7FE05B000BD0000002C014000100240DE
:105CC0000008014000080040000C0140704770B51A
:105CD000044690F83C0000260D4601280FD0012014
:105CE00084F83C006AB1042A1DD0082A2FD00C2A5F
:105CF0003FD00126002084F83C00304670BD0220D1
:105D000070BD206802F0E2F92068816941F0080165
:105D100081612068816921F00401816120688169C5
:105D20002A69114311E0206802F000FA20688169B5
:105D300041F4006181612068816921F480618161A1
:105D4000206881692A6941EA02218161D2E72068DD
:105D500002F022FA2068C16941F00801C16120689F
:105D6000C16921F00401C1612068C1692A69114338
:105D700011E0206802F044FA2068C16941F4006132
:105D8000C1612068C16921F48061C1612068C16975
:105D90002A6941EA0221C161ACE710B5040003D0D1
:105DA00094F83D0010B107E0012010BD002084F8F8
:105DB0003C00204600F01EF8022084F83D00211D22
:105DC000206802F015F9012084F8460084F83E00AE
:105DD00084F83F0084F8400084F8410084F84200D1
:105DE00084F8430084F8440084F8450084F83D00BA
:105DF000002010BD08B50C4A01680C48914207D13B
:105E0000816941F400618161806900F4006009E00A
:105E1000074A914207D1C16941F00401C161C069DB
:105E200000F00400009008BD002C0140001002406A
:105E3000000800407047000010B50446022249B136
:105E400004290ED0082913D094F84100012816D057
:105E5000012010BD94F83E000128F9D184F83E20BD
:105E60000FE094F83F000128F2D184F83F2008E0C9
:105E700094F840000128EBD184F8402001E084F838
:105E800041200122206802F001F913492068134AD9
:105E9000884201D0904203D1436C43F400434364F1
:105EA000206888420DD090420BD0B0F1804F08D0CE
:105EB0000B49884205D00B49884202D00A498842E2
:105EC00004D1816801F00701062903D0016841F07F
:105ED00001010160002010BD002C01400034014090
:105EE0000004004000080040000C00402DE9F04193
:105EF00001682C482C4C814207D12088401C80B27C
:105F00002080C82801D3002020802848814246D123
:105F1000274D2188274E2888884201D2002200E0A0
:105F2000012208213046FEF79CFE688821888842BD
:105F300001D2002200E0012204213046FEF791FE4A
:105F4000A88821881C4F884201D2002200E001224B
:105F500040213846FEF785FEE8882188884201D234
:105F6000002200E0012202213046FEF77AFE288955
:105F70002188884201D2002200E001228021384697
:105F8000FEF76FFE68892188884201D2002200E076
:105F900001223046BDE8F0410121FEF762BEBDE8B6
:105FA000F0810000000C004088000020001000403C
:105FB0004C650020001401400010014070477047FC
:105FC00070B5026804461068D168536910F00F0F6D
:105FD00056D003F0010501F490762E436AD0C20733
:105FE00005D0CA0503D5226C42F0010222644207A3
:105FF00005D5DA0703D0226C42F002022264820740
:1060000005D5DA0703D0226C42F0040222640207AD
:1060100007D501F020022A4303D0226C42F0080287
:106020002264226C002A3ED0800608D5880606D558
:1060300094F83D00222820462FD002F0DBFA206899
:106040004069216CC0F38010090700D460B320467A
:1060500002F010FA20684169490621D5416921F012
:1060600040014161A06BD8B138494163A06BFEF794
:1060700093F9002817D0A06B416BBDE8704008472A
:10608000830617D58B0615D594F83D00222819D123
:106090002046BDE8704002F0FBB902F0F9F9CEE706
:1060A0002046FFF78CFF70BD2046FFF788FF0020D9
:1060B000206470BD030634D50B0632D594F83D003C
:1060C000122804D02046BDE8704002F093BA94F83C
:1060D0003D001228EDD1A068B0F5805F01D12069A4
:1060E000B0B1606A411C6162216800784860608DCF
:1060F000401E0004000C6085DBD12068C16821F0DF
:106100008001C1602068C16841F04001C16070BD7C
:10611000606A0088C0F308005060606A801C60629A
:10612000E5E74006F3D54806F1D5D168204621F0D1
:106130004001D16021684A6922F001024A610121CF
:1061400084F83D1000F07BF870BD00006584000805
:1061500070B5040004D094F83D00002510B106E0AD
:10616000012070BD84F83C50204600F01BF802204E
:1061700084F83D00204602F0D3F92068016921F43B
:10618000804101612068416921F02A014161206854
:10619000C16841F40051C1602564012084F83D00CC
:1061A000002070BD30B585B00024009401940294A5
:1061B000039400681D49884235D11D48C16941F4E6
:1061C0008021C161C16901F480210491816941F09C
:1061D000100181618069174D00F0100004904FF4A8
:1061E000A0500090022001900320039069462846A9
:1061F000FEF736FCE814CDE900046946284602940F
:10620000FEF72EFC0C48416821F0300141F0E061BE
:1062100041F010014160002205212720FEF792FD88
:106220002720FEF781FD05B030BD0000004800408A
:10623000001002400010014000000140704770470C
:106240007047000070B500211348FFF7F5FD124DAF
:1062500000242868446304212846FFF7EDFD2868E0
:10626000846308212846FFF7E7FD2868C4630C21F2
:106270002846FFF7E1FD2868046404210748FFF77A
:10628000DBFD064D2868846308212846FFF7D4FD0E
:106290002868C46370BD0000EC08002014080020CA
:1062A00070B50D46044600F019F9782000F0D4F8D6
:1062B00000F064F9204600F0CFF800F05FF92846BE
:1062C00000F0CAF800F05AF9BDE8704000F02EB9AD
:1062D00010B5012202211F48FEF7C3FC0C211E4805
:1062E000FFF7AAFD012211031C48FEF7BAFC00F0DB
:1062F000F5F8782000F0B0F800F040F9AA2000F09E
:10630000ABF800F03BF900F011F90520FBF70CF9B0
:10631000C0210846FFF7C4FFC021C220FFF7C0FF1D
:106320000121D020FFF7BCFFF4218220FFF7B8FF46
:1063300001218420FFF7B4FF0C218820FFF7B0FF74
:1063400003218620FFF7ACFFBDE81040FF2000F0DE
:1063500007B800000018014014080020000C01409C
:10636000094A30B100215054491CC9B27829FAD3E6
:1063700006E0002001461154401CC0B27828FAD330
:10638000014800F003B800000C51002070B505462C
:1063900000F0A4F8782000F05FF800F0EFF880201B
:1063A00000F05AF800F0EAF8002000F055F800F08C
:1063B000E5F80024285D00F04FF800F0DFF8641CD9
:1063C000E4B2782CF6D3BDE8704000F0AFB8FEE739
:1063D0000D4A10B5136890F90010D9630B4990F974
:1063E00001300C68A363126890F9023093630B6864
:1063F00090F903205A630B6890F904201A64096825
:1064000090F90500C86310BD14080020EC080020B6
:1064100006484FF400410160002141600121816084
:106420000321C16001460248FEF71ABB84510020D7
:10643000000C014006484FF4004101600121416019
:1064400081600321C16001460248FEF709BB0000DC
:1064500084510020000C01402DE9F047074600243C
:10646000FFF7E8FF1C4D4FF4004600223146284656
:10647000FEF7F7FB4FF40059002249462846FEF785
:10648000F0FB0520FBF75CF8B2464FF001084E46E2
:10649000C4F1070108FA01F0384201D0012200E0FE
:1064A000002251462846FEF7DCFB0520FBF748F8A2
:1064B000012231462846FEF7D4FB0520FBF740F8C1
:1064C000002231462846FEF7CCFB641CE4B2082CBF
:1064D000DED3BDE8F0870000000C014070B5FFF787
:1064E000A9FF0122104DD40321462846FEF7B9FB2F
:1064F0000122560331462846FEF7B3FB0520FBF781
:106500001FF8002221462846FEF7ABFB0520FBF7CB
:1065100017F8002231462846FEF7A3FBBDE870407D
:106520000520FBF70DB80000000C014070B5FFF727
:1065300081FF114D4FF40044002221462846FEF70A
:1065400090FBA610002231462846FEF78AFB052064
:10655000FAF7F6FF012231462846FEF782FB0520B6
:10656000FAF7EEFF012221462846FEF77AFBBDE846
:1065700070400520FAF7E4BF000C014070B500241C
:10658000FFF746FF01220D4D560331462846FEF720
:1065900068FB0520FAF7D4FFB1002846FEF75CFB44
:1065A000012800D10124002231462846FEF759FB7C
:1065B0000520FAF7C5FF204670BD0000000C014021
:1065C0002DE9F0470025DFF89C80274F81462E46B5
:1065D00005EBC50108EBC1046078A0B357F825109E
:1065E0004846F9F750FE47F82500B0F17C5F2FDBF5
:1065F000A08840B1A07B401C40B2A073032803DDFB
:106600000120A07300E0A673B4F9180028B194F833
:106610002610C94384F8261001E084F82660616BD7
:1066200091B1218C29B194F8261094F9442091421B
:106630000AD018B194F82700032805D114F8440FA4
:10664000C043207002E009E084F8446047F8256008
:106650006D1CEDB2062DBBD3BDE8F087A67384F8A0
:106660002660F1E7F46A0020586500202DE9F04724
:10667000824608A81F4690E810030B4688F00045A4
:1066800089F0004611461846F9F74FFE0146E060D2
:106690002846FAF7C7F807D34146E068FAF7C2F888
:1066A00001D2454600E0E568E56028462169F9F732
:1066B0003CFE3968F9F73FFE206029467868F9F713
:1066C0003AFE5146F9F737FE014660603046FAF768
:1066D000A9F807D349466068FAF7A4F801D24E46F4
:1066E00000E066681AF0FF4FB14666602DD0514653
:1066F0004FF07E50F9F751FE064620690121804691
:10670000F9F789FEE1680D46F9F712FE6169F9F7BC
:10671000BAFDB968F9F70FFE3146F9F70CFE0646E7
:10672000A06049462068F9F7AEFD3146F9F7ABFDA8
:10673000616AF9F7A8FD6062B0F5000F01DA002088
:106740006062C4E90458BDE8F0870026D5E7000080
:106750002DE9FE4F00244D48009401944A490294CB
:106760000160891581600126067304750C25056199
:106770004FF460214460C161FDF7A0FC08B1FDF752
:106780005FFA4FF00508CDE900864FF0070969462A
:106790003E48CDF80890FDF70FFC08B1FDF750FA20
:1067A0004FF0040B4FF0020ACDE900BA69463748B2
:1067B000FDF702FC08B1FDF743FA0E200327CDE9EF
:1067C000000769463148FDF7F7FB08B1FDF738FAD5
:1067D0000F20CDE9000B69462C48FDF7EDFB08B111
:1067E000FDF72EFACDE9006869462848FDF7E4FB7D
:1067F00008B1FDF725FA0620CDE900406946234897
:10680000FDF7DAFB08B1FDF71BFA0D20CDE9000911
:1068100069461E48FDF7D0FB08B1FDF711FA0820C4
:10682000CDE9005069461948FDF7C6FB08B1FDF7F0
:1068300007FA0920CDE900A069461448FDF7BCFB22
:1068400008B1FDF7FDF90A24CDE9007469460F4847
:10685000FDF7B2FB08B1FDF7F3F90B2000900190B2
:1068600069460A48FDF7A8FB08B1FDF7E9F9694652
:106870000648CDE90045FDF79FFB002801D0FDF754
:10688000DFF9BDE8FE8F000000240140A0070020D2
:10689000094808B5416941F00101416140690022A0
:1068A00000F00100009011460B20FEF74BFABDE806
:1068B00008400B20FEF738BA001002402DE9F04FD7
:1068C00085B000244C48009401940294039481699B
:1068D00041F010018161816901F010010491816929
:1068E00041F004018161816901F004010491816931
:1068F00041F008018161816901F008010491816919
:1069000041F020018161816901F0200104918169D8
:1069100041F0400181618069DFF8E08000F04000D3
:10692000049000224FF430414046FEF79AF9DFF818
:10693000D0900022C0214846FEF793F9DFF8C4A0AA
:1069400000220F215046FEF78CF9DFF8BCB0002280
:1069500003215846FEF785F94FF4805001250226A1
:10696000CDE90005CDE9024669464046FEF778F8D4
:106970004FF42040CDE900050327CDE902576946D1
:106980004046FEF76DF84FF4AC60CDE9000469466F
:1069900050460294FEF764F84FF4207000901B48B4
:1069A000CDE9010469465046FEF75AF8C020CDE90A
:1069B0000005CDE9024669464846FEF751F80F202A
:1069C000CDE90005CDE9024669465046FEF748F894
:1069D00000970396CDE9015469465846FEF740F802
:1069E000002205211720FEF7ADF91720FEF79CF9CC
:1069F00005B0BDE8F08F000000100240000C01401F
:106A00000010014000140140001801400000111066
:106A100010B592B000240F941C2168461094F9F729
:106A20001AFC202107A8F9F716FC2848264901601E
:106A30002321C0E90114C721C0E903144461846122
:106A4000FFF7ABF908B1FDF7FBF80F940FA91F484A
:106A50001094FEF727FD08B1FDF7F2F86020CDE9AC
:106A600000040220CDE9020404940594042269463E
:106A700016480694FFF72BF908B1FDF7E1F8082254
:106A800069461248FFF723F908B1FDF7D9F80C223F
:106A900069460E48FFF71BF908B1FDF7D1F80794D6
:106AA000089409944FF400500A94CDE90B4007A9CB
:106AB00006480E94FEF7CCFC08B1FDF7C1F8034878
:106AC000FFF7C6F812B010BD002C014014080020DA
:106AD00010B586B000241D480594049400940194D8
:106AE00002944FF080410394016041F61F41C0E9D8
:106AF00001144FF6FF71C0E903148461FEF7F4FE40
:106B000008B1FDF79DF8049404A910480594FEF718
:106B1000C9FC08B1FDF794F80120CDE90040082038
:106B2000CDE90240024669460848FEF74BFE08B12F
:106B3000FDF786F80C2269460448FEF743FE00285C
:106B400001D0FDF77DF806B010BD00005C08002004
:106B500010B586B00024264805940494009401944E
:106B6000029422490394016041F61F41C0E90114D7
:106B70004FF6FF71C0E903148461FEF7B5FE08B15A
:106B8000FDF75EF8049404A919480594FEF78AFC01
:106B900008B1FDF755F80120CDE900400820CDE906
:106BA0000240002269461248FEF70CFE08B1FDF7CC
:106BB00047F8042269460E48FEF704FE08B1FDF7C7
:106BC0003FF8082269460A48FEF7FCFD08B1FDF7C8
:106BD00037F80C22694606480394FEF7F3FD0028B7
:106BE00001D0FDF72DF806B010BD000000040040F4
:106BF000A408002010B58AB0002407941C21684620
:106C00000894F9F728FB2248204901602321C0E9B4
:106C10000114C721C0E903148461FFF7BEF808B16D
:106C2000FDF70EF8079407A919480894FEF73AFCF7
:106C300008B1FDF705F86020CDE9000402200290BC
:106C40000022694604941248FFF741F808B1FCF7A6
:106C5000F7FF042269460E48FFF739F808B1FCF740
:106C6000EFFF082269460A48FFF731F808B1FCF740
:106C7000E7FF0C2269460648FFF729F808B1FCF740
:106C8000DFFF0348FEF7E4FF0AB010BD0008004034
:106C9000EC08002010B586B000241648009401943A
:106CA0000294039404941249059401604721C0E9B9
:106CB00001140F21C0E903148461FEF731FC08B10F
:106CC000FCF7BEFF4FF48050009069460948FEF77C
:106CD000BDFC08B1FCF7B4FF049404A90548059471
:106CE000FEF7E0FB002801D0FCF7AAFF06B010BDBC
:106CF000000C0040340900201CB500240E4800940C
:106D00000C49019401604721C0E901140F218461FD
:106D1000C160FEF705FC08B1FCF792FF00946946DC
:106D200005480194FEF7BEFB002801D0FCF788FF60
:106D30001CBD0000001000407C0900200D4810B56B
:106D40000B4901604FF4E1314160002181600C2268
:106D5000C160C0E904128161C1610162FFF7F8F905
:106D6000002803D0BDE81040FCF76ABF10BD00004A
:106D700000480040C4090020FEE70000FEB50C46B4
:106D8000074601EBC4001649154601EBC000B0F9F7
:106D90001C00F9F77CFC06462846F9F778FC01460A
:106DA000124804EB84050F4A00EBC5050E4B009515
:106DB000CDE90132A0F10C0332463846F9F72AFF3B
:106DC000686AF9F783FC002801DA002004E0B0F5D6
:106DD000C87F01DB40F28F1005490855FEBD000059
:106DE000F46A0020000096430000C84208690020B1
:106DF0007407002010B5114C012211462046FDF702
:106E000030FF012202212046FDF72BFF0122042141
:106E10002046FDF726FF012208212046FDF721FF2D
:106E2000074C012240212046FDF71BFF204601228E
:106E3000BDE810408021FDF714BF000000140140A0
:106E4000001001402DE9F14F0024374FDFF8DCA09E
:106E5000374DDFF8E08084B04FF07E5BA14600BF85
:106E600004EBC40107EBC100427892B3B0F90860AB
:106E700086B317F8311079B104EB840005EBC00636
:106E8000706A10F0FF4F03D05946F9F74EFA70625E
:106E900010F1FF4F34D21FE0B0F90600F9F7F7FB0D
:106EA00003903046F9F7F3FB0146234804EB8402D4
:106EB00005EBC206CDE9006002901D4BDDE9032021
:106EC0000C3BF9F7A7FE716A5046814203DD084684
:106ED00002E017E005E07062F9F7F8FB08F804003B
:106EE00018E004EB840005EBC006706A10F0FF4F59
:106EF00003D05946F9F719FA706201465045E6DAAF
:106F00004846E8E704EB840105EBC1010B48486003
:106F100008F80490641CE4B2062CA1D305B005481F
:106F2000BDE8F04F00F00CB8F46A00200000A0416A
:106F3000F467002068070020000048430000C841B3
:106F4000044A0021435C22F81130491CC9B20629C9
:106F5000F8D370474C650020044803490160044998
:106F600041600021816070470BD7233DE867002016
:106F700090C2753D08B502F0CDFA0090FFF7ECFF26
:106F8000054C2046FFF75EFF2046FAF75FF83221F6
:106F9000684602F081FAF4E7CDCC4C3DFEE70000F4
:106FA000134F144D07F118085FF0000457F8240040
:106FB000F9F7D8FB01F0E8FBF9F7B5FB04EBC401E6
:106FC00005EBC106F08358F82400F9F7CBFB01F07C
:106FD000DBFBF9F7A8FB641CE4B2B083062CE5D315
:106FE000054800F09FF80A2002F006F9DCE70000EF
:106FF00004650020F46A00200AD7233C2DE9F04103
:1070000050212548FCF716FF234C0126DFF88C8021
:107010002078234D234FAA2802D16078B92819D0AF
:1070200000F042F85FF0000004EB400200EBC0010A
:1070300005EBC10153888B80D2890A8304EB80025F
:10704000401CD269C0B20A630628EDD388F80060FC
:107050003E7018E05FF0000004EB400200EBC0015E
:1070600005EBC10153888B80D2890A8304EB80022F
:10707000401CD269C0B20A630628EDD388F80060CC
:107080003878002805D000203870BDE8F04100F0C5
:107090002DB8BDE8F0810000006600203807002010
:1070A000F46A00203007002070B50E49AA200E4E69
:1070B00008700020024640F2DC544FF4B97500BF5E
:1070C00001EB40035C80DD8101EB8003401CC0B21A
:1070D0005E63DA610628F3D381F84C20B92048704A
:1070E00070BD00000066002000007A445021014875
:1070F000FCF7BCBE0066002070B5084C0025217866
:1071000051B16168F9F7BFF86060B0F17C5F02DBF4
:10711000FFF7ECFF257070BD656070BD3007002083
:10712000F9F734B82DE9F05FDFF8E4904C46D9F870
:107130000410F9F7A8F8394D6060DFF8D8A0DFF83F
:10714000D8800024A5F1300B0AEB84074046796B08
:10715000F9F723F9064635F82400F9F7A1FA0121D9
:1071600001EB4401C9B2FCF7F7FD3146F9F7E3F84A
:107170004BF824005E464046796BF9F70EF9074656
:1071800005EB84004088F9F78BFA6106090EFCF7DD
:10719000E3FD3946F9F7CFF82049183941F82400C2
:1071A000641CE4B2062CCFD3D9F804004F46B0F1EA
:1071B0007E5F2ADB0024DFF868A0DFF8689088464D
:1071C0004FEA040B56F82400F9F7CCFA01F0DCFA88
:1071D000F9F7A9FA04EBC40209EBC205E88358F8F1
:1071E0002400F9F7BFFA01F0CFFAF9F79CFA00B2E0
:1071F000A88356F82420524500DAE88B641C688383
:10720000E4B2C7F804B0062CDCD3BDE8F09F000060
:10721000800000200066002000007A4434650020D1
:1072200000800945F46A00202DE9F041074618481E
:107230001C46154600780E46532801D001F028FB65
:10724000EFF31182202080F3118811495FF00000D4
:1072500000EB400301EBC303DB691BB10B69401C6E
:107260008342F5DC0B6983420BDD00EB400301EB4D
:10727000C3018F61CE610D6200238B624B62CC62D1
:1072800001E04FF0FF30D1B281F31188BDE8F08109
:10729000A46C00202DE9F04104461548DDF8188063
:1072A0001D46007816460F46532801D001F0F0FA2B
:1072B0000F48032C18D2EFF31181202282F311889A
:1072C00004EB440200EBC20060302CB10760466062
:1072D000856000220261C260C0F81480C8B280F3E9
:1072E00011880020BDE8F0814FF0FF30FAE7000080
:1072F000A46C00202DE9F04705461C4816460C46B4
:107300000078532801D001F0C3FA184905EB450075
:1073100001EBC007A046D7E91B95002460374D4517
:1073200011D9B868441BB44200D334467868224669
:1073300041194046F8F776FFB868361B2544A0444B
:10734000A84200D10025A9EB0500B04200D20646B4
:107350003EB17868324641194046F8F763FF34443D
:10736000354404B13D612046BDE8F087A46C00209F
:107370002DE9F0410F46194900EB400001EBC00434
:107380001646A16A656AE06918342844A94217D8EC
:10739000A268521B531EB34201D3324614E0194473
:1073A000B14219D315463946F8F73CFF2A46761BF9
:1073B00004D0B91832466068F8F734FFE66008E098
:1073C000491B491EB14207D33946F8F72BFFA819CC
:1073D000E0600120BDE8F0810020FBE7A46C002004
:1073E000084810B5054B064A014600F04DF8BDE8C7
:1073F00010404FF0805000F055BA0000B18B0008EB
:10740000FC97000800A24A0470B5EFF31185202014
:1074100080F311881B48A0F12F040146626804E044
:1074200042F0800301F8013BD2097F2AF8D801F825
:10743000012BA26805E000BF42F0800301F8013B88
:10744000D2097F2AF8D801F8012B226905E000BF94
:1074500042F0800301F8013BD2097F2AF8D801F8F5
:10746000012B002201F8012B182201F0A1FAE8B249
:1074700080F31188606A002802D0BDE870400047A0
:1074800070BD00008B7500202DE9F8431E4617469D
:107490008846814600234FF480620D490DA0FFF716
:1074A000C3FE0E4CC0B200256070207608230C4A43
:1074B00008A10095FFF7EEFE0A4825614068C4F870
:1074C0000490C4E90280C4E908762570BDE8F88319
:1074D0005C71002053797356696577005C750020F4
:1074E00094070020001000E010B5EFF31184202075
:1074F00080F3118804481122014601F059FAE0B2E4
:1075000080F3118810BD00008B75002010B5014676
:10751000EFF31184202080F311880B48A0F12F0293
:1075200012698A1A014604E042F0800301F8013B27
:10753000D2097F2AF8D801F8012B082201F038FA85
:10754000E0B280F3118810BD8B75002010B50146A4
:10755000EFF31184202080F311880B48A0F12F0253
:1075600012698A1A014604E042F0800301F8013BE7
:10757000D2097F2AF8D801F8012B042201F018FA69
:10758000E0B280F3118810BD8B75002010B5014664
:10759000EFF31184202080F311880B48A0F12F0213
:1075A00012698A1A014604E042F0800301F8013BA7
:1075B000D2097F2AF8D801F8012B062201F0F8F948
:1075C000E0B280F3118810BD8B7500200A4810B519
:1075D000006A48B1006838B180470A460146BDE8F4
:1075E00010400D2000F02AB804484168BDE8104062
:1075F0000C2000F005B800005C750020001000E0D1
:1076000070B50246EFF31184202080F311880A48F8
:10761000034604E041F0800500F8015BC9097F29B9
:10762000F8D800F8011B0146184601F0C1F9E0B294
:1076300080F3118870BD00008B75002070B5054681
:10764000EFF31184202080F311880F48034604E0F3
:1076500041F0800600F8016BC9097F29F8D800F8CD
:10766000011B04E042F0800100F8011BD2097F2ACF
:10767000F8D800F8012B01462A46184601F098F97F
:10768000E0B280F3118870BD8B75002010B5024602
:10769000EFF31184202080F311880448014601F0A3
:1076A00087F9E0B280F3118810BD00008B750020CF
:1076B00070B501461E484468002C38D0002003E015
:1076C0002469002C33D0401C8842F9D3EFF3118693
:1076D000202080F31188174D284604E041F08002F5
:1076E00000F8012BC9097F29F8D800F8011BA1680F
:1076F00005E000BF41F0800200F8012BC9097F2995
:10770000F8D800F8011B8022216801F0F3F8014647
:107710001622284601F04CF9F0B280F31188002CB3
:1077200005D0E068002802D0BDE87040004770BD79
:107730008C0700208B750020054810B54468002C8C
:1077400004D0E06800B180472469F8E710BD00006C
:107750008C07002010B5EFF31184202080F31188EE
:107760000B4A0A480146127805E000BF42F0800348
:1077700001F8013BD2097F2AF8D801F8012B1B221E
:1077800001F016F9E0B280F3118810BD8B7500206E
:107790008C07002070B5EFF31185202181F311884B
:1077A000074C01468022204601F0A4F801460E2233
:1077B000204601F0FDF8E8B280F3118870BD0000AA
:1077C0008B7500202DE9F0410546EFF3118620204E
:1077D00080F311882C4C2968A4F12F0720463A69C0
:1077E000891A04E041F0800200F8012BC9097F29C1
:1077F000F8D800F8011BA96805E000BF41F080023D
:1078000000F8012BC9097F29F8D800F8011B2022B4
:10781000696801F06FF801460922204601F0C8F8B6
:1078200028683A692146801A05E000BF40F08002CE
:1078300001F8012BC0097F28F8D801F8010BE8688E
:1078400005E000BF40F0800201F8012BC0097F284D
:10785000F8D801F8010B286905E000BF40F080026C
:1078600001F8012BC0097F28F8D801F8010B00208E
:1078700001F8010B1522204601F09AF8F0B280F3CE
:107880001188BDE8F08100008B7500200448006A73
:10789000002803D04068002800D00047704700004F
:1078A0005C75002001490861704700005C7500208C
:1078B00001490969401A70475C75002070B5294C70
:1078C00001202070EFF31185202686F3118860785F
:1078D0000A222549FFF74CFDE8B280F311880A20FF
:1078E000FFF7D4FEEFF3118586F3118804F12F0022
:1078F0000146626805E000BF42F0800301F8013BE9
:10790000D2097F2AF8D801F8012BA26805E000BF50
:1079100042F0800301F8013BD2097F2AF8D801F830
:10792000012B226905E000BF42F0800301F8013B12
:10793000D2097F2AF8D801F8012B002201F8012B87
:10794000182201F035F8E8B280F31188606A00B1BE
:107950008047FFF73BFEFFF799FFBDE87040FFF758
:10796000F9BE00005C750020E097000870B5EFF3E9
:107970001184202080F311880748A0F12F05297871
:1079800029B10B22014601F013F800202870E0B263
:1079900080F3118870BD00008B75002070B5EFF387
:1079A0001185202181F311880A4C0146802220464E
:1079B00000F0A0FF012100F8011B002100F8011BCD
:1079C00001461A22204600F0F3FFE8B280F3118846
:1079D00070BD00008B750020F8F7B6BB2DE9F843A9
:1079E0000C46174680461E46052213A12046089DD8
:1079F000F8F73CFC00281CD0114A1068082804D372
:107A0000BDE8F8430F48FFF7C9BF00EB80010E4BFC
:107A1000401C43F8218003EB81013346C1E9014753
:107A2000C1E9036510603A4621464046009500F0E2
:107A300047F8BDE8F883000049444C4500000000C9
:107A40009C070020049800086876002070B51A4C46
:107A50002268002A2FD00021184B06E001EB810597
:107A600053F82550854202D0491C9142F6D3501E4E
:107A7000814204D101EB810003EB800015E09142CB
:107A800019D202EB820003EB800001EB810150F878
:107A9000142D43F8212003EB810142684A6082687B
:107AA0008A60C268CA6002690A611421F8F7D3FBD0
:107AB0002068401E206070BD9C0700206876002072
:107AC0002DE9F04186B00D4604461F4616461421A6
:107AD0006846DDF83080F8F7BEFB8DE8F0016846B7
:107AE000FFF770FE06B0BDE8F0810000F0B5514C24
:107AF00001EBC1014FF47A7504EBC10150B10024D0
:107B0000142B72D282B3012A5ED0022A5FD0032ADC
:107B100029D167E00A27484E4FF0640C40F2DC5050
:107B200040F61C44142B23D232B1012A04D0022A7D
:107B300009D0032A78D118E08A880A3212B28A80E2
:107B40000A2A27D022E0B1F91800A84201DA401D24
:107B500005E090FBF7F207FB12024ABB21E0088325
:107B600000B2A04257DC5FE02EE0086B3C3026E01C
:107B700032B1012A04D0022A0FD0032A54D11BE0CB
:107B80008A881E3212B28A801E2A03D082424BDDBE
:107B9000888049E0A1F804C046E0B1F91800A84285
:107BA00001DA0A30DBE790FBF7F207FB12020AB1B9
:107BB0000D8339E01430D2E7086B00F59670086346
:107BC000B04231DD0E632FE088880A3817E0B1F942
:107BD0001800A84201DC401F00E00A38088300B208
:107BE00017E002E0086B3C381AE032B1012A04D0F9
:107BF000022A0AD0032A17D10FE088881E3800B263
:107C00008880322810DA8C800EE0088B143800B29D
:107C10000883002808DC0C8306E0086BA0F596704A
:107C20000863002800DC0C6304494FF080400860C2
:107C3000F0BD0000F46A0020805101009400002093
:107C4000054C2046F9F782FA2046FFF755FA6420E2
:107C500001F0D2FAF5E70000CDCCCC3D2DE9F8419A
:107C60000E461149C0EBC000104F002401EB400547
:107C7000A1F1070805EB44000088ADF80000B85DED
:107C800018F8041008429DF801109DF8000001D07A
:107C90000A4600E0002200F0D3FF641CE4B2072C87
:107CA000E8D3BDE8F88100009F000020AC970008F1
:107CB000124E134F5FF0000505EBC50006EBC00444
:107CC000A08860812846F9F72DFB208B6084294627
:107CD0003846F9F77BFB206BE063606B6D1C3B3033
:107CE000EDB22064062DE7D3384600F0ABFB034825
:107CF000F9F74EFC642001F07FFADBE7F46A00201C
:107D0000CDCCCC3D08B501F005FC054C00902046DB
:107D1000F9F7CCFA3221684601F0BEFBF7E7000024
:107D2000CDCC4C3D1CB501F021FA3A490220CDE9F9
:107D300000010023802238A13C4801F07FFB354937
:107D400006201039CDE900010023802238A13B48EC
:107D500001F074FB2F4905201439CDE900010023FF
:107D6000802237A1394801F069FB2A4909202039CE
:107D7000CDE9000100234FF4807235A1384801F0AD
:107D80005DFB244903201C39CDE90001002380223A
:107D900034A1374801F052FB1E490A202439CDE9AD
:107DA00000010023802233A1354801F047FB194927
:107DB00004201839CDE900010023802231A1344884
:107DC00001F03CFB134908200C39CDE900010023E8
:107DD000802230A1334801F031FB0E4907200839D9
:107DE000CDE90001002380222FA1324801F026FBBB
:107DF00008490B20091FCDE90001002380222EA194
:107E0000304801F01BFB002001F012FABDE81C40D5
:107E100001F0BAB96407002043616C696272617451
:107E2000696F6E5F5461736B000000008D0E000877
:107E300053706565645F5461736B0000057D0008D5
:107E40004D6F746F725F5461736B0000756F000843
:107E500053686F775F446973706C6179000000004C
:107E6000B17C000845433131415F5461736B0000C0
:107E7000AD3B000842757A7A65725F5461736B009E
:107E8000690D00085054313030305F5461736B001D
:107E9000A16F000853657474696E675F5461736BFA
:107EA00000000000417C000854656D705F546173F0
:107EB0006B0000000184000854696D655F546173B4
:107EC0006B0000002584000810B5FCF7D5FE01F01A
:107ED00013FB012803D0BDE8104001F099BA10BD92
:107EE00030B595B028216846F8F7B5F914210AA8ED
:107EF000F8F7B1F918210FA8F8F7ADF90121080436
:107F0000CDE900100025029502240491CDE9074037
:107F10004FF4E01009906846FDF7F4F808B172B626
:107F2000FEE70AA90F2081E831004FF48060CDE917
:107F30000D0502210AA8FDF709F808B172B6FEE79F
:107F40004FF4004011900F940FA8FCF789FF002810
:107F500001D072B6FEE715B030BD70471CB5FFF713
:107F60003FFAFFF74BF8FBF7F1FDFBF743FEFEF797
:107F700069F9FBF74BFCF8F745FDFEF7A9F90A494B
:107F800008480860F8F700FF08490120CDE9000122
:107F90000023802206A1094801F050FABDE81C40E8
:107FA00001F0AAB9CDCCCC3D740000207C070020A4
:107FB00053746172745F5461736B0000257D000817
:107FC0000148FDF7ADBD00005C0800200148FDF749
:107FD000A7BD0000A40800200148FDF7A1BD0000D6
:107FE000340900200148FDF79BBD00007C090020FA
:107FF000F0B50268204C214D214E224F224B4FF00C
:10800000804CA04209D0984207D0604505D0A842D4
:1080100003D0B04201D0B84204D122F0700E4A68B9
:1080200042EA0E02A04209D0984207D0604505D02E
:10803000A84203D0B04201D0B84203D122F4407527
:10804000CA682A434D6922F080022A4302608A6886
:10805000C2620A688262A04201D0984201D10969D5
:108060000163012141610169C90703D0016921F060
:1080700001010161F0BD0000002C0140000400403E
:1080800000080040000C00400034014010B501F031
:108090001F030121046A99408C430462016A9A40DB
:1080A0001143016210BD10B5846842EA032224F432
:1080B0007F440A432243826010BD826822F070022E
:1080C0000A4342F00701816070470000F0B5036A7F
:1080D000026A22F00102026242688469124E24F0B0
:1080E00073050C682C4323F002058B682B430D4D60
:1080F000A84201D0B04205D123F00807CB683B432A
:1081000023F00403A84201D0B04205D14D6922F406
:10811000407215438A692A43426084614968416319
:108120000362F0BD002C014000340140F0B5026A4A
:10813000036A23F010030362436884690D6824F422
:10814000E64444EA05248D6822F0200242EA051242
:108150000F4D104EA84201D0B04206D1CF6822F098
:10816000800242EA071222F04002A84201D0B04247
:1081700007D14D6923F4406343EA85038D6943EADF
:10818000850343608461496881630262F0BD000039
:10819000002C014000340140F0B5026A036A23F468
:1081A000807303624368C46922F4007224F073058B
:1081B0000C68124E2C438D6842EA05220E4DA842EF
:1081C00001D0B04206D1CF6822F4006242EA072211
:1081D00022F48062A84201D0B04207D14D6923F455
:1081E000405343EA05138D6943EA05134360C461B4
:1081F0004968C1630262F0BD002C014000340140B7
:1082000030B5046A026A22F4805202624268C3698D
:108210000D6823F4E64343EA05238D6824F40054F3
:1082200044EA0534084DA84202D0084DA84204D1C2
:108230004D6922F4804242EA85124260C361496876
:108240000164046230BD0000002C01400034014094
:1082500010B5036A046A24F001040462846924F0FE
:10826000F00444EA021423F00A020A438461026221
:1082700010BD000070B5056A046A24F001040462B0
:108280008469124EB0420ED0114EB0420BD0B0F104
:10829000804F08D00F4EB04205D00F4EB04202D0F2
:1082A0000E4EB04203D124F00304144301E044F025
:1082B00001041A0724F0F00444EA126225F00A03CC
:1082C00001F00A0119438261016270BD002C014076
:1082D000003401400004004000080040000C004051
:1082E00010B5036A046A24F010040462846923F060
:1082F000A00324F4704444EA023243EA011182618B
:10830000016210BD30B5046A056A25F010050562EA
:10831000856925F4407545EA022222F470454FF63E
:10832000FF7202EA033224F0A0032A43A02404EAE5
:10833000011119438261016230BD00002DE9F0474F
:10834000DFF8788000241E4F8146254608F1060696
:1083500004EBC40007EBC000417819B319491A4A6D
:1083600051F824109142B0F920200DDBD2B118F859
:108370000430012B03D180F8275008F8045021461F
:108380004846FEF7FBFC0EE062B118F8043023B952
:1083900080F82750012008F804002146484600F0E4
:1083A00095F900E03555641CE4B2062CD0D3BDE845
:1083B000F0470248801DFEF70BB800006E07002052
:1083C000F46A0020046500200080094507484FF04A
:1083D0007E51016006494160064981608906FC3092
:1083E000016005494160054981607047FC680020D3
:1083F0006F12033C90C2F53C6F12033DEC51B83D47
:1084000008B501F087F80090FFF7E0FF044C204624
:10841000FFF794FF0A21684601F03EF8F7E70000F5
:108420000AD7233C08B501F075F8054C00902046AA
:10843000F8F7C6FD6421684601F02EF8F7E7000062
:10844000CDCCCC3D10B50446FEF7BAF82046BDE8C9
:108450001040F8F7D9BE00000148FDF7B1BD00009B
:10846000C409002010B5406A002141864185FDF70E
:10847000A6FD10BD0168CA6822F49072CA60016846
:108480004A6922F001024A61012180F83D107047DB
:1084900010B590F83D10222901D0022010BD82684D
:1084A0004FF480539A4201D1016921B1C16A9A42C5
:1084B0001ED04AB10AE00268C16A5268C2F30802DB
:1084C0000A80C16A891C08E002698AB102685268A0
:1084D00002F07F020A70C16A491CC162418E491EC6
:1084E0004186418E39B10068FF214160002010BDF6
:1084F00002685268EEE70168CA6822F02002CA608A
:108500000168CA6822F48072CA6001684A6922F070
:1085100001024A61012180F83D10FDF78FFEE5E779
:108520002DE9F04104460068C16821F00C01C160EA
:1085300020680169D4E906231A43E568236A21F417
:108540007C512B431A430A4342F4006101612268C3
:10855000D16841F20C6081432369A06818436369C4
:108560000B431843D0602068416921F44071416198
:108570001F49206864253226884202D1FCF78CFD11
:1085800001E0FCF779FD00EBC00101EB0011606830
:108590006FF0180C8000B1FBF0F3B3FBF5F3B1FB07
:1085A000F0F7B1FBF0F203FB0CF307EB830306EBF0
:1085B0000313B2FBF5F2B3FBF5F3120103F0F00382
:1085C00002EB4302B1FBF0F3B1FBF0F0B0FBF5F0CE
:1085D00000FB0CF003EB800006EB0010B0FBF5F0A5
:1085E000216800F00F0010448860BDE8F0810000B1
:1085F0000038014010B590F83D10322901D002201A
:1086000010BD418D4FF4805311B301680A68D24305
:1086100012061DD482689A4201D1026952B1426A9F
:10862000541C446212784A60418D491E4185418D37
:1086300049B10DE0426A1288C2F308024A60416AF9
:10864000891C4162F0E70168CA6822F08002CA60B2
:10865000418EF9B101680A68D24392061AD4826841
:108660009A4209D10269C2B9C26A4968C1F30801D4
:108670001180C16A891C09E00AB902696AB14968B6
:1086800001F07F01C26A1170C16A491CC162418E4A
:10869000491E4186418E11B115E04968F2E7016833
:1086A000CA6822F02002CA600168CA6822F4807297
:1086B000CA6001684A6922F001024A61012180F81A
:1086C0003D10FDF7BDFD002010BDFEE72DE9F74F81
:1086D0008946284801EBC90100EBC10584B0B5F912
:1086E00020609046B5F91A70DFF88CA0DFF88CB0E6
:1086F000234CB5F91E001E3EF7F7C9FF0090404617
:10870000F7F7C5FF804609EB890004EBC004009829
:108710001B4B0246CDE9004B0498B7424146A3F1FA
:108720000C03CDF808A016DAFDF7A0FF606AF8F791
:1087300019F806460C46B5F92000F7F7B6FF4FF0DA
:108740003332104BF7F71AFF32462346F7F76FFE26
:10875000F8F74CF805E0FDF789FF4046616AF7F746
:1087600092FD0246049807B04946BDE8F04F00F07C
:1087700093BC0000F46A0020000096430000F04122
:10878000046A00203333FB3F2DE9F35F4FF000080C
:1087900082B0DFF8C8904646314F43E0F7F747FE16
:1087A0004FF0FF32F7F75CFF0C4605462D4A2E4B83
:1087B000F7F7E4FE2A462346F7F7E0FE2A4623466B
:1087C000F7F7DCFE83460191284A294B28462146CB
:1087D000F7F7D4FE2A462346F7F7D0FE8A460090E4
:1087E000244A254B28462146F7F7C8FE0022234B92
:1087F000F7F71DFE5346009AF7F719FE5A46019BFC
:10880000F7F715FE00221E4BF7F7B8FE02460B469F
:10881000DDE90201F7F7BAFF02D227462E4601E052
:10882000A846A14642464B4630463946F7F7A0FED9
:10883000144A154BF7F7C2FF32463B4640464946BD
:10884000ACD3F7F7F4FD0022104BF7F797FE04B016
:108850004FF0FF32BDE8F05FF7F702BF000014C031
:1088600000C077400030550FF4ECFEBCE0F43EE968
:10887000A560A3BE549F8C3A2602703F0000F03FD3
:1088800000408F402D431CEBE2361A3F000024408D
:1088900010B5134CA8212046F7F7DDFC032020611A
:1088A000606110A0A06104F1A800E0614FF4806055
:1088B00020620020A0626062E0620AA1216604F5E5
:1088C000956161661021A1662067E06660670849CE
:1088D000C0F10F028A5C2254401C1028F8D310BD4E
:1088E000A46C00205465726D696E616C000000001C
:1088F000CF97000830B50346401C0C46802A04D9A7
:108900007F2204E000F8015B491C521E02D30D785F
:10891000002DF7D1091B197030BD000038B5234C6C
:1089200001226946207EFEF7E5FC00281CD09DF858
:108930000000052825D008DC012816D0022817D011
:10894000032818D0042808D118E006281CD00728CE
:108950001DD07F2808D080281CD0802804D3207EFA
:1089600001226946FEF7C6FC38BDFEF7A7FF38BDF9
:10897000FEF7FCFF38BDFEF729FE38BDFEF786FF87
:1089800038BDFEF741FD38BDFEF7E4FE38BDFEF709
:10899000D3FE38BD207E01226946FEF7ABFC0028DD
:1089A000F7D09DF80000FEF783FE38BD5C7500200F
:1089B0002DE9F0474A4D0746144628780E464FF0F9
:1089C0000109012808D0002875D0022804D100F040
:1089D0008DF8287801286ED1202C04D2E96909FA93
:1089E00004F0014267D1E2B2182C0ED3F01B7F28AD
:1089F00007D9C1097B1E40F08000197007F8020DED
:108A000001E007F8010D7F2C02D2791E0A7039E0CF
:108A1000E0B240F08000B4F5804F04D2E2097B1E42
:108A2000B91E1A701DE0802343EAD411CAB2B4F50E
:108A3000001F06D2A30B7C1E2370BB1EF91E1A70EA
:108A40000FE0802141EA943101F0FF0CB4F1805F26
:108A500009D2630D7C1E2370FB1E07F802CC1A702E
:108A6000391F08700EE04FEA147843EA5453BC1ED5
:108A700007F8018C23703B1F394607F803CC1A70A6
:108A800001F8050D17484468E868201A05E000BFA2
:108A900040F0800206F8012BC0097F28F8D806F8BC
:108AA000010B721A6878FEF763FC08B1EC6002E013
:108AB0002878401C2870287E00EB40010A4800EB13
:108AC000C100C16E006F814208D0A878002805D18E
:108AD00085F80290FFF722FF0020A870BDE8F0871C
:108AE0005C750020001000E0A46C00203EB5012061
:108AF000164C8DF800006A46501C616905E000BF05
:108B000041F0800300F8013BC9097F29F8D800F83B
:108B1000011B0F494D68E168691A04E041F08003C8
:108B200000F8013BC9097F29F8D800F8011B821A17
:108B300060786946FEF71CFC20B1E5602178491E8B
:108B400021703EBD6169491C61613EBD5C750020BC
:108B5000001000E00907090E002804DB00F1E02006
:108B600080F80014704700F00F0000F1E02080F85A
:108B7000141D704702E008C8121F08C1002AFAD16C
:108B800070477047002001E001C1121F002AFBD18D
:108B9000704770B500F0C4FC4FF47A730146A1FB36
:108BA00003050022144602FB035201FB042170BDA1
:108BB00010B504A0FEF7EEFDBDE810400EA0FEF7D4
:108BC000E9BD00004E3D4672656552544F53204446
:108BD000656D6F204170706C69636174696F6E2C94
:108BE000443D436F727465782D4D342C4F3D467271
:108BF000656552544F530000492331353D53797315
:108C00005469636B00000000F8B500240A4D0B4E58
:108C10000EE000BF04EB840705EB87000169001D2F
:108C2000009190E80E0055F82700FEF749FF641CFC
:108C300030688442EED3F8BD687600209C0700209F
:108C400010B5044CC1F1FF01235C0B4013432354C6
:108C500010BD000088650020FCF716F8FFF740F90A
:108C6000FDF72CFEFDF714FEFDF772FDFDF7D0FEBB
:108C7000FDF72EFFFDF76CFFFDF7BCFFFEF75EF87A
:108C8000FEF73AF8FEF706F8FFF768F9FEE700008E
:108C90002DE9F0411E4C0F460546E6682068001D90
:108CA00000F01EFA38B9206890F82C100120884096
:108CB000216981432161681C15D1A7B1154922683A
:108CC0004868906023688268DA6022688368121DB1
:108CD0005A602268121D8260206841610868401C49
:108CE0000860BDE8F08120683544B54245602168E0
:108CF00005D2E06BBDE8F041091D00F012BAA06B8F
:108D0000091D00F00EFAA06A8542EAD2A562E8E7E2
:108D100030000020F8500020F8B5044600F026FA94
:108D20003D4DA868401CA86028683C4F10B1686998
:108D300038B32CE02C60A868012828D15FF0000629
:108D400006EB860007EB800000F0DDF9761C202E94
:108D5000F6D3334800F0D7F93148143000F0D3F996
:108D60002F48283000F0CFF92D483C3000F0CBF9E7
:108D70002B48503000F0C7F92948A8631430E86345
:108D800005E02868E16AC06A884200D82C60686AF9
:108D9000401C6862606464B12046FEF7B7FB236B39
:108DA000206804F13401C01A00902046E26AFEF700
:108DB00015FE2046FEF7EAFBE16A01202A69884099
:108DC0001043286101EB810007EB80004068A06040
:108DD0008168E1608268211D51608160E06A00EB7A
:108DE000800007EB8001616157F82010491C47F8AB
:108DF000201000F0C9F9686900280CD02868E16AE1
:108E0000C06A884207D207494FF080500860BFF31C
:108E10004F8FBFF36F8FF8BD30000020284E002029
:108E2000A850002004ED00E010B50446006B00F0EF
:108E3000B5F92046BDE8104000F0B0B90E484FF437
:108E40008841420706D0C01D0B4920F00700411A97
:108E5000C1F58841094A00230144C2E900030839E9
:108E6000143A21F0070111604B600B600B1AC0E946
:108E70000013936053607047280A002024000020EC
:108E8000144E154CA6F52F774FF08058DFF84C9014
:108E900012E000BF00F06AF9F068C568281D00F014
:108EA0001FF9A068401EA0606068401E606000F06E
:108EB0006BF92846FFF7B8FF60680028EAD13868E8
:108EC0000128F9D9C9F80080BFF34F8FBFF36F8F26
:108ED000F2E70000E45000203000002004ED00E044
:108EE0002DE9F0470D46DDE90984174682469100D9
:108EF0009946089EA522206BF7F7A6F96FF00301AB
:108F0000206B01EB8701084420F0070765B10020C2
:108F10002218295C82F83410295C11B1401C1028F9
:108F2000F6D3002084F84300202E00D31F26201DF6
:108F3000E66200F0F3F804F1180000F0EFF82461A5
:108F4000C6F120006462A0614A465146384600F0EE
:108F500091F82060B8F1000F01D0C8F80040BDE8DA
:108F6000F087000030B5114900E011460A688242DE
:108F7000FBD34B685C18844203D1406818444860B6
:108F8000084643681C18944209D1084C143C2468D4
:108F9000A24209D052681A4442600A68126802600C
:108FA000814200D0086030BD0460F9E72400002051
:108FB0000548816B096821B1816BC96809688162C4
:108FC00070474FF0FF31FAE730000020502080F367
:108FD0001188BFF34F8FBFF36F8FFEE770B5044664
:108FE000002600F0BFF9224D286808B9FFF726FFD8
:108FF000CCB304F00700C0F11000C1438C4232D85A
:10900000211800292FDD686881422CD818481430B7
:109010000246146801E02046144662688A4202D281
:109020002268002AF7D12A6894421CD00668226878
:10903000026060680836421A102A04D9601842603B
:109040006160FFF78FFF61686868401A6860AA680E
:10905000904200D2A86041F0004060600020206093
:10906000E868401CE86000F0EFFA304670BD000090
:109070001000002010B5031F4FF080741C601B1FF0
:1090800021F001011960191F024B0B60143940389F
:109090000A6010BDCD8F000870B505460C4610461D
:1090A000F7F714FB02460D4804EBC40100EBC101C5
:1090B000B1F92000904200DD024640F61C439A427E
:1090C00000DD1A46B1F91A10814205DC2146284616
:1090D000BDE87040FDF752BE70BD0000F46A00208C
:1090E000D0E9013201699A60D0E901235A604A68E7
:1090F000824201D182684A60002202610868401EF3
:1091000008600868704700F108014FF0FF32C0E9BD
:109110000112C160016100210160704700210161FD
:10912000704730B50B685A1C02D000F1080202E00B
:10913000026904E02246546825689D42FAD95368C2
:109140004B6099608A60516008610168491C016048
:1091500030BD42684A6093688B6093685960916043
:1091600008610168491C016070470000502080F3CD
:109170001188BFF34F8FBFF36F8F02480168491CFE
:10918000016070472C00002003490868401E0860F9
:1091900001D180F3118870472C00002070B50028A1
:1091A0001BD0A0F108046068002816DA21680029A5
:1091B00013D120F00040606000F0D4F8074D6068E3
:1091C0006968084468602046FFF7CCFE2869401CA7
:1091D0002861BDE8704000F037BA70BD1000002073
:1091E0004FF0E020002101618161024941610721C6
:1091F000016170473F19010010B504000DD000F067
:10920000B1F821462320FEF7FBF900212046FFF7A5
:109210003FFD00F019FA002807D104494FF08050B3
:109220000860BFF34F8FBFF36F8F10BD04ED00E0F8
:1092300070B50546FFF79AFF2B4C05B92568281D28
:10924000FFF74EFF58B9E86A284A00EB800152F850
:10925000211021B901218140206988432061A86A39
:1092600018B105F11800FFF73BFF606A401C60620F
:109270002068854211D1291D1D48FFF76AFF6068EB
:10928000401C60602846FEF713FB01462220FEF7D3
:10929000B7F92846FEF7DAFB0EE0A068401EA06092
:1092A0002846FEF705FB01462220FEF7A9F92846CD
:1092B000FEF7CCFBFFF77CFEFFF766FF20688542D8
:1092C00002D02846FFF7B0FD606900280AD0206868
:1092D000854207D107494FF080500860BFF34F8F98
:1092E000BFF36F8F70BD000030000020284E0020BB
:1092F000E450002004ED00E07CB516480025CDE9DF
:1093000000502B46802214A1154800F097F8114C0C
:109310002C3C01281BD1502080F31188BFF34F8FC4
:10932000BFF36F8F4FF0FF30A06201206061E560F6
:109330002068052208A13430F6F798FF18B120689C
:10934000FEF704F901E0FEF7CFF800F049F8206BD2
:109350007CBD00005C00002049444C45000000003A
:10936000818E00080248416B491C41637047000030
:109370003000002010B5164C606B10B10120E06188
:1093800010BD0020E06120691249B0FA80F0C0F100
:109390001F0000EB800001EB800000F10802416833
:1093A00049684160914201D149684160C8682060C4
:1093B0002068052208A13430F6F758FF20B1206854
:1093C000BDE81040FEF7C2B8BDE81040FEF78CB80B
:1093D00030000020284E002049444C450000000089
:1093E000094810B5016841F470010160016841F05D
:1093F00070410160FFF7F4FE044900200860F6F7B1
:10940000B5FE002010BD000020ED00E02C00002083
:1094100010B5502080F31188BFF34F8FBFF36F8FCB
:1094200000F084F818B104494FF080500860002023
:1094300080F3118810BD000004ED00E02DE9FF5F0E
:109440008346DDE90E87994616468A469000FFF767
:10945000C5FD05001DD05420FFF7C0FD040015D048
:109460005421F6F7F8FE25630021CDE90241CDE94C
:1094700000874B46324651465846FFF731FD20469D
:10948000FFF74AFC012004B0BDE8F09F2846FFF733
:1094900085FE4FF0FF30F6E770B50C460346002618
:1094A000FFF760FF1248C5681A681444AA4204D93D
:1094B000A2420ED9AC4202D80BE0A242FAD9012650
:1094C00024201C60FEF7E2F8601B0021FFF7E0FBA0
:1094D00000E01C6000F0B8F838B906494FF0805041
:1094E0000860BFF34F8FBFF36F8F304670BD000031
:1094F0003000002004ED00E00548416919B1406BDF
:1095000018B100207047012070470220704700000A
:10951000300000200148C068704700003000002083
:109520000148C06870470000300000202DE9F04776
:10953000434D0027686B28B1A869401CA8613846D4
:10954000BDE8F087EE68761CEE6008D1A86BE96B89
:10955000A963E863286A401C2862FFF729FDA86A0E
:10956000DFF8E08086420BD34FF0000AA86B00685A
:10957000A0B1A86BC068C4686068864211D2A862B6
:109580002868C06A00EB800158F82100012800D942
:109590000127E8690028D2D00127D0E74FF0FF303B
:1095A000EDE7D4E9021260698A60D4E9021204F19D
:1095B0000409516042684A4501D1E1684160C4F83C
:1095C00014A002685146521E0260A06A80B1D4E91C
:1095D00007239360D4E907235A60426804F1180313
:1095E0009A4201D1226A4260A1620168491E01606B
:1095F0002046FDF7CBFFE16A01202A69884010432D
:10960000286101EB810108EB81014968A1608A684A
:10961000E2608B68C3F80490C1F80890E16A01EB3E
:10962000810108EB8102626158F82120521C48F840
:109630002120E16A2868C06A814297D9012795E70D
:1096400030000020284E00202DE9F0470024254658
:10965000FFF78CFD4248416B491E4163416B002975
:1096600078D181683F4EA0464FF00109002971D0A2
:1096700082463068F0B3F068C468D4E90721A06A74
:109680009160D4E907125160426804F118018A42DE
:1096900001D1216A4160C4F8288002684146521E07
:1096A0000260D4E9023260699A60D4E90223271D7E
:1096B0005A604268BA4201D1E26842606161016861
:1096C000491E01602046FDF761FFE26ADAF81030BA
:1096D00009FA02F150461943CAF8101002EB820150
:1096E000214A02EB81014968A1608B68E3608B68C5
:1096F0005F6000E013E08F60E16A01EB810102EB43
:109700008103636152F821305B1C42F82130E16A29
:109710000268D26A9142ACD3C0F81C90A9E70CB1A0
:10972000FFF746FCDAF8186054464EB14FEA0907D5
:10973000FFF7FCFE00B1E761761EF9D1C4F818808E
:10974000E06938B10949012528070860BFF34F8F48
:10975000BFF36F8FFFF718FD2846BDE8F0870000C4
:1097600030000020D0500020284E002004ED00E002
:10977000010202030405060708090A0B0C0D0E0F6F
:109780001010010202030405060708090A0B0C0D5C
:109790000E0F101000000000000000000102030482
:1097A0000607080900000000010203043F065B4FA2
:1097B000666D7D077F6F40777C395E79713D003043
:1097C0003132333435363738394142434445460027
:1097D00000000000005454522052454747455300B2
:1097E000000000000000000000003031323334354A
:1097F000363738394142434445460000938B0008D0
:10980000098C000853595354454D564945573A2041
:10981000436F756C64206E6F74207265636F726441
:10982000207461736B20696E666F726D6174696F0D
:109830006E2E204D6178696D756D206E756D626557
:1098400072206F66207461736B7320726561636848
:1098500065642E007498000800000020A007000036
:10986000C8090008309F0008A007002068730000A6
:10987000848B000842019210031E127A0531AAAAB5
:10988000AAAA02221F0315204010FF01020408109B
:1098900020403601360234103610380836043608B7
:1098A00034013201320434083404340232022E020C
:1098B0002E042E102E203010300430082C012A02E5
:1098C0002A042C082E082C022C043A103A203B01C2
:1098D0003B043B023A403A803810382039013904C1
:1098E000390238403880362034403480370237011E
:1098F0003640368032083210324033013280342014
:10990000322030202E402F013101308030402E8017
:109910002C102C202D012D042D022C402C802A08E7
:109920002A102A802B022B012A202A4028042808EA
:10993000284029012880281028203B083920394058
:1099400039803B403B103B2039083708374037808F
:109950003720391037103502350435203580354031
:109960003508351033023304332033803340330855
:10997000331031023104312031803140310831104F
:109980002F022F042F202F802F10FF402F082F1081
:109990002D082B082B202D802D402D102B10290257
:1099A000290429202B802B4029082910220122027A
:1099B0002010221024082204220820011E011E0467
:1099C0002008200420021E021A021A041A101A206B
:1099D0001C101C041C0818011602160418081A088A
:1099E00018021804261026202701270427022640E3
:1099F00026802410242025012504250224402480CB
:109A000022202040208023022301224022801E08A1
:109A10001E101E401F011E8020201E201C201A40E8
:109A20001B011D011C801C401A80181018201901F0
:109A3000190419021840188016081610168017020B
:109A40001701162016401404140814401501148040
:109A50001410142027082520254025802740271092
:109A600027202508230823402380232025102310A6
:109A700021022104212021802140210821101F02E0
:109A80001F041F201F801F401F10FF081F101D02F2
:109A90001D041D201D801D401D081D101B021B04E0
:109AA0001B201B801B401B081B10190817081720C0
:109AB0001980194019101710150215041520178068
:109AC0001740150815104B804B4049084B084D10A6
:109AD0004B204B104980478047204910492049407E
:109AE0004740434043204308430445084520451070
:109AF00041803F403F2041104310414041204F08EA
:109B00004F044E804E204E404F024F014D084D04F1
:109B10004C804C204C404D024D014B044902490100
:109B20004A404A804B024B01471047084702468093
:109B300047014904470445044302428044804501EB
:109B40004502430141084104408040204040410219
:109B500041013F103F083F013E403E803F043F022D
:109B60003D203D103D023C803D013D083D044E102E
:109B70004C044C024C014E024E084E044C104A104C
:109B80004A024A014A044C084A20FE08484048203C
:109B90004804480148024810480846404620460408
:109BA000460146024610460844404420440444010D
:109BB000440244104408424042204204420142020E
:109BC0004210420840103E103E044001400240084E
:109BD0003E083C403C203C043E013E023C103C0818
:109BE00005800540070805080310052005100780BB
:109BF0000980092007100720074009400D400D206B
:109C00000D080D040B080B200B100F8011401120C4
:109C10000F100D100F400F200108010400800020DC
:109C200000400102010103080304028002200240F7
:109C30000302030105040702070104400480050232
:109C4000050109100908090208800901070409042F
:109C50000B040D020C800A800B010B020D010F0892
:109C60000F040E800E200E400F020F01111011087C
:109C7000110110401080110411021320131013025F
:109C800012801301130813042C10020402020201B3
:109C90000002000810FF0402100410040204010472
:109CA000040208040806400620060406010602060F
:109CB00010060808400820080408010802081008D7
:109CC000080A400A200A040A010A020A100A080CBB
:109CD000400C200C040C010C020C100C080E10108F
:109CE0001010040E010E020E08100812401220126D
:109CF000041001100212101208540154025610549C
:109D00001052085404540856015801580456085675
:109D100004560258025C025C045C105C205A105A23
:109D2000045A085E01600260045E085C085E025E20
:109D300004501050205101510451025040508052A3
:109D40001052205301530453025240528054205663
:109D500040568055025501544054805808581058B8
:109D60004059015880562058205A205C405D015BC4
:109D7000015A805A405C805E105E205F015F045F84
:109D8000025E405E80600860106080610261016078
:109D90002060406210FF04620862406301628062DA
:109DA00010622051085320534053805140511051AC
:109DB00020530855085540558055205310551057CD
:109DC00002570457205780574057085710590259D7
:109DD00004592059805940590859105B025B045BB3
:109DE000205B805B405B085B105D025D045D205D75
:109DF000805D405D085D105F08610861205F805FE5
:109E0000405F1061106302630463206180614063FE
:109E1000086310680168026A1068106608680468C0
:109E2000086A016C016C046A086A046A026C0270B8
:109E3000027004701070206E106E046E087201744F
:109E4000027404720870087202720464106420655F
:109E500001650465026440648066106620670167DE
:109E60000467026640668068206A406A8069026909
:109E700001684068806C086C106C406D016C806AF1
:109E8000206C206E20704071016F016E806E4070FA
:109E90008072107200987220730173047302724012
:109EA0007280740874107480750275017420744097
:109EB00076047608764077017680761076206508FD
:109EC00067206740678065406510652067086908FE
:109ED000694069806920671069106B026B046B2010
:109EE0006B806B406B086B106D026D046D206D8094
:109EF0006D406D086D106F026F046F206F806F40B2
:109F00006F086F10710271047120718071407108C7
:109F10007110730875087520738073407310751085
:109F200077027704772075807540770877100000F6
:0400000508000131BD
:00000001FF
