:020000040800F2
:10000000181800203D0100080D740008C56600089E
:1000100000000000000000000000000000000000E0
:10002000000000000000000000000000017B00084C
:100030000000000000000000797A0008417B000801
:100040004F010008000000004F0100084F010008A8
:100050004F0100084F0100084F010008FD40000853
:1000600000000000111F0008211F00084F010008B8
:10007000E91300084F010008717D0008000000002E
:100080004F0100084F010008000000004F01000868
:10009000FD7C00084F0100084F0100084F010008D7
:1000A0004F0100084F0100084F0100084F010008F0
:1000B0004F01000800F002F800F030F80CA030C842
:1000C000083824182D18A246671EAB4654465D46D4
:1000D000AC4201D100F022F87E460F3E0FCCB6466E
:1000E0000126334200D0FB1AA246AB4633431847E1
:1000F000A0920000C09200000023002400250026EA
:10010000103A01D378C1FBD8520700D330C100D5D3
:100110000B6070471FB51FBD10B510BD01F0E6F8AC
:100120001146FFF7F7FF08F0B3FB01F0FEF803B448
:10013000FFF7F2FF03BC01F033F9000007488047E6
:1001400007480047FEE7FEE7FEE7FEE7FEE7FEE7BB
:1001500004480549054A064B704700008F7C00089B
:10016000B5000008181200201818002018140020EC
:100170001814002010B5202A04DB0846203AD0408D
:10018000002110BD0B462024D340D040A21A91403C
:100190000843194610BDFEB5054610460C461843E7
:1001A00073D0AE468C460020AD1A01469C4167D301
:1001B0006646002701243D46B61A9D4102D31346E8
:1001C0003A462124654676462F04360C3E432D0CD4
:1001D000B61A9D4104D3150C1B042B431204103492
:1001E000654676462F06360A3E432D0AB61A9D41CD
:1001F00004D3150E1B022B431202083465467646C3
:100200002F0736093E432D09B61A9D4104D3150F19
:100210001B012B431201241D65467646AF07B60825
:100220003E43AD08B61A9D4104D3950F9B002B4366
:100230009200A41C65467646EF0776083E436D089B
:10024000B61A9D411AD392185B41641C16E000183F
:10025000764665464941B71A9D410191009009D300
:100260006046B11A98418E4684460098019900254F
:10027000401C6941DD0752082A435B08641EE6D52D
:100280007246634603B0F0BDFFE700200146C0465A
:10029000C0462A462346F5E701E004C0091F0429A9
:1002A000FBD28B0701D50280801CC90700D00270E9
:1002B000704700290BD0C30702D00270401C491EB2
:1002C000022904D3830702D50280801C891EE3E73C
:1002D0000022EEE70022DFE7002203098B422CD345
:1002E000030A8B4211D300239C464EE003460B4386
:1002F0003CD4002243088B4231D303098B421CD3E8
:10030000030A8B4201D394463FE0C3098B4201D3D9
:10031000CB01C01A524183098B4201D38B01C01A11
:10032000524143098B4201D34B01C01A5241030988
:100330008B4201D30B01C01A5241C3088B4201D337
:10034000CB00C01A524183088B4201D38B00C01AE4
:10035000524143088B4201D34B00C01A5241411A0B
:1003600000D201465241104670475DE0CA0F00D0EE
:100370004942031000D34042534000229C460309E7
:100380008B422DD3030A8B4212D3FC22890112BA6D
:10039000030A8B420CD3890192118B4208D3890145
:1003A00092118B4204D389013AD0921100E089095D
:1003B000C3098B4201D3CB01C01A524183098B423E
:1003C00001D38B01C01A524143098B4201D34B0127
:1003D000C01A524103098B4201D30B01C01A52418A
:1003E000C3088B4201D3CB00C01A524183088B4211
:1003F00001D38B00C01A5241D9D243088B4201D39A
:100400004B00C01A5241411A00D201466346524184
:100410005B10104601D34042002B00D54942704783
:1004200063465B1000D3404201B50020C046C04681
:1004300002BD7047704770470246C80FC00781432E
:100440004B0030B54B405B009B0D20D01923DB06E1
:10045000C91801231B05994220DB0324A4070425A6
:100460001346AB400BD3002B04D1EB0613409B008B
:10047000E34204D401246407002312195941FF23E5
:100480001B0599420BD2C9000143500F09E0CB0272
:1004900004D501430803024305D0054830BDFF21C0
:1004A000C905084330BD084607210905884330BD0A
:1004B0000000C07FF0B50C46871A9C410D46861A95
:1004C0009D4103D2C01BA141D21963410D0D1F0DE7
:1004D000C94EEC1BAE435CD07F057F0D0026002F7C
:1004E00051D02D05AC46A943DD020123ED0A1B05C1
:1004F0001D4320231B1B24D41746E74038187141A5
:100500002F46E740CC199D402818314661410C0D1B
:1005100027D161449A4013D50023401C5941520011
:100520000ED14008400001224B005205D34207D3B0
:1005300005204007C14201D5B04900E0B04930462E
:10054000F0BD6B00002A00D001229A181F23203C26
:100550001B1B01D5002302E0E540281871410C0D5A
:10056000D7D0012424050919C407CD07400849083C
:10057000E40F28436144002CD5D00024401C614185
:100580009A40D0D1CDE76A05520DD9D1C90FC9071C
:10059000D5E79C4D4E00002801D0012400E0002446
:1005A00034195F00002A01D0012600E00026BE19A0
:1005B000954FAC420CD8AE420AD8B44206D00125C1
:1005C0006D05EC42BCD010461946F0BD9942FCD0F6
:1005D00000203946F0BDF0B51FB40C460F46811A15
:1005E0009F412546861A9D4106D20125ED076F40A1
:1005F000401ABC4152187B41210D1E0D8D1BAC468B
:100600007D4D8D437ED075056D0D7CD00D05AE46BC
:10061000AC431B031B0B794D52429D412023664680
:100620009B1B14D31746F7403818002600907441DE
:1006300060462F460741E41900989D4028186641FE
:1006400016D4714671189A4025D5012320E09318DD
:100650002A466A415200002B00D0521C1E23203E25
:100660009B1B002B61DD3541EE1728186641E8D54C
:10067000001876415B1C9A4000D3401C4B05F318D0
:100680001524E34010D3002B52D071467118D30FBC
:10069000C01802D3491C05B0F0BD0123DB079A4204
:1006A000F9D140084000F6E701225205B21801D105
:1006B000002853D00123CC0ADB029943891E002A6B
:1006C00008D1020C03D0020C0004103902E00246EB
:1006D000002020390023550B05D112020823550BA9
:1006E00001D152010D23550C01D112011B1DD50C56
:1006F00001D192009B1C150D01D152005B1C2025DD
:10070000EE1A01E02CE022E00546F5401543984042
:10071000CA1AE10769181305C918002ABBDA0320B1
:1007200040070818C10FC9070FE071466118B2E70A
:10073000F10740080843711071444A000CD00123AE
:100740005B059A42A7D2C90FC9070020A3E7490554
:10075000490D26D1002001E00028F4D100219AE7BC
:10076000284D6600002801D0012100E00021711809
:100770005F00002A01D0012600E00026BE19224FAA
:10078000A94210D8AE420ED8B14208D001256D055D
:10079000E94206D01946A802414010467BE79C4238
:1007A00001D0214677E70020394674E710B50C46A2
:1007B0005C4005D50124E4076340FFF70CFF10BD42
:1007C000FFF778FE10BD30B40C465C4004D5012420
:1007D000E407634030BC6DE630BCFCE670B5012434
:1007E000E40761400D465D4002D4FFF763FE70BD33
:1007F0006340FFF7F0FE70BDFF0700000000F0FF50
:100800000000F07F0000E0FF0000F87FF0B5F94D38
:100810000C091E092C402E402F468BB0A7437DD0DB
:10082000B543FCD0002E7AD0002CFCD00D465D40A4
:10083000ED0F2543AC1BFF25AD0464190894C502D8
:10084000440DC9022143500DDC0204430120C007BE
:1008500001430443D2020191200C110C00958C46F7
:10086000010423468B430A9161460904E24D8A4301
:100870000991010A7D4449198039097805464D439B
:1008800001266D18F605751B6943C90C640B891C9C
:100890004C436418B5012C1B250C2E04B4434C4367
:1008A0004D43210C691889090591009DE90701D084
:1008B0000121C90704912C4601996708CD072F43F0
:1008C0004C08059DE10B4D432D0C294666467543AA
:1008D00002950D4645432E46029D7D1BB441009571
:1008E0000D465D4301942C0C2F040D465543AE4636
:1008F0002D0C3D43029503947546049C2D04641B06
:10090000049406D2029C039D641C00267541039545
:10091000029401AC70CC009F7D1B01E03EE162E1DE
:10092000B44109040095079101940599A408614315
:10093000090C0C464443650BE7040C4666467443B9
:10094000A646640B3C43039502947446049DE4045C
:100950002C1B049406D2029C039D641C0026754146
:100960000395029401AC70CC009F7D1BB4410194AF
:100970000C465C430095650FE7000C465443A646C1
:10098000640F3C43039502947446049DE4002C1BC1
:10099000049406D2029C039D641C002675410395B5
:1009A000029401AC70CC009F7D1BB441AE09AF0630
:1009B000049DC900AD092F43049DA406AD0604950E
:1009C000079D344369180791059DE10B4D432D0C9C
:1009D00029466646754302950D4645432E46029DBF
:1009E0007D1BB44100950D465D4301942C0C2F04F2
:1009F0000D465543AE462D0C3D4302950394754676
:100A0000049C2D04641B049406D2029C039D641C68
:100A1000002675410395029401AC70CC009F7D1BAC
:100A2000B44101948C050694079C890A61180095CD
:100A30000791019C0599A4086143090C0D464543A3
:100A4000680BEF040D46644665436C0B3C43049F02
:100A5000ED047D1BAC4602D20025641C6841009E5B
:100A6000019D371B85410846584301950C46460FAA
:100A7000C5005443600F28436546E4002C1B02D296
:100A80000025401C6E41019D3F1AB5412846BD0915
:100A9000800628438446A009BF064E020699A40694
:100AA00076180743079D002068410A99079019436B
:100AB0000020099B00906046FF1913434041E20F5C
:100AC00064003A43A4460446D71A8C41A04203D995
:100AD0000120009020463A46C70F941840416246D4
:100AE000D20F2243644664000494009CBE46640016
:100AF000D71AA446044602978C417746002F01D1AD
:100B0000A04204D96046401C8446029A2046C40F85
:100B1000A64694184041049A0546D20F22436446E3
:100B20006400D31A8D417146002901D1A84202D92F
:100B300028461A46641C10430122002800D01643A0
:100B400061020020079B891904465C410223002CA6
:100B500002DB491813466441089DCE0A2D145D1925
:100B60004B056705E10A2C050D1908993E43C90795
:100B70006940002B08D0934006D30022761C5141D7
:100B8000002B01D1760876001C4A002D43DB15426C
:100B900041D0AA433FD030460BB0F0BD06180D46F9
:100BA0004D41174C7642AC411AD395181C465C4116
:100BB000134A6D42A24113D3012252054C00D44284
:100BC0000AD15C00D4420BD04B4002D592021143B3
:100BD000E2E749004908DFE75940C90FC90718E0B3
:100BE00000200849D8E7054801420DD10342F7D05B
:100BF000F2E700000000FF07588A00000000F07FC5
:100C00000000E0FF0000F87F114859400143C01286
:100C100041400020C0E70123089A9B069A4205DC68
:100C2000032252078918C90FC907B5E705225207E1
:100C30008918074A1143D2125140ADE770B51546E5
:100C40001C4602460B4628462146FFF7DFFD70BDD5
:100C5000FFFFFF7F1F22030C02D10F22000402D0EE
:100C6000030E03D004E00020014670470002083A5A
:100C7000030F01D10001121F830F01D18000921ECA
:100C8000002801DB4000521E120551184205C01217
:100C9000411810467047C10FC90700D040420122D9
:100CA00092071143D6E701218907D3E7F0B58B4CB2
:100CB0000F09254689B0BD437BD01D092646AE43AA
:100CC000FAD00E465E402740F60F3E43254071D0D5
:100CD00024012142FBD0FF24AD19A4042D1B039550
:100CE00001252D05DB02DB0AC9022B43C90A294372
:100CF0001E010901040F130F050121431701880B81
:100D0000820391432D098C46A90B1E438A03954308
:100D1000B30B9A0396433F09BA0B9403A743029679
:100D20002E467E430497B6464E19D7190C460196B7
:100D3000544305977E43371B7646BF1B3601B646A4
:100D4000BE0B361900967646BC043719009C01D3B9
:100D5000641C00946400002F01D001263443029EDD
:100D6000049F754366467E430496760034196E00F0
:100D700034190094029C019E1C196643751BAE46F3
:100D8000069465464519059C05956C43594375467F
:100D90000891691A0191049E01465143A41B0491D4
:100DA000611A009C0791E10605D0610901221143F7
:100DB00002E072E06EE06109089D00272C0A2D0612
:100DC0006918049D7C412A0A2D066918019D62411B
:100DD000AC0DAD026D185441079A910D9202551950
:100DE0006141029A644658435443069B059A5A430C
:100DF000121A131B9A0E9B015B187A41010B000516
:100E0000C3185141220A200644195A419A4200D27D
:100E1000491C01204002814203D315230226F643D8
:100E200002E014230326F6432020C51AA9401746E2
:100E3000AF40DA400A4320460399D840091473189A
:100E400019055118039A3843D2075140AC4009D0D4
:100E50000122944006D30022401C5141002C01D1B4
:100E6000400840001E4A934212D301220398920682
:100E7000904207DB0520400709181A480143C012B9
:100E8000414004E0032040070818C10FC9070020B3
:100E900009B0F0BD0020F107FAE705180C464C41F7
:100EA00011486D42A04115D394181A465A410E4874
:100EB000644290410ED301204A004005824209D38A
:100EC0005A00824206D35940C90F084AC907002078
:100ED0001143DDE700200649DAE700000000FF07C4
:100EE000FE070000FFFFFF7F0000E0FF0000F07F33
:100EF0000000F87F0121C9050123411842001B06AB
:100F0000D3185B0E0AD0C1100722D20689184007F9
:100F10005242D14201D5520089187047090208D5C2
:100F20000146002A03D0C10FC907002070471046B0
:100F30007047420202D0002002497047072109058C
:100F40000143F4E70000F87FF0B5FF252D04C60942
:100F5000C209FF2704462E400137CB093E434840D3
:100F60002A402B400746002A6BD0002B69D0AA42AA
:100F700067D0AB4265D0002800DA32460125ED0586
:100F800029432C4309022002090AD21A4B0C7F2460
:100F9000E31A434C000A7C44E35C7D2424041219C8
:100FA00014145B00A218884201D3521C00E04000D8
:100FB00049420C465C4324115C43DB016415E31891
:100FC000040A5C43C502200D0C4644436419250AFB
:100FD0005D432303EC0C0D46654300030019EB1839
:100FE0004C42A34201D35B18401CD4052018002BAF
:100FF00007D05B00C91804D3401C002901D1400868
:1010000040003F2189048A4209D3002A08DC1106E6
:10101000090F04D0032149074018C00FC007F0BDD5
:1010200001224100120689187F2252069142F6D20F
:1010300005214907C84201D59010F0BDFF20C00529
:10104000F0BD002F00DA32461648AA4207D2AB4262
:1010500005D21902090E17D0F80FC007F0BDFF2501
:1010600063002D06AB42F9D84900A942F6D8AB423D
:1010700001D1A942F2D0A94201D1002101E06100D1
:101080004908D0050843F0BD1102090EFBD0FF202E
:101090000243D005F0BD0A460146104654E7000061
:1010A000B68300000000C07F10B501469E240002F8
:1010B000CA15A307002A02D01843002A04DBA21A8B
:1010C000002A0CDDD04010BD1206120E01D14000E6
:1010D0004008A21A03D4D04040420028F3DDFF228A
:1010E00048001206904201D9002010BDC817C04325
:1010F000584010BD0102C21504D00123DB0719437B
:10110000002A0ADB9E239A1A02D40846D040704770
:10111000FF2241001206914201D900207047C017FA
:10112000C04370471F22030C02D10F2200041CD0C1
:10113000030E01D10002083A030F01D10001121F72
:10114000830F01D18000921E002801DB4000521E57
:10115000D2055118021251181922904004D3491C8B
:10116000002801D14908490008467047C10FC90746
:1011700000D04042012292071143D3E701218907A1
:10118000D0E7000010B5FF22C30D134009D05A402C
:1011900007D0914205DA5C42A14202DDC905081878
:1011A00010BDC40FE407002B06D0002A06D000298A
:1011B00002DBFF20C0050443204610BD4102FCD0E5
:1011C000004810BD0000C07F10B5FF231B0644007F
:1011D0009C421DD84C009C421AD80346124A0B432D
:1011E00007D4401A02D3EFF3008010BDEFF3008064
:1011F00010BD081A06D2EFF3008001219043C90701
:10120000084302E0EFF30080904380F3008810BDB4
:101210000D231B041A4204D01146002000F046F8AA
:1012200010BD00F05BF810BD00000090C10D10B5BE
:101230000906090E2ED0FF2931D07E292DD319D0D1
:10124000962916D2024675398A4005D000240246F6
:101250008A4003D3012302E00124F8E7002302229D
:10126000CA41511E8843002B03D08018002C00D0A7
:10127000904310BD0121420201D1012200E0002271
:10128000C00FC0070029F4D0002AF2D17F21C90580
:10129000084310BDC00FC00710BD0021EFE7410299
:1012A000FAD0014810BD00000000C07FC80212D56E
:1012B0004803400F002804D0C803C04301218840E0
:1012C0007047EFF30080000100090321090708437C
:1012D00080F30088704700207047000010B5024876
:1012E00000F02BF810BD00000000C07F754600F034
:1012F00053F8AE46050069465346C008C00085460F
:1013000018B020B5FEF724FF60BC00274908B64698
:101310000026C0C5C0C5C0C5C0C5C0C5C0C5C0C504
:10132000C0C5403D49008D46704710B50446C046D3
:10133000C0462046FEF7FBFE10BD10B50C46110757
:10134000090F092904D00A290AD008290CD104E080
:1013500011460820FFF7AAFF06E0510606D501E076
:10136000510601D50120C007214610BDD10607D581
:1013700001010909CC084907000E0006044309E0F1
:10138000410F20024907000A0143200E00061D22DA
:10139000D14101430846E7E700487047B8110020F3
:1013A00001491820ABBEFEE726000200704730B5A9
:1013B0008C180278401C13071B0F01D10378401CC6
:1013C000120906D10278401C03E00578401C0D701C
:1013D000491C5B1EF9D101E00B70491C521EFBD168
:1013E000A142E6D3002030BD10B5024803F073F8E7
:1013F00010BD00003001002070B50C4802F084FFE1
:101400000B4804F0E1FB03220A49084803F0D2F933
:10141000094D0024284606F031FB641CE4B2C82CB8
:10142000F8D306490020C88070BD000030010020BC
:1014300044020020480000209A99193F68110020BA
:1014400010B50146406A826B50231A420AD1816B63
:1014500001225202114381630168CA681205920F8A
:1014600005D020E0006B026B0846904710BD827EDD
:10147000002A18D10A68120715D58A685307012275
:10148000002B09DB4B680C24A3434B60816B1302D8
:1014900099431143816306E0816B202319438163E3
:1014A000C16B1143C16303F013F810BD10B5406A5E
:1014B000816B402211438163C16B04221143C163DC
:1014C00003F008F810BD10B5406A03F002F810BD33
:1014D000F8B5044600200090206881688907890FCC
:1014E000012905D10168C90731D1C16809042ED489
:1014F0008168184A10261140012500291AD18168F7
:1015000029438160154814490068FEF7E5FE00E0B4
:10151000401E00900028FBD103F088FF074611E031
:1015200003F084FFC01B02280CD920680068C04368
:10153000C00707D0A06B3043A063E06B2843E06393
:101540000120F8BD20680068C043C007E8D1002032
:10155000F8BD00001700008040420F000C00002082
:1015600070B50246082801D3084670BDD02050430C
:10157000164BD025C3186A431846144DC030847AE0
:1015800052198032002C05D00589D46C6D005D5B4A
:10159000641BD464048964001953D36C5918D16452
:1015A0000189491C89B20181642904D30021018188
:1015B0000121817202E0807A002802D06421D06C7F
:1015C00000E0D06CFEF788FE70BD0000980300209C
:1015D000FFB585B008461E460F9F0E9C079907F081
:1015E000A9FAE060009032680146104607F012FA4E
:1015F000206005983D464000010E0120C00745408F
:1016000000291BD07F20C0050599FFF79DFC0290A3
:10161000216A079807F08EFA029907F0FBF9014654
:101620000122B068D207504007F0F4F9A0612846C3
:10163000009907F047FA03D2284609E00020E6E7C0
:101640003946E06807F03EFA01D2384600E0E0682B
:10165000716807F0DFF9059907F0DCF9616807F0B8
:1016600069F9FF21C9056060C84201D3002106E085
:10167000109907F027FA01D2109900E061686160C3
:10168000206807F057F9A16907F054F960620798DC
:10169000206209B0F0BD0000F1B51F4C0121C90561
:1016A000092760688E13FF06884204DAA2688A421E
:1016B00001DA002219E04000000E09D00122314673
:1016C000384603F0ACFE6168009807F027FA6060C6
:1016D000A5686800000E0CD02168009807F02AF970
:1016E0000E492060884205DA01223146384603F06F
:1016F00096FEF8BD09490A4A494241189142D8D399
:1017000008498842F5DB7F21C905284607F012FA0F
:10171000A06000202060F8BD10000020CDCC4C3E21
:10172000CDCC4C009A99993E084809490088401848
:1017300027280AD20748007B002806D10649012045
:1017400008707F200549C0050860704732000020FE
:101750002BFCFFFF4C10002078100020140000200C
:10176000F8B531480078002836D0304801210068AB
:10177000C905884230DA2E492F480A782D4E0025B7
:1017800000884C1C002A28D0012A25D12B498842E8
:1017900022D92A49643188421ED221464A78521CF5
:1017A000D7B24F70FFF7EAFCE41C616807F0C2F89B
:1017B0006060322F10D32249FFF7C6FB311D48600D
:1017C000E01E656045700120174930730D701E4999
:1017D0001C4A0A601D490870F8BDF522920090422B
:1017E000FAD9FF2292009042F6D22178491CCFB25A
:1017F0002770FFF7C3FC0E4D2D1D296807F09AF8DE
:101800002860322FE8D30A4F00253F1D0C49FFF70F
:101810009BFB70603D6001202570391F08700A48ED
:101820000B490160F8BD0000781000201400002072
:10183000E80000204C100020320000209E0700002D
:10184000000048420000A040180000207000002066
:101850000000404010B504460846FFF787FC002C06
:1018600008D0054907F0D6F80449FFF76DFB044995
:1018700007F060F810BD00000000B44200004842CC
:101880000000A043F8B5184E717801291ED1194FF8
:101890001649174D7A684B882968541E002B02D0D0
:1018A000F37B002B0CD0002A10D007F043F87F21E7
:1018B000C9052860884209DB7C60002C0AD006E05C
:1018C000002A03D0094A1278032AEED0F8BD00207E
:1018D0002860F8BD0849022008700120F07008490E
:1018E00006480860F3E7000054110020681100204A
:1018F000240100209C110020841100200000A04041
:1019000018000020F8B50D4D0026AF680C4C79008A
:10191000090E002910D0216B07F00CF83F210906B1
:101920002063884207DBE079C043E071384607F066
:1019300001F9A8602663F8BDE671F8BD54110020D6
:101940007C000020F8B5364E8446F078002841D05F
:10195000344D01272846C28833482B7D0024016876
:10196000002B43D07378012B0AD0687D002832D039
:101970000122D1022D4803F052FD2C706C7532E02B
:10198000642A27D8284D604606F0D4FF0121890734
:1019900003C507F097F81DD2224D687D002807D0B7
:1019A0000122D102214803F03AFD2C706C7507E04A
:1019B00001210022C9021D4803F031FD2C706F7512
:1019C0001C481B490160F4701C492C751A4848607A
:1019D00015480460F8BD01210022C902134803F034
:1019E0001EFD2C706F75F4702C75F8BD642AFCD840
:1019F0000546604606F09EFF7F21C90528608842A3
:101A0000F3DD0F48446274700E48F47081684160E1
:101A10000D4807700D4807700D4807702C60F8BD21
:101A200054110020841100202801002000040048E7
:101A3000CDCCCC3D140000200000D8412C1100205A
:101A4000F81000209C1100207A000020790000206E
:101A500078000020F8B50F4D6978022908D10E49A9
:101A60000026497801270D4C012902D0A6622F706B
:101A7000F8BDA16A06F05EFF01218907A0628842D5
:101A800006DD8121C9052F708842F1DBA662F8BD11
:101A90002E70F8BDAC110020541100207C000020F5
:101AA00070B50D4C0546A078002807D0FFF766FBFF
:101AB000294607F03FF8FFF71DFBA070064C2034C5
:101AC000A07C002807D0FFF759FB294607F032F821
:101AD000FFF710FBA07470BD58030020F0B5294833
:101AE0002949007A0C235843254A44182748167878
:101AF000012543780021002E14D02548022687882E
:101B0000865FB7420DD047888780A6600678002E92
:101B100000D001701F48012B057002D11F4E1E48D6
:101B2000306011705078002814D01D480227042618
:101B3000C75F865FB7420CD0468066600678002E8D
:101B400000D001701348012B057002D1134E1248CA
:101B5000306051709078002811D01248876806686C
:101B6000B74209D0866046600A48E6600570012BDE
:101B700002D10A4B08481860044891708170F0BD8A
:101B800078000020AC110020CC0F00205411002060
:101B90008411002070000020CDCCCC3D140000202A
:101BA000681100209C110020F1B5144F3F26787B6E
:101BB00036060025124C00280BD0616B009806F009
:101BC000B9FE6063B04206DBA07AC043A0726563D1
:101BD00001E06563A572387B00280BD0A16B0098EB
:101BE00006F0A8FEA063B04203DBE07AC043E072D7
:101BF000A563F8BDA563E572F8BD0000541100208F
:101C00007C000020F1B57D4D84B0A86C02904000AE
:101C1000010E7B483F26877C00243606002901D030
:101C2000002F01D0AC7014E0E968049806F082FE41
:101C30003146E86088420DDB029806F07BFFA8641D
:101C4000A9784000C943A970000E02D16D49012056
:101C50000870EC606948C06C03904000010E684851
:101C600020388578002901D0002D02D063484470C7
:101C700019E062480169049806F05CFE5F4908615A
:101C80003146884210DB039806F054FF5B495B4AFB
:101C9000C86449784000C9435170000E02D15A49C6
:101CA00001200870554804615448006D03904000BD
:101CB000000E03D0002F01D1002D02D04F48C47078
:101CC00019E04E484169049806F034FE4B494861DA
:101CD0003146884210DB039806F02CFF4749474AFB
:101CE0000865C9784000C943D170000E02D1474948
:101CF00001200870414844614048406C0390400016
:101D0000000E03D0002F01D1002D02D03B480470FB
:101D10001DE03A488169049806F00CFE3749886155
:101D20003146884214DB039806F004FF3349334AF6
:101D3000486409784000C9431170000E06D1334948
:101D400001200870304908702E4908702B488461C2
:101D50002A48406D03904000010E2D480078029003
:101D600001D0002D0CD025480472C461234DA86D0C
:101D700000904000000E01D0002F1AD06C7236E0A7
:101D8000002811D01D4D0498E96906F0D3FD3146B5
:101D9000E8618842EADB039806F0CCFE6865287AA1
:101DA000C0432872EC61E1E71448C46144650472E1
:101DB000DCE70298164F00281CD0296A049806F028
:101DC000B9FD31462862884212DB009806F0B2FE67
:101DD0000121C905A865884206DA7878022803D16E
:101DE000B878387205F08CFD687AC04368722C624E
:101DF00005B0F0BD2C62AC656C72F9E77C00002088
:101E00007803002078000020790000207A0000206C
:101E1000AC11002010B5064C216906F08BFD7F2126
:101E2000C9052061884202DB0020E080206110BDEE
:101E300084110020F8B52F4A002551782E4C002936
:101E400055D02E4B2E4E5B78012B01D1022901D0AB
:101E5000D6804AE0616A4B001B0E3FD113795B1CB0
:101E6000DBB21371112B01D906231371DFB23B00D2
:101E700006F0D2FC120A0C0E10121416181A1C1FAF
:101E80002225282B2E303234D68027E0012324E06F
:101E9000032322E0072320E00F231EE01F231CE082
:101EA0003F231AE07E2318E0FC2316E0FF23F933DA
:101EB00013E03F231B0110E03F235B010DE03F23B4
:101EC0009B010AE00E4B7E3B07E00D4BFC3B04E020
:101ED0000C4B02E00C4B00E00C4BD38006F02AFDCB
:101EE0003F2109066062884200DB6562F8BDD5804B
:101EF000FBE70000AC1100207C0000205411002002
:101F0000FF0F0000070E00000F0C00001F0800006C
:101F100010B5024802F0C2FC10BD000070010020A4
:101F200010B5024802F0BAFC10BD0000D402002037
:101F300010B504460068054940181421FEF7CCF995
:101F4000800020640248E06310BD0000F8FFFDBF80
:101F50000000024030B5056C0124AC40C56B6C60DC
:101F6000046863604368102B036803D099600068BD
:101F7000C26030BD9A600068C16030BD70B5234852
:101F8000002441782248012903D00481848104700F
:101F900070BD1F4A8388D1881289002B30D01B4C1A
:101FA00006780325E478002E07D0012E09D0022EF2
:101FB00010D0032EECD1038170BD934208D30126CB
:101FC0000670818191420CD98A420BD2018109E0CD
:101FD00002260670818191420AD28A4209D9018182
:101FE00007E00281002CE7D10189994206D270BD39
:101FF0000281002CFBD101899942F8D8057070BD8F
:10200000002A01D0018170BD048170BD54110020EF
:1020100084110020F1B55A485A494278062000251B
:10202000085E82B0002A73D002240C5F002C6FD0AF
:10203000554A564B12889A4201D2282306E0AF2215
:102040001201944201DA642300E08C234D490222FC
:1020500006268A5E8E5F271AB11ABC468E46002F6E
:1020600000DD39469942474974DA0A78002A1CD0C3
:102070000F460C26BE5F711C09B200911221795ED9
:10208000012A1FD0022A44D0032A53D03946042AF9
:102090000AD16246002A00DC72469A4203DBAF2274
:1020A0001201944262DB8C81FEBD844201DD01227B
:1020B00002E0844203DA02220A704882FEBD032055
:1020C0000870FEBD3882884201DDB88118E07D20AD
:1020D000C000844211D18E420DD12D4E0298F16B79
:1020E00006F028FC2B49F063884206DD0098B88191
:1020F0007882F56301E02648C563788AB881388222
:10210000388A78820C20385E1430A0420FDAFEBD87
:102110002FE03882884201DAB88101E0B981398242
:10212000388A78820C20385E1438A042EFDC032015
:102130003870ECE7164F0298396C06F0FBFB8122F1
:102140001049D2053864A64205DA9042DFDB0098D8
:10215000888106E00AE0A64205DD9042D7DB761EC4
:102160008E813D64D3E704200870FAE70D70888102
:10217000CDE788810D824D8205480D70C563C6E7A5
:102180005411002068110020300000209808000041
:102190007C00002000002041F8B5FF4D0C210024F8
:1021A000695E287EFFF756FBFEF77EFF06B20E2122
:1021B000695E287EFFF74EFBFEF776FF05B2F74813
:1021C000F74F017B002978D01B21F648FEF780F8F5
:1021D0000021F54804F088F8F34DC82029684863C9
:1021E000ED4E0820305EFF21F53188427ADDEF4860
:1021F000C07A002823D006220F210B2006F03CFBDA
:102200000E2211460C2006F037FB0C220F210D2068
:1022100006F032FB0E210C22084606F02DFB0F21A2
:102220000E22084606F028FB04220E21102006F09C
:1022300023FB0825755F002D1CDB28461FE00022CC
:102240000F210B2006F018FB00220E210C2006F0B7
:1022500013FB00220F210D2006F00EFB0E210022A1
:10226000084606F009FB0F210022084606F004FB91
:102270000022DAE728466330632811D268427D21C4
:10228000C900FEF733F80A21FEF730F8CCB223007C
:1022900006F0C2FA0A14292B323436383F46480C6D
:1022A000BF48E9196438814208D80A2400220F2166
:1022B000104606F0E1FA04220AE05BE1BD4201DDCE
:1022C0000F2227E000220F21104606F0D5FA002247
:1022D0000E21012006F0D0FA0825755F002D28DBBD
:1022E000284632E031E1002214E00D220F210020C7
:1022F00006F0C2FA0622EBE7092214E0022212E0FD
:102300000B2200E00F220F21002006F0B5FA0C226C
:10231000DEE701220F21002006F0AEFA0A22D7E7FD
:102320000F2200E00B220F21002006F0A5FA0E225A
:10233000CEE728466330632801D20A244EE098484D
:10234000E9196438814207D868426421FDF7CEFF5D
:102350000A21FDF7CBFFCCB2230006F05DFA0A0696
:10236000191B222426282F36383F632D01DD0F222A
:1023700025E000220F21022006F07EFA00220E2125
:10238000032006F079FA0820305E00282DDA34E0C8
:10239000002214E00D220F21022006F06DFA062221
:1023A000EDE7092214E0022212E00B2200E00F22E6
:1023B0000F21022006F060FA0C22E0E701220F2133
:1023C000022006F059FA0A22D9E70F2200E00B2278
:1023D0000F21022006F050FA0E22D0E700220F2132
:1023E000022006F049FA0422C9E70A21FDF77EFF20
:1023F0000A21FDF77BFFCCB20AE001466331632975
:1024000004D36749C21964398A4201D84042ECE7D3
:10241000230006F001FA0A0608171E2022242B2D9D
:102420002F360F2200E000220F21042006F024FAAC
:102430000A220E21052006F01FFA0820305E00282F
:1024400026DA2AE00D220F21042006F015FA0622D2
:10245000EFE709220FE002220DE00B2200E00F223D
:102460000F21042006F008FA0C22E2E70122DBE744
:102470000F2200E00B220F21042006F0FDF90E22AE
:10248000D7E700220F21042006F0F6F90422D0E756
:102490000A21FDF72BFFCCB20AE001466331632924
:1024A00004D33F49C21964398A4201D84042EFE758
:1024B000230006F0B1F90A06082027292B2D34360F
:1024C000383F0F2200E000220F21062006F0D4F949
:1024D0000A220E21072006F0CFF9307E002830D0E6
:1024E00008210022084606F0C7F9012211460520FE
:1024F00006F0C2F931E00D220F21062006F0BCF9EA
:102500000622E6E709220FE002220DE00B2200E09E
:102510000F220F21062006F0AFF90C22D9E7012285
:10252000D2E70F2200E00B220F21062006F0A4F9CB
:102530000E22CEE700220F21062006F09DF904228C
:10254000C7E7802211460720CDE70021164803F097
:10255000EFFFFF20296890304863124D0024600689
:10256000295D000E012206F051F8641CE4B21B2C18
:10257000F5D3F8BD0948407B002875D000210A48F2
:1025800003F0B2FE0849C820096848631B210548CA
:10259000FDF79EFE004E0BE0681100205411002054
:1025A000E70300005C100020FC0100207C000020FC
:1025B000707E002804D0012824D0022830D018E0F2
:1025C000F748807A00280AD0F648807B002806D198
:1025D00000220221082006F04FF9002205E0022225
:1025E0001146082006F048F901220121032006F0D7
:1025F00043F9ED48C07D002822D001284AD00228A6
:1026000056D041E0E648807A002803D0E548807B38
:10261000002803D00422042108200CE00022FAE75D
:10262000DF48807A002803D0DE48807B002805D070
:1026300002220221092006F01FF9D0E70022F8E764
:10264000D748807A002810D0D648807B01280CD14A
:10265000002201210C2006F00FF9002201210A209E
:1026600006F00AF900220BE01DE2012211460C20BF
:1026700006F002F9012211460A2006F0FDF80222B6
:1026800002210A2006F0F8F8307E002820D0012828
:1026900031D042E0C248807A002803D0C148807B14
:1026A000012803D00822082109200CE00022FAE7C3
:1026B000BB48807A002803D0BA48807B012805D027
:1026C00001220121112006F0D7F8CEE70022F8E719
:1026D000B348807A002803D0B248807B042808D011
:1026E00080228021072006F0C7F800220821084632
:1026F00011E00022F5E7AA48807A002803D0A94813
:10270000807B04283BD008220821084606F0B4F854
:1027100000228021072006F0AFF8A14DA87A0028FA
:1027200003D0A048807B03282BD080228021012069
:1027300006F0A2F8A87A002803D09A48807B0228E5
:1027400021D00F221146122006F096F800220E2109
:10275000112006F091F89348C07B00282ED00D225E
:102760000F210B2006F088F806220E210C2006F01F
:1027700083F81A25755F002D27DB28462AE0002202
:10278000C2E70022D2E700220F21122006F074F8DF
:1027900000220E21112006F06FF800220F210B20DD
:1027A00006F06AF800220E210C2006F065F80022DF
:1027B0000F210B2006F060F80022D6E700220F213F
:1027C0000B2006F059F80A22CFE728466330632829
:1027D00011D268427D21C900FDF788FD0A21FDF76D
:1027E00085FDCCB2230006F017F80A1226282F31F7
:1027F00033353C43450B6D48E919814207D80A241B
:102800000022F021104606F037F8202209E0BD42F0
:1028100001DDF02226E00022F021104606F02CF81F
:1028200000227021012006F027F81A25755F002D7F
:1028300027DB284630E0002214E0D022F0210020DF
:1028400006F01AF83022ECE7902214E0202212E081
:10285000B02200E0F022F021002006F00DF8602206
:10286000DFE71022F021002006F006F85022D8E71A
:10287000F02200E0B022F021002005F0FDFF7022E0
:10288000CFE728466330632801D20A244DE0474849
:10289000E919814207D868426421FDF727FD0A2122
:1028A000FDF724FDCCB2230005F0B6FF0A06191B84
:1028B000222426282F36383F632D01DDF02225E023
:1028C0000022F021022005F0D7FF00227021032012
:1028D00005F0D2FF1A20305E00282DDA34E0002205
:1028E00014E0D022F021022005F0C6FF3022EDE7EF
:1028F000902214E0202212E0B02200E0F022F02129
:10290000022005F0B9FF6022E0E71022F02102204A
:1029100005F0B2FF5022D9E7F02200E0B022F0210A
:10292000022005F0A9FF7022D0E70022F02102204A
:1029300005F0A2FF2022C9E70A21FDF7D7FC0A21F2
:10294000FDF7D4FCCCB209E001466331632903D31F
:102950001649C2198A4201D84042EDE7230005F02A
:102960005BFF0A06081727292B2D3436383FF02243
:1029700000E00022F021042005F07EFF50227021AB
:10298000052005F079FF1A20305E00282FDA33E0A9
:10299000D022F021042005F06FFF3022EFE7000085
:1029A0007C000020541100208411002083030000CB
:1029B00090220FE020220DE0B02200E0F022F02172
:1029C000042005F059FF6022D9E71022D2E7F02257
:1029D00000E0B022F021042005F04EFF7022CEE787
:1029E0000022F021042005F047FF2022C7E70A213A
:1029F000FDF77CFCCCB209E001466331632903D3C7
:102A0000FE49C2198A4201D84042F0E7230005F08E
:102A100003FF0A0608242B2D2F31383A3C43F022BD
:102A200000E00022F021062005F026FF5022702150
:102A3000072005F021FF80221146052005F01CFF2C
:102A4000EF4D00246006295D000E012205F0DEFD39
:102A5000641CE4B21B2CF5D3F8BDD022F021062073
:102A600005F00AFF3022E2E790220FE020220DE07D
:102A7000B02200E0F022F021062005F0FDFE6022E9
:102A8000D5E71022CEE7F02200E0B022F0210620A8
:102A900005F0F2FE7022CAE70022F021062005F0C0
:102AA000EBFE2022C3E70021D64803F01DFCD549E8
:102AB000C820096848631B21D148FDF709FC002E96
:102AC00003DB7D21C900304606E0304663306328D1
:102AD00011D27D217042C900FDF708FC0A21FDF7E3
:102AE00005FCCCB2230005F097FE0A0E21232A2C08
:102AF0002E30373E40070A2400220F21104605F0F1
:102B0000BBFE042209E0BE4201DD0F2225E00022C7
:102B10000F21104605F0B0FE00220E21012005F025
:102B2000ABFE002E28DB6421304631E0002214E0A9
:102B30000D220F21002005F09FFE0622EDE709225D
:102B400014E0022212E00B2200E00F220F210020ED
:102B500005F092FE0C22E0E701220F21002005F093
:102B60008BFE0A22D9E70F2200E00B220F21002062
:102B700005F082FE0E22D0E730466330632801D292
:102B80000A2456E09D48F119814207D87042642119
:102B9000FDF7ACFB0A21FDF7A9FBCCB2230005F041
:102BA0003BFE0A0622242B2D2F31383F4148632E4D
:102BB0000ADD0F221146022005F05EFE0A220E21D8
:102BC000032005F059FE0BE000220F21022005F042
:102BD00053FE00220E21032005F04EFE002E2FDBB7
:102BE0000A21304636E0002214E00D220F21022097
:102BF00005F042FE0622EDE7092214E0022212E06F
:102C00000B2200E00F220F21022005F035FE0C22DE
:102C1000E0E701220F21022005F02EFE0A22D9E76B
:102C20000F2200E00B220F21022005F025FE0E22CC
:102C3000D0E700220F21022005F01EFE0422C9E782
:102C400030466330632803D36C48F119814207D8BA
:102C500070420A21FDF74AFB0A21FDF747FBCCB27F
:102C6000230005F0D9FD0A0608171E2022242B2D6B
:102C70002F360F2200E000220F21042005F0FCFD7A
:102C80000A220E21052005F0F7FD002E28DB0A217F
:102C900030462FE00D220F21042005F0EDFD062225
:102CA000EFE709220FE002220DE00B2200E00F22E5
:102CB0000F21042005F0E0FD0C22E2E70122DBE712
:102CC0000F2200E00B220F21042005F0D5FD0E227B
:102CD000D7E700220F21042005F0CEFD0422D0E723
:102CE00030466330632803D34448F119814204D845
:102CF00070420A21FDF7FAFACCB2230005F08CFDF0
:102D00000A06083B424446484F51535A0F2200E0FE
:102D100000220F21062005F0AFFD0A220E21072018
:102D200005F0AAFD384E707800284AD00022F02124
:102D3000104605F0A1FD00227021012005F09CFD48
:102D40000022F021022005F097FD002270210320CF
:102D500005F092FD0022F021042005F08DFD0022F7
:102D60007021052005F088FD0022F021062005F0E5
:102D700083FD0022A3E10D220F21062005F07CFD3A
:102D80000622CBE709220FE002220DE00B2200E031
:102D90000F220F21062005F06FFD0C22BEE7012255
:102DA000B7E70F2200E00B220F21062005F064FD9B
:102DB0000E22B3E700220F21062005F05DFD04225C
:102DC000ACE7002D04D02BDB7D21C90028462EE086
:102DD0000022F021104605F04FFD20227021012035
:102DE00005F04AFD0022F021022005F045FD2022D9
:102DF0007021032005F040FD002207E0830300005E
:102E00005C100020FC0100207C000020F021042048
:102E100005F032FD20227021052005F02DFD66E130
:102E200028466330632809D27D216842C900FDF736
:102E30005DFA0A21FDF75AFACCB205E0F848E91923
:102E4000814201D80A2441E0230005F0E5FC0A068E
:102E5000191B222426282F36383FBD4201DDF022DF
:102E600025E00022F021104605F006FD0022702129
:102E7000012005F001FD002D2FDB6421284638E0FC
:102E8000002214E0D022F021002005F0F5FC3022D1
:102E9000EDE7902214E0202212E0B02200E0F022C0
:102EA000F021002005F0E8FC6022E0E71022F0218C
:102EB000002005F0E1FC5022D9E7F02200E0B0222A
:102EC000F021002005F0D8FC7022D0E70022F0218C
:102ED000104605F0D1FC2022C9E72846633063285C
:102EE00001D20A2456E0CE48E919814207D8684247
:102EF0006421FDF7FBF90A21FDF7F8F9CCB22300B4
:102F000005F08AFC0A0622242B2D2F31383F414838
:102F1000632D0ADDF0221146022005F0ADFC50229F
:102F20007021032005F0A8FC0BE00022F021022014
:102F300005F0A2FC00227021032005F09DFC002D6D
:102F40002FDB0A21284636E0002214E0D022F021AF
:102F5000022005F091FC3022EDE7902214E02022BF
:102F600012E0B02200E0F022F021022005F084FC03
:102F70006022E0E71022F021022005F07DFC5022C3
:102F8000D9E7F02200E0B022F021022005F074FC25
:102F90007022D0E70022F021022005F06DFC2022F3
:102FA000C9E728466330632803D39D48E919814265
:102FB00007D868420A21FDF799F90A21FDF796F929
:102FC000CCB2230005F028FC0A0608171E20222494
:102FD0002B2D2F36F02200E00022F021042005F0F6
:102FE0004BFC50227021052005F046FC002D28DB0B
:102FF0000A2128462FE0D022F021042005F03CFCD5
:103000003022EFE790220FE020220DE0B02200E016
:10301000F022F021042005F02FFC6022E2E71022CC
:10302000DBE7F02200E0B022F021042005F024FCD0
:103030007022D7E70022F021042005F01DFC202299
:10304000D0E728466330632803D37548E9198142E5
:1030500004D868420A21FDF749F9CCB2230005F0F3
:10306000DBFB0A06080F16181F21282A2C46F0221F
:1030700000E00022F021062005F0FEFB50221EE0B9
:10308000D022F021062005F0F7FB302217E0902235
:1030900000E02022F021062005F0EEFB70220EE079
:1030A000B02200E0F022F021062005F0E5FB6022CE
:1030B00005E01022DEE7F022ECE7B022EAE770211B
:1030C000072005F0D9FB574C2089B84259D97D21FA
:1030D000C900FDF701F90A21FDF7FEF80B0005F024
:1030E0009BFB0A500D141B1D24262D2F3149002255
:1030F000F021062005F0C0FB2022E0E700220F218E
:10310000122005F0B9FB0A221EE00D220F21122029
:1031100005F0B2FB062217E0092200E002220F218F
:10312000122005F0A9FB0E220EE00B2200E00F2278
:103130000F21122005F0A0FB0C2205E00122DEE7A2
:103140000F22ECE70B22EAE70E21112005F094FB99
:10315000208963285AD96421FDF7BEF80A21FDF7BA
:10316000BBF80B0005F058FB0A520F161D1F26284E
:103170002F31334B00220F21122005F07DFB04225A
:10318000E2E70F22BBE700220F210B2005F074FBC2
:103190000A221EE00D220F210B2005F06DFB0622F6
:1031A00017E0092200E002220F210B2005F064FB4A
:1031B0000E220EE00B2200E00F220F210B2005F063
:1031C0005BFB0C2205E00122DEE70F22ECE70B227D
:1031D000EAE70E210C2005F04FFB208909285AD977
:1031E0000A21FDF779F80A21FDF776F80B0005F0C2
:1031F00013FB0A520F1B22242B2D3436384B00228E
:103200000F210B2005F038FB0422E2E70F22BBE779
:1032100000220F210D2005F02FFB0A2223E00000E1
:1032200083030000841100200D220F21104605F0B9
:1032300023FB062217E0092200E002220F210D20C5
:1032400005F01AFB0E220EE00B2200E00F220F21E8
:103250000D2005F011FB0C2205E00122D9E70F2219
:10326000ECE70B22EAE70E21084605F005FB208972
:103270000A21FDF731F80B0005F0CEFA0A0F1143D1
:103280004A4C4E5057595B6200220F210D2005F029
:10329000F3FA0422E7E70F22BBE70F2200E0002247
:1032A0000F21084605F0E8FA0A220E21102005F049
:1032B000E3FAB07800284AD00022F021122005F06D
:1032C000DBFA00227021112005F0D6FA0022F0214D
:1032D0000B2005F0D1FA002270210C2005F0CCFA69
:1032E0000022F0210D2005F0C7FA002270210E20E7
:1032F00005F0C2FA0022F0210F2005F0BDFA0022ED
:103300004CE10F210D22084605F0B6FA0622CCE763
:1033100009220FE002220DE00B2200E00F220F2114
:10332000084605F0A9FA0C22BFE70122B8E70F22F0
:1033300000E00B220F21084605F09EFA0E22B4E7AA
:103340000F210022084605F097FA0422ADE76089B4
:10335000002811D0B84272D97D21C900FCF7BCFF0A
:103360000A21FCF7B9FF0B0005F056FA0A69252C73
:1033700033353C3E454749610022F021122005F0DB
:103380007BFA20227021112005F076FA0022F0212C
:103390000B2005F071FA202270210C2005F06CFA48
:1033A0000022F0210D2005F067FA202270210E2066
:1033B00005F062FAFBE00022F021122005F05CFA31
:1033C00050221EE0D022F021122005F055FA3022C2
:1033D00017E0902200E02022F021122005F04CFAA4
:1033E00070220EE0B02200E0F022F021122005F061
:1033F00043FA602205E01022DEE7F022ECE7B0227B
:10340000EAE77021112005F037FA608963285BD95B
:103410006421FCF761FF0A21FCF75EFF0B0005F059
:10342000FBF90A5310171E2027293032344C002292
:10343000F021122005F020FA2022E2E7FFE7F02237
:10344000BAE70022F0210B2005F016FA50221EE008
:10345000D022F0210B2005F00FFA302217E0902245
:1034600000E02022F0210B2005F006FA70220EE089
:10347000B02200E0F022F0210B2005F0FDF96022DF
:1034800005E01022DEE7F022ECE7B022EAE7702147
:103490000C2005F0F1F96089092855D90A21FCF7BB
:1034A0001BFF0A21FCF718FF0B0005F0B5F90A4DC8
:1034B0000F161D1F26282F3133460022F0210B2026
:1034C00005F0DAF92022E2E7F022BBE70022F02142
:1034D0000D2005F0D1F950221EE0D022F0210D2060
:1034E00005F0CAF9302217E0902200E02022F021F6
:1034F0000D2005F0C1F970220EE0B02200E0F022AC
:10350000F0210D2005F0B8F9602205E01022DEE779
:10351000F022ECE7B022EAE770210E2005F0ACF9CA
:1035200060890A21FCF7D8FE0B0005F075F90A0F37
:1035300011181F21282A313335400022F0210D2097
:1035400005F09AF92022E7E7F022C0E7F02200E038
:103550000022F0210F2005F08FF950221EE0D0222A
:10356000F0210F2005F088F9302217E0902200E0CA
:103570002022F0210F2005F07FF970220EE0B0220A
:1035800000E0F022F0210F2005F076F9602205E03E
:103590001022DEE7F022ECE7B022EAE770211020EB
:1035A00005F06AF9FA4D286800283FD106E00022AC
:1035B000F0210F2005F060F92022EFE7F549897826
:1035C000032933D000220F211A2005F055F90022DB
:1035D0000721192005F050F900220F21182005F0CD
:1035E0004BF900220721172005F046F900220F2190
:1035F000162005F041F900220721152005F03CF9BD
:1036000000220F21142005F037F900220721132092
:1036100005F032F900220121082005F02DF90022E1
:103620008021132005F028F900228CE1F178E127B0
:103630003F01002924D000220F211A2005F01CF997
:1036400000220721192005F017F900220F21182068
:1036500005F012F900220721172005F00DF90022CC
:103660000F21162005F008F900220721152005F08A
:1036700003F900220F21142005F0FEF800224DE18D
:10368000002804D0E868B84220D3C34922E00022D1
:103690000F211A2005F0F0F802220721192005F069
:1036A000EBF800220F21182005F0E6F8022207218E
:1036B000172005F0E1F800220F21162005F0DCF8B4
:1036C00002220721152005F0D7F842E13B280DD949
:1036D0004B21C900FCF700FEC0B2030005F09CF8C6
:1036E0000A080A19202224262D2F313800282FD02D
:1036F0000F2200E000220F211A2005F0BDF805225C
:103700000721192005F0B8F8E868B84227D33946F0
:1037100028E00D220F211A2005F0AEF80322EFE772
:1037200009220FE002220DE00B2200E00F220F2100
:103730001A2005F0A1F80622E2E70122DBE70F22BA
:1037400000E00B220F211A2005F096F80722D7E798
:1037500000220F211A2005F08FF80222D0E73B2823
:103760000ED93C21FCF7B8FD0A21FCF7B5FD0B0092
:1037700005F052F80A080A21282A2C2E353739403C
:10378000002837D00F2200E000220F21182005F07A
:1037900073F805220721172005F06EF8E868B84293
:1037A0002FD33946FCF798FD08464B21C900FCF79A
:1037B00093FDC0B230E00D220F21182005F05CF817
:1037C0000322E7E709220FE002220DE00B2200E0CE
:1037D0000F220F21182005F04FF80622DAE7012208
:1037E000D3E70F2200E00B220F21182005F044F848
:1037F0000722CFE700220F21182005F03DF8022212
:10380000C8E73B2801D8002845D03C21FCF764FDDF
:1038100008460A21FCF760FD030004F0FDFF0A06DC
:10382000081D2426282A3133353C0F2200E00022CF
:103830000F21162005F020F805220721152005F09C
:103840001BF8E868394688422CD3FCF745FD08464A
:103850003C21FCF741FD2DE00D220F21162005F043
:103860000BF80322E9E709220FE002220DE00B2208
:1038700000E00F220F21162004F0FEFF0622DCE7F5
:103880000122D5E70F2200E00B220F21162004F0C1
:10389000F3FF0722D1E700220F21162004F0ECFFEE
:1038A0000222CAE73B2801D8002852D03C21FCF76D
:1038B00013FD08460A21FCF70FFD0B0004F0ACFFD6
:1038C0000A06080F16181F21282A2C490F2200E08B
:1038D00000220F21142004F0CFFF05221EE00D224C
:1038E0000F21142004F0C8FF032217E0092200E092
:1038F00002220F21142004F0BFFF07220EE00B224A
:1039000000E00F220F21142004F0B6FF062205E08C
:103910000122DEE70F22ECE70B22EAE70721132062
:1039200004F0AAFF01221146082004F0A5FF7079D7
:10393000002815D000228021132004F09DFFE868A4
:10394000B8420FD2042204210A2004F095FF00227D
:103950000EE000220F21142004F08EFF0222DDE78A
:103960008022E8E7002204210A2004F085FF0822D3
:1039700008210A2004F080FF084D287E00280FD07F
:1039800008221146104604F077FF00220EE00000E6
:103990009C11002054110020A08C00006811002010
:1039A00008210022084604F067FF802280210720BA
:1039B00004F062FF307900280FD000220221082095
:1039C00004F05AFF00220121032004F055FF687E15
:1039D000012809D002280BD00FE00222114608204E
:1039E00004F04AFF0122EEE704221146082002E01B
:1039F00002221146092004F03FFF01221146052052
:103A000004F03AFF80221146052004F035FFDA4821
:103A1000DA490088884201D2012200E00022012117
:103A2000072004F029FFD6480079002802D0F07959
:103A300000280ED000220421092004F01DFFB079D7
:103A4000002808D0012808D0022820D0032813D14C
:103A500029E00422EFE7012200E0002201210C20EE
:103A600004F00AFF012201210A2004F005FF0222CE
:103A700002210A2004F000FF802211460E2004F0EB
:103A8000FBFEE07D012815D0022817D01BE00122A3
:103A900011460C2004F0F0FE012211460A2004F029
:103AA000EBFE0022E4E7012211460C2004F0E4FEC4
:103AB0000022D8E708221146092002E0012211461F
:103AC000112004F0D9FEAF4CA079C00701D010221C
:103AD00000E0002210211A2004F0CEFEA079800719
:103AE00001D5082200E000220821172004F0C4FEBE
:103AF000A079400701D5082200E000220821132008
:103B000004F0BAFEA079000701D5102200E00022DF
:103B10001021132004F0B0FEA079C00601D52022A8
:103B200000E000222021132004F0A6FEA0798006E8
:103B300001D5402200E000224021132004F09CFE29
:103B4000A079400601D5802200E0002280211420C7
:103B500004F092FEA079000601D5802200E0002248
:103B60008021162004F088FEE088C00501D580225F
:103B700000E000228021182004F07EFEE08880050D
:103B800001D5802200E0002280211A2004F074FE7A
:103B9000E088400501D5402200E0002240211A20A3
:103BA00004F06AFEE088000501D5202200E0002232
:103BB00020211A2004F060FE607800280FD02078C1
:103BC000002809D0307A00285CD00022F02119208A
:103BD00004F052FE002280E03078002814D0002249
:103BE000F021192004F048FE00227021182004F072
:103BF00043FE0022F021172004F03EFE0022702137
:103C0000162004F039FE79E07022F021192004F02A
:103C100033FE30227021182004F02EFE0022F02105
:103C2000172004F029FE20227021162004F024FE23
:103C3000207A030004F0F0FD0A8D8F0C9193959784
:103C4000999B9D1FF021152004F016FE50225BE089
:103C5000D022F021152004F00FFE302254E0F02194
:103C6000152004F009FE70224EE0F021152004F02A
:103C700003FE602248E00022F021152004F0FCFD44
:103C8000202241E0A078030004F0C6FD0A06080FD8
:103C900016181F214F515355F02200E00022F02149
:103CA000192004F0E9FD502217E0D022F02119205C
:103CB00004F0E2FD302210E0902200E02022F0210A
:103CC000192004F0D9FD702207E0B02200E0F022B4
:103CD000F021192004F0D0FD60227021182004F09A
:103CE000CBFD0022F021172004F0C6FD2022702118
:103CF000162004F0C1FD707A00281ED00022F021A9
:103D0000152004F0B9FD00227021142004F0B4FD48
:103D10001D4D00246006295D000E012204F076FC92
:103D2000641CE4B21B2CF5D3F8BD1022B7E7F022D7
:103D3000C5E7B022C3E77022B8E7E078030004F0DB
:103D40006BFD0A080A070C0E10121416180692E7EB
:103D50007EE7F02276E7002274E790227FE72022B8
:103D60007DE7B02281E7F0227FE710226AE7F022A8
:103D700075E7B02273E700003000002098080000CB
:103D800054110020AC1100205C100020F1B5A248B5
:103D9000018A406901F03EFB9F4E0125AD079F4F10
:103DA00001242036002806D19D48007B002875D1CB
:103DB000707A002803D0307A012808D08DE0964828
:103DC000416A009804F0B6FD934948623472924803
:103DD000018A406901F01EFB012834D18E48416AF6
:103DE000904809189048814228D28D4801790029CD
:103DF00002D03D60856021E0427B012A07D04178F6
:103E0000012913D089494B88002B0DD108E0817B13
:103E1000491CC9B2817304290CD90021817309E0BE
:103E2000834B9B88002B01D0002A17D07F4A0221A8
:103E30001170C4707B487F49404208600020307296
:103E400075497072486274487B49406A40187B49E2
:103E5000884242D2707A002810D03EE044700020A0
:103E60000870C97D012901D0022901D0744900E000
:103E70007449754A516075490860DBE76848017903
:103E8000002902D03D60856026E04178012906D0F6
:103E9000417B012905D0002917D019E099E03D6048
:103EA0001AE0002141738173614A6949137E0B77DF
:103EB000537E4B775D4BDB7D8B77528B20310A80B5
:103EC000C07B88706348047002E0447300218173F2
:103ED000544858494042086074724F4E4E4840362C
:103EE0003188406C01F096FA002806D14C48007BDE
:103EF00000286ED1707E00280AD0307E012868D15B
:103F000045483188406C01F085FA012809D045E028
:103F10004148416D009804F00DFD3F4948653476F5
:103F2000EEE73D48416D3F4809183F48814230D295
:103F30003B480179002902D03D60856029E0417B42
:103F4000012908D00346407801280CD03748428820
:103F5000002A06D101E03D601BE0354A9288002A24
:103F600001D000292BD0314902200870DC703A487A
:103F70003C49047039482F4A0470394804700020C5
:103F8000086039490860394908602649494211608A
:103F90009870002030762049707648651E48344974
:103FA000406D40183349884234D2707E002831D1A8
:103FB0001B480179002913D03D60856029E05C70C1
:103FC00000210170C07D012801D0022802D01C48C8
:103FD00001E01FE01B481C4A50601C480160C6E716
:103FE000417B012904D011490A7D002A02D00CE04E
:103FF0003D600EE002220A70C4700C7516488C7584
:104000000470164804701648047006480949404276
:1040100008607476F8BD0000380300201800002006
:1040200054110020333333C23333F30184110020A1
:104030006811002014000020FFFFBFBFFFFF3F00FA
:104040000000F041000020422C110020C0000020A0
:104050002C100020700000207A0000207900002041
:1040600078000020CC000020C8000020C400002000
:10407000FFFF3FC0FFFF7F0010B501210F4809037C
:10408000018041800921C9060122D20241600281DA
:104090005210C160028241616423D100037601861F
:1040A0004186074A4900426301874C00014640317E
:1040B000C2630C8042640B7210BD00003803002004
:1040C0000008004870B50C4C3C21208C484314215A
:1040D000FCF702F9FDF752F80026E0612546268438
:1040E0004035288A3C2148431421FCF7F5F8FDF7B8
:1040F00045F8E0642E8270BD3803002010B5012021
:10410000000301F0A9F80120400301F0A5F810BD5B
:1041100010B5044801F058FD0021024801F0EAFE04
:1041200010BD0000B401002072B6FEE70649002071
:10413000C8610648016904221143016101694022F6
:104140001143016170470000180300200020024065
:10415000064A0021D16106490A6902231A430A610D
:104160004861086940221043086170471803002025
:104170000020024010B5054B0022DA61044A1369A1
:10418000012423431361018010BD000018030020A7
:104190000020024010B50B4A0020D168CB060A4926
:1041A00004D5C86902231843C8611020D3685B078F
:1041B00005D5CB6901242343CB6104210843D0609A
:1041C00010BD0000002002401803002070B5054615
:1041D00001F02CF90646104C0AE0681C08D0002DAE
:1041E00004D001F023F9801BA84201D9032070BD3F
:1041F000E068C007F1D1E068800601D52020E060CA
:10420000E068C00602D4E068400703D5FFF7C2FFAC
:10421000012070BD002070BD0020024078B5002252
:104220000E4B4C1E15E0551CA5420ADCD5182E88F5
:104230006D462E802D7885546D466D788618757084
:1042400005E0D5182E886D462E802D788554921C59
:1042500092B28A42E7D3012078BD0000009800089E
:10426000F3B585B00D4600F071FC00200121174F19
:104270000190039100900297694601A800F0CEFBDF
:10428000002818D100246E1E1AE0601CB042059868
:1042900005DC0019407801020598005D02E0015D2F
:1042A000FF200002081882B20023E119012000F06B
:1042B0000FFC002802D0002007B0F0BDA41CA4B25F
:1042C000AC42E2D300F0FAFB0120F5E700980008C9
:1042D00070B50A480A4D808800280DD0FCF74EFFC3
:1042E00004460848408BFCF749FF2146FCF72CFEAA
:1042F000294604F08FFB70BD284670BD48000020A1
:1043000033335340A0F7FF1FF8B505460446203568
:10431000287D0026012808D00120287520688168A2
:104320008907890F012908D101E00220F8BD016841
:10433000C9073CD1C168090439D4A16BFF220132FD
:10434000914302221143A163C1688907890F00913B
:10435000C16889088900C16020688168920711439B
:10436000816001F063F8074612E001F05FF8C01BBE
:1043700002280DD920688068002809DAA06B022184
:10438000884310210843A063002028750120F8BD50
:10439000206880680028E8DB2068C168009A114323
:1043A000C160A06B80088000401CA06304E0A06B8B
:1043B00020210843A0630126002028753046F8BD5F
:1043C000F8B50025044620340095227D012A39D015
:1043D0000122227503689E68760767D4384F4E68BD
:1043E000BE424DD09E6A0F78BA4016439E620123AA
:1043F000C26A1B079A421FD0012A1DD0022A1BD075
:10440000032A19D0042A17D0052A15D0062A13D05A
:10441000072A11D002688B6856697607760FB34277
:104420000AD05369DB08DB005361006842690B7AEC
:104430005B075B0F1A4342610A68102A04D0112AF5
:1044400002D038E00220F8BD1E488368102A07D049
:1044500001229205134383600868102803D02AE0E4
:104460000122D205F6E7194817490068FBF734FF27
:104470000A21484300E0401E00900028FBD11AE0CA
:10448000986A0E78B240904398620968102901D06A
:10449000112910D10B488268102904D00121890507
:1044A0008A43826007E00121C905F9E7816B202278
:1044B000114381630125002020752846F8BD0000C6
:1044C000011000000027014040420F000C000020B6
:1044D000704770477047F8B504460068056846683D
:1044E000690701D5710703D429072ED531072CD5CB
:1044F000A16BC90604D4A16B012252021143A1632E
:10450000C1680C270905890F002919D1A17E00294E
:1045100016D1290714D581684A070121002A08DB32
:104520004268BA434260A06B0A0290430843A0630A
:1045300006E0A06B20221043A063E06B0843E06319
:104540002046FFF7C5FF2068076028060CD5300617
:104550000AD5A06B012109040843A063204600F09E
:10456000D7F8216880200860E80614D5F00612D537
:10457000A06A1025012803D02068C068C00708D0B1
:10458000E06B02210843E063206805602046FFF7E6
:10459000A1FF20680560F8BDF8B500260446002894
:1045A00005D0A06B25462035002802D007E0012069
:1045B000F8BD0020E0632875204600F0ABF8A06B42
:1045C0001022C006002870DB2068816849076CD47F
:1045D000A16B1301994302231943A16381688907E1
:1045E000890F012905D10168C9070FD1C1680904E4
:1045F0000CD4C16818239943A3681943C16020688B
:104600000169636889008908194301612068C168EC
:104610003D4B1940C160207E617E8003C903084381
:10462000A17E4B031843A36A012B02D001231B0375
:1046300000E000231843E36818432369022B09D0E4
:10464000002318432B79E57E5B0018430123012DDD
:1046500002D00AE00423F4E7002927D0A16B20252B
:104660002943A163E16B1943E163E1690D46FF3D15
:10467000C23D02D0256A294308432168CD6805431D
:10468000CD600125E16A2D07A94213D0012911D07F
:1046900002290FD003290DD004290BD0052909D0F8
:1046A000062907D0072905D010E028E001210904D8
:1046B0000843DAE721684D69ED08ED004D61216896
:1046C0004D69A78D7F077F0F3D434D612168C96804
:1046D0000E4D2940814207D10020E063A06B800885
:1046E0008000401CA06308E0A06B022188431043B7
:1046F000A063E06B1843E06301263046F8BDA06B71
:104700001043A063F8E700001902FEFFE7FF3F83B4
:104710007047000070B586B0054614216846FBF767
:10472000D9FD20492868884239D11F498A69401536
:1047300002438A618A69024005924A690002024383
:104740004A61496900260140059106200090032036
:104750000190092069460296C00600F089FD1348C1
:10476000134C41C48020266060604000A06080003F
:10477000E06020202061000260610D48083C00F0EC
:10478000DBF8002801D0FFF7CFFC2C630022114694
:104790000C20656200F0AAFE0C2000F09BFE06B023
:1047A00070BD0000002401400010024008000240DB
:1047B00070010020F7B504460068002580684007B6
:1047C0003DD426462036307D01280AD00127377592
:1047D000607E012807D02046FCF77AFE050002D053
:1047E0002EE00220FEBDA06B16490840FF210131DA
:1047F0000843A0630020E0633075216B1248886293
:10480000216B1248C862216B1148086321681C2083
:104810000860206841681022114341602068C16827
:104820003943C1602168206B4031029B019A00F03E
:10483000ADF82068816804221143816000E0022500
:104840002846FEBDFEF1FFFF41140008C714000812
:10485000AD14000870B50024014620314A78022AC0
:1048600003D004218163012416E0026813680E2539
:10487000AB431360026813685B085B00136001229E
:10488000056C1346AB40C56B6B604A7000220A7022
:10489000416B002900D08847204670BDF0B4C16B41
:1048A0000D6801680C680422066C1346B3402B4265
:1048B0000DD063070BD50B689B0602D40B6893439E
:1048C0000B60016C8A40C16B4A60C16A19E0022723
:1048D000B74002462F4001232032002F15D0A707F2
:1048E00013D50C68A40604D40C680A25AC430C60EC
:1048F0005370036C02219940C36B59600021117001
:10490000816A002916D0F0BC08470827B7402F421B
:1049100010D024070ED50C680E25AC430C60046C37
:104920001946A140C46B616083635370002111700C
:10493000016BE6E7F0BC704770B5040021D002219E
:104940002046203005464170226811680E48A36851
:104950000140606826691843E3683343184363697C
:104960001843A3691843E3691843084310602046BD
:10497000FDF7DEFA0021A163012068702970084666
:1049800070BD012070BD00000FC0FFFFF8B50446E8
:104990008C46203001780025012909D001260670B7
:1049A00041780027012905D0077002252846F8BD67
:1049B0000220F8BD02214170A76320680168490800
:1049C0004900016061462046FDF7C4FAE06A00280C
:1049D0002068016802D00E22114306E00A2211432A
:1049E0000160206801680422914301602068016829
:1049F00031430160DAE7000070B5044600F016FDAF
:104A00000546601C02D004480078241800F00EFD12
:104A1000401BA042FAD370BD00000020F8B5054647
:104A200023480F46017E012601290BD00121017682
:104A30002868204C012807D02046FFF7C7FB002834
:104A400013D030E00220F8BD2046FFF7BFFB00285E
:104A500029D1FFF76BFB2046FFF7B8FB0646164847
:104A600001690422914301611DE00020C0433860C8
:104A70006C6812E02046FFF76BFB0E48FFF7A6FBC1
:104A800006460D48026902218A430261002E01D0C8
:104A90003C6008E0012080022418A8688102686850
:104AA0000818A042E6D80248002101763046F8BD39
:104AB0001803002050C30000002002400348016991
:104AC0008022114301610020704700000020024055
:104AD000F0B51FB407461A480024017E15461E464D
:104AE000012907D0012101761648FFF76FFB002846
:104AF00003D020E0022005B0F0BD012F02D0022F2C
:104B000000D00427220128463146FBF733FB81B24F
:104B1000019862001018FFF72DFB0A48FFF756FBBB
:104B200009490A69520852000A61002803D1641C2D
:104B3000E4B2BC42E6D3024900220A76DBE7000079
:104B40001803002050C30000002002400649002046
:104B50000A69120607D5054A4A60054A4A6009698A
:104B6000090600D501207047002002402301674557
:104B7000AB89EFCDF1B5FB4882B00188E1273F0159
:104B80000298BE06F84D81420FD1F6484188406830
:104B900000F040FCF34C2034002807D0F148418855
:104BA000406800F037FC01280ED08CE1A07A401C50
:104BB000A0720120E072EB480189C06800F02AFC75
:104BC0000028F2D1E0727EE1A07A0128EDD1002028
:104BD000A072E4480189C06800F01CFCE34920731E
:104BE0000A7B002A75D10A79002A73D1DD4A138C19
:104BF0005B1C13840222A2708B78032B01D001234B
:104C00008B70E37ADA4C012B02D0002B7AD05AE178
:104C10000028CAD1487B00284DD0887B002808D0C6
:104C200001280ED0022815D003281BD004283AD022
:104C300049E1607E401CC0B260760228B5D90020F0
:104C4000E1E0CC48C17D491CC9B2C1750229ACD98B
:104C50000021E1E0C87B401CC0B2C8730128A4D980
:104C60000020E3E0608B643000B26083B84200DD76
:104C700067831A21615E0420205EFF39F539814285
:104C800003DABD4AA18001201070BC4A00200C2329
:104C900043439B185C68A14200DA5960401CC0B2D3
:104CA0000928F4D90FE1207E401CC0B220760128EB
:104CB00089D90020E3E0B24800684000000EB14806
:104CC0000DD0017A491CC9B20172092903D9012109
:104CD000E7E021E11DE102F0DBFDA948F2E0027806
:104CE000002A10D08178491CC9B28170082901D9E5
:104CF00001218170CAB2C1788A4201D3511CC170AE
:104D00000272DCE06AE08878012802D0032839D0FA
:104D1000D9E09448007EFCF731FA9249C96903F062
:104D2000D1FE13D20420205E7D21C900009088426C
:104D300001DA401D1AE00A21FBF7D8FA002902D057
:104D40000098401AA080A0880A300FE0A0880A21AD
:104D5000143000B2A0800090FBF7C8FA002906D0FA
:104D60007D220098D200904201DD401AA0801A20D6
:104D7000205E0421615EFF38F538814200DDA080AD
:104D800081489FE0774C207EFCF7F8F9E16903F059
:104D900099FE2C680BD2BC4201DA641D16E03C215E
:104DA0002046FBF7A3FA00290BD13C340EE0BC42AD
:104DB00001DA1E340AE03C212046FBF797FA00296D
:104DC00002D0601A286002E0FF342D342C606F4856
:104DD0002968814200DD28606D4873E0012872D1A6
:104DE000487B00284FD0887B002808D001280ED0AF
:104DF000022815D003281BD004283CD063E0607E35
:104E0000002802D0401E60765DE062765BE0594883
:104E1000C17D002902D0491EC17554E0C27552E01F
:104E2000C87B002800D1CA73C87B401EC8734AE003
:104E3000608BFF21643800B2F5316083884200DA6C
:104E400061831A21615E0420205EFF39F5398142B9
:104E500003DA494AA18001201070484A00200C233F
:104E600043439B185C68A14200DA5960401CC0B201
:104E70000928F4D927E0207E002802D0401E2076A1
:104E800021E00120FBE73E4800684000000E3D485D
:104E900009D0017A491E0906090E017200D01AE7ED
:104EA0000921017217E70278002A36D08178491E5D
:104EB0000906090E817001D108218170017202F08A
:104EC000E7FC3448066027480299028E8A4223D1C3
:104ED000418E406B00F09EFA224C403400287DD079
:104EE0002048418E406B00F095FA012814D1A07E35
:104EF000012811D10020A0761A48018FC06B00F064
:104F000089FA1A4920770A7B002A05D10A79002AF2
:104F100071D0214806608E60FEBD887801280ED0D1
:104F20000328D0D10F4C207EFCF728F9E16903F06B
:104F3000C9FD2C6860D2BC4255DC641F6BE0094897
:104F4000007EFCF71BF90749C96903F0BBFD30D2AD
:104F50000420205E7D21C900009088421EDA401F97
:104F600037E00000380300209C110020541100207D
:104F7000681100208411002079000020CC0F00204F
:104F8000C0000020AC110020C8000020C0A8000014
:104F9000CC000020D0000020180000200A21FBF7E0
:104FA000A5F9002902D00098401AA080A0880A38EC
:104FB0000FE0A0880A21143800B2A0800090FBF70F
:104FC00095F9002906D07D220098D200904201DD9B
:104FD000401AA0800420205E002800E022E000DDCE
:104FE000CEE60020CBE63C212046FBF77FF90029E6
:104FF0000CD13C3C0FE024E0BC4201DC1E3C0AE04A
:105000003C212046FBF772F9002902D0601A286083
:1050100003E0FF3C2D3C20462C60002800DBDBE653
:105020000020D8E6A07E401CA0760120E0768048D3
:10503000018FC06B00F0EEF9002800D06CE7E0763D
:10504000FEBD4A7B012A1CD0228A521C22820222E7
:10505000A2748B78032B00D08A70E37E012B12D0D0
:10506000002BEDD10128EBD1724800684000000E02
:1050700071487FD0017A491E0906090E017276D067
:1050800011E06E4871E00028DAD16A4800684000FB
:10509000000E69480AD0017A491CC9B20172092977
:1050A00001D9012164E002F0F3FBFEBD0378002B7F
:1050B0000BD0C178491CC9B2C170092900D9C2708E
:1050C000C27863E0491CC17063E0887802280ED082
:1050D0000328EAD1207AFCF751F85549C96C03F04E
:1050E000F1FC2C6829D2BC421FDA641D36E0207A1C
:1050F000FCF744F84E49C96C03F0E4FC5048418881
:1051000006D20A3109B241800A2906D164210AE097
:105110001E3109B241801E29F8D049480222825E20
:1051200048498A4262DD418060E03C212046FBF72D
:10513000DDF800290BD13C3410E0BC4201DA1E340A
:105140000CE03C212046FBF7D1F8002904D0601A7E
:10515000286004E00EE00AE0FF342D342C603A4869
:105160002968814261DD28605FE00660FEBD09219B
:10517000017298E70278002A11D0C178491EC9B29D
:10518000C170022901D20921C170CAB281788A4254
:1051900098D9C178017202F07BFB2C48E5E788784A
:1051A00002280ED00328E1D1207AFBF7E7FF20493F
:1051B000C96C03F087FC2C6822D2BC4218DC641F47
:1051C0002DE0207AFBF7DAFF1949C96C03F07AFC6D
:1051D0001B48418801D20A3900E01E394180184835
:1051E0000221415E322901DA00219CE71848BCE720
:1051F0003C212046FBF77AF800290BD13C3C0EE01D
:10520000BC4201DC1E3C0AE03C212046FBF76EF864
:10521000002902D0601A286003E0FF3C2D3C2046A4
:105220002C60002801DA00209DE70A489DE7000075
:1052300038030020C0000020AC110020180000201E
:1052400084110020DC050000C0A80000D40000206C
:10525000C4000020CC00002010B504494A69024275
:1052600002D04861FFF786FC10BD00000004014039
:10527000F8B5002303240125BAE02E469E40B4462B
:1052800032407CD00E79B607B60F012E01D0022E27
:1052900017D186682746B6465E00B7400096764628
:1052A000BE43B646CF68009EB74076463743876018
:1052B00046686746BE430F79FF06FF0F9F4037439E
:1052C00047600E79F643B6070ED0C6682746B44647
:1052D0005E00B646B7406646BE43B4468F68764623
:1052E000B74066463743C7600E79B607B60F022E41
:1052F00014D1DE08B60036180096366A5F07B44649
:10530000FE0E0F27B646B7406646BE43B4460F6949
:105310007646B74066463743009E376206682746A2
:10532000B4465E00B646B7406646BE430F79B44603
:10533000BF07BF0F7646B7406646374307604E68E3
:10534000B603B60F53D02D4FBE692E43BE61BE6962
:105350009F08F607F60F2A4EBF00BE190096B668E2
:105360000F27B4469E07360FB646B7406646BE4383
:105370000927FF06B446B84202D1002710E036E004
:10538000204FB84201D101270AE01F4FB84201D196
:10539000022705E01D4FB84201D1032700E0052791
:1053A0007646B74066463743009EB760184EB668EB
:1053B0004F689643FF0200D51643154FBE60FE6846
:1053C0004F689643BF0200D51643114FFE607E68BA
:1053D0004F689643BF0300D516430D4F7E603E686D
:1053E0004F689643FF0300D51643094A16605B1CBD
:1053F0000A681646DE4000D03FE7F8BD00100240C4
:10540000000001400004004800080048000C00486B
:10541000000401400069084000D001207047002AC4
:1054200001D0816170478162704700000148806847
:105430007047000000000020024881680278891847
:10544000816070470000002010B5064801681022F6
:1054500011430160002000F007F800F027F8002059
:1054600010BD00000020024070B504460D4D7D20A7
:105470002978C000FAF730FF01460B480068FAF7B8
:105480002BFF00F0B7FA002809D1042C07D2002224
:105490002146401E00F02AF800206C6070BD0120FB
:1054A00070BD0000000000200C00002008B5084876
:1054B0008169012211438161816911400091C269B2
:1054C00001040A43C261C0690840009008BD0000A1
:1054D00000100240002805DBC106C90E01208840EB
:1054E000014908607047000000E100E010B503F0DA
:1054F000A1F910BDBFF34F8F04490348C860BFF343
:105500004F8F00BFFDE700000400FA0500ED00E04A
:10551000F8B50F46060059D03A4D2868C007C00FAD
:10552000B84209D2286840084000384328602868FB
:10553000C007C00FB84249D13068334C81070CD541
:10554000400704D56068072109020843606060686D
:10555000F0218843B168084360603078C00726D0E6
:10556000706801280ED0216802280ED08907002912
:105570002CDA61688908890001436160FFF756FFF2
:1055800000900DE021688903F1E78901EFE7FFF75B
:105590004DFF0099411A1D48814201D90320F8BDF1
:1055A00060680C210840716889008842EFD1286842
:1055B000C007C00FB8420BD92868400840003843E4
:1055C00028602868C007C00FB84201D00120F8BD8C
:1055D0003078400706D56068072109028843F168E2
:1055E0000843606000F018F86168094A0906090F6D
:1055F000515CC840074908600020FFF735FF0020D4
:10560000F8BD000000200240001002408813000096
:10561000248C00080C00002010B5104A51680C20A2
:105620000B4603400E48042B17D0082B15D18B02D4
:105630000C4C1B0FE45CD26A0A4B1207120F10339A
:105640009A5CC90305D500231946FAF7A4FD214643
:1056500001E02046044903F0C7F810BD00100240E5
:1056600000127A00048C000800093D00FEB5040019
:1056700070D02078DC4DC0074AD068680007800FE2
:10568000012807D068680007800F022809D16868E0
:10569000C00306D5286880033AD560680028E7D0A3
:1056A00036E06168012914D001208004002901D06E
:1056B000052914D02A68012109048A432A6029682F
:1056C000814329606068002816D0FFF7AFFE0646C8
:1056D0000EE028680121090408432860F2E72968E0
:1056E00001432960F5E7FFF7A1FE801B64286ED80F
:1056F00028688003F7D50BE0FFF798FE064604E024
:10570000FFF794FE801B6428F1D828688003F7D443
:1057100020780126800700283CDA68680007800F9F
:1057200007D068680007800F022809D16868C003A5
:1057300006D42868800716D5E06801280AD112E04F
:10574000E0680028286816D030432860FFF76EFE16
:10575000074605E043E1FFF769FEC01B0228C6D8F3
:1057600028688007F7D52868F82188432169C9008F
:10577000084328600EE0400840002860FFF756FE0E
:10578000074604E0FFF752FEC01B0228AFD8286886
:105790008007F7D42078000722D5E0690028686ADE
:1057A0000ED030436862FFF741FE074604E0FFF782
:1057B0003DFEC01B02289AD8686A8007F7D50FE023
:1057C000400840006862FFF731FE074605E09DE0B3
:1057D000FFF72CFEC01B022889D8686A8007F7D41F
:1057E000207804274007002860DA00200190E8694B
:1057F000C00008D4E969B8060143E961E9690140DC
:1058000001200091019079480168C90511D401680F
:10581000821511430160FFF709FE009005E0FFF7D4
:1058200005FE0099401A642870D870480068C005C9
:10583000F5D5A06801280AD0002801D0052810D08D
:10584000286A400840002862286AB84301E0286AB4
:1058500030432862A068002812D0FFF7E7FD0090CF
:105860000AE0286A38432862F1E7FFF7DFFD009974
:10587000411A5F48814249D8286A8007F5D50DE072
:10588000FFF7D4FD009006E0FFF7D0FD0099411A24
:10589000574881423AD8286A8007F5D401980028F1
:1058A00004D0E969012000078143E9612078C0063E
:1058B00035D5606901280CD0401D686B23D0384372
:1058C0006863686B400840006863FFF7AFFD0646F9
:1058D00022E0686B38436863686B30436863FFF7A6
:1058E000A5FD064604E0FFF7A1FD801B02285BD85A
:1058F000686B8007F7D5686BF8218843A169C900F8
:10590000084368630BE0B8436863F4E74CE0FFF7D3
:105910008DFD801B022847D8686B8007F7D4206A6A
:1059200000285ED069680907890F022942D0012644
:1059300036060228286805D0B0432860FFF776FDB8
:10594000044633E0B0432860FFF770FD074604E0EB
:10595000FFF76CFDC01B022826D828688001F7D409
:10596000E86AE16A000900010843E862616AA06A26
:10597000084369683D22120491430843686028681F
:1059800030432860FFF752FD044604E0FFF74EFD68
:10599000001B022808D828688001F7D521E0FFF70E
:1059A00045FD001B022801D90320FEBD28688001A7
:1059B000F5D416E00128F8D06868E96A01221204DB
:1059C000636A02409A420AD10907E26A090F9142CA
:1059D00005D10F2189040840A16A884201D0012025
:1059E000FEBD0020FEBD000000100240007000401F
:1059F00088130000094910B5401E884201D90120D2
:105A000010BD074C60610321081F02F013FF002046
:105A1000A06107202061002010BD0000FFFFFF00F3
:105A200000E000E07047704730B5034620331A7F2E
:105A3000012A26D001221A770325CA682D02AA431B
:105A40008D6800242A430125AD02AA434D680068F1
:105A50002A430125ED02AA430D682A4301252D039F
:105A6000AA430D692A4301256D03AA434D69C969FB
:105A70002A430125AD03AA430A4342641C77002050
:105A800030BD022030BD0000F0B502462032137F49
:105A9000012B1ED001251577022353770668746801
:105AA000B3687027BC430F682743776000680A4CCF
:105AB000A04205D0094CA04202D0094CA04204D11A
:105AC00080244968A34319438160557700201077EB
:105AD000F0BD0220F0BD0000002C01400004004099
:105AE0000040014070B5040005D025462035687F90
:105AF000002802D006E0012070BD00202877204653
:105B000000F014F802206877211D206802F038F9AF
:105B100001204034A071A877E87720706070A070F1
:105B2000E070207160716877002070BDF8B505469F
:105B300000681F4A1F49904210D18A690120000461
:105B400002438A61896900220140009111461420B4
:105B5000FFF7CCFC1420FFF7BDFCF8BD164A9042BD
:105B6000FBD18A690120800402438A618969144C4F
:105B70000140009111482060102060608021E160A8
:105B80000020A0604900216189008E00E66161610A
:105B9000A0612046FEF7D0FE002801D0FEF7C4FA2F
:105BA00008480168314301606C622C626562F8BD8F
:105BB0000040014000100240004801401C0002402B
:105BC000D402002000000140014620314A7F012A12
:105BD00001D00120704702224A770268D368012170
:105BE0000B43D3600068094A904205D0084A9042AE
:105BF00002D0084A904204D182685207520F062A06
:105C000002D002680A43026000207047002C014065
:105C10000004004000400140F8B505460446203528
:105C2000287F0026012817D00120287702206877D6
:105C3000226890687727FF23B8431B02984390603F
:105C40000868502838D00EDC20284FD006DC002809
:105C50004CD010281ED149E00220F8BD302845D094
:105C6000402817D13AE060282ED0702819D00122A0
:105C70001203801A0FD090420CD1CB684A68896811
:105C8000206802F04FF920688168012292031143D5
:105C9000816000E0012601206877002028773046E7
:105CA000F8BDCB684A688968206802F03BF9216832
:105CB000886838438860EEE7CA684968206802F05F
:105CC00041FA5021206806E0CA684968206802F05D
:105CD00073FA6021206802F030F9DCE7CA6849688D
:105CE000206802F02FFA40212068F4E7226801467C
:105CF0001046F0E77047000010B5054A0168914270
:105D000004D1007F012801D102F000F810BD00008D
:105D1000002C0140F8B504460020264620360090AD
:105D2000307F0D4601280ED001203077002A0CD09C
:105D3000042A19D0082A2AD00C2A51D00090002019
:105D400030770098F8BD0220F8BDEB6806CD083D1D
:105D5000206802F009FA206882690C218A43826176
:105D600020688169AA680FE0EB6806CD083D2068CD
:105D700002F035FA20688169032292029143816121
:105D800020688169AA68120211438161D7E72A68F5
:105D900020689646297B6A68036A9C46036AFF2747
:105DA0000137BB430362C36909079B089B00134388
:105DB000F0229343090E194305226346520293438E
:105DC00072460A273A4012021A43C16102622068F1
:105DD000C1690C229143C1612068C169AA682CE0A5
:105DE0002B6820689E466F682B7B026ABC46016A5E
:105DF00001273F03B9430162C16903273F02B94349
:105E000067463F020F430F2109038F431907090C0F
:105E1000052339435B039A4373460A273B401B0320
:105E20001343C16103622068C269032189028A4366
:105E3000C2612068C169AA6812021143C1617EE78C
:105E400070B5040005D025462035687F002802D0B3
:105E500006E0012070BD00202877204600F014F8ED
:105E600002206877211D206801F08AFF012040345C
:105E7000A071A877E87720706070A070E070207142
:105E800060716877002070BD10B586B0044614219B
:105E90006846FAF71FFA15492068884223D114484A
:105EA0008269C1140A43826182690A40059242698B
:105EB00089010A43426140690840059048120090F8
:105EC000002002210290039001910491092069466B
:105ED000C006FFF7CDF9002211460E20FFF706FBA2
:105EE0000E20FFF7F7FA06B010BD0000002C0140AD
:105EF0000010024070B503460446002520334030B0
:105F0000002908D0042909D008290AD04678427906
:105F1000012E0BD108E09E7F8278F9E7DE7FC27800
:105F2000F6E706780279F3E7012A01D0012070BD77
:105F30000222002909D004290ED0082912D042706B
:105F400042710C292ED001252AE09A7782702068B0
:105F5000C3681343C3600CE0DA77C2702068C2687C
:105F6000042304E0027002712068C26808231A4307
:105F7000C2600122206801F04FFF0C4A2068012115
:105F8000904205D00A4A904202D00A4A904204D177
:105F900082685207520F062A02D002680A43026042
:105FA000284670BD2068C2681023E0E7002C01403D
:105FB0000004004000400140F8B504460068C6688F
:105FC00005690027A907002913DAB10711D5F91EC1
:105FD000016101202077206880698007204602D077
:105FE000FFF78AFE04E000F0C7F8204600F064F9ED
:105FF0002777680716D5700714D504202168C04399
:10600000086102202077206880698005800F204683
:1060100002D0FFF771FE04E000F0AEF8204600F079
:106020004BF92777280715D5300713D508202168A5
:10603000C0430861042020772068C069800720469B
:1060400002D0FFF759FE04E000F096F8204600F079
:1060500033F92777E80616D5F00614D51020216805
:10606000C0430861082020772068C0698005800F40
:10607000204602D0FFF740FE04E000F07DF8204605
:1060800000F01AF92777E80708D0F00706D00120BA
:106090002168C0430861204600F00AFB280608D5A5
:1060A000300606D580202168C04308612046FFF7EE
:1060B000B9FC680608D5700606D540202168C043A3
:1060C0000861204600F0F5FAA80608D5B00606D506
:1060D00020202168C04308612046FFF7A4FCF8BDDA
:1060E000F0B587B0044614216846FAF7F3F81E4B62
:1060F000226800241D49181302251D4E9A421ED104
:106100004B69421013434B614B69134005934A6935
:1061100002434A614969012701400591C02000906E
:10612000092002940497019503946946C006FFF77D
:106130009FF8009502940497019503940EE00D4B8F
:106140009A420FD14A6902434A6149690294014067
:1061500058150591019504950394009069463046C1
:10616000FFF786F807B0F0BD0004004000100240C1
:1061700000040048004801407047F8B50646044650
:106180002036307F00270D4601280ED001203077C1
:10619000002A0CD0042A1BD0082A2FD00C2A3ED06B
:1061A0000127002030773846F8BD0220F8BD20686E
:1061B00001F0CCFE206881690822114381612068CA
:1061C000826904218A438261206881692A6912E018
:1061D000206801F0FFFE206882690121C9020A439C
:1061E0008261206881690122920291438161206865
:1061F00081692A69120211438161D2E7206801F0A6
:1062000029FF2068C16908221143C1612068C26961
:1062100004218A43C2612068C1692A6912E02068AA
:1062200001F05AFF2068C1690122D2021143C16105
:106230002068C269012189028A43C2612068C1695C
:106240002A6912021143C161ABE770B5040005D0A1
:1062500025462035687F002802D006E0012070BD69
:1062600000202877204600F015F802206877211DCD
:10627000206801F085FD01204034A071A877E877FF
:1062800020706070A070E0702071607168770020ED
:1062900070BD000008B500680549884207D105486F
:1062A000C26902210A43C261C0690840009008BD6A
:1062B000000400400010024010B5074A01689142F6
:1062C00009D1007F012806D104490020C870044884
:1062D00003C800F077F910BD004801406A000020B3
:1062E000240A00207047000030B504460222203006
:1062F00000290AD004290DD02046403008290ED0AC
:106300004378012B10D0012030BD837F012BFAD1BF
:1063100082770AE0C37F012BF5D1C27705E00378CD
:10632000012BF0D1027000E042700122206801F0E0
:1063300073FD12492068124B884207D0984205D05D
:10634000104A904202D0104A904204D1426C01257A
:10635000ED032A43426420680122884204D00B499D
:10636000884201D0984204D181684907490F062923
:1063700002D0016811430160002030BD002C0140B3
:10638000004001400044014000480140000400403A
:10639000F8B5044600200D460090214620462031E5
:1063A00040309446002D0AD0042D0DD0082D10D079
:1063B0004278022A12D04278012A11D075E08A7FF1
:1063C000022A0BD08A7FF7E7CA7F022A06D0CA7F4B
:1063D000F2E70278022A01D00278EDE70220F8BD48
:1063E0006246002A61D0002B5FD00226484F494AFE
:1063F000002D09D0042D18D0082D27D046700C2D63
:1064000044D00120009080E08E77606A8762606AE5
:10641000C262616A40480863226861463432606A39
:10642000FEF7B4FA002840D121E0CE77A06A876257
:10643000A06AC262A16A384808632268614638329D
:10644000A06AFEF7A3FA00282FD115E00670E06AD3
:106450008762E06AC262E16A2F4808632268614687
:106460003C32E06AFEF792FA00281ED109E020686B
:10647000C168012252021EE02068C1680122920216
:1064800019E02068C1680122D20214E0206B876203
:10649000206BC262216B204808632268614640324B
:1064A000206BFEF773FA002801D00120F8BD2068A8
:1064B000C168012212031143C160012229462068EC
:1064C00001F0AAFC154A20681549904207D088427D
:1064D00005D0144B984202D0134B984204D1436C20
:1064E0000125ED032B43436420680123904204D02F
:1064F0000E4A904201D0884204D181684907490F71
:10650000062902D00168194301600098F8BD000017
:10651000337E0008997E0008D17E0008002C0140DF
:106520000040014000440140004801400004004098
:1065300070B504460D460068002201F06DFC1D494F
:106540001B4B20688A10984208D01B4B984205D0FC
:106550001A4B984202D01A4B98420AD1036A0B4256
:1065600007D1036A134204D1436C0126F603B343F7
:1065700043642068036A0B4206D1016A114203D1C9
:106580000168490849000160204620300121002DA2
:1065900007D0042D07D04034082D06D061700020AC
:1065A00070BD8177FBE7C177F9E72170F7E700005D
:1065B000002C014011110000004001400044014046
:1065C00000480140F8B500260D460446002907D0D2
:1065D000042D0DD0082D13D00C2D19D0012655E017
:1065E0002068C168012252029143C160606A16E0CE
:1065F0002068C168012292029143C160A06A0EE046
:106600002068C1680122D2029143C160E06A06E0BD
:106610002068C168012212039143C160206BFEF71C
:1066200019F900222946206801F0F6FB1C491B4B92
:1066300020688A10984208D01A4B984205D01A4B0D
:10664000984202D0194B98420AD1036A0B4207D1F3
:10665000036A134204D1436C0127FF03BB43436425
:106660002068036A0B4206D1016A114203D1016816
:10667000490849000160214601202031002D07D042
:10668000042D07D04034082D06D060703046F8BD88
:106690008877FBE7C877F9E72070F7E7002C01401F
:1066A0001111000000400140004401400048014039
:1066B0007047704710B504210148FFF715FE10BD63
:1066C000FC010020FEE70000FEB54649464C474B62
:1066D0004A785B7DE16A0193A6790025731EDBB2DF
:1066E0000093731CDFB2012A15D0404A927D002A24
:1066F00073D002F01FF93F210906E06288426DDB8A
:1067000001983A4900285FD0002E58D00098A07117
:10671000002857D05FE002F00DF93F210906E06242
:1067200088424BDB31484088002810D0019800286F
:1067300007D0002E03D00098A071002808D10320B4
:1067400003E0A771032F03D90120A07100E0A57118
:1067500027490420085E8446002803D02079C043DE
:10676000207100E025711F480226C77B20481E4982
:10677000865F20484A798368D1434068C9B2002FB8
:106780000AD0002818D0002E02D02679964213D0C5
:10679000984211D0617110E000280DD0144F002EE6
:1067A00002D02679964207D0984205D0604600284C
:1067B000F0D038780328EDD06571E562FEBD032086
:1067C000A07108E08D7506E0A771032F03D9A571AC
:1067D000F8E702E002E0E56200E0A571257165716D
:1067E000FEBD0000541100207C0000208411002018
:1067F000681100209C110020F1B582B04021DD48D5
:10680000FEF708FE0126B607DB4F0024012500280D
:1068100007D1DA48007B002879D1D948C17800290E
:1068200004D0D7480078012809D09FE0D448816877
:10683000029802F07FF8D24988600846057040212E
:10684000CC48FEF7E7FD01284BD1CD488168CD4803
:106850000918CD48814240D2C8480179002902D0A8
:106860003E60866039E04178002902D1407B0028F3
:1068700001D03E6031E0C5484178012902D00029AD
:106880001AD026E0C24909684900090E0DD04470AB
:106890000470047201F034F8BE480460BE4804601D
:1068A000BE480460BA48046013E0BD480570BD48A6
:1068B0000570BD48057004E045700470057201F074
:1068C0001FF8B4480460B4480460B4480460B04899
:1068D0000660AC48B54940420860A9480470C470DD
:1068E0008460A748B24982685218B2498A423DD2B0
:1068F000C07800283AD1A1480179002908D141780F
:10690000012905D0407B002805D03E602CE0A8E09E
:106910003E60866028E09D48017800290FD04570D0
:10692000047005728470C47000F0EAFF9948046036
:1069300099480460994804609548066010E0022177
:106940004170057085700921C1700572914804601D
:1069500091480460914804608D48046000F0D0FFC5
:1069600088489249404208608548C5708021814826
:10697000FEF750FD90490091002807D17F48007B29
:1069800000286ED17E480179002904D07C484078E7
:10699000012809D051E07A48C168029801F0CAFF85
:1069A0007749C8600846457080217248FEF732FD7D
:1069B000012819D172497348CA6812187248824274
:1069C0000FD26E48427B002A01D03E6009E0027976
:1069D000002A01D0047100E005716A48734A404200
:1069E00010604C700C71CC6065487149C2685218D7
:1069F00070498A4221D2017900291ED15F490A7962
:106A0000002A02D03E608E6016E0497B002912D138
:106A10006A496B4A0988891827290CD269496A4A48
:106A20000D7000990C734A60684A8A607F225F4942
:106A3000D2050A6000E03E600571FF2101314D483A
:106A4000FEF7E8FC002807D14C48007B00286CD1F9
:106A50004B484179002905D04948807801280AD05F
:106A600056E062E046480169029801F063FF44493C
:106A7000086108468570FF2101313E48FEF7CAFCD7
:106A8000012834D13E483F49026952183E498A42A2
:106A90002AD23A490A79002A02D03E608E6023E069
:106AA0004A7B002A01D03E601EE08A78032A0ED07D
:106AB00003228A70374A4649116035490C603649CD
:106AC0000C6036490C6036490D70364907E08C7011
:106AD00040498C7020318C742E490C603249334A05
:106AE0000D70284949421160847044710461244842
:106AF0002F49026952182F498A4209D24179002947
:106B000006D11E490A793E60002A00D08E60457188
:106B100001211848FEF77EFC012807D0174D287B7D
:106B2000012802D1FEF7E6FC2C73FEBD134E307B2C
:106B30000028FAD13573747327491F48B4730A7E4D
:106B4000203802774A7E254F4277FA7D8277009877
:106B5000498B0180224805700C484470047004720F
:106B600000F0CEFE347170780128DED1022038703A
:106B7000F570FEBD000400481800002054110020EC
:106B80001C000020333333C23333F301AC11002037
:106B9000C0000020CC000020C8000020C40000205D
:106BA00078000020790000207A00002014000020E6
:106BB000FFFF3FC0FFFF7F004C100020320000208D
:106BC0002BFCFFFF7810002000007A440000FA44FC
:106BD0000000C040580300206811002084110020EC
:106BE000700000206420401E0006000EFBD170479C
:106BF00010B53C22FF21002001F008FD10BD10B5AA
:106C000000213C22084601F001FD10BD10B52A4CC0
:106C1000012220212046FEF702FC01220821204605
:106C2000FEF7FDFB01220920D103C006FEF7F7FBAA
:106C3000FFF7D8FF002220212046FEF7F0FBFFF7E8
:106C4000D1FF002001F084FD012001F043FD03206D
:106C500001F040FD042001F03DFD052001F03AFD6A
:106C6000082001F037FD182001F034FD292001F043
:106C700031FD802001F02EFD402001F02BFDE320AE
:106C800001F028FD012220212046FEF7C8FB0B4819
:106C9000007B00280DD100210948FFF725FB08499A
:106CA000C82009684863FFF7A3FF7D20C000FDF7F7
:106CB000A3FEFFF7A4FF10BD0004004854110020FC
:106CC000FC01002010B50C480188491C0180418856
:106CD000491C41808188491C8180C188491CC18030
:106CE0000189491C01814189491C41818189491CD3
:106CF000818100F031FF10BDF40000203EB500217D
:106D000021480091019102914160816001241D4A56
:106D100004610260C160042242610176417681769D
:106D2000C1769101C16189000162014620310C7177
:106D30008462FDF731FC002801D0FDF7F5F9012050
:106D40000003019007200290009469460E48FDF769
:106D500037FB002801D0FDF7E7F9022000906946D3
:106D60000948FDF72DFB002801D0FDF7DDF91120C2
:106D7000009069460448FDF723FB002801D0FDF789
:106D8000D3F93EBD002401403001002008B50C4875
:106D90004169012211434161406910400022009085
:106DA00011460920FEF7A2FB0920FEF793FB002203
:106DB00011460A20FEF79AFB0A20FEF78BFB08BD5E
:106DC00000100240F0B587B014216846F9F782FA46
:106DD000494842690121C9040A43426142690A40A3
:106DE00005924269C9000A43426142690A4005921C
:106DF000426949110A43426142690A400592426967
:106E000049000A4342614069CD11084005900022C3
:106E100029463A48FEF703FBAF1009200022394605
:106E2000C006FEF7FCFA01220920D103C006FEF7D6
:106E3000F6FA012228213148FEF7F1FA3124A800A0
:106E4000240400266A4651C269462D48FEF710FA0E
:106E50000320800300900196694602962848FEF7B9
:106E600007FAFF20C2300090019669460296234837
:106E7000FEF7FEF900950125029669461F48039624
:106E80000195FEF7F5F9092002966946C0060097BC
:106E900003960195FEF7ECF903208002009009208B
:106EA000019669460296C006FEF7E2F928036A4693
:106EB00051C209206946C006FEF7DAF9E8030090DE
:106EC000032409200195694602950394C006FEF744
:106ED000CFF9282000900195694602950394074850
:106EE000FEF7C6F9002211460720FEF7FFFA072039
:106EF000FEF7F0FA07B0F0BD0010024000040048B1
:106F00000008004810B586B000240094174801948A
:106F10000294039404941449059401602F21846021
:106F200041600461446112498461C160FEF7DAFD89
:106F3000002801D0FDF7F8F8012000030090694611
:106F40000A48FEF769FE002801D0FDF7EDF8202081
:106F500004A911C105480839FEF796FD002801D0A3
:106F6000FDF7E2F806B010BD0040014044020020E9
:106F7000E703000010B590B01C2108A8F9F7AAF9A2
:106F800020216846F9F7A6F91F492048002412C0BD
:106F900004608460C4603B21046141600838FEF7EE
:106FA000A1FD002801D0FDF7BFF81848FFF74DF903
:106FB000002801D0FDF7B8F860200D9409940890DE
:106FC0000A940B940C94002208A90E940F48FFF722
:106FD000D4F8002801D0FDF7A7F801200094400361
:106FE0000294059001940394049469460794074819
:106FF000FEF71AFD002801D0FDF796F80348FFF7C9
:107000006FF810B010BD0000004801408C02002055
:1070100010B586B000240594184804940094019497
:10702000029415490394016015498460416004612C
:10703000446114498461C160FEF702FF002801D059
:10704000FDF772F8049404A90C480594FEF71CFDA2
:10705000002801D0FDF768F8012001900094029407
:107060000022694603940548FEF754FE002801D02B
:10707000FDF75AF806B010BD002C0140B401002005
:10708000BF120000FFFF000010B58AB00024079473
:107090001C2168460894F9F71DF921481F49016031
:1070A000772184604160FF21046190318461C16077
:1070B000FFF7CBF8002801D0FDF736F8079407A9B1
:1070C00017480894FEF7E0FC002801D0FDF72CF8E3
:1070D00060200090019402940022694604941048B4
:1070E000FFF74BF8002801D0FDF71EF8042269468F
:1070F0000B48FFF742F8002801D0FDF715F80C22E5
:1071000069460748FFF739F8002801D0FDF70CF869
:107110000348FEF7E5FF0AB010BD00000004004080
:10712000FC010020F3B5614885B00D46814200DDC9
:1071300005465F490827CF5F2846FF2396389033DE
:107140005C4C874202DAE36107B0F0BD7D22120198
:107150000026954219DC28466438874215DA6168B2
:10716000059801F0E7FB54496060884202DAFA2092
:10717000E061E9E750494942401803214905884246
:1071800001D2E661E0E76660DEE7954201DDAF42ED
:10719000D9DBE81B3130632807D245481621415E10
:1071A000022902DC012060700EE0607801280AD11B
:1071B00042484068F9F79EFE414A424BF9F776FD96
:1071C000F9F73AF9E06066703C48E168416038469A
:1071D000F9F7CCFF03902846F9F7C8FF0146374F6F
:1071E000394801903B46009702900C3B039A059862
:1071F000FAF7EEF9FF20796AC005C14201D37E6239
:1072000003E03148814200DD78622C48284F406815
:10721000E0600820385EA84219DA1620385EF9F7D7
:10722000A5FF2649294B34310293294A00910B4688
:10723000019202467F210C3BC9050598FAF7C8F96F
:107240001E483430416AFF20C005C14203D31B48A9
:107250003430466205E0194A1D483432814200DD6F
:1072600050620820385E1B4FA84201DDE6611AE03B
:10727000A168059801F05EFB0546A0600F483946FD
:10728000406AF9F761FE294601F01CFC06D80B485C
:107290003430406AF9F708FFE06100E0E661A06879
:1072A000B84200DC50E7A6604EE700001C0C00006E
:1072B00068110020040100200000404090100020D0
:1072C0009A9999999999D93F0000C842000048427B
:1072D00000007A4300002041F1B534483449427837
:1072E0000025344C0E6884B0012A02D1007B0028AE
:1072F00002D0002065622BE02F482E49838800933E
:107300004A6A5100002B40D0C77D2A482B4B0C38CD
:10731000012F17D0022F036016D0294B85604360E0
:107320002248C078002816D0080E0FD07F21C9054A
:10733000104601F0FFFB6062FF21C905C8422FD350
:1073400065622DE00360E9E71E4BE7E7606AF3E75B
:10735000306405B0F0BD1848C088F9F70FFF054646
:107360000098F9F70BFF01461748124B0190029065
:107370000C3B2A4600940498FAF72AF9606AF9F758
:10738000B9FE0B4909680864E3E7080E0CD07F21B9
:10739000C905104601F0CEFB60620C498842CFDB84
:1073A000606AF9F7A7FED3E7606AF6E75411002098
:1073B000FC0100202C110020841100200BD7A33CDD
:1073C0005939343CA69BC43B0000C843000020420E
:1073D00010B50C210448FEF787FF0122D1020348B3
:1073E000FEF71DF810BD0000FC010020000400485D
:1073F00004480349016004494160002181607047ED
:107400000BD7233D2011002090C2753DFEE7000000
:10741000F3B5654D85B00A27EF5F0698C01BF9F7F5
:10742000A5FE0026009604466B7E604A6048012B4C
:107430000ED06049022B10D002605F4A426081602A
:107440005E4884420DDB0698F9F790FE5C490FE038
:107450005C49026041605C49F1E75C4A02605C4A59
:10746000ECE75C48844206DB0698F9F77FFE5A4950
:1074700001F0D0FA10E05948844204DB0698F9F78D
:1074800075FE5749F4E75748844231DB0698F9F70F
:107490006DFE0121F9F776FE0646534884420ADA6A
:1074A000FF20F530874206DA0698F9F75FFE4F496C
:1074B00001F0B0FA06464E484E4920184E4D88421B
:1074C00032D27F21C905686901F034FA019038464B
:1074D000F9F74CFE019901F0F5FA1AD2002732496A
:1074E00006202F61085EF9F741FE68612F7044E0C5
:1074F0004248844204DB0698F9F738FE4049B7E772
:107500000120C0058442C8DB0698F9F72FFE3D49EB
:10751000AEE72969059801F00DFA3B4928618842D8
:1075200006DD0120287006E000202861287024E094
:107530002878002821D00698F9F7ADFB0022334BBC
:10754000F9F7B4FBF8F778FF074617490A20085EF9
:10755000F9F70CFE03900698F9F708FE0146384645
:10756000134F2B4A0C37009701920290104B039A4D
:107570000598FAF72DF8786A00903046009901F0E6
:10758000D9F90121C9058C4205DA00200849286192
:1075900028700C314860F9F787FD01460598FFF720
:1075A000C1FD07B0F0BD000068110020CDCCCC3E7D
:1075B000EC100020EC51B83D295C8F3D00001643D3
:1075C00066664640295C0F3E0BD7233ECDCC4C3E31
:1075D000A69BC43C0000C8423333334000004842FD
:1075E000000020400000A0410000F0413333333F51
:1075F000FFFF7FC0FFFFEF02040100200000A0405A
:10760000CDCCCC3FCDCC8C3F0000204100000440CD
:1076100000401C45FEB507463448874201DA002089
:10762000FEBD3348874202DD7D204001FEBD314E64
:107630000024A5007159384601F044FA05D8A8196C
:107640004168384601F0BCF905D3641CFF20A4B2A0
:10765000A7308442EDD32046F9F790FD264901F08A
:1076600069F97F210546C90501F064F90290A0007F
:10767000315880190091406801F05CFA41001F4ABE
:1076800049081F4C1F4E914210DAA54206DA3146D6
:10769000284601F0BFF9F9F72DFD24E0284601F056
:1076A0000EF9F9F727FD0A2148431CE0019029460D
:1076B000029801F03FFA02903846009901F03AFA38
:1076C000029901F0A7F90199F9F73EFC294601F06A
:1076D00031F9A04201DB01F0F2F8314601F09AF9EC
:1076E000F9F708FD0A3080B2FEBD0000B86E6444B0
:1076F000B86E1A45348C00080000B0C16F12833A8E
:107700000000C84200002041F0B5584D85B069889E
:107710000120F9F725FFF9F729FD554C206029884C
:107720000020F9F71DFFF9F721FD6060FCF7D0FD9F
:107730002E46183E054630614E48476880683946F7
:1077400001F0F8F901464C48F9F7FEFB4B49886017
:1077500001460090384601F05DF9474901F0DEF935
:107760004649486002900B21C9432068F9F70AFD99
:10777000294601F04FF97169019101F04BF9314649
:107780002031086007460B21C9436068F9F7FAFC0D
:10779000294601F03FF9019901F03CF931462031C9
:1077A00048600390B0683649019001F033F9F9F769
:1077B000A1FB04460D463846F9F79CFB314A324B93
:1077C000F9F724F822462B46F8F7F0FFF8F734FED5
:1077D00031462831074608600398F9F78BFB294AA0
:1077E000294BF9F713F822462B46F8F7DFFFF8F795
:1077F00023FE31462831486005463946019801F09C
:1078000099F904462149384601F004F92146F9F76F
:107810009BFB194901F0FEF83746303704463860C3
:107820002946019801F086F901901849284601F08F
:10783000F1F80199F9F788FB0F4901F0EBF878604E
:10784000009901F0E7F8029901F074F8F9F752FC99
:1078500030802046009901F0DDF8029901F06AF8C5
:10786000F9F748FC708005B0F0BD0000480000202A
:10787000180A00204C10002000007A4478100020E4
:107880007F526E3E3333333333331B40000040406E
:1078900012480C21007A134A4843114941180889BB
:1078A000508011488B888380104BC96819600C493F
:1078B00060310B7F03764B7F4376897FD175084912
:1078C00080310A88428388780949C87309490120B0
:1078D000087009490870094908707047AC11002008
:1078E000CC0F002084110020681100209C11002082
:1078F000541100207A000020790000207800002038
:10790000F8B590212D48FCF789FC2C4E2C4F3446BD
:107910002546307880356034AA2802D1687BC62895
:1079200023D000F05FF827480C21007A48438219E1
:10793000254910894880254893888380D368244A44
:107940001360227F0276627F4276A27FCA75298801
:1079500041832048A978C1731F49012008701F493D
:1079600008701F490870387022E016480C21007A10
:1079700048438219144910894880144893888380A9
:10798000D368134A1360227F0276627F4276A27F19
:10799000CA75298841830F48A978C1730E4901200F
:1079A00008700E4908700E4908703878002803D016
:1079B0000020387000F042F8F8BD0000CC0F002025
:1079C00070000020AC1100208411002068110020FC
:1079D0009C110020541100207A0000207900002022
:1079E0007800002030B5AA20114A0021FF24107031
:1079F0007334084664250C234B439B18491C9D6037
:107A0000C9B25C60D8600929F5D90949094A8031B1
:107A10004A60094A8A600A460873203A107750770C
:107A20009077E12212010A808870C620487330BD29
:107A3000CC0F002000007A440000FA4410B59021D9
:107A40000148FCF70DFC10BDCC0F002070B5094CAF
:107A50000025217800290BD0616800F06BFF3F21E1
:107A600009066060884202DBFFF7E8FF257070BD01
:107A7000656070BD700000207047000070B51B4C41
:107A8000616800F057FF606020461830818802204E
:107A9000F9F766FDF9F76AFB0546E0601448408B8C
:107AA000F9F76CFB2946F9F74FFA60611148A060BD
:107AB000FFF72AFE7F216068C905884215DB208810
:107AC000F9F75CFBFFF7A6FD0B4D68816088F9F7BD
:107AD00055FBFFF79FFD00B228812188074A91429C
:107AE00000D26889E8800020606070BD300000200E
:107AF000A0F7FF1F8B6C1F40681100209808000042
:107B00007047000010B50A4A0A4853780168012BF3
:107B100003D19278032A00D04168C16006484188A9
:107B2000418106488188C181FAF736FB10BD00000B
:107B3000541100209C1100208411002068110020A5
:107B400010B5FDF779FC03480078002801D0FFF755
:107B5000B9F810BD5411002070B5314C00252088B3
:107B6000022800D3258060880A2813D32D4E304682
:107B7000FEF742FE3046FCF709F93046FFF77EFF7C
:107B80003046F9F7ABFF3046FAF7F8F93046FAF726
:107B900041FA6580A088322810D3234E3046FFF783
:107BA0009BFB3046FAF736F93046F9F775FD30465B
:107BB00000F0CAFB3046F9F7D3FDA580E0886428C1
:107BC0000DD31A4E304600F025FB3046F9F75AFE29
:107BD000304600F0A5FB3046F9F7B4FEE580208979
:107BE000C82800D325816089FF21F531884208D358
:107BF0003F2636063046F9F753FF3046FFF726FF9B
:107C00006581A0897D21C900884208D37F26F605B9
:107C1000304600F06BFB3046FCF754FAA58170BD8E
:107C2000F40000200AD7233CCDCC4C3DCDCCCC3D3C
:107C300030B591B030216846F8F74CFB0024112094
:107C40000F940090012001900590102006900E9452
:107C50000003099000010D9402250A900C940895E8
:107C60000B946846FDF702FD002801D072B6FEE7CE
:107C700007200C900E9401210D950F940CA8FDF790
:107C800047FC002801D072B6FEE711B030BD704746
:107C900070B5164C0026267001211548FDF7BAFB79
:107CA0000125012818D02673FFF72AFEFEF7AEFF44
:107CB000FCF72EFAFFF78CFBFEF7FCFCFFF798FBB6
:107CC00000F0A4FB00F0EAFAFCF7D6F9F9F794FB10
:107CD000207B002802D004E02573E5E7064905482B
:107CE0000860F9F721FD257070BD000054110020D7
:107CF00000040048CDCCCC3D1400002010B5024853
:107D0000FEF75AF910BD00004402002070B511487A
:107D10000068456B104C6560A068854201D9281A3F
:107D200002E00E49081A40192060F9F727FA0146C7
:107D30000B48F9F709F9A5600A49E06000F06AFE0E
:107D40000949F9F701F9F9F7D5F90849C880002080
:107D5000086170BDB4010020D8000020FFFF0000C2
:107D600000401C46000070420000A040841100202A
:107D700010B50248FEF720F910BD0000B401002044
:107D8000F0B502681E4B1F4C984201D0A04203D1AF
:107D90007025AA434D682A431B4D1C4E1C4F984228
:107DA0000AD0A04208D01B4CA04205D0A84203D064
:107DB000B04201D0B84205D11446032212029443C6
:107DC000CA6822438024A2434C69224302608A6825
:107DD000C2620A688262984205D0A84203D0B042CB
:107DE00001D0B84201D109690163012141610169F2
:107DF000C90703D00169490849000161F0BD0000CD
:107E0000002C0140000400400040014000440140BB
:107E1000004801400020004010B5CB06DB0E0121D8
:107E2000046A99408C430462016A9A4011430162DA
:107E300010BD10B5446A0121626A824206D12177E1
:107E40008069002822D13E2001551FE0A26A8242AB
:107E500007D1022222778069002817D13F200155DF
:107E600014E0E26A824207D1042222778069002866
:107E70000CD14020015509E0226B824206D1082234
:107E800022778069002801D1412001552046FEF764
:107E900013FA0020207710BD10B5446A616A814250
:107EA00001D101200DE0A16A814201D1022008E048
:107EB000E16A814201D1042003E0216B814201D1BA
:107EC000082020772046FEF70DFA0020207710BD0D
:107ED00010B5446A0121626A824203D121773E20B3
:107EE000015519E0A26A824204D1022020773F2086
:107EF000015511E0E26A824204D10420207740203B
:107F0000015509E0226B824204D1082020774120EC
:107F1000015501E03D2001552046FDF7EBFE002014
:107F2000207710BD30B58468FF252D021B02134356
:107F3000AC430B432343836030BD826870239A4374
:107F40000A4307210A43826070470000F0B5056AC2
:107F5000026A520852000262436882697024A24396
:107F600092080C6892001443022295438A68164EC8
:107F70002A43144DA84207D0B04205D0134FB8424F
:107F800002D0134FB84206D10827BA43CF6817432F
:107F9000042297433A46A84207D0B04205D00B4D81
:107FA000A84202D00A4DA84206D103252D02AB43B8
:107FB0004D691D438B692B4343608461496841636C
:107FC0000262F0BD002C014000400140004401402D
:107FD0000048014070B5046A026A10239A430262A5
:107FE0004368826973252D02AA430D682D0215434B
:107FF000202294438A6812012243124CA04208D1E5
:108000001446CA688026B443120122434024A24386
:1080100008E00D4CA04205D00C4CA04202D00C4C04
:10802000A04208D10324A402A3434C69A4001C432A
:108030008B699B00234343608561496881630262C9
:1080400070BD0000002C0140004001400044014090
:108050000048014070B5046A026AFF2301339A4365
:1080600002624368C2697025AA4392080D689200B3
:1080700015430122520294438A6812022243124C91
:10808000A04208D11446CA68C614B443120222435F
:108090000415A24308E00D4CA04205D00C4CA042B0
:1080A00002D00C4CA04208D103242403A3434C6902
:1080B00024011C438B691B0123434360C56149684C
:1080C000C163026270BD0000002C0140004001400D
:1080D000004401400048014030B5046A026A0123AF
:1080E0001B039A4302624368C26973252D02AA43A7
:1080F0000D682D0215430122520394438A6812032E
:1081000022430C4CA04208D00B4CA04205D00B4C93
:10811000A04202D00A4CA04205D10124A403A343EB
:108120004C69A40123434360C5614968016402624C
:1081300030BD0000002C01400040014000440140DF
:108140000048014030B5036A046A640864000462B0
:108150008469F025AC43120122430A24A3430B4354
:108160008261036230BD000070B5056A046A64086C
:108170006400046284690D4EB04205D00C4EB042DA
:1081800002D00C4EB04202D1A408A40000E00122AB
:108190001443F02294431A07120E0A2322439D43EC
:1081A000194029438261016270BD0000002C01402A
:1081B000000400400040014030B5046A036A102505
:1081C000AB43036283690F252D031203AB431A43AC
:1081D000A0239C43090121438261016230BD70B537
:1081E000056A046A1026B4430462846903263602D1
:1081F000B443120222430F2424031B071B0CA24387
:108200001343A02209019543114029438361016270
:1082100070BD0000F8B51B49002249781A4C0029AE
:108220001CD01A491B4B0E8821468D78184F02210D
:10823000595EBE4208D3012D01D11A70A2700029E7
:108240000CD0FEF76FFF0AE0002907D0002D02D105
:108250001A700122A270FFF7DBF800E0E261E0692A
:10826000F8F784FFF8F720FFFF219031002801DAAA
:10827000002002E0884200DD08460749096888635B
:10828000F8BD00005411002004010020300000203F
:108290009808000068110020FC0100200B480A49E2
:1082A00001600C4A82600A4941600B4A3430026026
:1082B0000A4A426081600A493430016009494160DC
:1082C0000949816070470000CDCC4C3F84100020EC
:1082D0000BD7233D0BD7233E0000AF43CDCCCC3E84
:1082E000CDCC4C3EA69BC43CEC51B83D10B50A4CDD
:1082F0007F21C905A06900F01DFB01218907A0614C
:10830000884207DB05480189828A8A1AC2828182F3
:108310000020A06110BD00000401002068110020B1
:1083200010B50446F9F76EFC2046F9F783FD2046A8
:10833000F9F790FB2046F9F7E5FA2046FEF7C4F975
:108340002046F9F731FC10BDF8B52B4E2B4C307B95
:10835000012810D00025FF231A461946284600940C
:1083600000F068F86D1CEDB21A2DF4D924480068AD
:1083700000281FD10CE0002500231A461946284684
:10838000009400F057F86D1CEDB21A2DF4D92BE0D3
:10839000B07803280ED000231A46194600940C200A
:1083A00000F048F830790094002808D0FF231A46DE
:1083B000194607E0FF231A4619460094EFE7002309
:1083C0001A4619460D2000F035F80E484078009402
:1083D000002803D0FF231A46194602E000231A465C
:1083E00019460E2000F026F80748C078002801D171
:1083F00000F0F4F8F8BD000054110020CDCCCC3EC4
:108400009C110020AC1100206A00002008B508482B
:1084100006490160002141607F20C00500900B46A5
:108420000A46FF2000F006F808BD00008C0200207C
:10843000240A0020F0B5664D87B02870654F039080
:10844000049039727A72BB72491C002415460809DF
:108450000093F8F793FE0C9900F0DCFA5E4900F007
:10846000D9FAF8F747FEC6B26D1CFE722809F8F774
:1084700085FE0C9900F0CEFA574900F0CBFAF8F7D8
:1084800039FEC5B23D73009B5B1C1809F8F776FEF8
:108490000C9900F0BFFA504900F0BCFAF8F72AFE38
:1084A000C2B27A734A4B394604989B1E1431FF2896
:1084B0000CD003981B2854D818246043188000203F
:1084C0002B4683401B064DD529244CE00020188004
:1084D00000202B4683401B0601D5292300E01423EE
:1084E0003B4F401CBF1E3F88C0B2BC467F00CB53F1
:1084F000374B67469B1E7F1C1F800828E9D300204E
:10850000334683401B0601D5292300E01423304F56
:10851000401CBF1E3F88C0B2BC467F00CB532C4BD3
:1085200067469B1E7F1C1F800828E9D30020134646
:1085300083401B0601D5292300E01423244F401C4F
:10854000BF1E3F88C0B2BC467F00CB53204B67465E
:108550009B1E7F1C1F800828E9D3641CE4B21B2CDF
:10856000B6D330E014241A4B401C9B1E1B88C0B2AB
:108570005F00CC53164C5B1CA41E238008289FD39D
:108580000023204634469C40240601D5292500E0DE
:10859000142504885B1C6700641CCD53DBB2048087
:1085A000082BEFD3002314469C40240601D529252F
:1085B00000E0142504885B1C6600641C8D53DBB24C
:1085C0000480082BEFD302480121817007B0F0BD71
:1085D0006A000020240A00200000204110B5084C49
:1085E000A07800280AD00748064A03C8064B143270
:1085F000FDF7CEFE0120E0700020A07010BD00004D
:108600006A000020240A0020C9020000F7B5304D9E
:108610000646002220212846FCF701FFFEF7E2FA79
:10862000012000F095F870060024060E06270022AF
:1086300008212846FCF7F3FE391B3046C840C00726
:1086400001D0012200E0002201210920C903C00657
:10865000FCF7E5FEFEF7C6FA012208212846FCF7E2
:10866000DEFEFEF7BFFA641CE4B2062CDFD3002462
:108670002F4623E0019E0025002208213846FCF702
:10868000CEFE0720401B3146C140C80701D0012261
:1086900000E0002201210920C903C006FCF7BFFE4B
:1086A000FEF7A0FA012208213846FCF7B8FEFEF7D3
:1086B00099FA6D1C082DDFDB641CE4B20298844239
:1086C000D8D3012220213846FCF7A9FEFEBD0000C8
:1086D00000040048F8B500241C4D06460727002278
:1086E00008212846FCF79BFE391B3046C840C007CE
:1086F00001D0012200E0002201210920C903C006A7
:10870000FCF78DFEFEF76EFA012208212846FCF7E1
:1087100086FEFEF767FA641CE4B2082CDFD3002261
:1087200008212846FCF77BFEFEF75CFA01210920B0
:108730000022C903C006FCF772FE01220821284668
:10874000FCF76DFEFEF74EFAF8BD0000000400488D
:10875000F8B50746FEF746FA224D002208212846C2
:10876000FCF75DFEFEF73EFA01220924D603E4067B
:1087700031462046FCF753FE012208212846FCF72B
:108780004EFEFEF72FFA002208212846FCF747FE8E
:10879000FEF728FA002231462046FCF740FEFEF79D
:1087A00021FA012208212846FCF739FEFEF71AFAC1
:1087B000002208212846FCF732FEFEF713FA002FAC
:1087C0000ED0012231462046FCF729FEFEF70AFAB8
:1087D000012208212846FCF722FEFEF703FAF8BD25
:1087E0000022EFE700040048F8B5040C8BB22646DF
:1087F00082B25E430D0C1046370C58433604801984
:108800000021794116466E43370C360480197941B0
:1088100026466E438919F8BD30B47446641E257827
:10882000641CAB4200D21D46635D5B00E31830BCA4
:10883000184700008307FF22DB0E9A408907090EC4
:108840009940002808DB830809489B001B1818681A
:1088500090430843186070470007000F08388308EA
:1088600004489B001B18D86990430843D86170479F
:1088700000E400E000ED00E030B5044CFF25235C8F
:10888000691A0B401343235430BD00005C100020D4
:10889000FCF7DAFDFFF7CCF9FEF794FAFEF776FA6B
:1088A000FEF72CFAFEF7B4FBFEF7EEFBFEF72AFB11
:1088B000FEF760FBFFF7ECF9FFF724F9FCE770B572
:1088C0000546F8F7B3FC04460146284600F032F9A5
:1088D0007F263F22BF23FF21F60512061B0609064D
:1088E000002D0CDA984202D343008B420CD99042FF
:1088F00019DD4000884211D915E0044613E0984282
:1089000007D943008B4204D83146204600F012F9C3
:10891000F3E7904207DB4000884204D83146204606
:1089200000F008F8E9E760004008E90FC9070843CC
:1089300070BD000070B501250400ED074C4020D447
:10894000441A01D2001B0919C60D4B00F2B2FF2ACE
:1089500029D01B0E2CD000020C02D31A2C43DC4071
:108960002843051910D2280A02D3401C6D0611D0E5
:10897000761EF6058019FF2A00DA70BDC00DC0050D
:1089800070BD694000F0DCF801200543C541521C70
:10899000761CE8E764089C40C90161408900E7D182
:1089A0000124A043E4E71B0E440200D0034870BD3D
:1089B000002AFCD1C00FC00770BD00BF0000C07FFF
:1089C00001230200DB050A430DD4DA4203D49A42A4
:1089D00007D488427047D84214D4D94212D488426E
:1089E000704780427047DA4203D59A42F9D58142F6
:1089F00070475B004200DA4204D24A00DA4201D2F8
:108A00008142704710B5024AF8F7DEFB10BD00BF87
:108A10000900160470B5420064414B005C41120E1F
:108A200039D01B0E38D0FF2A3CD0FF2B3AD0400261
:108A30004902400A490A060045184E43000A090A3D
:108A4000D2184843ED017F3A0104731A4019190CFA
:108A50004318990F04D001215B0849075B1A521C87
:108A6000D80904D3401CF50301D19D0607D0FF2A85
:108A700008D2D50506D0E4072043401970BD012572
:108A8000A843F4E7002A01DCE00770BD2402FF20C0
:108A90002043C00570BD1B0EFF2A03D0FF2B01D061
:108AA000E00770BDFF2645003606B54206D84D00EA
:108AB000B54203D8D218FF2A00D0E7E7004870BDBE
:108AC0000000C07F01230A00DB0502430DD4DA4217
:108AD00003D49A4207D481427047D94214D4D84271
:108AE00012D48142704789427047DA4203D59A42D4
:108AF000F9D5884270475B004A00DA4204D242004E
:108B0000DA4201D2884270474840414010B5024ADB
:108B10004840F8F759FB10BD0900160470B501254F
:108B2000ED07684004004C4002D5694000F008F8A9
:108B3000FFF706FF70B501250400ED074C4022D475
:108B4000441A02D26C40001B0919C60D4B00F2B248
:108B5000FF2A4BD01B0E50D000020C02D31A2C431C
:108B6000DC40A843051B05D5AD0019D36D08761E62
:108B7000521E37D0F605280A01D2801970BD704107
:108B80006D0603D070BD6940FFF7DAFE9C40090214
:108B90006140490001D0401E70BD0124A04370BD5A
:108BA0006D081DD001202B0C01D12D0410302B0E8F
:108BB00001D12D0208302B0F01D12D01001DAB0F6B
:108BC00001D1AD00801CEB0F01D16D00401C6D0088
:108BD000361A121A680AF5054019012A02DB70BD1F
:108BE000002070BDC036300AC00770BD1B0E4402A5
:108BF00001D1FF2B00D1024870BD002AF0D070BD1A
:108C00000000C07F02030405060708090A0B0C0DCB
:108C10000E0F10100102030405060708090A0B0CC9
:108C20000D0E0F1000000000000000000102030400
:108C300006070809B86E6444E16A654466666644DE
:108C4000EC616744715D6844F65869447B546A443A
:108C50005C4F6B44E14A6C44C3456D4448416E44EB
:108C6000293C6F440A377044EC317144CD2C724476
:108C70000A277344EC217444291C75440A1776446E
:108C800048117744850B7844C305794400007A4441
:108C90003DFA7A44D7F37B4414EE7C44AEE77D443E
:108CA000ECE17E4485DB7F448F6A80445CE780444E
:108CB00029648144F6E08144715D82443DDA824456
:108CC000B856834433D38344AE4F844429CC844480
:108CD000A44885441FC585449A41864414BE8644F1
:108CE0003D3A874466B68744E13288440AAF8844F7
:108CF000332B89445CA7894433238A445C9F8A448C
:108D0000851B8B445C978B4433138C440A8F8C44B3
:108D1000330B8D44B8868D448F028E44667E8E441C
:108D20003DFA8E44C3758F449AF18F441F6D904471
:108D3000A4E8904429649144AEDF9144335B9244AB
:108D400066D69244EC5193441FCD9344A448944476
:108D5000D7C394440A3F95443DBA9544713596442F
:108D6000A4B09644852B9744B8A697449A2198447A
:108D7000CD9C9844AE1799448F929944710D9A44B2
:108D800052889A44E1029B44C37D9B44A4F89B44CF
:108D900033739C44C3ED9C4452689D44E1E29D447E
:108DA000715D9E4400D89E448F529F44CDCC9F4419
:108DB0005C47A0449AC1A044D73BA14466B6A144F5
:108DC000A430A2448FAAA244CD24A3440A9FA34462
:108DD000F618A4443393A4441F0DA5440A87A54460
:108DE000F600A644E17AA644CDF4A644B86EA744A2
:108DF00052E8A7443D62A844D7DBA844C355A94420
:108E00005CCFA944F648AA448FC2AA44D73BAB44DE
:108E100071B5AB440A2FAC4452A8AC44EC21AD442C
:108E2000339BAD447B14AE44C38DAE440A07AF44BC
:108E30000080AF4448F9AF448F72B04485EBB04432
:108E40007B64B144C3DDB144B856B244AECFB24442
:108E50005248B34448C1B3443D3AB444E1B2B44487
:108E6000D72BB5447BA4B5441F1DB644C395B64467
:108E7000660EB7440A87B7445CFFB7440078B8442D
:108E800052F0B844F668B94448E1B9449A59BA4432
:108E9000ECD1BA443D4ABB448FC2BB448F3ABC4478
:108EA000E1B2BC44E12ABD4433A3BD44331BBE44FC
:108EB0003393BE44330BBF443383BF44E1FABF4412
:108EC000E172C0448FEAC0448F62C1443DDAC144BC
:108ED000EC51C2449AC9C2444841C344F6B8C344A1
:108EE000A430C44400A8C444AE1FC5440A97C54476
:108EF000660EC644C385C6441FFDC6447B74C74482
:108F0000D7EBC744E162C8443DDAC8444851C9447C
:108F1000A4C8C944AE3FCA44B8B6CA44C32DCB4462
:108F2000CDA4CB44851BCC448F92CC449A09CD442C
:108F30005280CD440AF7CD44C36DCE447BE4CE4489
:108F4000335BCF44ECD1CF44A448D0440ABFD044D3
:108F5000C335D14429ACD1448F22D244F698D244AF
:108F60005C0FD344C385D34429FCD3448F72D444CB
:108F7000A4E8D444B85ED5441FD5D544334BD64479
:108F800048C1D6445C37D74471ADD7443323D84465
:108F90004899D8445C0FD9441F85D944E1FAD94493
:108FA000A470DA4466E6DA44295CDB44ECD1DB44A5
:108FB000AE47DC441FBDDC44E132DD4452A8DD4451
:108FC000C31DDE443393DE44A408DF44147EDF4433
:108FD00085F3DF44F668E04414DEE0443353E144B3
:108FE000A4C8E144C33DE244E1B2E2440028E344C2
:108FF0001F9DE344EC11E4440A87E44429FCE44463
:10900000F670E544C3E5E5448F5AE6445CCFE64498
:109010002944E744F6B8E744C32DE8443DA2E844B8
:109020000A17E944858BE9440000EA447B74EA446A
:10903000F6E8EA44715DEB44ECD1EB441446EC44B1
:109040008FBAEC44B82EED4433A3ED445C17EE44E4
:10905000858BEE44AEFFEE44D773EF44AEE7EF44AA
:10906000D75BF044AECFF044D743F144AEB7F14400
:10907000852BF2445C9FF2443313F3440A87F34494
:109080008FFAF344666EF444ECE1F444C355F544BE
:1090900048C9F544CD3CF64452B0F644D723F744D2
:1090A0005C97F7448F0AF844147EF84448F1F8447A
:1090B0007B64F94400D8F944334BFA4466BEFA4461
:1090C0004831FB447BA4FB44AE17FC448F8AFC442C
:1090D000C3FDFC44A470FD4485E3FD446656FE4494
:1090E00048C9FE44293CFF44B8AEFF44CD100045BA
:1090F000144A004585830045CDBC004514F6004563
:109100005C2F0145A4680145C3A101450ADB014567
:1091100052140245714D02458F860245AEBF02458D
:10912000CDF80245EC3103450A6B034529A40345FC
:109130001FDD03453D160445334F04455288044561
:1091400048C104453DFA044533330545006C0545E7
:10915000F6A40545ECDD0545B8160645854F0645E0
:109160005288064548C10645ECF90645B832074520
:10917000856B074552A40745F6DC0745C31508452E
:10918000664E08450A870845AEBF084552F80845AF
:10919000F63009459A69094514A20945B8DA094526
:1091A00033130A45AE4B0A4529840A45A4BC0A4537
:1091B0001FF50A459A2D0B4514660B45669E0B4517
:1091C000E1D60B45330F0C4585470C45D77F0C4541
:1091D00029B80C457BF00C45CD280D45F6600D45B2
:1091E00048990D4571D10D459A090E45EC410E4542
:1091F000147A0E453DB20E453DEA0E4566220F45F6
:109200008F5A0F458F920F458FCA0F45B8021045F0
:10921000B83A1045B8721045B8AA10458FE210450B
:109220008F1A11458F521145668A11453DC211456D
:109230003DFA114514321245EC6912459AA11245C6
:1092400071D9124548111345F6481345CD80134591
:109250007BB8134529F01345D7271445855F14457E
:1092600033971445E1CE144566061545143E154561
:109270009A7515451FAD1545A4E41545291C1645DD
:10928000AE531645338B1645B8C2164514FA16452B
:109290009A311745F668174552A01745AED71745BE
:1092A0000A0F184566461845C37D1845F6B418459B
:1092B00052EC184585231945B85A19451492194599
:1092C00048C919457B001A4585371A45B86E1A45B5
:1092D00080807F7E7D7C7B7A7978777676757473F3
:1092E000727171706F6E6E6D6C6C6B6A6A696868B2
:1092F000676666656464636362616160605F5F5E48
:109300005E5D5D5C5C5B5B5A5A59595858575756BD
:109310005655555554545353525252515150505022
:109320004F4F4F4E4E4D4D4D4C4C4C4B4B4B4A4A74
:109330004A494949484848474747474646464545B8
:1093400045444444444343434342424242414141F1
:109350008182838485868788898B8C8D8E8F91927C
:1093600093959697999A9C9D9FA0A2A3A5A7A8AA1A
:10937000ACAEB0B2B3B5B7B9BCBEC0C2C5C7C9CC3C
:10938000CED1D4D7D9DCDFE2E6E9ECF0F3F7FAFE90
:10939000B09300080000002030010000AE13000868
:1093A000BC93000830010020E8160000F800000817
:0C93B0004201920403FF127A0124000025
:04000005080000B53A
:00000001FF
