:020000040800F2
:10000000087B0020E1010008A56F0008CF6300080D
:10001000816D0008CF0C0008CF86000800000000AA
:10002000000000000000000000000000E17900086E
:10003000251500080000000029710008D17E000885
:10004000FB010008FB010008FB010008FB010008A0
:10005000FB010008FB010008FB010008FB01000890
:10006000FB010008FB010008FB010008ED1200087D
:10007000FB010008FB010008FB010008FB01000870
:10008000FB010008FB010008FB010008FB01000860
:10009000FB010008FB010008FB010008E13B000830
:1000A000FB010008FB010008FB010008FB01000840
:1000B000C97F0008D57F0008FB010008FB0100088C
:1000C000FB010008FB010008FB010008FB01000820
:1000D000FB010008FB010008FB0100085D8400082B
:1000E000FB010008FB010008FB010008FB01000800
:1000F000FB010008FB010008FB010008FB010008F0
:10010000FB010008FB010008E17F0008FB0100087B
:10011000FB010008FB010008ED7F0008FB0100085F
:10012000FB010008FB010008FB010008FB010008BF
:10013000DFF810D000F036FC004800475D8C000866
:10014000AFF30080087B0020224B19680868B0E8F4
:10015000F00F80F30988BFF36F8F4FF0000080F33A
:1001600011884EF00D0E7047000000000648006830
:10017000006880F3088862B661B6BFF34F8FBFF3A3
:100180006F8F00DF00BF00BF08ED00E0EFF30980D4
:10019000BFF36F8F0F4B1A6820E9F00F106008B59E
:1001A0004FF0500080F31188BFF34F8FBFF36F8F74
:1001B00009F0E2F84FF0000080F31188BDE8084034
:1001C00019680868B0E8F00F80F30988BFF36F8FF3
:1001D000704700BF30000020EFF30580704700003B
:1001E0000648804706480047FEE7FEE7FEE7FEE7D1
:1001F000FEE7FEE7FEE7FEE7FEE7FEE7637F0008B7
:1002000031010008202A04DB203A21FA02F0002103
:10021000704721FA02F3D040C2F120029140084316
:100220001946704740EA01039B0703D009E008C95B
:10023000121F08C0042AFAD203E011F8013B00F8AB
:10024000013B521EF9D27047D2B201E000F8012BF7
:10025000491EFBD270470022F6E710B513460A4646
:1002600004461946FFF7F0FF204610BD30B504469E
:100270000020034600E05B1C934203D2E05CCD5CAF
:10028000401BF8D030BDF0B480EA0102D40F420028
:10029000B2EB410F02D20246084611464A0042D054
:1002A000C30DDDB2C1F3C752AD1A202D35DAC1F34B
:1002B000160141F4000204B15242C5F1200602FACF
:1002C00006F12A411044B3EBD05F23D0C4B1012D15
:1002D000A0EBC35009DCF0BC4FF0004202EAC3526D
:1002E000DBB200F5000000F0D1BA400000F18070F0
:1002F00000EBC350A0F1807040EAD170490009E0E2
:10030000490841EAC071A0EBC35000F50000400865
:1003100000EBC350F0BC00F0B0BA6142012202EB26
:100320004101001BF6E7F0BC704781F00041AAE7ED
:1003300080F00040A7E780EA010210B502F0004318
:10034000400022D04A001FD0010E01EB1261C0F321
:100350005600C2F3560240F4000042F40002A0FB33
:10036000022000047F39140400D0401C50EA1240DF
:1003700001D44000491EC2B20C0604EBD010401C50
:100380004008802A02D003E0002010BD20F00100C8
:10039000002900DA0020184310BD30B480EA0102C1
:1003A00002F0004530F0004221F0004013D090B13F
:1003B000C30DD40DC2F31601C0F31600E41A41F4C4
:1003C000000140F400027D34914201D3641C00E03E
:1003D0004900002C02DA30BC002070474FF40000C6
:1003E0000023914201D3891A034340084FEA410197
:1003F000F7D151B1914202D14FF0004105E002D254
:100400004FF0010101E06FF0010103EBC4502844FB
:1004100030BC00F032BA420005D0C0F3C75252429D
:10042000914201DC0020704700EBC15070472DE97C
:10043000FE4F804681EA0300C00F0C46009021F079
:10044000004123F00045B8EB0200A94105D2404627
:10045000214690461C460B46024623F000401043BE
:1004600047D0270DC7F30A00C3F30A510290401A80
:10047000019040286BDAC3F3130040F4801B00980E
:10048000924620B10023D2EB030A63EB0B0B0198D9
:100490005946C0F14002504600F0CEF906460D46DE
:1004A00050465946019A00F0D6F910EB0800614118
:1004B000002487EA115284EAE7731A4340D0009A75
:1004C00062B3019A012A4FEA075215DC001B61EB67
:1004D00002014FF0004202EA0752CDE90042001C3F
:1004E00041F5801132462B4600F00DFA03B0BDE80D
:1004F000F08F40462146F9E7001B61EB0201001C2A
:1005000041F5801300185B412018A2F5001747EB56
:10051000030140EAD570B6196D4111E06D084FEA4C
:10052000360645EAC0754FEA0752001B61EB02012F
:10053000001C41F5801149084FEA30000019514173
:1005400032462B4603B0BDE8F04F00F0CDB900981D
:10055000012240000023D0EB020263EBE07300981D
:1005600021464FEAE074B8EB000061EB0401E9E7D3
:1005700083F000435BE781F0004158E72DE9FE4F2F
:1005800081EA030404F0004421F0004100944FF09C
:10059000000B23F0004350EA01045ED052EA03044A
:1005A0005BD0C3F30A54C1F30A552C44A4F2F334CC
:1005B0000194A0FB0254C1F3130141F48011C3F371
:1005C000130343F4801301FB024400FB034E840A2F
:1005D000970A44EA815447EA8357A4FB07680295C7
:1005E0008D0A05FB07854FEA932C04FB0C54270565
:1005F000029D4FEA065847EA1637B5EB08056EEB41
:10060000070C870E920E47EA811742EA8312A7FB76
:100610000201B6EB0B0164EB00042B0D43EA0C3333
:100620005E1844EB1C50DA465146E7FB0201C5F365
:1006300013044FEA0B3343EA14534FEA0432019C8C
:1006400043EA0603A4F10C040294009CCDE900B433
:1006500000F059F903B0BDE8F08F00200146F9E73A
:1006600070B521F0004303430CD0C1F30A550024B8
:10067000D5EB040564EB0403D617AD1AB34102DBD6
:100680000020014670BD201841EB025170BDC10F22
:1006900080EAE0700844CA079623002100F0F6B80B
:1006A00096230022114600F0F1B80EB5C10F80EA82
:1006B000E0700844CA07002140F233438DE80E0081
:1006C0000A460B4600F01FF903B000BD00F00042DF
:1006D00020F00040C10DC0F3160040F400007F2957
:1006E00001DA00207047962903DCC1F19601C84069
:1006F00001E096398840002AF4D04042704720F04B
:100700000040C10DC0F3160040F400007F2901DA5B
:1007100000207047962903DCC1F19601C84070475C
:1007200096398840704770B5C1F30A5201F0004510
:100730000024C1F3130140F2FF3341F480119A42C7
:1007400001DA002070BD40F233439A42A2F23342F4
:1007500003DC5242FFF756FD00E090402C43F1D0FD
:10076000404270BD00F0004230F000400AD0C10DA0
:1007700001F56071C0F3160042EA0151C20840075A
:1007800011437047002001467047000030B5041E39
:1007900071F1000404DB4FF00044404264EB0101BE
:1007A000141E73F1000405DB1C464FF00043524257
:1007B00063EB04038B4208BF824230BD30B5041E98
:1007C00071F1000404DB4FF00044404264EB01018E
:1007D000141E73F1000405DB1C464FF00043524227
:1007E00063EB0403994208BF904230BD01F000431F
:1007F00030B421F0004150EA010206D00A0DA2F502
:100800006072C1F31301002A02DC30BC0020704783
:10081000440F44EAC104C100E01830BC00EBC250F0
:1008200000F02BB8002801DBC0F10040002901DBFB
:10083000C1F1004188427047202A04DB203A00FAC7
:1008400002F1002070479140C2F1200320FA03F327
:10085000194390407047202A06DBCB17203A41FA13
:1008600002F043EAE07306E041FA02F3D040C2F13D
:10087000200291400843194670470029A8BF7047DD
:10088000401C490008BF20F00100704710B4B0FAC6
:1008900080FC00FA0CF050EA010404BF10BC704761
:1008A00049B1CCF1200421FA04F411FA0CF118BF7B
:1008B000012121430843A3EB0C01CB1D4FEA00614A
:1008C0004FEA102042BF002010BC704700EBC3501D
:1008D00010440029A4BF10BC7047401C490008BF49
:1008E00020F0010010BC704710B5141E73F1000415
:1008F00008DA401C41F1000192185B411A4301D112
:1009000020F0010010BD2DE9F04D92469B4611B13B
:10091000B1FA81F202E0B0FA80F220329046FFF79D
:100920008BFF04460F4640EA0A0041EA0B0153469A
:100930005A46084313D0114653EA010019D0C8F1B2
:1009400040025046FFF75EFC05460E4650465946AB
:100950004246FFF771FF084305D0012004E020461E
:100960003946BDE8F08D0020054346EAE0762C4389
:1009700037430A986305E40AA0EB08000022FD0A49
:1009800044EA47540A3002D500200146E9E7010550
:1009900010196941DDE9084500196941BDE8F04DCC
:1009A000A2E70000064C074D06E0E06840F00103B6
:1009B00094E8070098471034AC42F6D3FFF7BCFB2D
:1009C000589800087898000830B58C1810F8012B5A
:1009D00012F00F0301D110F8013B120906D110F8F3
:1009E000012B03E010F8015B01F8015B5B1EF9D1FC
:1009F00001E001F8013B521EFBD1A142E6D30020E9
:100A000030BD00002DE9F84F2B4803F069FA0C22A5
:100A10002A49294803F03AFC284EDFF8A490DFF871
:100A2000A48000254FF0010AA6F1300B5FF000040E
:100A300009EB84074046796BFFF7AFFC009036F86E
:100A40002400FFF72DFE0AEB4401C9B203F084F93C
:100A50000099FFF770FC4BF824004046796BFFF7D4
:100A60009CFC074606EB84004088FFF719FE6106F0
:100A7000090E03F071F93946FFF75DFC0F4918398B
:100A800041F82400641CE4B2062CD1D36D1CEDB2F5
:100A9000642DCBD30C4806F049FB0C4A002000BF64
:100AA00000EBC00102EBC101401C4B8BC0B28B8438
:100AB0000628F5D3BDE8F88FA00700203465002094
:100AC0000066002000007A440AD7233CF46A002024
:100AD00070B5044600688168C943C90717D18168A9
:100AE00021F00101816004F0C1F805460AE000BF71
:100AF00004F0BCF8401B022804D920688068C04379
:100B0000C00706D020688068C043C007F0D000202E
:100B100070BDA06A40F01000A062E06A40F00100E1
:100B2000E062012070BD10B50146406A826A12F091
:100B3000500F05D0006A026BBDE810400846104710
:100B4000816A41F40071816201688968C1F34241A0
:100B500007290CD1017B51B9816A21F4807181622E
:100B6000816AC90403D4816A41F00101816203F002
:100B7000A1FA10BD10B5406A816A41F0400181625E
:100B8000C16A41F00401C16203F096FA10BD10B5CC
:100B9000406A03F090FA10BDF8B5002604460096AE
:100BA00000688168C943C9072DD0816841F00101FF
:100BB0008160164816490068B0FBF1F000E0401E65
:100BC00000900028FBD104F051F8054616E000BF64
:100BD00004F04CF8401B022810D920688068C043FC
:100BE000C0070BD0A06A40F01000A062E06A40F09D
:100BF0000100E06284F824600120F8BD206880686C
:100C0000C043C007E4D10020F8BD00000C00002064
:100C100040420F002DE9F05F92460A46DDE90A479F
:100C200083461E4651461046FFF77FFBE060326860
:100C3000814601461046FFF77EFB20601BF0FF4017
:100C400087F0004504D059464FF07E50FFF7A5FBD2
:100C500080465046216AFFF768FB4146FFF76BFB71
:100C60000146B06880F00040FFF765FBA0612846B0
:100C70004946FFF7D7FD01D2284607E03946E0682C
:100C8000FFF7D0FD01D2384600E0E0687168FFF759
:100C900052FB5946FFF74FFB6168FFF7F4FA6060BB
:100CA00010F1FF4F01D3002106E00C99FFF7BAFDC8
:100CB00001D20C9900E0616861602068FFF7E3FAF7
:100CC000A169FFF7E0FAC4E908A0BDE8F09FFEE7DC
:100CD0002DE9F0411F4C07464FF4000160681E4E9D
:100CE000884204DAA2688A4201DA002219E010F090
:100CF000FF4F09D001221146304603F0B2FF3846BB
:100D00006168FFF715FB6060A56815F0FF4F1FD005
:100D100038462168FFF7B7FA10492060884206DAA2
:100D200001223046BDE8F041012103F09ABF0B4992
:100D30000B4A494201449142D7D30A49884207DB12
:100D40004FF07E512846FFF7F0FAA06000202060A7
:100D5000BDE8F0817000002000180140CDCC4C3E71
:100D6000CDCC4C009A99993E08B508F0D5FB054CBE
:100D700000902046FFF7ACFF3221684608F08EFB5A
:100D8000F7E70000CDCC4C3D2DE9F05F3648DFF8A9
:100D9000E0C0DFF8E0A001683448DFF8DC900F180D
:100DA00031496FEA000B3548D1E90432D1E90254E8
:100DB0004E68674520D259468E421DDD86421BDAB9
:100DC0008D4219DD854217DA8C4215DD844213DA33
:100DD0008B4211DD83420FDA5A450DDD82420BDA78
:100DE0009AF84C1041B90121DFF8948089F800107D
:100DF0004FF07E51C8F80010674532D259468E42F6
:100E00002FDD86422DDA8D422BDD854229DA8C4298
:100E100027DD844225DA8B4223DD834221DA5A45DD
:100E20001FDD82421DDA17480189C06803F014FFF4
:100E3000002816D1012089F8000000218AF84C1002
:100E40001149CAF83410CAF83810CAF83C10CAF868
:100E50004010CAF84410CAF8481009494FF07E50B3
:100E60000860BDE8F09F000004650020FF7F88BB9C
:100E7000FFFF0400006600208407002000807C44FF
:100E8000740000209451002000007A44034C204656
:100E900000F006F8322008F0B1F9F8E7CDCC4C3D6F
:100EA0002DE9F047DFF8789099F80000002834D059
:100EB0001C480068B0F5000F2FDA1B4E1C4DA6F140
:100EC000010898F80040305D401CC7B217483755FC
:100ED00050F8241055F82400FFF7D5F945F8240000
:100EE000322F1AD347461349FFF757FA124901EB3D
:100EF00084025063002045F824003055641CE2B29F
:100F00003A70052A09D9012281F84C200C4989F848
:100F100000000A4808600B480270BDE8F087000036
:100F200084070020740000203A0700200465002098
:100F3000B867002000004842006600200000A04082
:100F4000780000203007002070B50446184800F1F2
:100F5000180650F8245056F82400A6F130018542B6
:100F600001D9281A03E04FF6FF72101A284441F8FD
:100F70002400FFF795FB01460E48FFF70EFA0C49D7
:100F8000303141F8240046F824500B49FFF7D3F9DB
:100F90004FF0FF31FFF73FFAFFF798FB074904EBEB
:100FA000C40201EBC201C8800020086170BD0000CE
:100FB0006866002000401C4600007042F46A002071
:100FC0002DE9F14F00251D4CDFF8748082B04FF001
:100FD0007E594FF0020BAA4605EBC50704EBC70686
:100FE0007078C8B1308C0028706B00901AD000283F
:100FF00012DD96F82700032816D00DE00098401E59
:10100000706307D186F814B001200F4904F8370047
:101010000C48086048F825A06D1CEDB2062DDBD306
:10102000BDE8FE8F0028F7DD58F825100298FFF77D
:101030002AF948F825004845E0DAEDE7F46A00208F
:10104000E46800200000A040780000202DE9F0476F
:1010500000242E4DDFF8B8808246A14604EBC4067A
:1010600015F83600E8B305EBC607B7F906006428A3
:1010700046DC58F824105046FFF705F948F82400DC
:10108000B0F17E5F3CDD234987F8019005F836908A
:10109000214A81F801900121117020494846C1F888
:1010A00000906978012929D095F84910012925D0A7
:1010B00095F89110012921D095F8D91001291DD05A
:1010C00095F82111012919D095F86911012915D038
:1010D000296B6963A96FE967D5F8C010C5F8C4101A
:1010E00000E00DE0D5F80811C5F80C11D5F8501145
:1010F000C5F85411D5F89811C5F89C1148F824008A
:10110000641CE4B2062CA9D3BDE8F087F46A002081
:10111000D0670020800700203807002094000020BE
:1011200070B5094C4FF400050646E169A94202DB9F
:10113000FFF7FEF8E061616CA94203DB3046FFF780
:10114000F7F8606470BD000094510020F0B52748A6
:101150004FF400010127406C254B884201DB1F70D2
:1011600002E01878012840D12248006888423CDA21
:1011700021494978002938D110F0FF4F35D11F4D52
:101180001F4C0E4601EBC10005EBC000B0F9042076
:10119000B0F908C0624507D004EB410C0281ACF8FD
:1011A0000220027D02B10675B0F91820B0F920C006
:1011B000624509D004EB410C0284ACF80E2090F893
:1011C00027200AB180F82760D0F838C0026B62454A
:1011D00004D08263426304EB8100C261491CC9B23E
:1011E0000629CFD3074807701E70F0BD9451002028
:1011F000380700209400002080070020F46A0020B7
:1012000000660020300700202DE9F047254C244FD0
:101210008246A0687E78002500F0FF416EB1D9B308
:101220002149496CB1F5000F36DA61684FF07C58FE
:10123000894611F0FF4F06D027E00029F0D1257034
:101240006570A57028E04146FFF76FF81549A0606A
:101250000978C943C9B236B1012E04D0022E05D097
:10126000032E09D00DE02170657003E025706178D0
:10127000C9436170A57004E025706570A178C94309
:10128000A17010F0FF4F00D17D7049465046FEF727
:10129000FAFF6060404500DB6560BDE8F087000054
:1012A000800700208C000020945100202DE9F04799
:1012B00000240D4E81464FF07E57A04604EBC4003B
:1012C00006EBC00548462969FEF7DDFF2861B842F4
:1012D00003DBA5F80680C5F81080641CE4B2062C78
:1012E000ECD3BDE8F0870000F46A0020014803F069
:1012F000EBB80000D007002030B590F84050012432
:10130000AC40C56B6C60046863604368102B036875
:1013100003D099600068C26030BD9A600068C16007
:1013200030BD000070B5284900EBC00401EBC400DB
:1013300042787AB3B0F908206AB3037D03253BB144
:10134000012B0BD0022B13D0032B00D1828170BD57
:10135000B0F90C309A4209DB01230375B0F906603D
:10136000B0F90C309E420BDD86810AE00223037542
:10137000B0F90660B0F90C309E420DDA86810CE0BF
:10138000838111F834100029E1D1B0F90C10914299
:101390000BDA70BD13E00AE0838111F834100029E4
:1013A000F7D1B0F90C109142F3DC0575F1E7B0F913
:1013B0000620B0F90C108A42C8DB8181E9E70021E0
:1013C00081810175E5E70000F46A00202DE9F05FF6
:1013D00083460D464E4801EBC50100EBC1040027D2
:1013E0006178B4F91A00DFF82C81002970D0B4F9C3
:1013F0002060002E6CD04849484A51F8251091428F
:1014000001DA282105E0B6F52F6F01DA642100E04A
:101410008C21321A002A00DC821B8A426BDA94F893
:1014200027104FF0030941B1012913D0022950D0F0
:10143000032900D1A684BDE8F09F864202DD4FF06B
:10144000010002E054DA4FF0020084F82700608BBC
:101450006085F0E7618B2185608D814201D9A1848F
:101460002FE0B6F57A7F13D1B4F924A082450DD1CF
:1014700058F825105846FEF706FF294948F8250078
:10148000884205DD0AF10100A084608548F82570D6
:10149000B4F924A0A6EB0A0014280FDC58F8251094
:1014A0005846FEF7F0FE48F82500B0F1804F05DD04
:1014B0000AF10100A084608548F82570608DA08441
:1014C0002085208D6085B4F92400B04210DAB2E79F
:1014D00015E0618B2185608D814201D2A18401E0FC
:1014E000A0842085208D6085B4F92400B042A2DC60
:1014F00084F827909FE784F82770A0849BE7A08456
:101500002785678584F8277048F8257093E70000E1
:10151000F46A002070650020046500200080094501
:101520000000204170470000044948430921B0FBF6
:10153000F1F000BF401EFCD27047000040190100CE
:1015400071B54FF461754FF0E023104E009819E02B
:101550002C46A04200D804469869614201EBC101C3
:1015600010EBC10105D49A69824208DA8A42FADA9C
:1015700005E08A1999698142FCDD9142FADC009804
:10158000001B00900028E3D178BD00004019010045
:101590002DE9F05F0646B0F90C000A24B0F57A7F19
:1015A0001DDB4FF47A7190FBF1F090FBF4F104FB3A
:1015B000110010F0FF0512D004220621382007F098
:1015C00041FBB6F90C00642763280ADD90FBF7F0B5
:1015D00090FBF4F104FB1100C5B2294602E006229B
:1015E000EBE70021002006F03DFBB6F90C000928CE
:1015F00008DD90FBF4F090FBF4F104FB1100C5B2A0
:10160000294600E00021012006F02CFB01221146B2
:10161000302007F017FBDFF808B4DFF808944FF428
:10162000000A9BF8000030B1D9F84400504502DAB6
:10163000FD48807830B3B6F90A0098B34FF47A7158
:10164000884244DB90FBF1F090FBF4F104FB1100C5
:1016500010F0FF053BD0012211462E2007F0F2FAD0
:1016600000220221302007F0EDFAB6F90A006328C3
:1016700034DD90FBF7F090FBF4F104FB1100C5B2F0
:1016800029462CE0002201212E2007F0DBFA00225F
:101690000221302007F0D6FA1221022006F0E2FAE9
:1016A00012210FE0FFE7002201212E2007F0CAFAE5
:1016B00000220221302007F0C5FA0A21022006F09C
:1016C000D1FA0A21032006F0CDFA00221CE0012203
:1016D00011462E2007F0B6FA0222C2E700210220AE
:1016E00006F0C0FAB6F90A00092808DD90FBF4F00C
:1016F00090FBF4F104FB1100C5B2294600E0002183
:10170000032006F0AFFA012201212A2007F09AFAFD
:10171000B6F924004FF46178002809DB4FF47A71A0
:1017200090FBF1F090FBF4F104FB1100C5B209E06D
:1017300010F1630101D34042F0E700F2E730404589
:1017400000D20A252946042006F08CFAB6F92400B6
:10175000002807DB90FBF7F090FBF4F104FB11008D
:10176000C5B20AE010F1630101D30A2505E000F2D9
:10177000E731414501D24042ECE72946052006F019
:1017800071FAB6F92400002808DB00BF90FBF4F0E2
:1017900090FBF4F104FB1100C5B209E000F1630114
:1017A000632903D300F2E731414501D24042EDE71E
:1017B0002946062006F056FAB6F92400002805DB73
:1017C00090FBF4F104FB1100C5B209E000F16301E4
:1017D000632903D300F2E731414501D24042EFE7EC
:1017E0002946072006F03EFA01221146352007F06F
:1017F00029FA8B48407830B1D9F84400504502DAD4
:1018000089488078E0B1B6F9220000287EDD4FF4E7
:101810007A7190FBF1F090FBF4F104FB1100C5B27A
:101820002946082006F01EFAB6F92200002815DB2A
:1018300090FBF7F090FBF4F104FB1100C5B218E047
:101840001221082006F00EFA1221092006F00AFAE9
:1018500012210A2006F006FA12213EE010F163017F
:1018600001D30A2505E000F2E731414501D24042AB
:10187000DEE72946092006F0F5F9B6F9220000282E
:1018800008DB00BF90FBF4F090FBF4F104FB1100C7
:10189000C5B209E000F16301632903D300F2E73127
:1018A000414501D24042EDE729460A2006F0DAF927
:1018B000B6F92200002805DB90FBF4F104FB1100CF
:1018C000C5B209E000F16301632903D300F2E731F7
:1018D000414501D24042EFE729460B2006F0C2F90C
:1018E000042211462B2007F0ADF9B06B4FF4616B69
:1018F00000287CD0316C48F6A04091FBF0F0C1B2DA
:101900000C2006F0AFF95D46306C00E09DE090FBE6
:10191000F5F090FBF4F104FB1100C1B20D2006F0CC
:10192000A1F9306C90FBF5F105FB11014FF4167035
:1019300091FBF0F0C1B20E2006F094F9306C90FBF0
:10194000F5F105FB11013C2091FBF0F090FBF4F167
:1019500004FB1100C5B229460F2006F083F90422CA
:101960001146372007F06EF92D48807830B1D9F84C
:101970004400504502DA2C488078C8B3306BC0B3BD
:10198000F16B48F6A04091FBF0F0C1B2102006F0D8
:1019900069F9F06B5D4690FBF5F090FBF4F104FB08
:1019A0001100C1B2112006F05DF9F06B90FBF5F16A
:1019B00005FB11014FF4167091FBF0F0C1B212203B
:1019C00006F050F9F06B90FBF5F105FB11013C209E
:1019D00091FBF0F090FBF4F104FB1100C5B2294635
:1019E000132006F03FF9202211462D2002E03AE0B4
:1019F00048E056E007F026F901221146282007F0BA
:101A000021F902221146282007F01CF94022114634
:101A1000292007F017F90448807890B3002205E0E8
:101A20008C00002094510020800700208021292074
:101A300007F008F9F74890F90E0088B3012842D062
:101A400002285FD003284DD163E00A21082006F068
:101A500009F90A21092006F005F90A21084606F0CD
:101A600001F90A2139E70A210C2006F0FBF80A21C6
:101A70000D2006F0F7F80A210E2006F0F3F80A21EF
:101A80006AE71CE01221102006F0ECF81221112068
:101A900006F0E8F81221084606F0E4F812219FE764
:101AA0000FE00A21102006F0DDF80A21112006F0CF
:101AB000D9F80A21122006F0D5F80A2190E78022F1
:101AC000ADE7012200E0002201213A2007F0BAF838
:101AD000022202213A2007F0B5F801220121382024
:101AE00007F0B0F8CB4890F82600F0B100220421AE
:101AF0003A2007F0A7F8C8480168C848814216DABA
:101B0000082215E0012211463A2007F09BF8002236
:101B1000DFE7012211463A2007F094F8022211462D
:101B20003A2007F08FF80022D8E70422DFE70022EE
:101B300008213A2007F086F8B64890F8440030B300
:101B4000002280213B2007F07DF8B6F95400B0F563
:101B50007A7F1EDB4FF47A7190FBF1F090FBF4F189
:101B600004FB110010F0FF0513D0042206212420ED
:101B700007F068F8B6F9540063280CDD90FBF7F025
:101B800090FBF4F104FB1100C5B2294604E0802269
:101B9000D7E70622EAE70021142006F063F8B6F939
:101BA0005400092808DD90FBF4F090FBF4F104FBED
:101BB0001100C5B2294600E00021152006F052F8B8
:101BC000012211461C2007F03DF89548007838B1F5
:101BD000D9F84400504503DA92488078012826D08D
:101BE000B6F9520098B34FF47A71884244DB90FB07
:101BF000F1F090FBF4F104FB110010F0FF053BD075
:101C0000012211461A2007F01DF8002202211C2093
:101C100007F018F8B6F95200632834DD90FBF7F0AE
:101C200090FBF4F104FB1100C5B229462CE0002220
:101C300001211A2007F006F8002202211C2007F0DB
:101C400001F81221162006F00DF812210FE0FFE72F
:101C5000002201211A2006F0F5FF002202211C209B
:101C600006F0F0FF0A21162005F0FCFF0A211720DC
:101C700005F0F8FF00221CE0012211461A2006F0B0
:101C8000E1FF0222C2E70021162005F0EBFFB6F9C2
:101C90005200092808DD90FBF4F090FBF4F104FBFE
:101CA0001100C5B2294600E00021172005F0DAFF37
:101CB00001220121162006F0C5FFB6F96C000028AC
:101CC0000ADB00BF4FF47A7190FBF1F090FBF4F166
:101CD00004FB1100C5B209E010F1630101D34042D9
:101CE000F0E700F2E730404500D20A2529461820E7
:101CF00005F0B8FFB6F96C00002807DB90FBF7F0A1
:101D000090FBF4F104FB1100C5B20AE010F163018D
:101D100001D30A2505E000F2E731414501D24042F6
:101D2000ECE72946192005F09DFFB6F96C00002864
:101D300008DB00BF90FBF4F090FBF4F104FB110012
:101D4000C5B209E000F16301632903D300F2E73172
:101D5000414501D24042EDE729461A2005F082FFB5
:101D6000B6F96C00002805DB90FBF4F104FB1100D0
:101D7000C5B209E000F16301632903D300F2E73142
:101D8000414501D24042EFE729461B2005F06AFF9A
:101D900001221146212006F055FF2148407838B134
:101DA000D9F84400504503DA1E48807801281DD038
:101DB000B6F96A0000286FDD4FF47A7190FBF1F0FC
:101DC00090FBF4F104FB1100C5B229461C2005F07C
:101DD00049FFB6F96A00002816DB00BF90FBF7F058
:101DE00090FBF4F104FB1100C5B223E012211C208A
:101DF00005F038FF12211D2005F034FF12211E20AE
:101E000005F030FF122149E010F163010CD30A25DF
:101E100010E00000F46A00200465002000800945FD
:101E20008C0000208007002000F2E731414501D2FC
:101E30004042D3E729461D2005F014FFB6F96A0099
:101E4000002807DB90FBF4F090FBF4F104FB110099
:101E5000C5B209E000F16301632903D300F2E73161
:101E6000414501D24042EDE729461E2005F0FAFE29
:101E7000B6F96A00002805DB90FBF4F104FB1100C1
:101E8000C5B20AE000F16301632903D300F2E73130
:101E9000414502D24042EFE7B3E029461F2005F05A
:101EA000E1FE04221146172006F0CCFED6F8800091
:101EB000E8B356F8881F48F6A04091FBF0F0C1B295
:101EC000202005F0CFFE30685D4690FBF5F090FBDA
:101ED000F4F104FB1100C1B2212005F0C3FE30680B
:101EE00090FBF5F105FB11014FF4167091FBF0F03A
:101EF000C1B2222005F0B6FE56F8880990FBF5F134
:101F000005FB11013C2091FBF0F090FBF4F104FB88
:101F10001100C5B22946232005F0A4FE0422114673
:101F2000232006F08FFEFA48807848B100E077E081
:101F3000D9F84400504503DAF648807801287DD06E
:101F4000B06FE8B356F8841F48F6A04091FBF0F05C
:101F5000C1B2242005F086FE30685D4690FBF5F0A6
:101F600090FBF4F104FB1100C1B2252005F07AFECC
:101F7000306890FBF5F105FB11014FF4167091FBF1
:101F8000F0F0C1B2262005F06DFE56F8840990FBF2
:101F9000F5F105FB11013C2091FBF0F090FBF4F111
:101FA00004FB1100C5B22946272005F05BFE202264
:101FB0001146192006F046FE01221146142000E0C9
:101FC0004BE006F03FFE02221146142006F03AFED6
:101FD00040221146152006F035FECE4880780128B3
:101FE00049D000228021152006F02CFECA4890F925
:101FF000560088B3012842D002285FD003284DD173
:1020000063E00A211C2005F02DFE0A211D2005F0A9
:1020100029FE0A211E2005F025FE0A213EE70DE0DB
:102020000A21202005F01EFE0A21212005F01AFEBB
:102030000A21222005F016FE0A216CE71221242035
:1020400005F010FE1221252005F00CFE122126209D
:1020500005F008FE1221A7E70FE00A21242005F071
:1020600001FE0A21252005F0FDFD0A21262005F0AC
:10207000F9FD0A2198E78022B4E7012200E000225E
:102080000121262006F0DEFD02220221262006F094
:10209000D9FD01220121242006F0D4FD9E4890F8AC
:1020A0006E00F0B100220421262006F0CBFD9B48F3
:1020B00041689B48814216DA082215E00122114648
:1020C000262006F0BFFD0022DFE701221146262070
:1020D00006F0B8FD02221146262006F0B3FD0022CC
:1020E000D8E70422DFE700220821262006F0AAFD17
:1020F000894890F88C0030B300228021272006F018
:10210000A1FDB6F99C00B0F57A7F1EDB4FF47A7121
:1021100090FBF1F090FBF4F104FB110010F0FF05CF
:1021200013D0202260214D2006F08CFDB6F99C00D2
:1021300063280CDD90FBF7F090FBF4F104FB110039
:10214000C5B2294604E08022D7E76022EAE70021F1
:10215000282005F087FDB6F99C00092808DD90FBD2
:10216000F4F090FBF4F104FB1100C5B2294600E045
:102170000021292005F076FD80221146452006F039
:1021800061FD6348007838B1D9F84400504503DA5E
:1021900060488078022826D0B6F99A0098B34FF4A8
:1021A0007A71884244DB90FBF1F090FBF4F104FB80
:1021B000110010F0FF053BD080221146432006F0AD
:1021C00041FD00224021452006F03CFDB6F99A0071
:1021D000632834DD90FBF7F090FBF4F104FB110071
:1021E000C5B229462CE000228021432006F02AFDBA
:1021F00000224021452006F025FD12212A2005F06D
:1022000031FD12210FE0FFE700228021432006F07C
:1022100019FD00224021452006F014FD0A212A2044
:1022200005F020FD0A212B2005F01CFD00221CE0FA
:1022300080221146432006F005FD4022C2E700211E
:102240002A2005F00FFDB6F99A00092808DD90FB59
:10225000F4F090FBF4F104FB1100C5B2294600E054
:1022600000212B2005F0FEFC802280213F2006F07B
:10227000E9FCB6F9B40000280ADB00BF4FF47A711C
:1022800090FBF1F090FBF4F104FB1100C5B209E002
:1022900010F1630101D34042F0E700F2E73040451E
:1022A00000D20A2529462C2005F0DCFCB6F9B40042
:1022B000002807DB90FBF7F090FBF4F104FB110022
:1022C000C5B20AE010F1630101D30A2505E000F26E
:1022D000E731414501D24042ECE729462D2005F087
:1022E000C1FCB6F9B400002808DB00BF90FBF4F095
:1022F00090FBF4F104FB1100C5B213E000F163019F
:10230000632903D300F2E73141450BD24042EDE7A8
:102310008C00002080070020F46A00200465002063
:102320000080094529462E2005F09CFCB6F9B40032
:10233000002805DB90FBF4F104FB1100C5B209E0B5
:1023400000F16301632903D300F2E731414501D273
:102350004042EFE729462F2005F084FC80221146F9
:10236000482006F06FFCFE48407838B1D9F84400A8
:10237000504503DAFB48807802281DD0B6F9B20038
:1023800000287DDD4FF47A7190FBF1F090FBF4F1C1
:1023900004FB1100C5B22946302005F063FCB6F9F4
:1023A000B200002816DB00BF90FBF7F090FBF4F1C1
:1023B00004FB1100C5B218E01221302005F052FCD8
:1023C0001221312005F04EFC1221322005F04AFC8A
:1023D00012213EE010F1630101D30A2505E000F26D
:1023E000E731414501D24042DEE72946312005F080
:1023F00039FCB6F9B200002808DB00BF90FBF4F00E
:1024000090FBF4F104FB1100C5B209E000F1630197
:10241000632903D300F2E731414501D24042EDE7A1
:102420002946322005F01EFCB6F9B200002805DB73
:1024300090FBF4F104FB1100C5B209E000F1630167
:10244000632903D300F2E731414501D24042EFE76F
:102450002946332005F006FC202211463E2006F0D6
:10246000F1FBD6F8C800E8B356F8D01F48F6A040F4
:1024700091FBF0F0C1B2342005F0F4FB5D4600E0C2
:102480009CE0306890FBF5F090FBF4F104FB110048
:10249000C1B2352005F0E6FB306890FBF5F105FB95
:1024A00011014FF4167091FBF0F0C1B2362005F027
:1024B000D9FB56F8D00990FBF5F105FB11013C2042
:1024C00091FBF0F090FBF4F104FB1100C5B229463A
:1024D000372005F0C7FB202211464A2006F0B2FB48
:1024E0009F4800E078E0807838B1D9F84400504542
:1024F00003DA9C48807802287DD0D6F8C000E8B383
:1025000056F8CC1F48F6A04091FBF0F0C1B238203D
:1025100005F0A8FB30685D4690FBF5F090FBF4F108
:1025200004FB1100C1B2392005F09CFB306890FB20
:10253000F5F105FB11014FF4167091FBF0F0C1B2FB
:102540003A2005F08FFB56F8CC0990FBF5F105FB1E
:1025500011013C2091FBF0F090FBF4F104FB110021
:10256000C5B229463B2005F07DFB042211464020E0
:1025700006F068FB802211463D2000E04AE006F0AC
:1025800061FB402211463D2006F05CFB0222114611
:102590003C2006F057FB73488078022848D0002280
:1025A00001213C2006F04EFB96F99E0088B30128DD
:1025B00042D002285ED003284DD162E00A213020AB
:1025C00005F050FB0A21312005F04CFB0A21322096
:1025D00005F048FB0A213CE70A21342005F042FBC4
:1025E0000A21352005F03EFB0A21362005F03AFB92
:1025F0000A216DE7FFE71221382005F033FB122195
:10260000392005F02FFB12213A2005F02BFB122177
:10261000A8E70FE00A21382005F024FB0A21392021
:1026200005F020FB0A213A2005F01CFB0A2199E75E
:102630000122B5E7802200E0002280214F2006F031
:1026400001FB402240214F2006F0FCFA802280212D
:102650004D2006F0F7FA96F8B600F0B100222021DE
:102660004F2006F0EFFA404881684048814216DA70
:10267000102215E0802211464F2006F0E3FA0022D6
:10268000E0E7802211464F2006F0DCFA4022114696
:102690004F2006F0D7FA0022D9E72022DFE70022F8
:1026A00010214F2006F0CEFA96F8D40030B3002265
:1026B00001214E2006F0C6FAB6F9E400B0F57A7FA3
:1026C0001EDB4FF47A7190FBF1F090FBF4F104FB08
:1026D000110010F0FF0513D020226021032006F026
:1026E000B1FAB6F9E40063280CDD90FBF7F090FB3B
:1026F000F4F104FB1100C5B2294604E00122D7E73A
:102700006022EAE700213C2005F0ACFAB6F9E400CB
:10271000092808DD90FBF4F090FBF4F104FB1100B4
:10272000C5B2294600E000213D2005F09BFA802239
:1027300011460B2006F086FA0948007838B1D9F81E
:102740004400504503DA07488078032830D0B6F9B2
:10275000E200E8B34FF47A7188424EDB08E00000F3
:102760008C000020800700200465002000800945BF
:1027700090FBF1F191FBF4F004FB101010F0FF0559
:102780003BD0802211460D2006F05CFA0022402149
:102790000B2006F057FAB6F9E200632834DD90FB0F
:1027A000F7F090FBF4F104FB1100C5B229462CE0D0
:1027B000002280210D2006F045FA002240210B2046
:1027C00006F040FA12213E2005F04CFA12210FE0EB
:1027D000FFE7002280210D2006F034FA002240217C
:1027E0000B2006F02FFA0A213E2005F03BFA0A21C1
:1027F0003F2005F037FA00221CE0802211460D2010
:1028000006F020FA4022C2E700213E2005F02AFA15
:10281000B6F9E200092808DD90FBF4F090FBF4F132
:1028200004FB1100C5B2294600E000213F2005F05D
:1028300019FA80228021112006F004FAB6F9FC0072
:10284000002808DB4FF47A7190FBF1F191FBF4F072
:1028500004FB10100BE010F163010AD340424FF467
:102860007A7190FBF1F090FBF4F104FB1100C5B21A
:1028700004E000F2E730404500D20A252946402016
:1028800005F0F0F9B6F9FC00002807DB90FBF7F043
:1028900090FBF4F104FB1100C5B20AE010F16301F2
:1028A00001D30A2505E000F2E731414501D240425B
:1028B000ECE72946412005F0D5F9B6F9FC000028DF
:1028C00008DB00BF90FBF4F090FBF4F104FB110077
:1028D000C5B209E000F16301632903D300F2E731D7
:1028E000414501D24042EDE72946422005F0BAF9C0
:1028F000B6F9FC00002805DB90FBF4F104FB1100A5
:10290000C5B209E000F16301632903D300F2E731A6
:10291000414501D24042EFE72946432005F0A2F9A4
:1029200080221146062006F08DF9FE48407838B125
:10293000D9F84400504503DAFB48807803281DD0BD
:10294000B6F9FA0000287DDD4FF47A7190FBF1F0C2
:1029500090FBF4F104FB1100C5B22946442005F0B8
:1029600081F9B6F9FA00002816DB00BF90FBF7F0FA
:1029700090FBF4F104FB1100C5B218E012214420D1
:1029800005F070F91221452005F06CF9122146205E
:1029900005F068F912213EE010F1630101D30A2528
:1029A00005E000F2E731414501D24042DEE7294629
:1029B000452005F057F9B6F9FA00002808DB00BFFA
:1029C00090FBF4F090FBF4F104FB1100C5B209E0B8
:1029D00000F16301632903D300F2E731414501D2DD
:1029E0004042EDE72946462005F03CF9B6F9FA00E9
:1029F000002805DB90FBF4F104FB1100C5B209E0EF
:102A000000F16301632903D300F2E731414501D2AC
:102A10004042EFE72946472005F024F920221146DD
:102A2000102006F00FF9D6F81001E0B3D6F818110F
:102A300048F6A04091FBF0F0C1B2482005F012F931
:102A40005D4600E0A0E0D6F8180190FBF5F090FBA1
:102A5000F4F104FB1100C1B2492005F003F9D6F8E6
:102A6000180190FBF5F105FB11014FF4167091FB75
:102A7000F0F0C1B24A2005F0F5F8D6F8180190FB45
:102A8000F5F105FB11013C2091FBF0F090FBF4F116
:102A900004FB1100C5B229464B2005F0E3F82022C3
:102AA0001146042000E07EE006F0CCF89D488078D6
:102AB00038B1D9F84400504503DA9B4880780328A0
:102AC0007FD0D6F80801E8B3D6F8141148F6A04034
:102AD00091FBF0F0C1B24C2005F0C4F8D6F8140117
:102AE0005D4690FBF5F090FBF4F104FB1100C1B2E0
:102AF0004D2005F0B7F8D6F8140190FBF5F105FB71
:102B000011014FF4167091FBF0F0C1B24E2005F0A8
:102B1000A9F8D6F8140190FBF5F105FB11013C2052
:102B200091FBF0F090FBF4F104FB1100C5B22946D3
:102B30004F2005F097F8042211460E2006F082F887
:102B4000802200E04CE01146132006F07BF8402282
:102B50001146132006F076F802221146122006F0E4
:102B600071F871488078032848D000220121122092
:102B700006F068F896F9E60088B3012842D00228EA
:102B80005ED003284DD162E00A21442005F06AF8A6
:102B90000A21452005F066F80A21462005F062F872
:102BA0000A2138E70DE00A21482005F05BF80A21E8
:102BB000492005F057F80A214A2005F053F80A2168
:102BC0006AE712214C2005F04DF812214D2005F046
:102BD00049F812214E2005F045F81221A8E70FE030
:102BE0000A214C2005F03EF80A214D2005F03AF864
:102BF0000A214E2005F036F80A2199E70122B5E7AF
:102C0000802200E000228021012006F01BF84022F3
:102C10004021012006F016F880228021032006F0D2
:102C200011F896F8FE00F0B100222021012006F0F4
:102C300009F83E48C1683E48814216DA102215E084
:102C400080221146012005F0FDFF0022E0E78022EE
:102C50001146012005F0F6FF40221146012005F043
:102C6000F1FF0022D9E72022DFE700221021012016
:102C700005F0E8FF96F81C0130B300220121002086
:102C800005F0E0FFB6F92C01B0F57A7F1EDB4FF4BA
:102C90007A7190FBF1F090FBF4F104FB110010F05D
:102CA000FF0513D004220621522005F0CBFFB6F910
:102CB0002C0163280CDD90FBF7F090FBF4F104FB92
:102CC0001100C5B2294604E00122D7E70622EAE74F
:102CD0000021502004F0C6FFB6F92C01092808DDB8
:102CE00090FBF4F090FBF4F104FB1100C5B229460F
:102CF00000E00021512004F0B5FF012211465A20C6
:102D000005F0A0FF0748007838B1D9F844005045D5
:102D100003DA05488078042830D0B6F92A01E8B3F0
:102D200008E000008C0000208007002004650020DF
:102D3000008009454FF47A71884244DB90FBF1F042
:102D400090FBF4F104FB110010F0FF053BD00022D2
:102D500002215A2005F076FF012211465C2005F081
:102D600071FFB6F92A0163282FDD90FBF7F090FB85
:102D7000F4F104FB1100C5B2294627E0002202212C
:102D80005A2005F05FFF002201215C2005F05AFF68
:102D90001221522004F066FF12210FE0FFE700220B
:102DA00002215A2005F04EFF002201215C2005F08F
:102DB00049FF0A21522004F055FF0A21532004F054
:102DC00051FF002217E00222C2E70021522004F046
:102DD00049FFB6F92A01092808DD90FBF4F090FBC1
:102DE000F4F104FB1100C5B2294600E00021532094
:102DF00004F038FF01220121602005F023FFB6F91D
:102E0000440100280ADB00BF4FF47A7190FBF1F017
:102E100090FBF4F104FB1100C5B209E010F163016D
:102E200001D34042F0E700F2E730404500D20A25E6
:102E30002946542004F016FFB6F94401002807DBA8
:102E400090FBF7F090FBF4F104FB1100C5B20AE02F
:102E500010F1630101D30A2505E000F2E731414595
:102E600001D24042ECE72946552004F0FBFEB6F9BA
:102E70004401002808DB00BF90FBF4F090FBF4F164
:102E800004FB1100C5B209E000F16301632903D31B
:102E900000F2E731414501D24042EDE72946562094
:102EA00004F0E0FEB6F94401002805DB90FBF4F1E4
:102EB00004FB1100C5B209E000F16301632903D3EB
:102EC00000F2E731414501D24042EFE72946572061
:102ED00004F0C8FE01221146572005F0B3FEFE485B
:102EE000407838B1D9F84400504503DAFB4880787F
:102EF00004281DD0B6F9420100287DDD4FF47A7117
:102F000090FBF1F090FBF4F104FB1100C5B22946EF
:102F1000582004F0A7FEB6F94201002816DB00BFD6
:102F200090FBF7F090FBF4F104FB1100C5B218E040
:102F30001221582004F096FE1221592004F092FE2E
:102F400012215A2004F08EFE12213EE010F163019E
:102F500001D30A2505E000F2E731414501D24042A4
:102F6000DEE72946592004F07DFEB6F9420100282B
:102F700008DB00BF90FBF4F090FBF4F104FB1100C0
:102F8000C5B209E000F16301632903D300F2E73120
:102F9000414501D24042EDE729465A2004F062FE45
:102FA000B6F94201002805DB90FBF4F104FB1100A7
:102FB000C5B209E000F16301632903D300F2E731F0
:102FC000414501D24042EFE729465B2004F04AFE2A
:102FD00004221146612005F035FED6F85801E0B311
:102FE000D6F8601148F6A04091FBF0F0C1B25C2029
:102FF00004F038FE5D4600E0A0E0D6F8600190FBEA
:10300000F5F090FBF4F104FB1100C1B25D2004F077
:1030100029FED6F8600190FBF5F105FB11014FF494
:10302000167091FBF0F0C1B25E2004F01BFED6F8E2
:10303000600190FBF5F105FB11013C2091FBF0F0E4
:1030400090FBF4F104FB1100C5B229465F2004F0A7
:1030500009FE04221146552000E07EE005F0F2FD55
:103060009D48807838B1D9F84400504503DA9B4830
:10307000807804287FD0D6F85001E8B3D6F85C11E8
:1030800048F6A04091FBF0F0C1B2602004F0EAFDE8
:10309000D6F85C015D4690FBF5F090FBF4F104FB83
:1030A0001100C1B2612004F0DDFDD6F85C0190FB97
:1030B000F5F105FB11014FF4167091FBF0F0C1B270
:1030C000622004F0CFFDD6F85C0190FBF5F105FB22
:1030D00011013C2091FBF0F090FBF4F104FB110096
:1030E000C5B22946632004F0BDFD202211465F20B1
:1030F00005F0A8FD012200E04CE01146622005F039
:10310000A1FD02221146622005F09CFD40221146DD
:10311000632005F097FD71488078042848D000228C
:103120008021632005F08EFD96F92E0188B30128D9
:1031300042D002285ED003284DD162E00A215820F7
:1031400004F090FD0A21592004F08CFD0A215A2038
:1031500004F088FD0A2138E70DE00A215C2004F024
:1031600081FD0A215D2004F07DFD0A215E2004F02E
:1031700079FD0A216AE71221602004F073FD122113
:10318000612004F06FFD1221622004F06BFD12211A
:10319000A8E70FE00A21602004F064FD0A21612005
:1031A00004F060FD0A21622004F05CFD0A2199E729
:1031B0008022B5E7012200E000220121502005F025
:1031C00041FD02220221502005F03CFD0122012197
:1031D000522005F037FD96F84601F0B10022042197
:1031E000502005F02FFD3E4801693E48814216DA25
:1031F000082215E001221146502005F023FD00228F
:10320000E0E701221146502005F01CFD0222114684
:10321000502005F017FD0022D9E70422DFE7002245
:103220000821502005F00EFD96F8640130B300220D
:103230008021512005F006FDB6F97401B0F57A7FC2
:103240001EDB4FF47A7190FBF1F090FBF4F104FB7C
:10325000110010F0FF0513D004220621662005F0AE
:10326000F1FCB6F9740163280CDD90FBF7F090FBDC
:10327000F4F104FB1100C5B2294604E08022D7E72F
:103280000622EAE70021642004F0ECFCB6F97401A0
:10329000092808DD90FBF4F090FBF4F104FB110029
:1032A000C5B2294600E00021652004F0DBFC0122C4
:1032B00011466E2005F0C6FC0748007838B1D9F8F1
:1032C0004400504503DA05488078052830D0B6F927
:1032D0007201E8B308E000008C00002080070020A5
:1032E00004650020008009454FF47A71884244DB70
:1032F00090FBF1F090FBF4F104FB110010F0FF05DE
:103300003BD0002202216E2005F09CFC01221146D8
:10331000702005F097FCB6F9720163282FDD90FB51
:10332000F7F090FBF4F104FB1100C5B2294627E049
:10333000002202216E2005F085FC00220121702070
:1033400005F080FC1221662004F08CFC12210FE0B5
:10335000FFE7002202216E2005F074FC002201210B
:10336000702005F06FFC0A21662004F07BFC0A2126
:10337000672004F077FC002217E00222C2E7002158
:10338000662004F06FFCB6F97201092808DD90FB95
:10339000F4F090FBF4F104FB1100C5B2294600E003
:1033A0000021672004F05EFC01220121742005F059
:1033B00049FCB6F98C0100280ADB00BF4FF47A7192
:1033C00090FBF1F090FBF4F104FB1100C5B209E0B1
:1033D00010F1630101D34042F0E700F2E7304045CD
:1033E00000D20A252946682004F03CFCB6F98C017D
:1033F000002807DB90FBF7F090FBF4F104FB1100D1
:10340000C5B20AE010F1630101D30A2505E000F21C
:10341000E731414501D24042ECE72946692004F0FA
:1034200021FCB6F98C01002808DB00BF90FBF4F00A
:1034300090FBF4F104FB1100C5B209E000F1630157
:10344000632903D300F2E731414501D24042EDE761
:1034500029466A2004F006FCB6F98C01002805DB39
:1034600090FBF4F104FB1100C5B209E000F1630127
:10347000632903D300F2E731414501D24042EFE72F
:1034800029466B2004F0EEFB012211466B2005F06B
:10349000D9FBD948407838B1D9F84400504503DA0F
:1034A000D648807805281DD0B6F98A0100287DDD30
:1034B0004FF47A7190FBF1F090FBF4F104FB1100F2
:1034C000C5B229466C2004F0CDFBB6F98A0100286C
:1034D00016DB00BF90FBF7F090FBF4F104FB11004A
:1034E000C5B218E012216C2004F0BCFB12216D2043
:1034F00004F0B8FB12216E2004F0B4FB12213EE070
:1035000010F1630101D30A2505E000F2E7314145DE
:1035100001D24042DEE729466D2004F0A3FBB6F954
:103520008A01002808DB00BF90FBF4F090FBF4F167
:1035300004FB1100C5B209E000F16301632903D364
:1035400000F2E731414501D24042EDE729466E20C5
:1035500004F088FBB6F98A01002805DB90FBF4F142
:1035600004FB1100C5B209E000F16301632903D334
:1035700000F2E731414501D24042EFE729466F2092
:1035800004F070FB04221146752005F05BFBD6F8B1
:10359000A001E8B3D6F8A81148F6A04091FBF0F0DE
:1035A000C1B2702004F05EFB5D4600E09EE0D6F8FC
:1035B000A80190FBF5F090FBF4F104FB1100C1B2FF
:1035C000712004F04FFBD6F8A80190FBF5F105FB44
:1035D00011014FF4167091FBF0F0C1B2722004F0AB
:1035E00041FBD6F8A80190FBF5F105FB11013C2049
:1035F00091FBF0F090FBF4F104FB1100C1B27320D9
:1036000004F030FB04221146692005F01BFB00E0AA
:103610007BE07948807838B1D9F84400504503DA26
:103620007648807805287ED0D6F89801F0B3D6F891
:10363000A41148F6A04091FBF0F0C1B2742004F050
:1036400011FBD6F8A4015D4690FBF5F090FBF4F178
:1036500004FB1100C1B2752004F004FBD6F8A401EC
:1036600090FBF5F105FB11014FF4167091FBF0F0A2
:10367000C1B2762004F0F6FAD6F8A40190FBF5F179
:1036800005FB11013C2091FBF0F090FBF4F104FBF1
:103690001100C1B2772004F0E5FA20221146732010
:1036A00005F0D0FA01221146762000E04AE005F04C
:1036B000C9FA02221146762005F0C4FA40221146CA
:1036C000772005F0BFFA4D488078052848D00022C1
:1036D0008021772005F0B6FA96F9760188B30128A3
:1036E00042D002285ED003284DD162E00A216C202E
:1036F00004F0B8FA0A216D2004F0B4FA0A216E2011
:1037000004F0B0FA0A213AE70DE00A21702004F033
:10371000A9FA0A21712004F0A5FA0A21722004F006
:10372000A1FA0A216BE71221742004F09BFA1221FE
:10373000752004F097FA1221762004F093FA1221F2
:10374000A8E70FE00A21742004F08CFA0A21752002
:1037500004F088FA0A21762004F084FA0A2199E715
:103760008022B5E7012200E000220121642005F05B
:1037700069FA02220221642005F064FA0122012183
:10378000662005F05FFA96F88E01F0B10022042160
:10379000642005F057FA1A4841691A48814216DA3E
:1037A000082215E001221146642005F04BFA0022A0
:1037B000E0E701221146642005F044FA0222114696
:1037C000642005F03FFA0022D9E70422DFE7002257
:1037D0000821642005F036FA96F8AC0148B10022C1
:1037E0008021652005F02EFABDE8F05F064802F062
:1037F000CDBD8022F4E700008C000020800700206F
:1038000004650020008009458865002010B503F09C
:10381000F5FA044801F0E4FEBDE81040024801F06A
:10382000DFBE0000340900207C0900202DE9F14FA3
:10383000B94C2189E06801F00FFA0025B74FDFF895
:10384000E092DFF8E0B24FF0804A012610B994F818
:10385000250020B194F82400012807D0DCE0216A7B
:103860000098FCF710FD206284F824602189E0684C
:1038700001F0F2F901281AD1A848216A4042014416
:10388000A94881420ED2A9488178491CC9B28170E9
:10389000052900D985704570A5480560C4F81CA0AD
:1038A000C9F8007084F8245084F825502562216AF4
:1038B0006FF07F5001449F4881427CD294F82500EC
:1038C000002878D199489C4A9C498078DFF870E2BA
:1038D0009C4B52F820C0DFF870828C45D2F800C0B3
:1038E00047DA8C4568DAD2F804C08C4564DAD2F83D
:1038F00008C08C4560DAD2F80CC08C455CDAD2F88E
:1039000010C08C4558DA52698A4255DA00EBC00281
:10391000002143460BEBC20201EBC10C0BEBCC00C8
:10392000B2F8048003EB410CA0F80880ACF80280E8
:10393000A0F80480B2F81880A0F82080ACF80E80BF
:10394000A0F81880D2F830C003EB8108C0F838C066
:10395000C8F81CC0C0F830C0C0F834C092F801C02C
:10396000BCF1000F00D04670491CC9B20629D3D360
:1039700049E08C454CDDD2F804C08C4548DDD2F8D6
:1039800008C08C4544DDD2F80CC08C4540DDD2F82F
:1039900010C08C453CDD52698A4239DD00EBC00223
:1039A000002143460BEBC20201EBC10CB2F80480CC
:1039B0000BEBCC0001E02FE02AE003EB410CA0F878
:1039C0000880ACF80280A0F80480B2F81880A0F853
:1039D0002080ACF80E80A0F81880D2F830C003EB3D
:1039E0008108C0F838C0C8F81CC0C0F830C0C0F8A2
:1039F00034C092F801C0BCF1000F00D04670491CE1
:103A0000C9B20629D0D38EF80060C9F8007001E071
:103A1000C3F800A084F82560218E606B01F01CF9CA
:103A200010B994F84D0058B194F84C00012870D1A9
:103A3000218E606B01F010F90222012808D022E0EB
:103A4000A16C0098FCF71FFCA06484F84C60EFE7C1
:103A50003248A16C40420144334881420ED233487F
:103A60004178491CC9B2417001293BD0032900D9D2
:103A700045702F49C9F80070C1F800A084F84C5077
:103A800084F84D50A564A16C6FF07F500144294823
:103A900081423ED294F84D0000283AD19BF80110A3
:103AA0005846012925D090F84910012921D090F8D5
:103AB000911001291DD090F8D910012919D090F842
:103AC0002111012915D090F86911012911D0002187
:103AD00001EBC10200EBC202491CC9B256700629B3
:103AE000F6D312E012490968B1F5000FC1DB42704C
:103AF000BFE7002101EBC10300EBC305491C2A7598
:103B0000C9B200F833600629F4D3C9F8007084F80C
:103B10004D60BDE8F88F000094510020CDCCCC3D25
:103B200074000020F46A00203333F3018007002082
:103B300094000020FFFF7F000465002000800945FD
:103B4000300700207800002000660020094880210E
:103B500020220180402141800749416002814A15AD
:103B6000C16002858A1542850A15C16202864163D9
:103B700070470000945100200014014010B5094C1A
:103B80002168FCF780FB2060B0F17E5F08DB06480F
:103B90008169416100218161026CC0E90F212160CE
:103BA00010BD00007C0000209451002008B505F0F5
:103BB000B3FC094D094C0090287840B92046FFF726
:103BC00035FE2046FFF7DAFF2046FDF7A9FA0A2165
:103BD000684605F063FCEFE7840700200AD7233C22
:103BE00010B5802000F030FFBDE810404FF40070A9
:103BF00000F02ABF10B5104801F0F2FC0F4801F0A8
:103C0000EFFC00210C4801F00FFF04210A4801F0ED
:103C10000BFF0821084801F007FF0C21064801F0BE
:103C200003FF0821054801F0FFFEBDE810400C210C
:103C3000024801F0F9BE0000A40800205C08002042
:103C400072B6FEE706490020C8610648016941F0E6
:103C500004010161016941F0400101617047000008
:103C6000080A002000200240064A0021D1610649CE
:103C70000A6942F002020A614861086940F04000A6
:103C800008617047080A002000200240044B00220F
:103C9000DA61044A136943F001031361018070473C
:103CA000080A00200020024014480022C168CB0608
:103CB000134904D5CA6942F00202CA611022C368DE
:103CC0005B0705D5CB6943F00103CB6142F00402E9
:103CD000C369DB0707D0CB6943F00403CB61C1693B
:103CE00021F00101C161A2F58071013901D0C260EA
:103CF0007047C16921F00101C16170470020024095
:103D0000080A002070B5054600F0B0FF0646114CC9
:103D100009E0681C07D025B100F0A8FF801BA8426D
:103D200001D9032070BDE068C007F2D1E0688006C9
:103D300001D52020E060E068C00605D4E069C00736
:103D400002D1E068400703D5FFF7AEFF012070BD48
:103D5000002070BD002002402DE9F0410E46FCF726
:103D6000CEFC294F0004000C57F826401AD0B0F5BD
:103D7000805F17D2FCF794FC6FF00B01FCF74BFB54
:103D80002249FCF7D8FADFF8888020F00041054688
:103D9000414507DB29461F48FCF7C7FA20F00041E0
:103DA000414502DA2046BDE8F0811B492846FCF770
:103DB000F4FA05461A48194900688046FCF7BBFA30
:103DC0002946FCF760FA054601464046FCF7ADFA85
:103DD000804614492846FCF7AEFA4146FCF7DDFA66
:103DE0001149FCF7A8FA054610492046FCF7A3FA4A
:103DF00004460F492846FCF79EFA2146FCF743FA91
:103E000047F82600CFE70000D46400203333534046
:103E100017B7D1389A99993F9A99D9407F526E3EF7
:103E2000800000200000404000007A446666663F43
:103E3000CDCCCC3D78B500220B4B4C1E10E0551C70
:103E4000A54202EB03052D88ADF800509DF8005007
:103E5000855403DC86189DF801507570921C92B24F
:103E60008A42ECD3012078BD000001082DE9F04121
:103E700086B00D46804600F05FFD00200190009066
:103E8000164F0121CDE90371694601A800F0B6FC87
:103E9000C0B900246E1E1BE0601CB04207DC08EBBA
:103EA000040018F80410407801EB002003E018F833
:103EB000040000F57F4082B20023E119012000F0E8
:103EC000FBFC18B1002006B0BDE8F081A41CA4B230
:103ED000AC42E1D300F0E6FC0120F4E70000010869
:103EE000F8B500250446009590F8240001280BD071
:103EF000012084F824002046FCF7EAFD2046FCF768
:103F00004BFE060002D050E00220F8BDA06A20F46B
:103F1000885040F00200A062022000F045FF2549D1
:103F20000968B1FBF0F0400000E0401E009000285E
:103F3000FBD12068816841F00801816000F096FEA5
:103F4000074608E000F092FEC01B0A2803D920684B
:103F50008068000715D4206880680007F2D42068C4
:103F6000816841F00401816000F080FE074612E0A4
:103F700000F07CFEC01B0A280DD92068806840072D
:103F800009D5A06A20F0020040F01000A06284F879
:103F900024500120F8BD206880684007E8D4A06A5A
:103FA00020F0020040F00100A06284F82450304666
:103FB000F8BD00000C000020F8B50024009490F833
:103FC00024202546012A12D0012280F824204A68A4
:103FD0001F23072A0DD20668776B521E02EB82025E
:103FE00093409F430B6893401F43776319E002207F
:103FF000F8BD06680D2A0AD2376BD21F02EB820287
:1040000093409F430B6893401F43376309E0F76A6F
:104010000D3A02EB820293409F430B6893401F438B
:10402000F7620A68072306680A2A0AD3F7680A3A79
:1040300002EB420293409F438B6893401F43F7601B
:1040400008E0376902EB420293409F438B6893403C
:104050001F4337610A68102A01D0112A20D1124B60
:1040600002689A4217D193681B0219D4936843F4EB
:10407000000393600968102912D10C490C4A0968A1
:10408000B1FBF2F101EB8101490000E0491E009112
:104090000029FBD104E0816A41F020018162012402
:1040A00080F824502046F8BD002401400C00002078
:1040B00040420F0070477047704700002DE9F04103
:1040C00004004FF000057FD0A06A002628B9E66200
:1040D00084F82460204600F081F82046FCF7F8FCC4
:1040E000A16AC90600D420B1A06A40F01000A06205
:1040F0006AE0A16A21F4885141F00201A1623349CA
:1041000023688B42E16904D1B1F5402F01D14FF40E
:104110000021277B4FF4807C41EA470261680A4313
:10412000A168614508D0012906D0002194F814E067
:10413000BEF1010F02D00AE06146F7E7C7B1A76AF6
:1041400047F02007A762E76A47F00107E7625F6868
:1041500027F469470F435F60236899681C4F394013
:1041600011439960A16861450BD0012909D00CE089
:10417000DFF860E0A7690EEB47370F4347F40061B3
:10418000E5E7218A0D05A5F580152168CB6A23F4A2
:1041900070032B43CB62216889680F4B1940914211
:1041A00008D1E662A16A21F0020141F00101A16299
:1041B000BDE8F081A06A20F0020040F01000A0628B
:1041C000E06A40F00100E0620120F1E7003C0140BC
:1041D000FDF7E1FF00E0FFFFFE0E1FFFF0B585B029
:1041E000002605460096019602960396006821492E
:1041F00088423DD12049886940F40070886188690F
:1042000000F400700490886940F0100088618869AB
:1042100000F010000490886940F00400886188690B
:104220003F24032700F00400CDE9004704906946CD
:10423000124800F015FCCDE900476946104800F02F
:104240000FFC114C0F48C4E900068020C4E902604D
:1042500040002061800060612020A0610002E061D8
:10426000204600F055FA08B1FFF7EAFC2C626562BF
:1042700005B0F0BD002401400010024000100140D4
:104280000008014008000240D00700202DE9F04757
:10429000894604463B4900683B4F0E1D90468842C4
:1042A00001D0B84207D1306810F4702F03D0012537
:1042B0002846BDE8F08794F8240001280CD001209E
:1042C00084F824002046FCF767FC05004FF000004E
:1042D00004D084F82400EBE70220EAE7A16A40F664
:1042E0000162914341F48071A1622168B94218D101
:1042F000326812F4702F14D0A16A41F48011A162C7
:104300003168490505D5A16A21F4005141F4805175
:10431000A162A16AC9040AD5E16A21F00601E1623D
:1043200006E0A26A22F48012A2624968E9E7E0622C
:1043300084F82400216A15488862216A1448C862FA
:10434000216A1448086321686FF002000860206841
:10435000816841F480718160216843464A464C314E
:10436000206A00F013FA20688168C1F342410729EE
:10437000816803D041F48011816099E741F4A00184
:10438000FAE700000024014000280140270B000844
:104390008F0B0008750B00082DE9F05F90F82110D5
:1043A0000024022903D004218163012485E00168EF
:1043B0000A6822F00E020A6001680A6822F001020F
:1043C0000A603F4E3E4FB215DFF8F4C0DFF8F090C0
:1043D000DFF8ECA0DFF8E8B0DFF8E4E00168783F50
:1043E00013011502ACF1640CA9F15009AAF13C0AC1
:1043F000ABF1280BAEF1140E4FF48018B14227D95F
:10440000B9420ED0614512D049451DD0514518D052
:10441000594518D0714501D1424615E0294EB142A7
:1044200001D1012210E0274E1436B14201D11022F1
:104430000AE0244E2836B14206D0224A3C3291424C
:1044400001D11A4600E02A461E49091F0A602BE0E6
:10445000B94213D0614517D0494522D051451DD0EE
:1044600059451DD0714501D142461AE0B14202D1F1
:104470004FF0807215E0134EB14201D1012210E0DD
:10448000104E1436B14201D110220AE00D4E2836EA
:10449000B14206D00B4A3C32914201D11A4600E0AB
:1044A0002A46074980394A60012180F821100021FD
:1044B00080F82010416B01B188472046BDE8F09F8D
:1044C00080000240080402402DE9F05FC16B0A68D9
:1044D00001680B68046C4FF0040808FA04F8844D76
:1044E000844E854FDFF814C2DFF81492DFF814A26F
:1044F000DFF814B2DFF814E218EA020F65D05FEAC1
:10450000437862D50A68920603D40A6822F004024E
:104510000A60DFF8F0814FF48062016808F1140846
:1045200013011402414524D9A9420DD0B1420FD044
:10453000B9421AD0614515D0494515D0514501D130
:10454000120312E0594501D104220EE0714501D158
:1045500040220AE06D4D1435A94206D06B4A28323C
:10456000914201D11A4600E022466749091F0A60BC
:1045700029E0A94213D0B14215D0B94220D06145FB
:104580001BD049451BD0514502D14FF4800217E0A2
:10459000414502D14FF0806212E0594501D1042219
:1045A0000EE0714501D140220AE0584D1435A94270
:1045B00006D0564A2832914201D11A4600E02246DE
:1045C0004B4908394A60C16A71E04FF0020808FAA5
:1045D00004F818EA020F70D05FEA83786DD50A6894
:1045E000920606D40A6822F00A020A60012180F8C5
:1045F0002110DFF810814FF40072016808F11408EF
:1046000013011402414524D9A9420DD0B1420FD063
:10461000B9421AD0614515D0494515D0514501D14F
:10462000120312E0594501D102220EE0714501D179
:1046300020220AE0354D1435A94206D0334A2832EB
:10464000914201D11A4600E022462F49091F0A6013
:1046500029E0A94213D0B14215D0B94220D061451A
:104660001BD049451BD0514502D14FF4001217E031
:10467000414502D14FF0007212E0594501D10222AA
:104680000EE0714501D120220AE0204D1435A942E7
:1046900006D01E4A2832914201D11A4600E0224635
:1046A000134908394A60002180F82010816A0029E6
:1046B0001CD0BDE8F05F0847FFE70825A54015427C
:1046C00014D01A0712D50A6822F00E020A6090F878
:1046D0004020C36B012101FA02F25A60816380F825
:1046E0002110002180F82010016BE0E7BDE8F09F69
:1046F000080002401C00024030000240440002401A
:10470000580002406C000240080402401C040240B1
:1047100030B560B11A4B026814219A4209D2194B84
:104720001344B3FBF1F18900016417490AE0012049
:1047300030BD134B5B421344B3FBF1F189000164BC
:104740000F490839C163022180F82110136843F62C
:10475000F0718B43F0E901142143D0E902452C4369
:104760002143046921434469214384692143194356
:10477000116000214163012242770177084630BD74
:1047800008040240F8FFFDBF0000024070B5044677
:1047900090F82000002501280CD0012084F820008A
:1047A00094F821600020012E06D084F82000022514
:1047B000284670BD022070BD022684F82160A063E7
:1047C0002068066826F0010606602046FCF794FD86
:1047D000E06A00282068016802D041F00E0106E07E
:1047E00021F0040101602068016841F00A010160C4
:1047F0002068016841F001010160D9E72DE9F04727
:10480000054626480F460126017E01290FD00121C9
:10481000814601762868DFF888804CF250340228FF
:1048200008D0A2462046FFF76DFAA8B131E0022079
:10483000BDE8F0872046FFF765FA08BB0120FFF7C7
:1048400001FA2046FFF75EFAD8F81010064621F06C
:104850000401C8F810101CE04FF0FF303860AC685D
:1048600011E02046FFF700FA5046FFF74BFAD8F860
:104870001010060021F00201C8F8101001D03C60B1
:1048800007E004F50064D5E9020100EBC120A04275
:10489000E7D8002189F818103046C9E7080A002037
:1048A000002002400348016941F0800101610020BD
:1048B00070470000002002402DE9F05F07461C48C9
:1048C00088460024017E15461E46012909D0012193
:1048D000814601764CF2503A5046FFF713FA18B170
:1048E00022E00220BDE8F09F012F02D0022F00D06D
:1048F0000427D346DFF83CA0220128463146FBF7C7
:1049000081FC81B208EB4400FFF7C0F95846FFF77D
:10491000F9F9DAF8102022F00102CAF8102018B9CB
:10492000641CE4B2BC42E7D3002289F81820D9E71E
:10493000080A002000200240064900200A691206E9
:1049400007D5054A4A60054A4A600969090600D543
:10495000012070470020024023016745AB89EFCD5D
:104960002DE9F047324C0746DFF8C8802088324DE9
:104970004FF07E59B8422DD198F80000002855D14B
:104980004946A069FBF77FFCA0614FF08040E061E1
:104990006188606800F060F9002630B16188606865
:1049A00000F05AF9012808D00EE0A878401CC0B2E7
:1049B000A870052808D9AE7006E0A87808B90620C6
:1049C000A870C0B2401EA8701C486E701D490660D9
:1049D0001B480860208DB84228D198F800000028B4
:1049E00024D14E464946206CFBF74DFCC4E9100625
:1049F000618DE06A00F030F980B1618DE06A00F00D
:104A00002BF9012812D1E06BFBF779FEC3B26A786B
:104A1000A9780120BDE8F04703F06CB8E06BFBF724
:104A20006EFEC3B26A78A9780020F3E7BDE8F0878C
:104A3000945100208407002080070020940000206B
:104A4000CDCCCC3D74000020044910B50A68024268
:104A500002D00860FFF784FF10BD0000140401407D
:104A60002DE9F84FDFF8C8910024A9F1040B234683
:104A70000F2709F1040AABF1040ED1E00125A5408E
:104A800006EA0502AA4276D1DFF8A8C14E68A6EB75
:104A90000C0866452BD00DDC032E34D005DC36B374
:104AA000012E19D0022E2FD11BE0112E16D0122E5E
:104AB0002AD119E0B8F5881F19D006DCB8F5803F77
:104AC00015D0B8F5801F1FD111E0B8F5001F0ED02A
:104AD000B8F5041F18D10AE0CB6815E0CB681B1DA0
:104AE00012E0CB6808330FE0CB680C330CE08B6826
:104AF0002BB1012B4FF0080303D0456104E00423E0
:104B000002E0056100E00023FF2A01D8064601E02B
:104B100000F104064FEA840501D9A5F12005D6F875
:104B2000008007FA05FC28EA0C0803FA05F548EAB4
:104B30000508C6F800804D68ED0070D53E4DAE69A1
:104B400046F00106AE61AD6924F0030605F00105EB
:104B500000953A4D06EB050CDCF80850A607360F19
:104B600007FA06F825EA0805DFF8D480404503D1A6
:104B70004FF0000825E052E0DFF8C880404502D140
:104B80004FF001081DE0DFF8C080404502D14FF032
:104B9000020816E0DFF8B480404502D14FF0030868
:104BA0000FE0DFF8AC80404502D14FF0040808E088
:104BB000DFF8A080404502D14FF0050801E04FF03A
:104BC000060808FA06F848EA0508CCF808804D6897
:104BD000D9F80060ED024D4601D5164300E096433A
:104BE0002E604D68DAF80060AD02554601D51643D7
:104BF00000E096432E604D68DBF80060AD035D4633
:104C000001D5164300E096432E604D68DEF8006043
:104C1000ED03754601D5164300E096432E60641CF3
:104C20000A681646E2407FF429AFBDE8F88F00001D
:104C30000804014000001110001002400000014073
:104C400000080140000C0140001001400014014028
:104C500000180140001C01408068084000D001207D
:104C600070470AB1016170470904FBE70148806899
:104C7000704700000000002002488168027811445B
:104C80008160704700000020074810B5016841F0BE
:104C900010010160032000F075F80F2000F006F805
:104CA00000F024F8002010BD0020024070B50D4D2A
:104CB00004464FF47A712878B1FBF0F00A4909688C
:104CC000B1FBF0F000F0AEFB48B9102C07D2002287
:104CD0002146501E00F036F800206C6070BD0120A7
:104CE00070BD0000000000200C0000200C4808B53A
:104CF000816941F001018161816901F00101009147
:104D0000C16941F08051C161C06900F080500090DC
:104D10000448416821F0E06141F00071416008BD44
:104D20000010024000000140002809DB00F01F02D3
:104D3000012191404009800000F1E020C0F80011FD
:104D400070470000F0B40E4B1B680C46C3F30223FF
:104D5000C3F10705042D00D90425191D072901D227
:104D6000002300E0DB1E012606FA05F1491E214062
:104D700099409E40761E16403143F0BC03F0ECBED5
:104D80000CED00E0064900F0070208684FF6FF034B
:104D9000184040EA0220034A1043086070470000B0
:104DA0000CED00E00000FA0510B501460020284C8B
:104DB00004292FD00BDC012930D0022929D100F0A1
:104DC0006BF96168C1F38131491C49001FE0082972
:104DD00020D010291DD161682268D20119D51D4843
:104DE000C1F38342C903805C0AD56168194AC1F3E3
:104DF0004041921E515C184AB2FBF1F1484301E078
:104E0000164948436168490203D440000321B0FBBE
:104E1000F1F010BDBDE8104000F04EB9226AC2F3B7
:104E20000121012903D1920701D5C80310BD022930
:104E300005D1626A920702D549F6404010BD0329A8
:104E4000FCD121688903F9D54FF2244010BD000040
:104E5000001002408897000800127A0000093D0007
:104E60002DE9F84305460078354CC00754D0E06979
:104E70000026C00008D4E06940F08050E061E0699D
:104E8000012600F0805000902E480168C90512D418
:104E90000168804641F480710160FFF7E7FE074634
:104EA00005E000BFFFF7E2FEC01B642823D8D8F856
:104EB0000000C005F6D5206A10F4407021D0A98802
:104EC00001F4407181421CD0206A1F49012220F464
:104ED00040700A6000220A602062C00711D0FFF70C
:104EE000C5FE074641F2883808E000BFFFF7BEFE66
:104EF000C11B414502D90320BDE8F883206A800721
:104F0000F4D5206A696820F44070084320621EB11D
:104F1000E06920F08050E0612878800705D560685E
:104F2000A96820F44040084360602878C00605D591
:104F30006068696920F48000084360600020DBE756
:104F40000010024000700040400442422DE9F0474A
:104F50000F46050061D0434E306800F00700B842AC
:104F600009D2306820F0070038433060306800F024
:104F70000700B84251D128683B4C810712D5400741
:104F800003D5606840F4E06060602878000703D5CE
:104F9000606840F4605060606068A96820F0F000CC
:104FA000084360602878C00728D06868012810D0BE
:104FB0002168022810D0890700292EDA616821F0C3
:104FC000030101436160FFF751FE804641F28839D9
:104FD0000DE021688903EFE78901EDE7FFF746FE61
:104FE000A0EB0801494502D90320BDE8F0876068BD
:104FF000696800F00C00B0EB810FEFD1306800F071
:105000000700B8420BD9306820F007003843306001
:10501000306800F00700B84201D00120E5E72878A9
:10502000400705D56068E96820F4E06008436060E7
:105030002878000706D56068296920F4605040EAA6
:10504000C100606000F038F86168084AC1F30311DC
:10505000515CC8400649086006480068FFF726FE14
:105060000020C2E70020024000100240989700088C
:105070000C0000200400002004480549006849682D
:10508000044AC1F30221515CC84070470C00002063
:1050900000100240A89700080448054900684968C4
:1050A000044AC1F3C221515CC84070470C00002083
:1050B00000100240A89700080E4A51680E4801F0FF
:1050C0000C03042B11D0082B0FD10C48C1F38343E0
:1050D000C903C05C0AD55168084AC1F34041921E19
:1050E000515C054A5043B0FBF1F070470449484316
:1050F000704700000010024000127A007697000806
:1051000000093D002DE9F84F040070D02078C04D13
:10511000C00749D06868C0F38100012807D06868DB
:10512000C0F38100022809D16868C00306D5286849
:10513000800339D560680028E7D035E06068B0F5B5
:10514000803F0BD010B1B0F5A02F11D0286820F40B
:1051500080302860286820F4802002E0286840F42D
:1051600080302860606890B1FFF780FD06460AE055
:10517000286840F480202860F0E700BFFFF776FD44
:10518000801B642873D828688003F7D50CE0FFF7EC
:105190006DFD064605E000BFFFF768FD801B642833
:1051A000F0D828688003F7D420789A4E80074FF013
:1051B00001094FF0000839D5686810F00C0F07D0CE
:1051C0006868C0F38100022809D16868C00306D46A
:1051D0002868800714D52069012808D110E02069CB
:1051E000B0B1C6F80090FFF741FD074605E00AE1BF
:1051F000FFF73CFDC01B0228C4D828688007F7D5FC
:105200002868616920F0F80040EAC10028600DE0DC
:10521000C6F80080FFF72AFD074604E0FFF726FDE9
:10522000C01B022823D828688007F7D420780007FD
:105230002CD57948A169D9B1C0F80090FFF716FDC7
:10524000074604E0FFF712FDC01B02280FD8686A6A
:105250008007F7D571484FF4FA510068B0FBF1F0C0
:10526000009000BF0098411E0091FAD20EE080E04D
:10527000C0F80080FFF7FAFC074604E0FFF7F6FCF1
:10528000C01B022875D8686A8007F7D420784007C9
:1052900060D5E8690027C00008D4E86940F0805074
:1052A000E861E869012700F0805000905C480168DF
:1052B000C90513D40168834641F480710160FFF78A
:1052C000D5FC824606E000BFFFF7D0FCA0EB0A0049
:1052D00064284ED8DBF80000C005F5D5E068012849
:1052E0000AD008B1052813D0286A20F001002862EE
:1052F000286A20F0040002E0286A40F001002862D9
:10530000E06841F2883B98B1FFF7B0FC82460BE0C1
:10531000286A40F004002862EEE700BFFFF7A6FC11
:10532000A0EB0A0159455AD8286A8007F6D50CE047
:10533000FFF79CFC824605E0FFF798FCA0EB0A0112
:1053400059454CD8286A8007F6D41FB1E86920F087
:105350008050E861E06988B36968C1F3810102297E
:1053600044D00228C6F8608004D0FFF77FFC0446D2
:1053700038E034E0FFF77AFC074604E0FFF776FCFC
:10538000C01B02282BD828688001F7D4206AB0F50A
:10539000803F05D16868A16820F400300843686048
:1053A000D4E908010843696821F47411084368606E
:1053B000C6F86090FFF75AFC044606E025E000BFFF
:1053C000FFF754FC001B022809D828688001F7D594
:1053D0001BE000BFFFF74AFC001B022802D9032094
:1053E000BDE8F88F28688001F4D40EE00128F7D0DA
:1053F0006868226A00F48031914204D1616A00F445
:105400007010884201D00120EAE70020E8E70000A0
:105410000010024000004242800442420C00002082
:105420000070004010B5401EB0F1807F01D3012014
:1054300010BD4FF0E02460610F21601703F08CFB7A
:105440000020A06107202061002010BD7047704738
:1054500010B590F83C20012A22D0012280F83C208F
:10546000CA688C6822F4407222434C6822F480623D
:1054700022430C6822F4006222430C6922F4805219
:1054800022434C6922F400522243C969002322F4CA
:1054900080420A4301684A6480F83C30002010BD15
:1054A000022010BD70B590F83C20012A2CD00124B8
:1054B00080F83C40022280F83D2003685A689D68CD
:1054C00022F070060A6832435A60104B02689A4212
:1054D0000ED00F4B9A420BD0B2F1804F08D00D4B3B
:1054E0009A4205D00C4B9A4202D00C4B9A4204D1FE
:1054F000496825F080031943916080F83D40002100
:1055000080F83C10084670BD022070BD002C0140A0
:10551000003401400004004000080040000C00403E
:1055200010B5040003D094F83D0010B107E001204D
:1055300010BD002084F83C00204600F01FF8022037
:1055400084F83D00211D206802F056FD012084F8FA
:10555000460084F83E0084F83F0084F8400084F858
:10556000410084F8420084F8430084F8440084F841
:10557000450084F83D00002010BD000008B5154A24
:105580000168154891420ED1C16941F00801C1611D
:10559000C069002200F00800009007213220FFF7C8
:1055A000D1FB322010E00D4A914211D1C16941F086
:1055B0001001C161C069002200F0100000900621B6
:1055C0003620FFF7BFFB3620BDE80840FFF7ACBB35
:1055D00008BD0000000C0040001002400010004018
:1055E00090F83D10012901D001207047022180F878
:1055F0003D100168CA6842F00102CA6000680E49A5
:1056000088420ED00D4988420BD0B0F1804F08D0AF
:105610000B49884205D00B49884202D00A4988428A
:1056200004D1816801F00701062903D0016841F027
:105630000101016000207047002C0140003401404E
:105640000004004000080040000C004070B5044613
:1056500090F83C000025012817D0012684F83C6012
:10566000022084F83D002068826822F0770222F44C
:105670007F4282600868502838D00DDC20284FD047
:1056800005DC90B3102811D14AE0022070BD30280B
:1056900046D040280AD13BE060282FD070280DD09A
:1056A000B0F5805F03D0B0F5005F12D0012584F81B
:1056B0003D60002084F83C00284670BDCB68D1E9ED
:1056C0000121206802F0F3FC2068816841F0770135
:1056D00009E0CB68D1E90121206802F0E8FC2068EC
:1056E000816841F480418160E1E719E0CA68496856
:1056F000206802F0B1FD5021206806E0CA684968C0
:10570000206802F0F1FD6021206802F0DAFCCEE7AB
:10571000CA684968206802F09FFD40212068F4E7CC
:10572000226801461046F0E770B50446006821493A
:10573000214D884224D1207F204E012805D1306898
:10574000406B28600020FBF7FFFB207F022805D17B
:105750003068806B68600120FBF7F6FB207F04282F
:1057600005D13068C06BE8600320FBF7EDFB207FBC
:10577000082805D13068006C68610520FBF7E4FB60
:105780002068B0F1804F14D1207F0D4E042805D140
:105790003068C06B28610420FBF7D6FB207F082807
:1057A00007D13068006CA860BDE870400220FBF7AC
:1057B000CBBB70BD0004004068660020A408002038
:1057C0005C0800202DE9F041054690F83C000026D9
:1057D0000C46012810D0012085F83C0072B1042A43
:1057E0001CD0082A2CD00C2A50D00126002085F885
:1057F0003C003046BDE8F0810220FBE7D4E900120E
:10580000E368286802F03AFD2868816921F00C01FC
:10581000816128688169A26811430FE0D4E9001210
:10582000E368286802F072FD2868816921F440610C
:10583000816128688169A26841EA02218161D5E716
:105840002868D4E9002C277B036A016A21F480715F
:105850000162C16923F4007321F0030141EA0C01E4
:1058600021F0F00C39074FF400774CEA116107EA98
:1058700002221A43C16102622868C16921F00C0149
:10588000C1612868C169A26811432BE02868D4E986
:105890000021E768036AD0F820C02CF4805CC0F8CF
:1058A00020C0D0F81CC023F400532CF4407C4CEAF8
:1058B000012121F4704C4FF6FF7101EA07314FF4DA
:1058C000005741EA0C0107EA02321A43C161026241
:1058D0002868C16921F44061C1612868C169A26872
:1058E00041EA0221C16181E710B5040003D094F8B8
:1058F0003D0010B107E0012010BD002084F83C00FD
:10590000204600F01FF8022084F83D00211D206889
:1059100002F072FB012084F8460084F83E0084F80F
:105920003F0084F8400084F8410084F8420084F885
:10593000430084F8440084F8450084F83D000020CA
:1059400010BD000030B585B000240094019402948D
:10595000039400682F49304DB0F1804F32D02F4A68
:1059600090422DD1C86940F00200C861C86900F0BA
:1059700002000490886940F004008861886900F0A2
:1059800004000490886940F00800886188696946CD
:1059900000F008000490C02000902148FFF760F854
:1059A0000320CDE90004694628460294FFF758F821
:1059B000002208211D20FFF7C5F91D20FFF7B4F9CB
:1059C00005B030BDC86940F00100C861C86900F089
:1059D00001000490886940F0080088618869694680
:1059E00000F0080004904FF4406000902846FFF754
:1059F00037F80C48416821F4407141F0E06141F40E
:105A000000714160002208211C20FFF79BF91C2037
:105A1000D4E7000000100240000C014000040040E8
:105A2000000801400000014030B50446002551B196
:105A300004290DD0082910D094F8412094F845008D
:105A4000012A11D10EE094F83E2094F84200F7E7C5
:105A500094F83F2094F84300F2E794F8402094F83B
:105A60004400EDE7012801D0012030BD022059B1EA
:105A7000042912D0082919D084F8410084F845007F
:105A80000C293ED001253AE084F83E0084F842001B
:105A90002068C26842F0020210E084F83F0084F8F7
:105AA00043002068C26842F0040207E084F8400026
:105AB00084F844002068C26842F00802C2600122F3
:105AC000206802F0E7FA1149206888420ED0104998
:105AD00088420BD0B0F1804F08D00E49884205D0E3
:105AE0000D49884202D00D49884204D1816801F0F5
:105AF0000701062903D0016841F001010160284631
:105B000030BD2068C26842F01002D7E7002C014087
:105B1000003401400004004000080040000C004038
:105B20002DE9F04104460068C66805694FF000079A
:105B3000A90713D5B10711D5F91E016101202077FE
:105B4000206880698007204602D0FFF7EDFD04E061
:105B500000F0BCF8204600F06DF92777680716D5ED
:105B6000700714D521686FF00400086102202077C7
:105B70002068806910F4407F204602D0FFF7D4FDF2
:105B800004E000F0A3F8204600F054F92777280736
:105B900015D5300713D521686FF00800086104207F
:105BA00020772068C0698007204602D0FFF7BCFD3F
:105BB00004E000F08BF8204600F03CF92777E80677
:105BC00016D5F00614D521686FF010000861082082
:105BD00020772068C06910F4407F204602D0FFF78C
:105BE000A3FD04E000F072F8204600F023F92777C7
:105BF000E80708D0F00706D021686FF001000861BF
:105C0000204600F073F9280608D5300606D521682D
:105C10006FF0800008612046FFF718FC680608D581
:105C2000700606D521686FF040000861204600F03C
:105C3000C5F9A8060AD5B00608D521686FF020007E
:105C400008612046BDE8F041FFF701BCBDE8F081E6
:105C500000B585B000210091019102910391164B8E
:105C60000268164802219A420FD1826942F004026A
:105C700082618069039100F0040004904FF4606039
:105C8000CDE9000169460E4811E00E4B9A4210D151
:105C9000826942F0080282618069039100F0080085
:105CA00004904FF47070CDE9000169460648FEF794
:105CB000D7FE05B000BD0000002C014000100240DE
:105CC0000008014000080040000C0140704770B51A
:105CD000044690F83C0000260D4601280FD0012014
:105CE00084F83C006AB1042A1DD0082A2FD00C2A5F
:105CF0003FD00126002084F83C00304670BD0220D1
:105D000070BD206802F0E6F92068816941F0080161
:105D100081612068816921F00401816120688169C5
:105D20002A69114311E0206802F004FA20688169B1
:105D300041F4006181612068816921F480618161A1
:105D4000206881692A6941EA02218161D2E72068DD
:105D500002F026FA2068C16941F00801C16120689B
:105D6000C16921F00401C1612068C1692A69114338
:105D700011E0206802F048FA2068C16941F400612E
:105D8000C1612068C16921F48061C1612068C16975
:105D90002A6941EA0221C161ACE710B5040003D0D1
:105DA00094F83D0010B107E0012010BD002084F8F8
:105DB0003C00204600F01EF8022084F83D00211D22
:105DC000206802F019F9012084F8460084F83E00AA
:105DD00084F83F0084F8400084F8410084F84200D1
:105DE00084F8430084F8440084F8450084F83D00BA
:105DF000002010BD08B50C4A01680C48914207D13B
:105E0000816941F400618161806900F4006009E00A
:105E1000074A914207D1C16941F00401C161C069DB
:105E200000F00400009008BD002C0140001002406A
:105E3000000800407047000010B50446022249B136
:105E400004290ED0082913D094F84100012816D057
:105E5000012010BD94F83E000128F9D184F83E20BD
:105E60000FE094F83F000128F2D184F83F2008E0C9
:105E700094F840000128EBD184F8402001E084F838
:105E800041200122206802F005F913492068134AD5
:105E9000884201D0904203D1436C43F400434364F1
:105EA000206888420DD090420BD0B0F1804F08D0CE
:105EB0000B49884205D00B49884202D00A498842E2
:105EC00004D1816801F00701062903D0016841F07F
:105ED00001010160002010BD002C01400034014090
:105EE0000004004000080040000C00402DE9F04193
:105EF00001682C482C4C814207D12088401C80B27C
:105F00002080C82801D3002020802848814246D123
:105F1000274D2188274E2888884201D2002200E0A0
:105F2000012208213046FEF79CFE688821888842BD
:105F300001D2002200E0012204213046FEF791FE4A
:105F4000A88821881C4F884201D2002200E001224B
:105F500040213846FEF785FEE8882188884201D234
:105F6000002200E0012202213046FEF77AFE288955
:105F70002188884201D2002200E001228021384697
:105F8000FEF76FFE68892188884201D2002200E076
:105F900001223046BDE8F0410121FEF762BEBDE8B6
:105FA000F0810000000C004088000020001000403C
:105FB0004C650020001401400010014070477047FC
:105FC00070B5026804461068D168536910F00F0F6D
:105FD00056D003F0010501F490762E436AD0C20733
:105FE00005D0CA0503D5226C42F0010222644207A3
:105FF00005D5DA0703D0226C42F002022264820740
:1060000005D5DA0703D0226C42F0040222640207AD
:1060100007D501F020022A4303D0226C42F0080287
:106020002264226C002A3ED0800608D5880606D558
:1060300094F83D00222820462FD002F0DDFA206897
:106040004069216CC0F38010090700D460B320467A
:1060500002F012FA20684169490621D5416921F010
:1060600040014161A06BD8B138494163A06BFEF794
:1060700093F9002817D0A06B416BBDE8704008472A
:10608000830617D58B0615D594F83D00222819D123
:106090002046BDE8704002F0FDB902F0FBF9CEE702
:1060A0002046FFF78CFF70BD2046FFF788FF0020D9
:1060B000206470BD030634D50B0632D594F83D003C
:1060C000122804D02046BDE8704002F095BA94F83A
:1060D0003D001228EDD1A068B0F5805F01D12069A4
:1060E000B0B1606A411C6162216800784860608DCF
:1060F000401E0004000C6085DBD12068C16821F0DF
:106100008001C1602068C16841F04001C16070BD7C
:10611000606A0088C0F308005060606A801C60629A
:10612000E5E74006F3D54806F1D5D168204621F0D1
:106130004001D16021684A6922F001024A610121CF
:1061400084F83D1000F07BF870BD00006984000801
:1061500070B5040004D094F83D00002510B106E0AD
:10616000012070BD84F83C50204600F01BF802204E
:1061700084F83D00204602F0D5F92068016921F439
:10618000804101612068416921F02A014161206854
:10619000C16841F40051C1602564012084F83D00CC
:1061A000002070BD30B585B00024009401940294A5
:1061B000039400681D49884235D11D48C16941F4E6
:1061C0008021C161C16901F480210491816941F09C
:1061D000100181618069174D00F0100004904FF4A8
:1061E000A0500090022001900320039069462846A9
:1061F000FEF736FCE814CDE900046946284602940F
:10620000FEF72EFC0C48416821F0300141F0E061BE
:1062100041F010014160002205212720FEF792FD88
:106220002720FEF781FD05B030BD0000004800408A
:10623000001002400010014000000140704770470C
:106240007047000070B500211348FFF7F5FD124DAF
:1062500000242868446304212846FFF7EDFD2868E0
:10626000846308212846FFF7E7FD2868C4630C21F2
:106270002846FFF7E1FD2868046404210748FFF77A
:10628000DBFD064D2868846308212846FFF7D4FD0E
:106290002868C46370BD0000EC08002014080020CA
:1062A00070B50D46044600F019F9782000F0D4F8D6
:1062B00000F064F9204600F0CFF800F05FF92846BE
:1062C00000F0CAF800F05AF9BDE8704000F02EB9AD
:1062D00010B5012202211F48FEF7C3FC0C211E4805
:1062E000FFF7AAFD012211031C48FEF7BAFC00F0DB
:1062F000F5F8782000F0B0F800F040F9AA2000F09E
:10630000ABF800F03BF900F011F90520FBF70CF9B0
:10631000C0210846FFF7C4FFC021C220FFF7C0FF1D
:106320000121D020FFF7BCFFF4218220FFF7B8FF46
:1063300001218420FFF7B4FF0C218820FFF7B0FF74
:1063400003218620FFF7ACFFBDE81040FF2000F0DE
:1063500007B800000018014014080020000C01409C
:10636000094A30B100215054491CC9B27829FAD3E6
:1063700006E0002001461154401CC0B27828FAD330
:10638000014800F003B800000C51002070B505462C
:1063900000F0A4F8782000F05FF800F0EFF880201B
:1063A00000F05AF800F0EAF8002000F055F800F08C
:1063B000E5F80024285D00F04FF800F0DFF8641CD9
:1063C000E4B2782CF6D3BDE8704000F0AFB8FEE739
:1063D0000D4A10B5136890F90010D9630B4990F974
:1063E00001300C68A363126890F9023093630B6864
:1063F00090F903205A630B6890F904201A64096825
:1064000090F90500C86310BD14080020EC080020B6
:1064100006484FF400410160002141600121816084
:106420000321C16001460248FEF71ABB84510020D7
:10643000000C014006484FF4004101600121416019
:1064400081600321C16001460248FEF709BB0000DC
:1064500084510020000C01402DE9F047074600243C
:10646000FFF7E8FF1C4D4FF4004600223146284656
:10647000FEF7F7FB4FF40059002249462846FEF785
:10648000F0FB0520FBF75CF8B2464FF001084E46E2
:10649000C4F1070108FA01F0384201D0012200E0FE
:1064A000002251462846FEF7DCFB0520FBF748F8A2
:1064B000012231462846FEF7D4FB0520FBF740F8C1
:1064C000002231462846FEF7CCFB641CE4B2082CBF
:1064D000DED3BDE8F0870000000C014070B5FFF787
:1064E000A9FF0122104DD40321462846FEF7B9FB2F
:1064F0000122560331462846FEF7B3FB0520FBF781
:106500001FF8002221462846FEF7ABFB0520FBF7CB
:1065100017F8002231462846FEF7A3FBBDE870407D
:106520000520FBF70DB80000000C014070B5FFF727
:1065300081FF114D4FF40044002221462846FEF70A
:1065400090FBA610002231462846FEF78AFB052064
:10655000FAF7F6FF012231462846FEF782FB0520B6
:10656000FAF7EEFF012221462846FEF77AFBBDE846
:1065700070400520FAF7E4BF000C014070B500241C
:10658000FFF746FF01220D4D560331462846FEF720
:1065900068FB0520FAF7D4FFB1002846FEF75CFB44
:1065A000012800D10124002231462846FEF759FB7C
:1065B0000520FAF7C5FF204670BD0000000C014021
:1065C0002DE9F0470025DFF89C80274F81462E46B5
:1065D00005EBC50108EBC1046078A0B357F825109E
:1065E0004846F9F750FE47F82500B0F17C5F2FDBF5
:1065F000A08840B1A07B401C40B2A073032803DDFB
:106600000120A07300E0A673B4F9180028B194F833
:106610002610C94384F8261001E084F82660616BD7
:1066200091B1218C29B194F8261094F9442091421B
:106630000AD018B194F82700032805D114F8440FA4
:10664000C043207002E009E084F8446047F8256008
:106650006D1CEDB2062DBBD3BDE8F087A67384F8A0
:106660002660F1E7F46A0020586500202DE9F04724
:10667000824608A81F4690E810030B4688F00045A4
:1066800089F0004611461846F9F74FFE0146E060D2
:106690002846FAF7C7F807D34146E068FAF7C2F888
:1066A00001D2454600E0E568E56028462169F9F732
:1066B0003CFE3968F9F73FFE206029467868F9F713
:1066C0003AFE5146F9F737FE014660603046FAF768
:1066D000A9F807D349466068FAF7A4F801D24E46F4
:1066E00000E066681AF0FF4FB14666602DD0514653
:1066F0004FF07E50F9F751FE064620690121804691
:10670000F9F789FEE1680D46F9F712FE6169F9F7BC
:10671000BAFDB968F9F70FFE3146F9F70CFE0646E7
:10672000A06049462068F9F7AEFD3146F9F7ABFDA8
:10673000616AF9F7A8FD6062B0F5000F01DA002088
:106740006062C4E90458BDE8F0870026D5E7000080
:106750002DE9FE4F00244D48009401944A490294CB
:106760000160891581600126067304750C25056199
:106770004FF460214460C161FDF7A0FC08B1FDF752
:106780005FFA4FF00508CDE900864FF0070969462A
:106790003E48CDF80890FDF70FFC08B1FDF750FA20
:1067A0004FF0040B4FF0020ACDE900BA69463748B2
:1067B000FDF702FC08B1FDF743FA0E200327CDE9EF
:1067C000000769463148FDF7F7FB08B1FDF738FAD5
:1067D0000F20CDE9000B69462C48FDF7EDFB08B111
:1067E000FDF72EFACDE9006869462848FDF7E4FB7D
:1067F00008B1FDF725FA0620CDE900406946234897
:10680000FDF7DAFB08B1FDF71BFA0D20CDE9000911
:1068100069461E48FDF7D0FB08B1FDF711FA0820C4
:10682000CDE9005069461948FDF7C6FB08B1FDF7F0
:1068300007FA0920CDE900A069461448FDF7BCFB22
:1068400008B1FDF7FDF90A24CDE9007469460F4847
:10685000FDF7B2FB08B1FDF7F3F90B2000900190B2
:1068600069460A48FDF7A8FB08B1FDF7E9F9694652
:106870000648CDE90045FDF79FFB002801D0FDF754
:10688000DFF9BDE8FE8F000000240140A0070020D2
:10689000094808B5416941F00101416140690022A0
:1068A00000F00100009011460B20FEF74BFABDE806
:1068B00008400B20FEF738BA001002402DE9F04FD7
:1068C00085B000244C48009401940294039481699B
:1068D00041F010018161816901F010010491816929
:1068E00041F004018161816901F004010491816931
:1068F00041F008018161816901F008010491816919
:1069000041F020018161816901F0200104918169D8
:1069100041F0400181618069DFF8E08000F04000D3
:10692000049000224FF430414046FEF79AF9DFF818
:10693000D0900022C0214846FEF793F9DFF8C4A0AA
:1069400000220F215046FEF78CF9DFF8BCB0002280
:1069500003215846FEF785F94FF4805001250226A1
:10696000CDE90005CDE9024669464046FEF778F8D4
:106970004FF42040CDE900050327CDE902576946D1
:106980004046FEF76DF84FF4AC60CDE9000469466F
:1069900050460294FEF764F84FF4207000901B48B4
:1069A000CDE9010469465046FEF75AF8C020CDE90A
:1069B0000005CDE9024669464846FEF751F80F202A
:1069C000CDE90005CDE9024669465046FEF748F894
:1069D00000970396CDE9015469465846FEF740F802
:1069E000002205211720FEF7ADF91720FEF79CF9CC
:1069F00005B0BDE8F08F000000100240000C01401F
:106A00000010014000140140001801400000111066
:106A100010B592B000240F941C2168461094F9F729
:106A20001AFC202107A8F9F716FC2948274901601C
:106A3000B321C0E9011440F28F11C0E9031444618D
:106A40008461FFF7AAF908B1FDF7FAF80F940FA9CE
:106A50001F481094FEF726FD08B1FDF7F1F86020FD
:106A6000CDE900040220CDE9020404940594042237
:106A7000694617480694FFF72AF908B1FDF7E0F8D0
:106A8000082269461248FFF722F908B1FDF7D8F845
:106A90000C2269460E48FFF71AF908B1FDF7D0F845
:106AA0000794089409944FF400500A94CDE90B40E0
:106AB00007A907480E94FEF7CBFC08B1FDF7C0F814
:106AC0000348FFF7C5F812B010BD0000002C0140CC
:106AD0001408002010B586B000241D4805940494C5
:106AE0000094019402944FF080410394016041F6B8
:106AF0001F41C0E901144FF6FF71C0E9031484611E
:106B0000FEF7F2FE08B1FDF79BF8049404A91048C3
:106B10000594FEF7C7FC08B1FDF792F80120CDE916
:106B200000400820CDE90240024669460848FEF7C9
:106B300049FE08B1FDF784F80C2269460448FEF7C7
:106B400041FE002801D0FDF77BF806B010BD000023
:106B50005C08002010B586B00024264805940494F3
:106B600000940194029422490394016041F61F416C
:106B7000C0E901144FF6FF71C0E903148461FEF708
:106B8000B3FE08B1FDF75CF8049404A91948059414
:106B9000FEF788FC08B1FDF753F80120CDE900406D
:106BA0000820CDE90240002269461248FEF70AFE9D
:106BB00008B1FDF745F8042269460E48FEF702FECB
:106BC00008B1FDF73DF8082269460A48FEF7FAFDCC
:106BD00008B1FDF735F80C22694606480394FEF724
:106BE000F1FD002801D0FDF72BF806B010BD000024
:106BF00000040040A408002010B58AB000240794C7
:106C00001C2168460894F9F726FB234821490160B6
:106C1000B321C0E9011440F28F11C0E9031484616B
:106C2000FFF7BBF808B1FDF70BF8079407A91A485E
:106C30000894FEF737FC08B1FDF702F86020CDE9B3
:106C40000004022002900022694604941248FFF7D3
:106C50003EF808B1FCF7F4FF042269460E48FFF73E
:106C600036F808B1FCF7ECFF082269460A48FFF73E
:106C70002EF808B1FCF7E4FF0C2269460648FFF73E
:106C800026F808B1FCF7DCFF0348FEF7E1FF0AB085
:106C900010BD000000080040EC08002010B586B0D0
:106CA0000024164800940194029403940494124919
:106CB000059401604721C0E901140F21C0E90314C4
:106CC0008461FEF72DFC08B1FCF7BAFF4FF4805049
:106CD000009069460948FEF7B9FC08B1FCF7B0FF1F
:106CE000049404A905480594FEF7DCFB002801D0B4
:106CF000FCF7A6FF06B010BD000C004034090020D0
:106D00001CB500240E4800940C49019401604721F1
:106D1000C0E901140F218461C160FEF701FC08B1D4
:106D2000FCF78EFF0094694605480194FEF7BAFB14
:106D3000002801D0FCF784FF1CBD000000100040BB
:106D40007C0900200D4810B50B4901604FF4E1317A
:106D50004160002181600C22C160C0E904128161A0
:106D6000C1610162FFF7F4F9002803D0BDE81040CB
:106D7000FCF766BF10BD000000480040C4090020B9
:106D8000FEE70000FEB50C46074601EBC4001649BD
:106D9000154601EBC000B0F91C00F9F778FC064677
:106DA0002846F9F774FC0146124804EB84050F4AA3
:106DB00000EBC5050E4B0095CDE90132A0F10C03A7
:106DC00032463846F9F726FF686AF9F77FFC002853
:106DD00001DA002004E0B0F5C87F01DB40F28F103B
:106DE00005490855FEBD0000F46A002000009643E6
:106DF0000000C842086900207407002010B5114C3B
:106E0000012211462046FDF72CFF012202212046D7
:106E1000FDF727FF012204212046FDF722FF012272
:106E200008212046FDF71DFF074C01224021204686
:106E3000FDF717FF20460122BDE810408021FDF735
:106E400010BF000000140140001001402DE9F14F77
:106E50000024374FDFF8DCA0374DDFF8E08084B046
:106E60004FF07E5BA14600BF04EBC40107EBC100FD
:106E7000427892B3B0F9086086B317F8311079B14F
:106E800004EB840005EBC006706A10F0FF4F03D0DE
:106E90005946F9F74AFA706210F1FF4F34D21FE0F9
:106EA000B0F90600F9F7F3FB03903046F9F7EFFB72
:106EB0000146234804EB840205EBC206CDE90060DD
:106EC00002901D4BDDE903200C3BF9F7A3FE716A2C
:106ED0005046814203DD084602E017E005E070629B
:106EE000F9F7F4FB08F8040018E004EB840005EB64
:106EF000C006706A10F0FF4F03D05946F9F715FA33
:106F0000706201465045E6DA4846E8E704EB840142
:106F100005EBC1010B48486008F80490641CE4B21A
:106F2000062CA1D305B00548BDE8F04F00F00CB821
:106F3000F46A00200000A041F467002068070020E8
:106F4000000048430000C841044A0021435C22F885
:106F50001130491CC9B20629F8D370474C6500208E
:106F60000448034901600449416000218160704781
:106F70000BD7233DE867002090C2753D08B502F0AD
:106F8000CBFA0090FFF7ECFF054C2046FFF75EFFC1
:106F90002046FAF75BF83221684602F07FFAF4E700
:106FA000CDCC4C3DFEE70000134F144D07F11808FF
:106FB0005FF0000457F82400F9F7D4FB01F0E6FB7A
:106FC000F9F7B1FB04EBC40105EBC106F08358F8F7
:106FD0002400F9F7C7FB01F0D9FBF9F7A4FB641C07
:106FE000E4B2B083062CE5D3054800F09FF80A20F0
:106FF00002F004F9DCE7000004650020F46A0020D8
:107000000AD7233C2DE9F04150212548FCF712FF17
:10701000234C0126DFF88C802078234D234FAA28AB
:1070200002D16078B92819D000F042F85FF0000072
:1070300004EB400200EBC00105EBC10153888B80DB
:10704000D2890A8304EB8002401CD269C0B20A6371
:107050000628EDD388F800603E7018E05FF000006D
:1070600004EB400200EBC00105EBC10153888B80AB
:10707000D2890A8304EB8002401CD269C0B20A6341
:107080000628EDD388F800603878002805D0002065
:107090003870BDE8F04100F02DB8BDE8F081000087
:1070A0000066002038070020F46A00203007002026
:1070B00070B50E49AA200E4E08700020024640F21C
:1070C000DC544FF4B97500BF01EB40035C80DD81F7
:1070D00001EB8003401CC0B25E63DA610628F3D383
:1070E00081F84C20B920487070BD00000066002077
:1070F00000007A4450210148FCF7B8BE0066002029
:1071000070B5084C0025217851B16168F9F7BBF8DA
:107110006060B0F17C5F02DBFFF7ECFF257070BDB3
:10712000656070BD30070020F9F730B82DE9F05FD9
:10713000DFF8E4904C46D9F80410F9F7A4F8394D7B
:107140006060DFF8D8A0DFF8D8800024A5F1300B0C
:107150000AEB84074046796BF9F71FF9064635F8C4
:107160002400F9F79DFA012101EB4401C9B2FCF7B3
:10717000F3FD3146F9F7DFF84BF824005E46404650
:10718000796BF9F70AF9074605EB84004088F9F7AF
:1071900087FA6106090EFCF7DFFD3946F9F7CBF8EF
:1071A0002049183941F82400641CE4B2062CCFD3DE
:1071B000D9F804004F46B0F17E5F2ADB0024DFF8E7
:1071C00068A0DFF8689088464FEA040B56F8240060
:1071D000F9F7C8FA01F0DAFAF9F7A5FA04EBC402F4
:1071E00009EBC205E88358F82400F9F7BBFA01F06F
:1071F000CDFAF9F798FA00B2A88356F82420524540
:1072000000DAE88B641C6883E4B2C7F804B0062C8B
:10721000DCD3BDE8F09F0000800000200066002065
:1072200000007A443465002000800945F46A00209B
:107230002DE9F041074618481C46154600780E46D1
:10724000532801D001F026FBEFF31182202080F3B8
:10725000118811495FF0000000EB400301EBC3030C
:10726000DB691BB10B69401C8342F5DC0B6983426F
:107270000BDD00EB400301EBC3018F61CE610D62BA
:1072800000238B624B62CC6201E04FF0FF30D1B241
:1072900081F31188BDE8F081A46C00202DE9F04154
:1072A00004461548DDF818801D46007816460F463E
:1072B000532801D001F0EEFA0F48032C18D2EFF357
:1072C0001181202282F3118804EB440200EBC200FA
:1072D00060302CB107604660856000220261C260A8
:1072E000C0F81480C8B280F311880020BDE8F08196
:1072F0004FF0FF30FAE70000A46C00202DE9F047C2
:1073000005461C4816460C460078532801D001F06B
:10731000C1FA184905EB450001EBC007A046D7E9C3
:107320001B95002460374D4511D9B868441BB44201
:1073300000D334467868224641194046F8F772FF78
:10734000B868361B2544A044A84200D10025A9EB0B
:107350000500B04200D206463EB178683246411977
:107360004046F8F75FFF3444354404B13D612046A0
:10737000BDE8F087A46C00202DE9F0410F461949C3
:1073800000EB400001EBC0041646A16A656AE069A3
:1073900018342844A94217D8A268521B531EB3427E
:1073A00001D3324614E01944B14219D31546394687
:1073B000F8F738FF2A46761B04D0B91832466068C1
:1073C000F8F730FFE66008E0491B491EB14207D3D9
:1073D0003946F8F727FFA819E0600120BDE8F081E1
:1073E0000020FBE7A46C0020084810B5054B064AB6
:1073F000014600F04DF8BDE810404FF0805000F01D
:1074000055BA0000B58B00080098000800A24A0495
:1074100070B5EFF31185202080F311881B48A0F18F
:107420002F040146626804E042F0800301F8013B4A
:10743000D2097F2AF8D801F8012BA26805E000BF25
:1074400042F0800301F8013BD2097F2AF8D801F805
:10745000012B226905E000BF42F0800301F8013BE7
:10746000D2097F2AF8D801F8012B002201F8012B5C
:10747000182201F09FFAE8B280F31188606A0028B0
:1074800002D0BDE87040004770BD00008B75002041
:107490002DE9F8431E4617468846814600234FF4DF
:1074A00080620D490DA0FFF7C3FE0E4CC0B200254F
:1074B0006070207608230C4A08A10095FFF7EEFEC5
:1074C0000A4825614068C4F80490C4E90280C4E910
:1074D00008762570BDE8F8835C71002053797356F7
:1074E000696577005C75002094070020001000E0BB
:1074F00010B5EFF31184202080F311880448112285
:10750000014601F057FAE0B280F3118810BD000087
:107510008B75002010B50146EFF31184202080F315
:1075200011880B48A0F12F0212698A1A014604E063
:1075300042F0800301F8013BD2097F2AF8D801F814
:10754000012B082201F036FAE0B280F3118810BD59
:107550008B75002010B50146EFF31184202080F3D5
:1075600011880B48A0F12F0212698A1A014604E023
:1075700042F0800301F8013BD2097F2AF8D801F8D4
:10758000012B042201F016FAE0B280F3118810BD3D
:107590008B75002010B50146EFF31184202080F395
:1075A00011880B48A0F12F0212698A1A014604E0E3
:1075B00042F0800301F8013BD2097F2AF8D801F894
:1075C000012B062201F0F6F9E0B280F3118810BD1C
:1075D0008B7500200A4810B5006A48B1006838B1C0
:1075E00080470A460146BDE810400D2000F02AB849
:1075F00004484168BDE810400C2000F005B80000C8
:107600005C750020001000E070B50246EFF31184B5
:10761000202080F311880A48034604E041F08005E9
:1076200000F8015BC9097F29F8D800F8011B014661
:10763000184601F0BFF9E0B280F3118870BD000078
:107640008B75002070B50546EFF31184202080F380
:1076500011880F48034604E041F0800600F8016BF2
:10766000C9097F29F8D800F8011B04E042F0800125
:1076700000F8011BD2097F2AF8D800F8012B014637
:107680002A46184601F096F9E0B280F3118870BDE1
:107690008B75002010B50246EFF31184202080F393
:1076A00011880448014601F085F9E0B280F31188A1
:1076B00010BD00008B75002070B501461E4844685F
:1076C000002C38D0002003E02469002C33D0401C6B
:1076D0008842F9D3EFF31186202080F31188174DEB
:1076E000284604E041F0800200F8012BC9097F29F7
:1076F000F8D800F8011BA16805E000BF41F0800246
:1077000000F8012BC9097F29F8D800F8011B802255
:10771000216801F0F1F801461622284601F04AF9E5
:10772000F0B280F31188002C05D0E068002802D068
:10773000BDE87040004770BD8C0700208B750020AD
:10774000054810B54468002C04D0E06800B18047BB
:107750002469F8E710BD00008C07002010B5EFF396
:107760001184202080F311880B4A0A4801461278C0
:1077700005E000BF42F0800301F8013BD2097F2AF7
:10778000F8D801F8012B1B2201F014F9E0B280F3C4
:10779000118810BD8B7500208C07002070B5EFF3A9
:1077A0001185202181F31188074C01468022204653
:1077B00001F0A2F801460E22204601F0FBF8E8B2E3
:1077C00080F3118870BD00008B7500202DE9F04119
:1077D0000546EFF31186202080F311882C4C296890
:1077E000A4F12F0720463A69891A04E041F080028B
:1077F00000F8012BC9097F29F8D800F8011BA968F6
:1078000005E000BF41F0800200F8012BC9097F2983
:10781000F8D800F8011B2022696801F06DF80146D4
:107820000922204601F0C6F828683A692146801AE4
:1078300005E000BF40F0800201F8012BC0097F285D
:10784000F8D801F8010BE86805E000BF40F08002BD
:1078500001F8012BC0097F28F8D801F8010B28692D
:1078600005E000BF40F0800201F8012BC0097F282D
:10787000F8D801F8010B002001F8010B1522204671
:1078800001F098F8F0B280F31188BDE8F0810000B3
:107890008B7500200448006A002803D04068002847
:1078A00000D00047704700005C7500200149086166
:1078B000704700005C75002001490969401A704753
:1078C0005C75002070B5294C01202070EFF3118504
:1078D000202686F3118860780A222549FFF74CFD9F
:1078E000E8B280F311880A20FFF7D4FEEFF3118588
:1078F00086F3118804F12F000146626805E000BF9D
:1079000042F0800301F8013BD2097F2AF8D801F840
:10791000012BA26805E000BF42F0800301F8013BA3
:10792000D2097F2AF8D801F8012B226905E000BFAF
:1079300042F0800301F8013BD2097F2AF8D801F810
:10794000012B002201F8012B182201F033F8E8B2D4
:1079500080F31188606A00B18047FFF73BFEFFF7B4
:1079600099FFBDE87040FFF7F9BE00005C7500208C
:10797000E497000870B5EFF31184202080F311889C
:107980000748A0F12F05297829B10B22014601F003
:1079900011F800202870E0B280F3118870BD00005B
:1079A0008B75002070B5EFF31185202181F31188CC
:1079B0000A4C01468022204600F09EFF012100F87B
:1079C000011B002100F8011B01461A22204600F08D
:1079D000F1FFE8B280F3118870BD00008B750020C4
:1079E000F8F7B2BB2DE9F8430C46174680461E4611
:1079F000052213A12046089DF8F738FC00281CD06A
:107A0000114A1068082804D3BDE8F8430F48FFF76F
:107A1000C9BF00EB80010E4B401C43F8218003EBF3
:107A200081013346C1E90147C1E9036510603A4667
:107A300021464046009500F047F8BDE8F883000075
:107A400049444C45000000009C07002008980008AD
:107A50006876002070B51A4C2268002A2FD00021C9
:107A6000184B06E001EB810553F82550854202D002
:107A7000491C9142F6D3501E814204D101EB810092
:107A800003EB800015E0914219D202EB820003EB78
:107A9000800001EB810150F8142D43F8212003EB05
:107AA000810142684A6082688A60C268CA6002696D
:107AB0000A611421F8F7CFFB2068401E206070BDDA
:107AC0009C070020687600202DE9F04186B00D4625
:107AD00004461F46164614216846DDF83080F8F744
:107AE000BAFB8DE8F0016846FFF770FE06B0BDE80E
:107AF000F0810000F0B5514C01EBC1014FF47A75F3
:107B000004EBC10150B10024142B72D282B3012ABC
:107B10005ED0022A5FD0032A29D167E00A27484EA7
:107B20004FF0640C40F2DC5040F61C44142B23D27E
:107B300032B1012A04D0022A09D0032A78D118E0F0
:107B40008A880A3212B28A800A2A27D022E0B1F942
:107B50001800A84201DA401D05E090FBF7F207FB90
:107B600012024ABB21E0088300B2A04257DC5FE06A
:107B70002EE0086B3C3026E032B1012A04D0022A04
:107B80000FD0032A54D11BE08A881E3212B28A8099
:107B90001E2A03D082424BDD888049E0A1F804C050
:107BA00046E0B1F91800A84201DA0A30DBE790FBA1
:107BB000F7F207FB12020AB10D8339E01430D2E765
:107BC000086B00F596700863B04231DD0E632FE05C
:107BD00088880A3817E0B1F91800A84201DC401F74
:107BE00000E00A38088300B217E002E0086B3C3876
:107BF0001AE032B1012A04D0022A0AD0032A17D18E
:107C00000FE088881E3800B28880322810DA8C8015
:107C10000EE0088B143800B20883002808DC0C83BF
:107C200006E0086BA0F596700863002800DC0C6382
:107C300004494FF080400860F0BD0000F46A002065
:107C40008051010094000020054C2046F9F77EFA8F
:107C50002046FFF755FA642001F0D0FAF5E700005E
:107C6000CDCCCC3D2DE9F8410E461149C0EBC0000A
:107C7000104F002401EB4005A1F1070805EB44007B
:107C80000088ADF80000B85D18F8041008429DF8AF
:107C900001109DF8000001D00A4600E0002200F02B
:107CA000D1FF641CE4B2072CE8D3BDE8F8810000E2
:107CB0009F000020B0970008124E134F5FF00005A0
:107CC00005EBC50006EBC004A08860812846F9F7E3
:107CD00029FB208B608429463846F9F777FB206B17
:107CE000E063606B6D1C3B30EDB22064062DE7D382
:107CF000384600F0A9FB0348F9F74AFC642001F07C
:107D00007DFADBE7F46A0020CDCCCC3D08B501F06C
:107D100003FC054C00902046F9F7C8FA322168466A
:107D200001F0BCFBF7E70000CDCC4C3D1CB501F0E9
:107D30001FFA3A490220CDE900010023802238A130
:107D40003C4801F07DFB354906201039CDE90001A2
:107D50000023802238A13B4801F072FB2F49052007
:107D60001439CDE900010023802237A1394801F000
:107D700067FB2A4909202039CDE9000100234FF48F
:107D8000807235A1384801F05BFB244903201C397F
:107D9000CDE900010023802234A1374801F050FBD7
:107DA0001E490A202439CDE900010023802233A195
:107DB000354801F045FB194904201839CDE9000187
:107DC0000023802231A1344801F03AFB13490820F6
:107DD0000C39CDE900010023802230A1334801F0A5
:107DE0002FFB0E4907200839CDE90001002380222E
:107DF0002FA1324801F024FB08490B20091FCDE9CF
:107E00000001002380222EA1304801F019FB002040
:107E100001F010FABDE81C4001F0B8B96407002079
:107E200043616C6962726174696F6E5F5461736BF8
:107E3000000000008D0E000853706565645F54619A
:107E4000736B00000D7D00084D6F746F725F54619D
:107E5000736B00007D6F000853686F775F44697330
:107E6000706C617900000000B97C00084543313135
:107E7000415F5461736B0000AD3B000842757A7A34
:107E800065725F5461736B00690D000850543130A6
:107E900030305F5461736B00A96F000853657474D0
:107EA000696E675F5461736B00000000497C0008D5
:107EB00054656D705F5461736B00000005840008A9
:107EC00054696D655F5461736B000000298400087C
:107ED00010B5FCF7D1FE01F011FB012803D0BDE87D
:107EE000104001F097BA10BD30B595B02821684612
:107EF000F8F7B1F914210AA8F8F7ADF918210FA87D
:107F0000F8F7A9F901210804CDE900100025029530
:107F100002240491CDE907404FF4E010099068462F
:107F2000FDF7F0F808B172B6FEE70AA90F2081E864
:107F300031004FF48060CDE90D0502210AA8FDF75C
:107F400005F808B172B6FEE74FF4004011900F94A7
:107F50000FA8FCF785FF002801D072B6FEE715B028
:107F600030BD70471CB5FFF73FFAFFF74BF8FBF742
:107F7000EDFDFBF73FFEFEF765F9FBF747FCF8F771
:107F800041FDFEF7A5F90A4908480860F8F7FCFE2C
:107F900008490120CDE900010023802206A10948FB
:107FA00001F04EFABDE81C4001F0A8B9CDCCCC3DA3
:107FB000740000207C07002053746172745F546168
:107FC000736B00002D7D00080148FDF7A9BD00007E
:107FD0005C0800200148FDF7A3BD0000A4080020B4
:107FE0000148FDF79DBD0000340900200148FDF760
:107FF00097BD00007C090020F0B50268204C214D9F
:10800000214E224F224B4FF0804CA04209D0984283
:1080100007D0604505D0A84203D0B04201D0B84295
:1080200004D122F0700E4A6842EA0E02A04209D042
:10803000984207D0604505D0A84203D0B04201D095
:10804000B84203D122F44075CA682A434D6922F030
:1080500080022A4302608A68C2620A688262A04281
:1080600001D0984201D1096901630121416101698F
:10807000C90703D0016921F001010161F0BD0000D1
:10808000002C01400004004000080040000C0040AB
:108090000034014010B501F01F030121046A99402A
:1080A0008C430462016A9A401143016210BD10B50D
:1080B000846842EA032224F47F440A432243826014
:1080C00010BD826822F070020A4342F0070181600D
:1080D00070470000F0B5036A026A22F001020262F2
:1080E00042688469124E24F073050C682C4323F017
:1080F00002058B682B430D4DA84201D0B04205D13B
:1081000023F00807CB683B4323F00403A84201D0C7
:10811000B04205D14D6922F4407215438A692A4361
:1081200042608461496841630362F0BD002C0140F4
:1081300000340140F0B5026A036A23F010030362C1
:10814000436884690D6824F4E64444EA05248D6894
:1081500022F0200242EA05120F4D104EA84201D033
:10816000B04206D1CF6822F0800242EA071222F024
:108170004002A84201D0B04207D14D6923F44063C8
:1081800043EA85038D6943EA850343608461496856
:1081900081630262F0BD0000002C01400034014008
:1081A000F0B5026A036A23F4807303624368C4690A
:1081B00022F4007224F073050C68124E2C438D6873
:1081C00042EA05220E4DA84201D0B04206D1CF6846
:1081D00022F4006242EA072222F48062A84201D01F
:1081E000B04207D14D6923F4405343EA05138D692A
:1081F00043EA05134360C4614968C1630262F0BD8C
:10820000002C01400034014030B5046A026A22F4B7
:10821000805202624268C3690D6823F4E64343EA70
:1082200005238D6824F4005444EA0534084DA8421F
:1082300002D0084DA84204D14D6922F4804242EA9E
:1082400085124260C36149680164046230BD000068
:10825000002C01400034014010B5036A046A24F088
:1082600001040462846924F0F00444EA021423F057
:108270000A020A438461026210BD000070B5056AFB
:10828000046A24F0010404628469124EB0420ED0E4
:10829000114EB0420BD0B0F1804F08D00F4EB0421B
:1082A00005D00F4EB04202D00E4EB04203D124F0A2
:1082B0000304144301E044F001041A0724F0F0041D
:1082C00044EA126225F00A0301F00A0119438261AF
:1082D000016270BD002C01400034014000040040E8
:1082E00000080040000C004010B5036A046A24F046
:1082F00010040462846923F0A00324F4704444EA67
:10830000023243EA01118261016210BD30B5046A94
:10831000056A25F010050562856925F4407545EA72
:10832000022222F470454FF6FF7202EA033224F073
:10833000A0032A43A02404EA0111194382610162C7
:1083400030BD00002DE9F047DFF8788000241E4F93
:108350008146254608F1060604EBC40007EBC00081
:10836000417819B319491A4A51F824109142B0F9C9
:1083700020200DDBD2B118F80430012B03D180F896
:10838000275008F8045021464846FEF7FBFC0EE053
:1083900062B118F8043023B980F82750012008F89A
:1083A00004002146484600F093F900E03555641C6E
:1083B000E4B2062CD0D3BDE8F0470248801DFEF79A
:1083C00007B800006E070020F46A00200465002052
:1083D0000080094507484FF07E514FF08042016010
:1083E0000549416005498160FC300260044AC0E9EA
:1083F00001217047FC6800206F12033CEC51B83D2E
:108400006F12033D08B501F087F80090FFF7E2FF17
:10841000044C2046FFF796FF6421684601F03EF8C1
:10842000F7E70000CDCCCC3D08B501F075F8054C60
:1084300000902046F8F7C4FD6421684601F02EF84C
:10844000F7E70000CDCCCC3D10B50446FEF7B8F8F8
:108450002046BDE81040F8F7D7BE00000148FDF700
:10846000AFBD0000C409002010B5406A002141865C
:108470004185FDF7A4FD10BD0168CA6822F4907221
:10848000CA6001684A6922F001024A61012180F84C
:108490003D10704710B590F83D10222901D0022000
:1084A00010BD82684FF480539A4201D1016921B115
:1084B000C16A9A421ED04AB10AE00268C16A526893
:1084C000C2F308020A80C16A891C08E002698AB105
:1084D0000268526802F07F020A70C16A491CC162D8
:1084E000418E491E4186418E39B10068FF214160AD
:1084F000002010BD02685268EEE70168CA6822F0E9
:108500002002CA600168CA6822F48072CA600168E9
:108510004A6922F001024A61012180F83D10FDF70D
:108520008DFEE5E72DE9F04104460068C16821F0C1
:108530000C01C16020680169D4E906231A43E5688B
:10854000236A21F47C512B431A430A4342F400610D
:1085500001612268D16841F20C6081432369A068FF
:10856000184363690B431843D0602068416921F4C4
:10857000407141611F49206864253226884202D13A
:10858000FCF78AFD01E0FCF777FD00EBC00101EB91
:10859000001160686FF0180C8000B1FBF0F3B3FBC2
:1085A000F5F3B1FBF0F7B1FBF0F203FB0CF307EBD3
:1085B000830306EB0313B2FBF5F2B3FBF5F31201F1
:1085C00003F0F00302EB4302B1FBF0F3B1FBF0F078
:1085D000B0FBF5F000FB0CF003EB800006EB0010A5
:1085E000B0FBF5F0216800F00F0010448860BDE892
:1085F000F08100000038014010B590F83D1032299C
:1086000001D0022010BD418D4FF4805311B3016899
:108610000A68D24312061DD482689A4201D10269C7
:1086200052B1426A541C446212784A60418D491E1C
:108630004185418D49B10DE0426A1288C2F30802BA
:108640004A60416A891C4162F0E70168CA6822F009
:108650008002CA60418EF9B101680A68D24392066D
:108660001AD482689A4209D10269C2B9C26A4968B9
:10867000C1F308011180C16A891C09E00AB90269C5
:108680006AB1496801F07F01C26A1170C16A491C70
:10869000C162418E491E4186418E11B115E0496883
:1086A000F2E70168CA6822F02002CA600168CA685D
:1086B00022F48072CA6001684A6922F001024A61AC
:1086C000012180F83D10FDF7BBFD002010BDFEE745
:1086D0002DE9F74F8946284801EBC90100EBC10598
:1086E00084B0B5F920609046B5F91A70DFF88CA017
:1086F000DFF88CB0234CB5F91E001E3EF7F7C7FF1C
:1087000000904046F7F7C3FF804609EB890004EB71
:10871000C00400981B4B0246CDE9004B0498B742B9
:108720004146A3F10C03CDF808A016DAFDF79EFF31
:10873000606AF8F717F806460C46B5F92000F7F717
:10874000B4FF4FF03332104BF7F718FF3246234691
:10875000F7F76DFEF8F74AF805E0FDF787FF4046AA
:10876000616AF7F790FD0246049807B04946BDE8F4
:10877000F04F00F093BC0000F46A00200000964324
:108780000000F041046A00203333FB3F2DE9F35F22
:108790004FF0000882B0DFF8C8904646314F43E002
:1087A000F7F745FE4FF0FF32F7F75AFF0C46054644
:1087B0002D4A2E4BF7F7E2FE2A462346F7F7DEFE58
:1087C0002A462346F7F7DAFE83460191284A294BC9
:1087D00028462146F7F7D2FE2A462346F7F7CEFE73
:1087E0008A460090244A254B28462146F7F7C6FEC4
:1087F0000022234BF7F71BFE5346009AF7F717FEAC
:108800005A46019BF7F713FE00221E4BF7F7B6FE00
:1088100002460B46DDE90201F7F7B8FF02D2274610
:108820002E4601E0A846A14642464B463046394610
:10883000F7F79EFE144A154BF7F7C0FF32463B464A
:1088400040464946ACD3F7F7F2FD0022104BF7F74C
:1088500095FE04B04FF0FF32BDE8F05FF7F700BFC0
:10886000000014C000C077400030550FF4ECFEBC8F
:10887000E0F43EE9A560A3BE549F8C3A2602703F07
:108880000000F03F00408F402D431CEBE2361A3FC2
:108890000000244010B5134CA8212046F7F7DBFC5C
:1088A00003202061606110A0A06104F1A800E061D4
:1088B0004FF4806020620020A0626062E0620AA142
:1088C000216604F5956161661021A1662067E06666
:1088D00060670849C0F10F028A5C2254401C1028CE
:1088E000F8D310BDA46C00205465726D696E616C84
:1088F00000000000D397000830B50346401C0C462A
:10890000802A04D97F2204E000F8015B491C521E32
:1089100002D30D78002DF7D1091B197030BD00006E
:1089200038B5234C01226946207EFEF7E7FC00287B
:108930001CD09DF80000052825D008DC012816D0A1
:10894000022817D0032818D0042808D118E00628D8
:108950001CD007281DD07F2808D080281CD0802854
:1089600004D3207E01226946FEF7C8FC38BDFEF71D
:10897000A9FF38BDFEF7FEFF38BDFEF72BFE38BD60
:10898000FEF788FF38BDFEF743FD38BDFEF7E6FE73
:1089900038BDFEF7D5FE38BD207E01226946FEF7C0
:1089A000ADFC0028F7D09DF80000FEF785FE38BD2D
:1089B0005C7500202DE9F0474A4D0746144628789B
:1089C0000E464FF00109012808D0002875D0022872
:1089D00004D100F08DF8287801286ED1202C04D223
:1089E000E96909FA04F0014267D1E2B2182C0ED30A
:1089F000F01B7F2807D9C1097B1E40F08000197049
:108A000007F8020D01E007F8010D7F2C02D2791E54
:108A10000A7039E0E0B240F08000B4F5804F04D233
:108A2000E2097B1EB91E1A701DE0802343EAD411AF
:108A3000CAB2B4F5001F06D2A30B7C1E2370BB1E66
:108A4000F91E1A700FE0802141EA943101F0FF0C09
:108A5000B4F1805F09D2630D7C1E2370FB1E07F802
:108A600002CC1A70391F08700EE04FEA147843EAFE
:108A70005453BC1E07F8018C23703B1F394607F87E
:108A800003CC1A7001F8050D17484468E868201AED
:108A900005E000BF40F0800206F8012BC0097F28E6
:108AA000F8D806F8010B721A6878FEF765FC08B171
:108AB000EC6002E02878401C2870287E00EB400122
:108AC0000A4800EBC100C16E006F814208D0A8784F
:108AD000002805D185F80290FFF722FF0020A8703A
:108AE000BDE8F0875C750020001000E0A46C002059
:108AF0003EB50120164C8DF800006A46501C616995
:108B000005E000BF41F0800300F8013BC9097F295F
:108B1000F8D800F8011B0F494D68E168691A04E0B4
:108B200041F0800300F8013BC9097F29F8D800F81B
:108B3000011B821A60786946FEF71EFC20B1E560D1
:108B40002178491E21703EBD6169491C61613EBDAD
:108B50005C750020001000E00907090E002804DB06
:108B600000F1E02080F80014704700F00F0000F1E1
:108B7000E02080F8141D704702E008C8121F08C1E9
:108B8000002AFAD170477047002001E001C1121F8E
:108B9000002AFBD1704770B500F0C4FC4FF47A7323
:108BA0000146A1FB03050022144602FB035201FB10
:108BB000042170BD10B504A0FEF7F0FDBDE8104023
:108BC0000EA0FEF7EBBD00004E3D467265655254A7
:108BD0004F532044656D6F204170706C6963617400
:108BE000696F6E2C443D436F727465782D4D342C43
:108BF0004F3D4672656552544F530000492331354D
:108C00003D5379735469636B00000000F8B500248C
:108C10000A4D0B4E0EE000BF04EB840705EB870006
:108C20000169001D009190E80E0055F82700FEF73D
:108C30004BFF641C30688442EED3F8BD6876002098
:108C40009C07002010B5044CC1F1FF01235C0B40D0
:108C50001343235410BD000088650020FCF714F86E
:108C6000FFF742F9FDF72AFEFDF712FEFDF770FD52
:108C7000FDF7CEFEFDF72EFFFDF76CFFFDF7BCFF05
:108C8000FEF760F8FEF73CF8FEF708F8FFF76AF920
:108C9000FEE700002DE9F0411E4C0F460546E66850
:108CA0002068001D00F01EFA38B9206890F82C10DA
:108CB00001208840216981432161681C15D1A7B139
:108CC000154922684868906023688268DA602268E3
:108CD0008368121D5A602268121D826020684161FB
:108CE0000868401C0860BDE8F08120683544B54242
:108CF0004560216805D2E06BBDE8F041091D00F038
:108D000012BAA06B091D00F00EFAA06A8542EAD2E1
:108D1000A562E8E730000020F8500020F8B50446CE
:108D200000F026FA3D4DA868401CA86028683C4F1A
:108D300010B1686938B32CE02C60A868012828D1EC
:108D40005FF0000606EB860007EB800000F0DDF91F
:108D5000761C202EF6D3334800F0D7F93148143072
:108D600000F0D3F92F48283000F0CFF92D483C30DF
:108D700000F0CBF92B48503000F0C7F92948A86320
:108D80001430E86305E02868E16AC06A884200D8C8
:108D90002C60686A401C6862606464B12046FEF71B
:108DA000B9FB236B206804F13401C01A00902046FF
:108DB000E26AFEF717FE2046FEF7ECFBE16A0120AF
:108DC0002A6988401043286101EB810007EB80008D
:108DD0004068A0608168E1608268211D5160816007
:108DE000E06A00EB800007EB8001616157F820101A
:108DF000491C47F8201000F0C9F9686900280CD018
:108E00002868E16AC06A884207D207494FF080505B
:108E10000860BFF34F8FBFF36F8FF8BD30000020A5
:108E2000284E0020A850002004ED00E010B50446B4
:108E3000006B00F0B5F92046BDE8104000F0B0B975
:108E40000E484FF48841420706D0C01D0B4920F060
:108E50000700411AC1F58841094A00230144C2E9CB
:108E600000030839143A21F0070111604B600B60D0
:108E70000B1AC0E90013936053607047280A002062
:108E800024000020144E154CA6F52F774FF0805883
:108E9000DFF84C9012E000BF00F06AF9F068C56896
:108EA000281D00F01FF9A068401EA0606068401EE9
:108EB000606000F06BF92846FFF7B8FF6068002893
:108EC000EAD138680128F9D9C9F80080BFF34F8F7B
:108ED000BFF36F8FF2E70000E45000203000002065
:108EE00004ED00E02DE9F0470D46DDE90984174661
:108EF000824691009946089EA522206BF7F7A4F9B7
:108F00006FF00301206B01EB8701084420F0070795
:108F100065B100202218295C82F83410295C11B157
:108F2000401C1028F6D3002084F84300202E00D3E4
:108F30001F26201DE66200F0F3F804F1180000F08F
:108F4000EFF82461C6F120006462A0614A465146F0
:108F5000384600F091F82060B8F1000F01D0C8F851
:108F60000040BDE8F087000030B5114900E011462F
:108F70000A688242FBD34B685C18844203D1406884
:108F800018444860084643681C18944209D1084CAC
:108F9000143C2468A24209D052681A4442600A680C
:108FA00012680260814200D0086030BD0460F9E7B9
:108FB000240000200548816B096821B1816BC968D4
:108FC0000968816270474FF0FF31FAE730000020F6
:108FD000502080F31188BFF34F8FBFF36F8FFEE7F0
:108FE00070B50446002600F0BFF9224D286808B984
:108FF000FFF726FFCCB304F00700C0F11000C14317
:109000008C4232D8211800292FDD686881422CD883
:10901000184814300246146801E02046144662687D
:109020008A4202D22268002AF7D12A6894421CD0D0
:1090300006682268026060680836421A102A04D95D
:10904000601842606160FFF78FFF61686868401ACE
:109050006860AA68904200D2A86041F00040606059
:1090600000202060E868401CE86000F0EFFA30461D
:1090700070BD00001000002010B5031F4FF0807479
:109080001C601B1F21F001011960191F024B0B60AE
:10909000143940380A6010BDD18F000870B50546FC
:1090A0000C461046F7F712FB02460D4804EBC401CC
:1090B00000EBC101B1F92000904200DD024640F60C
:1090C0001C439A4200DD1A46B1F91A10814205DCB0
:1090D00021462846BDE87040FDF754BE70BD000033
:1090E000F46A0020D0E9013201699A60D0E90123D5
:1090F0005A604A68824201D182684A600022026155
:109100000868401E08600868704700F108014FF0C9
:10911000FF32C0E90112C1600161002101607047A6
:1091200000210161704730B50B685A1C02D000F174
:10913000080202E0026904E02246546825689D4264
:10914000FAD953684B6099608A6051600861016880
:10915000491C016030BD42684A6093688B60936827
:109160005960916008610168491C01607047000006
:10917000502080F31188BFF34F8FBFF36F8F0248E9
:109180000168491C016070472C00002003490868F1
:10919000401E086001D180F3118870472C00002028
:1091A00070B500281BD0A0F108046068002816DA0A
:1091B0002168002913D120F00040606000F0D4F84D
:1091C000074D60686968084468602046FFF7CCFE78
:1091D0002869401C2861BDE8704000F037BA70BDB6
:1091E000100000204FF0E020002101618161024960
:1091F00041610721016170473F19010010B504006A
:109200000DD000F0B1F821462320FEF7FDF9002132
:109210002046FFF73FFD00F019FA002807D1044966
:109220004FF080500860BFF34F8FBFF36F8F10BDBA
:1092300004ED00E070B50546FFF79AFF2B4C05B929
:109240002568281DFFF74EFF58B9E86A284A00EB49
:10925000800152F8211021B9012181402069884301
:109260002061A86A18B105F11800FFF73BFF606A9A
:10927000401C60622068854211D1291D1D48FFF7FE
:109280006AFF6068401C60602846FEF715FB0146D7
:109290002220FEF7B9F92846FEF7DCFB0EE0A068B5
:1092A000401EA0602846FEF707FB01462220FEF77D
:1092B000ABF92846FEF7CEFBFFF77CFEFFF766FF13
:1092C0002068854202D02846FFF7B0FD606900287B
:1092D0000AD02068854207D107494FF080500860C6
:1092E000BFF34F8FBFF36F8F70BD000030000020C1
:1092F000284E0020E450002004ED00E07CB5164824
:109300000025CDE900502B46802214A1154800F01D
:1093100097F8114C2C3C01281BD1502080F3118868
:10932000BFF34F8FBFF36F8F4FF0FF30A06201206C
:109330006061E5602068052208A13430F6F796FFE9
:1093400018B12068FEF706F901E0FEF7D1F800F049
:1093500049F8206B7CBD00005C00002049444C456E
:1093600000000000858E00080248416B491C4163E3
:10937000704700003000002010B5164C606B10B133
:109380000120E06110BD0020E06120691249B0FABF
:1093900080F0C0F11F0000EB800001EB800000F1C5
:1093A0000802416849684160914201D149684160C1
:1093B000C86820602068052208A13430F6F756FFFF
:1093C00020B12068BDE81040FEF7C4B8BDE81040E9
:1093D000FEF78EB830000020284E002049444C454E
:1093E00000000000094810B5016841F470010160F7
:1093F000016841F070410160FFF7F4FE044900206C
:109400000860F6F7B3FE002010BD000020ED00E07C
:109410002C00002010B5502080F31188BFF34F8F2F
:10942000BFF36F8F00F084F818B104494FF08050FB
:109430000860002080F3118810BD000004ED00E0FA
:109440002DE9FF5F8346DDE90E87994616468A4679
:109450009000FFF7C5FD05001DD05420FFF7C0FDAB
:10946000040015D05421F6F7F6FE25630021CDE95E
:109470000241CDE900874B46324651465846FFF738
:1094800031FD2046FFF74AFC012004B0BDE8F09F03
:109490002846FFF785FE4FF0FF30F6E770B50C4623
:1094A00003460026FFF760FF1248C5681A68144497
:1094B000AA4204D9A2420ED9AC4202D80BE0A24281
:1094C000FAD9012624201C60FEF7E4F8601B002175
:1094D000FFF7E0FB00E01C6000F0B8F838B906497F
:1094E0004FF080500860BFF34F8FBFF36F8F30464F
:1094F00070BD00003000002004ED00E00548416927
:1095000019B1406B18B1002070470120704702204C
:1095100070470000300000200148C068704700001C
:10952000300000200148C068704700003000002073
:109530002DE9F047434D0027686B28B1A869401C0E
:10954000A8613846BDE8F087EE68761CEE6008D169
:10955000A86BE96BA963E863286A401C2862FFF7DF
:1095600029FDA86ADFF8E08086420BD34FF0000A9D
:10957000A86B0068A0B1A86BC068C4686068864228
:1095800011D2A8622868C06A00EB800158F8210057
:10959000012800D90127E8690028D2D00127D0E7A7
:1095A0004FF0FF30EDE7D4E9021260698A60D4E938
:1095B000021204F10409516042684A4501D1E16890
:1095C0004160C4F814A002685146521E0260A06AAD
:1095D00080B1D4E907239360D4E907235A60426835
:1095E00004F118039A4201D1226A4260A162016823
:1095F000491E01602046FDF7CDFFE16A01202A697E
:1096000088401043286101EB810108EB8101496822
:10961000A1608A68E2608B68C3F80490C1F8089082
:10962000E16A01EB810108EB8102626158F82120B7
:10963000521C48F82120E16A2868C06A814297D903
:10964000012795E730000020284E00202DE9F04743
:1096500000242546FFF78CFD4248416B491E4163BB
:10966000416B002978D181683F4EA0464FF0010937
:10967000002971D082463068F0B3F068C468D4E93C
:109680000721A06A9160D4E907125160426804F191
:1096900018018A4201D1216A4160C4F82880026819
:1096A0004146521E0260D4E9023260699A60D4E9F0
:1096B0000223271D5A604268BA4201D1E268426023
:1096C00061610168491E01602046FDF763FFE26A9F
:1096D000DAF8103009FA02F150461943CAF81010AE
:1096E00002EB8201214A02EB81014968A1608B688B
:1096F000E3608B685F6000E013E08F60E16A01EB7C
:10970000810102EB8103636152F821305B1C42F856
:109710002130E16A0268D26A9142ACD3C0F81C9051
:10972000A9E70CB1FFF746FCDAF8186054464EB1D1
:109730004FEA0907FFF7FCFE00B1E761761EF9D199
:10974000C4F81880E06938B1094901252807086084
:10975000BFF34F8FBFF36F8FFFF718FD2846BDE8AB
:10976000F087000030000020D0500020284E00205C
:1097700004ED00E0010202030405060708090A0BD4
:109780000C0D0E0F10100102020304050607080954
:109790000A0B0C0D0E0F101000000000000000005E
:1097A0000102030406070809000000000102030487
:1097B0003F065B4F666D7D077F6F40777C395E7932
:1097C000713D003031323334353637383941424318
:1097D00044454600000000000054545220524547C2
:1097E0004745530000000000000000000000303139
:1097F0003233343536373839414243444546000028
:10980000978B00080D8C000853595354454D564909
:1098100045573A20436F756C64206E6F74207265F3
:10982000636F7264207461736B20696E666F726D12
:109830006174696F6E2E204D6178696D756D206E53
:10984000756D626572206F66207461736B73207230
:109850006561636865642E00789800080000002048
:10986000A0070000C8090008349F0008A0070020D6
:1098700068730000888B000842019210031E127A60
:109880000531AAAAAAAA02221F0315204010FF012F
:109890000204081020403601360234103610380811
:1098A00036043608340132013204340834043402F8
:1098B00032022E022E042E102E20301030043008DA
:1098C0002C012A022A042C082E082C022C043A10FF
:1098D0003A203B013B043B023A403A8038103820A2
:1098E0003901390439023840388036203440348018
:1098F00037023701364036803208321032403301A9
:1099000032803420322030202E402F01310130802F
:1099100030402E802C102C202D012D042D022C40A7
:109920002C802A082A102A802B022B012A202A4068
:1099300028042808284029012880281028203B08CE
:109940003920394039803B403B103B2039083708EB
:10995000374037803720391037103502350435202D
:1099600035803540350835103302330433203380D9
:10997000334033083310310231043120318031401B
:10998000310831102F022F042F202F802F10FF407D
:109990002F082F102D082B082B202D802D402D1047
:1099A0002B102902290429202B802B40290829105B
:1099B0002201220220102210240822042208200161
:1099C0001E011E042008200420021E021A021A048E
:1099D0001A101A201C101C041C0818011602160468
:1099E00018081A0818021804261026202701270430
:1099F0002702264026802410242025012504250244
:109A00002440248022202040208023022301224061
:109A100022801E081E101E401F011E8020201E20B6
:109A20001C201A401B011D011C801C401A801810AC
:109A30001820190119041902184018801608161068
:109A4000168017021701162016401404140814403B
:109A50001501148014101420270825202540258086
:109A60002740271027202508230823402380232070
:109A700025102310210221042120218021402108CA
:109A800021101F021F041F201F801F401F10FF08EE
:109A90001F101D021D041D201D801D401D081D10CE
:109AA0001B021B041B201B801B401B081B101908DA
:109AB00017081720198019401910171015021504DE
:109AC000152017801740150815104B804B4049088A
:109AD0004B084D104B204B104980478047204910C0
:109AE0004920494047404340432043084304450838
:109AF0004520451041803F403F20411043104140E8
:109B000041204F084F044E804E204E404F024F01DF
:109B10004D084D044C804C204C404D024D014B04EF
:109B2000490249014A404A804B024B01471047080D
:109B300047024680470149044704450443024280E6
:109B400044804501450243014108410440804020D2
:109B50004040410241013F103F083F013E403E80EE
:109B60003F043F023D203D103D023C803D013D0849
:109B70003D044E104C044C024C014E024E084E0463
:109B80004C104A104A024A014A044C084A20FE0876
:109B900048404820480448014802481048084640C8
:109BA00046204604460146024610460844404420EA
:109BB0004404440144024410440842404220420408
:109BC000420142024210420840103E103E04400151
:109BD000400240083E083C403C203C043E013E021E
:109BE0003C103C08058005400708050803100520C7
:109BF0000510078009800920071007200740094049
:109C00000D400D200D080D040B080B200B100F80CC
:109C1000114011200F100D100F400F2001080104FA
:109C200000800020004001020101030803040280BB
:109C30000220024003020301050407020701044059
:109C400004800502050109100908090208800901BC
:109C5000070409040B040D020C800A800B010B029F
:109C60000D010F080F040E800E200E400F020F0191
:109C7000111011081101104010801104110213205D
:109C80001310130212801301130813042C10020482
:109C9000020202010002000810FF04021004100476
:109CA0000204010404020804080640062006040613
:109CB00001060206100608084008200804080108EA
:109CC00002081008080A400A200A040A010A020AC7
:109CD000100A080C400C200C040C010C020C100C97
:109CE000080E10101010040E010E020E08100812BB
:109CF00040122012041001100212101208540154D4
:109D00000256105410520854045408560158015871
:109D10000456085604560258025C025C045C105C4F
:109D2000205A105A045A085E01600260045E085C02
:109D3000085E025E0450105020510151045102503F
:109D4000405080521052205301530453025240524B
:109D50008054205640568055025501544054805836
:109D6000085810584059015880562058205A205CF5
:109D7000405D015B015A805A405C805E105E205F4E
:109D8000015F045F025E405E806008601060806179
:109D9000026101602060406210FF0462086240635B
:109DA0000162806210622051085320534053805159
:109DB00040511051205308550855405580552053A7
:109DC00010551057025704572057805740570857CF
:109DD0001059025904592059805940590859105BAB
:109DE000025B045B205B805B405B085B105D025D97
:109DF000045D205D805D405D085D105F0861086165
:109E0000205F805F405F1061106302630463206124
:109E100080614063086310680168026A1068106618
:109E200008680468086A016C016C046A086A046ABC
:109E3000026C0270027004701070206E106E046E5E
:109E40000872017402740472087008720272046469
:109E500010642065016504650264406480661066D4
:109E6000206701670467026640668068206A406A6E
:109E70008069026901684068806C086C106C406DF4
:109E8000016C806A206C206E20704071016F016E41
:109E9000806E40708072107200987220730173049B
:109EA00073027240728074087410748075027501B8
:109EB00074207440760476087640770176807610B8
:109EC00076206508672067406780654065106520DB
:109ED00067086908694069806920671069106B022A
:109EE0006B046B206B806B406B086B106D026D0414
:109EF0006D206D806D406D086D106F026F046F20D6
:109F00006F806F406F086F10710271047120718053
:109F10007140710871107308750875207380734063
:109F20007310751077027704772075807540770875
:049F300077100000A6
:0400000508000131BD
:00000001FF
